ply
format ascii 1.0
element vertex 14083
property float x
property float y
property float z
end_header
4.678249 0.613095 19.655144
4.696549 0.606173 19.690277
4.700712 0.643871 19.697767
3.613412 0.852138 19.873053
4.666379 0.538725 19.626480
4.724538 -0.770761 19.641485
4.726465 -0.789207 19.643118
4.790327 -1.575414 22.136681
3.359567 -1.460679 21.911673
5.217335 0.291629 21.508492
2.934026 0.745682 22.061806
5.338805 -1.084727 21.462748
4.482298 -2.001379 21.492109
3.207824 0.807748 20.962120
5.377468 -1.097829 21.566662
2.941221 -1.407416 22.000700
4.914219 0.825836 21.659143
4.908421 0.824930 21.659788
4.868702 0.743171 20.520285
4.928402 -1.738491 20.584703
4.972970 -1.157795 20.613083
4.055613 0.858457 20.181185
4.204808 0.864394 20.126535
4.720088 -1.970723 20.579861
3.632648 0.832458 20.301847
4.789635 -1.751452 20.108137
3.634959 0.832755 20.278141
3.415911 -1.945038 20.777851
4.713490 -0.091838 19.661861
3.131201 -1.070279 19.987963
4.651778 0.813605 19.805044
5.130375 0.145104 22.067081
5.025322 0.745009 21.469938
3.471496 -1.670290 22.923023
2.844791 -1.425280 21.773745
3.011542 0.797113 21.066916
4.556112 -1.929804 21.129501
3.685133 0.769314 22.377283
3.102828 -0.555800 20.035614
5.055152 -1.018295 20.801472
4.688212 -0.690245 19.871058
4.416122 -1.923109 20.670607
4.691482 -0.688792 19.881287
3.203478 -1.471591 20.546061
4.695302 -0.561081 19.968180
4.675389 0.867846 20.131578
2.993228 -0.797893 22.384329
5.025681 -1.043234 21.855413
3.101765 -1.373592 22.417515
3.105153 -0.531106 20.003033
3.565450 1.254176 21.048468
3.111807 -1.129764 20.087675
5.104957 -1.699421 20.956964
3.750921 0.863548 19.708912
3.508348 0.753232 21.218264
4.701416 0.645855 20.095448
3.107243 -1.273203 20.082600
4.132245 0.855222 20.348763
3.891178 0.841858 20.386271
3.071989 -0.158092 19.849812
3.069163 -0.129962 19.881393
4.409917 -1.911743 20.648138
4.705512 -1.041690 19.985888
5.050998 -1.778297 21.600309
5.089218 -1.987360 22.365538
3.210777 0.834370 20.538614
5.162508 0.159297 22.180038
4.326613 -1.745634 20.312204
4.782735 -1.919200 20.512453
3.052049 0.334323 20.240566
3.092747 0.341110 20.066685
3.078450 0.577718 20.107246
4.804648 -1.952149 20.535254
4.746408 0.856308 20.328203
4.604844 -1.907701 20.670023
3.194761 -1.529054 20.664614
4.940446 -1.553756 20.561182
4.568850 0.852978 20.350517
3.052362 0.736165 20.061283
3.069463 0.810912 20.082312
4.752741 0.835484 20.762918
3.026694 0.831111 19.813484
3.240098 -1.488757 20.654875
3.514488 0.854475 20.077532
3.913809 0.869308 19.676445
3.242427 0.833789 20.114262
3.043229 0.832309 19.819668
3.049266 -0.153571 19.875237
3.090698 -0.760834 21.575907
4.765170 0.831280 20.758678
3.554684 0.837087 20.157064
4.491338 0.859972 19.870258
3.593932 0.863658 19.897215
4.206764 0.855478 20.110643
3.077986 0.812821 20.048988
3.719936 0.758056 22.788342
3.567801 0.833384 20.133846
3.086016 0.324425 20.076130
3.213533 -1.894991 20.301649
5.210370 -0.887074 21.610743
4.423005 0.812600 21.585127
4.534837 0.931841 22.046648
4.243524 0.832818 20.577982
4.338993 0.831510 20.986197
3.434603 -1.826165 20.491467
3.100416 -0.785786 19.977436
3.066858 0.700461 19.961367
2.920764 0.010116 19.066990
3.111265 0.236376 20.035572
3.113259 -1.075233 20.001383
2.947706 -0.801724 22.258648
3.124583 -1.455111 19.987900
4.308123 -1.717490 20.279396
3.087944 0.807060 20.019169
2.931724 -0.108224 19.026751
4.439961 0.894032 21.715363
4.466286 -1.949906 21.208948
4.847450 0.784067 22.167894
5.049526 -1.863175 20.864355
4.448658 -1.987628 21.121679
5.127407 -0.967679 21.984802
4.158367 -1.777026 20.461729
4.564662 -1.912916 20.176008
3.111172 -0.919896 20.005985
4.810435 0.836346 20.756748
3.113637 -1.248884 20.054203
4.212027 0.857393 20.392881
4.804791 -1.944771 21.677471
4.763978 0.776645 20.263683
5.230995 -0.499503 21.917385
4.826285 -1.792202 20.201925
4.979625 0.871036 21.106562
2.980016 0.259052 22.367737
5.209667 -0.493615 21.831135
3.204978 -1.531043 20.872629
5.328698 -1.929227 21.568310
4.612761 0.783963 21.643522
3.825562 -2.617497 21.319775
5.234318 -1.059714 21.668039
4.078505 -2.683462 21.261154
4.741794 0.919116 20.185371
4.033632 0.795214 21.522306
4.200599 0.842329 20.077490
4.686720 -1.862537 20.082823
5.240944 -1.062043 21.664261
4.668928 0.826188 19.993509
4.076012 -2.679529 21.255493
3.513504 0.929062 20.177668
4.686035 -1.875360 20.113102
4.574522 -2.014329 19.957098
4.525945 -1.887929 20.038094
4.417154 -1.835667 20.089846
4.463039 -1.825583 20.078493
4.527847 -1.856568 20.063322
4.253862 0.858868 19.749784
3.001271 -0.793678 22.245239
4.324075 0.854534 20.295938
3.124699 -1.423979 20.085880
4.371636 -1.889797 20.196205
3.499262 0.782492 20.846638
2.984517 0.264082 22.275637
3.352742 -1.492991 22.016794
4.270312 -1.885964 20.204874
3.477396 -1.921106 20.348993
3.192168 0.840548 19.628704
5.116246 -1.366011 20.875841
4.482080 -0.862872 18.503305
3.518944 0.756794 22.509939
3.980324 0.880446 19.048895
4.940859 0.564766 21.509216
5.250497 -1.079123 21.683023
4.956562 -0.565836 20.485018
4.508700 -0.392603 18.397816
4.553545 -1.711208 20.104214
4.635483 0.871797 19.733585
2.928746 0.639292 19.042683
4.511821 -0.983926 18.357239
4.267232 0.878139 19.807997
4.748002 -2.213367 22.089222
3.660221 -2.019662 19.731737
3.482025 0.858230 19.717058
3.076213 0.287496 20.214111
4.749812 0.690338 20.242296
3.424848 -1.578280 22.196983
4.806080 -0.196789 20.334398
4.480408 0.510305 18.406870
4.504880 -0.265211 18.403774
4.172087 0.759081 22.149324
3.997268 0.809584 21.184656
3.052672 -1.231622 20.563623
3.481975 0.850547 19.717041
3.996689 0.889623 19.077032
3.188784 0.793755 20.928007
3.093658 -1.156413 20.276564
4.603728 -1.894129 19.584965
3.623077 0.874920 19.095028
3.074868 0.288569 20.291437
3.980542 0.887283 19.041336
4.520693 -0.919763 18.749384
3.659415 -2.528157 20.793732
3.630776 0.870788 19.098858
4.476724 0.653311 18.414923
4.484239 -1.896076 19.738930
4.509487 -0.499077 18.395721
3.985838 0.883703 19.039932
4.334921 -1.873289 19.550962
4.970323 -0.993589 20.772665
4.582636 -1.968162 21.283226
3.724742 0.631745 21.427547
2.979336 -0.832887 22.123459
3.095045 0.253280 20.081202
4.698917 0.277887 19.669054
5.576085 -1.195755 22.483194
3.842088 0.804385 20.974039
3.621197 0.865459 19.098375
3.987351 0.882968 19.039707
5.277773 -0.163670 21.883583
4.482552 0.592613 18.416933
4.736166 -1.750045 19.571928
4.703847 0.648416 20.100084
3.066568 -0.129961 19.920401
3.651901 -2.438382 20.612776
4.555087 -1.287471 18.832199
4.547601 -1.221933 18.824371
2.947385 -1.289023 19.061783
2.951064 -1.274117 19.023806
4.363078 0.812850 21.135916
3.028135 0.836870 19.628288
3.051059 0.839605 19.862223
3.668728 -2.450482 20.674633
4.693915 -0.165233 19.594662
4.537340 -1.891046 19.564751
4.673021 1.167608 20.806999
3.004965 0.776757 19.400558
4.485391 -0.125093 18.377150
4.565718 -1.652223 18.821306
4.593599 -1.903038 19.427780
4.492759 0.249478 18.409229
4.575634 -1.848527 19.475864
3.904027 0.776438 21.869101
4.420593 0.859735 19.991108
2.920761 0.842960 19.121485
4.543708 0.830166 18.971542
3.685299 0.870655 19.060978
4.527258 -0.920079 18.765993
3.081198 0.335671 20.143063
3.059953 0.318141 20.478558
3.820637 0.840142 20.055445
5.007157 -2.051836 21.540062
3.358064 -1.477126 21.971149
3.130637 -1.428878 19.897038
5.269439 -1.631094 21.649536
5.034163 0.763445 21.494211
4.656428 0.219645 19.554066
5.076080 -1.887170 20.934793
4.549891 0.776165 22.157452
4.585351 -1.652738 18.876221
3.673329 -1.637175 19.015673
3.183867 0.572096 22.274876
3.630587 -1.632296 18.979362
4.041679 0.863746 19.487265
3.469254 0.865871 19.676800
5.298465 -1.401252 22.653971
3.980106 0.892232 19.001930
3.111537 0.530782 19.959278
4.655344 0.880231 19.710009
4.164749 0.853161 19.975336
4.363239 0.822169 21.153557
3.138541 -2.148791 19.858671
4.244180 -1.728168 18.923145
4.893387 -0.970331 20.568731
4.554400 -1.650926 18.797714
4.579171 -1.884804 19.393038
3.005563 0.829033 19.650167
3.236168 -1.534257 20.837027
3.083429 -1.176481 20.344259
3.078798 0.801478 20.009706
4.555523 0.848280 18.996609
3.166994 -2.119669 19.842947
4.686630 0.866816 19.669523
4.710999 -0.694831 19.917227
4.603498 -1.770979 20.274616
4.772712 -1.818803 19.552151
4.844080 0.773882 22.583208
4.744211 -1.685444 19.787729
3.243922 0.827539 20.099771
4.628382 0.881002 19.313913
4.262133 -1.836727 20.063477
2.928677 0.639460 19.042597
3.077261 0.817622 20.068922
2.961578 -1.372786 19.001202
4.725523 -0.093127 19.669428
3.664229 -1.638891 19.024017
4.619811 0.871297 19.291456
4.475096 0.853949 18.781862
3.539259 0.783918 20.885118
3.613426 0.871784 19.078035
3.470778 0.839202 19.619160
4.588886 -1.832756 20.011021
5.345495 -1.433809 22.667326
3.401448 0.779234 22.352118
4.601409 -1.914722 19.447952
4.641461 0.855936 19.468939
3.470856 0.845441 19.574537
3.275386 0.862983 19.111311
4.689201 -1.743810 19.304424
4.187494 -1.902550 19.635977
4.477308 -1.160277 18.459175
4.582694 -1.827512 19.998165
4.249125 -1.828928 20.107241
2.904052 0.838161 19.062677
3.685115 0.868844 19.051975
3.908982 -2.068241 20.003014
3.781669 -2.201083 20.430559
2.974161 -0.836948 22.150873
4.731688 -0.913793 19.647274
4.476277 -1.158937 18.458313
2.915150 0.523439 19.039095
4.425516 -1.861467 19.518421
4.603134 -1.885954 19.549969
4.642576 -1.702348 19.157822
2.912868 0.798318 18.985102
5.045124 0.766523 21.524929
3.028738 0.843456 19.852612
4.596726 0.824753 19.287388
3.014786 0.818893 19.582804
2.954216 -1.269967 19.009497
2.960950 -1.266304 19.003653
4.177248 -1.912409 19.665291
3.100336 -0.275134 20.028616
2.987181 0.247644 22.370541
2.932430 -0.623432 19.020290
3.820570 -2.402817 20.905916
3.129225 -2.082187 19.623405
4.153228 0.871327 19.391544
3.856596 0.888285 18.979445
5.104944 -0.928278 21.347160
2.994313 -0.829878 21.998470
3.182723 0.832146 19.611547
4.394127 0.927558 19.183855
4.586343 -1.869302 19.530939
3.078322 0.598394 20.214392
3.059602 0.780504 19.750029
5.253482 -1.622566 21.589226
4.106147 -1.892607 19.622723
4.643458 -1.524263 18.981012
2.915692 0.524415 19.015051
4.278011 -1.844017 20.142319
4.641275 -1.713477 19.115551
3.086993 0.570816 20.064468
3.074752 -1.848533 19.512997
4.264655 -1.881615 19.581144
2.913117 0.520773 19.012972
4.423408 -1.856329 19.000055
5.232380 -1.023839 22.409824
4.708354 -1.764807 19.341309
4.615029 -1.498968 18.917896
3.152848 -2.119077 19.541546
3.156442 -2.179371 19.968424
4.277981 -1.853920 19.523777
3.554077 0.861139 19.227997
2.940596 -0.735095 18.995121
4.609810 -1.948784 19.491575
4.043634 0.877941 19.492594
4.669584 0.887188 19.852854
3.703219 0.868832 18.996634
3.160538 0.635257 22.921568
4.645544 0.875024 19.715889
3.029188 0.803812 19.685652
3.454853 0.851390 19.571739
4.538818 -0.944686 18.779644
4.708876 0.596825 20.346130
4.308170 -1.811391 20.003967
4.549886 -2.050419 21.536808
3.970689 0.889410 18.919405
4.976066 -1.316844 20.705952
2.954394 -0.724440 18.965555
2.943654 0.004702 19.038830
4.793166 0.839626 20.619492
4.700651 0.873323 19.707970
4.195354 -1.670063 18.730688
3.596539 0.872039 19.000273
3.856399 0.890041 18.975037
2.976825 0.874487 19.686739
4.985728 0.673474 21.645462
2.920947 0.007224 19.033524
4.676595 -0.073687 19.566965
2.929635 -0.629322 19.054789
2.980376 0.828705 19.513685
2.918417 -0.090003 19.079266
3.120227 -1.241556 19.977665
2.921234 0.529318 19.023293
4.502193 -1.189307 18.504707
2.919992 0.557209 19.088785
3.108617 -1.212428 20.065088
5.289362 -1.038878 22.636526
4.036420 -1.822202 20.090706
4.446347 0.844908 19.990376
5.019595 0.771807 21.624626
3.124212 -1.404122 19.981510
4.545518 -1.300887 18.809557
4.446098 1.109604 21.945660
5.331706 -1.577051 21.921795
4.538006 -1.611187 18.777868
4.116295 -1.761017 19.340864
3.755884 -2.132115 20.236319
3.554174 0.870585 19.264044
2.908606 0.640267 19.064848
4.567003 -1.378935 18.835709
3.166334 -2.174854 19.703878
4.658303 -1.709630 19.239975
3.540622 0.766618 22.547861
5.092991 -1.185289 21.063181
3.849642 -1.666453 18.652016
4.786092 0.725123 22.342886
3.079691 -0.139100 19.848709
4.509585 -1.026119 18.350576
4.356489 -1.865796 20.124962
3.626169 -1.646180 19.014620
4.635195 0.911309 19.284245
4.576680 -1.851717 19.481176
3.000968 0.864544 19.768965
3.125292 -2.095429 19.642157
3.745029 0.779546 21.411581
3.577155 0.890451 18.916460
4.570392 -1.337233 18.996284
3.930627 0.893488 18.839663
5.136917 -1.412184 21.200895
3.433542 0.859506 19.511101
4.332351 -1.868067 20.145216
4.179270 -1.915915 19.680153
3.035907 -0.111047 19.938416
3.768172 -2.195131 20.392868
4.707919 -1.654404 19.700195
4.198738 -1.769024 19.333309
4.619003 -2.047002 19.238407
3.067208 0.642948 20.298994
4.070429 1.058738 21.996727
3.554437 -1.736164 18.771780
3.676357 -2.311080 20.295589
4.049546 -1.842926 20.156832
4.276842 -1.903790 19.634174
3.552003 -1.700014 18.707579
3.456551 -1.929676 20.383259
2.943937 -1.370722 18.983410
3.629759 -1.632925 18.990200
2.943808 0.006251 19.028471
2.950359 -0.734200 19.048271
4.264920 -1.893961 19.643059
3.665138 -2.369861 20.384239
4.505372 -0.936645 18.690321
4.570095 0.871322 19.050997
4.819032 -0.770814 20.277622
3.115177 0.833226 19.335493
3.175153 0.901546 20.013700
4.217756 -1.702435 18.791401
4.673145 -1.856842 20.069611
3.556451 0.870509 19.270899
4.399989 -1.840607 19.067802
4.465848 0.867269 20.057613
4.238481 0.921690 22.796041
3.358330 0.717564 21.446310
3.288181 0.798419 21.643209
4.301991 -1.822350 20.081747
3.246734 -1.525068 20.837337
3.367349 0.927100 20.473202
2.977725 0.810234 19.210415
3.558697 0.821491 20.026636
4.782284 -1.742052 20.103687
4.523848 -1.942142 18.947790
4.518966 -1.601506 18.719774
2.906571 0.688791 19.154305
5.174106 -0.250389 22.357260
3.142529 -2.174782 19.670692
4.476099 -0.898764 18.485228
4.175618 -1.582267 18.804420
4.259687 -1.776135 18.956892
4.241547 -1.749802 18.872606
3.682319 -2.151848 20.133713
4.674000 -1.706006 19.444784
4.540197 -0.541409 19.473501
3.088797 0.865078 19.421387
3.025002 0.777751 19.531975
3.347574 -1.469807 21.157526
3.351261 -1.571077 21.722324
4.814270 -0.759885 20.264824
3.566727 0.677530 21.316040
4.467154 -0.903539 18.468975
2.921088 0.803566 19.091204
4.512773 -1.890890 21.025137
5.239601 -1.023851 22.487587
4.734704 0.811961 20.672873
3.123728 -1.426898 19.944660
4.340665 -1.909596 19.165283
4.356417 -1.879502 19.288506
5.027765 -0.494083 21.097116
3.161657 -2.121405 19.833216
2.917644 0.618064 18.995464
5.135033 -1.457384 21.152725
3.110622 -1.255761 20.062466
3.432521 -2.224113 20.389854
4.500438 0.763851 18.876299
4.498608 -1.196815 18.499651
4.504295 -0.914734 18.542032
4.525438 -0.947769 18.764690
4.428853 0.877158 18.521484
3.316741 -1.683883 22.150219
4.428361 -1.885309 19.175076
4.486539 -1.956308 19.205063
2.912659 0.626941 19.020838
3.780092 0.784994 21.874367
2.879154 0.841706 18.980635
3.169899 -2.016023 20.721964
2.940719 -1.557010 18.960419
2.884444 0.838973 18.989666
5.305688 -1.745533 22.569338
4.673113 -0.737524 19.826309
5.005136 0.748361 21.553234
3.290179 0.941381 22.747108
3.125614 0.812644 20.577171
4.676635 -0.030970 19.497025
4.282591 -1.871312 20.155937
4.742578 -0.738961 20.070152
3.592492 0.811791 20.694662
2.986294 0.252678 22.370411
4.571389 -1.727767 20.176874
3.461295 -1.638222 20.041704
4.110100 0.866053 19.802555
4.555556 0.878328 19.045107
3.398295 0.861129 19.411711
3.746187 0.855237 19.870461
4.134692 1.231658 22.601631
4.453390 0.904900 18.760578
3.901713 0.887652 18.709587
3.899493 0.895051 18.731537
5.021427 0.761409 21.615805
4.306561 -1.810645 20.012468
3.937203 0.817997 21.038832
4.417668 -1.846015 19.009188
5.038125 0.776452 21.664557
3.212246 0.769966 20.823954
2.894883 0.563786 19.122190
5.138566 -0.253480 22.225176
4.609806 -1.676240 19.059956
5.004399 0.756192 21.563757
3.187143 0.849263 19.311546
2.952129 0.613054 22.053516
3.733021 0.854245 19.841570
4.265260 -1.916388 20.157488
4.180326 -1.591627 18.824589
2.898262 0.703001 19.194962
4.498196 -1.206094 18.495951
2.970644 -1.249681 18.955093
2.923384 -0.626782 19.072990
2.924505 -0.099613 19.045177
5.301876 -1.626622 21.705965
4.129702 0.937769 19.963274
2.958200 0.875576 19.406027
4.427275 0.870317 18.520739
5.097184 -1.939381 22.497755
3.676290 -2.394092 20.454657
3.297522 0.806273 21.970434
2.918908 0.006890 19.042200
4.194381 0.905424 18.690163
3.116732 0.850368 19.374815
3.544072 0.884873 18.815353
4.585546 -1.749704 20.236568
4.696609 -0.051123 19.586329
4.009167 -1.890625 18.830563
4.458510 0.784553 21.817581
4.542150 -1.320513 18.815315
3.413853 -2.276811 19.520941
4.436956 0.895376 18.632490
4.438141 -1.878601 19.045750
4.686431 -0.163440 19.557940
4.699608 -1.775048 19.236786
4.556241 -1.325845 18.843002
4.076764 -1.907907 20.329041
3.453754 -1.729239 20.280031
3.034560 -1.875293 19.500572
2.910055 0.826149 19.039003
4.640131 0.841795 19.620522
3.880650 0.885162 18.664785
3.549331 0.877375 18.776354
4.537111 -0.944232 18.630791
4.701728 1.034293 19.384295
4.129170 -1.555152 18.729576
4.486439 -1.229098 18.496119
3.088099 0.833494 20.079432
4.205929 -1.794718 19.405003
4.258613 -1.905899 20.123680
4.230236 -1.826193 19.473936
4.375916 0.779940 18.563984
4.284729 -1.828603 19.006311
3.381493 0.745997 21.487362
4.524083 -1.728902 18.725233
2.938638 -0.094714 19.065968
4.666355 -1.758865 19.046644
4.654182 -1.739131 19.087801
4.547862 -0.989325 18.813345
4.426859 -1.881150 18.960850
4.709691 -1.761987 19.352715
2.937923 0.524697 19.020073
3.308321 0.836290 19.050158
3.556010 0.855924 19.233461
3.117265 -0.714227 19.928963
3.081315 -0.762392 20.898451
3.743733 0.851405 19.790804
3.335087 -1.544364 21.514803
4.738231 -0.545002 20.074770
4.808759 -1.245388 20.099848
4.036795 1.025283 21.825432
4.585399 -1.859356 19.523695
3.088083 -0.149988 19.648365
3.055320 0.807132 20.574486
3.920584 0.783503 20.865385
2.986695 -0.831775 22.093807
4.699876 -0.554767 19.835371
2.998326 -0.823610 21.973167
4.617494 -1.828389 18.955406
3.533308 0.889165 18.764782
4.446748 -1.891572 19.095089
3.032907 0.843453 19.874023
4.942015 -1.999690 21.390955
2.901338 0.814350 18.977222
4.725394 -1.656668 19.763826
4.531978 -1.259720 18.575754
2.957107 -1.270303 19.019503
4.433208 -1.893144 19.000772
2.913994 0.830515 19.035824
4.640098 -1.719157 18.995573
2.941860 -0.725775 19.034225
2.921202 -0.097037 19.027348
4.571338 -1.843496 19.469790
4.458993 0.902950 18.770912
4.470862 0.957286 18.663113
4.473630 0.850363 18.774952
4.587810 -1.675270 18.907103
4.506919 -1.244602 18.522175
4.316877 -0.011579 17.639139
4.483070 -0.929566 18.498045
4.245658 -1.876534 18.804157
4.341467 -1.908487 18.741949
5.059118 -0.550105 20.991751
4.556624 -1.942588 21.220127
4.557783 -1.870561 19.330610
5.539577 -1.705827 22.607374
2.994722 -0.829997 22.048872
3.155504 -2.163410 19.928934
3.582930 -1.373160 22.795292
3.343111 0.742102 20.423195
4.704185 -1.655740 19.693609
5.302931 -1.397520 22.632261
4.506094 0.862118 22.169403
3.616721 -1.585010 18.825962
3.510664 -1.912143 18.541931
4.466805 -1.898158 19.078184
4.105248 -1.827125 18.732176
2.931210 -0.629536 19.060106
4.241217 -1.838332 18.789825
4.259065 -1.819323 20.070026
2.959522 -0.627499 19.000172
2.936414 -1.374841 18.987474
3.967792 -1.742337 18.563005
3.451793 -1.803427 20.532024
3.100295 0.834761 19.341999
3.176285 0.861921 18.798346
2.961216 -1.263188 19.002817
3.831525 -1.611159 18.548872
3.624051 -1.641639 18.999268
3.390686 0.856407 19.256100
3.551197 -1.881868 18.963007
4.508781 -1.269044 18.552542
3.385923 0.889578 19.378511
2.951460 -1.363669 19.011703
2.902976 0.647015 19.078545
2.913899 -0.085569 19.087967
3.389137 0.897635 19.394970
2.907954 -0.074178 19.158493
4.306720 -1.858828 19.053205
3.964719 -1.783592 18.670807
3.615622 -1.576714 18.841013
3.395532 0.851734 19.253218
3.851383 -1.608556 18.541050
4.171832 -1.219459 17.345148
2.858219 0.819496 18.742363
3.448495 -1.900269 18.533865
3.623462 -1.595672 18.897156
4.513516 0.779453 18.913988
4.181093 -1.597229 18.831554
3.507439 -1.878820 18.572350
2.896543 -1.881823 18.404150
3.623251 -1.596317 18.897270
4.415159 0.883701 18.544157
3.552031 0.857142 19.227972
3.192021 0.818191 19.232262
3.244468 0.866837 18.752562
3.372078 0.862570 18.765640
2.924621 -1.052410 19.139351
4.352236 -0.015006 17.692671
3.149047 -2.178130 19.950274
3.447723 -1.693161 20.202679
4.688110 0.745463 20.090586
4.343415 -1.805643 20.763390
3.062561 -0.132600 19.891682
5.005126 0.743572 21.392859
3.081260 -0.140750 19.818888
4.722044 -1.680723 19.939852
3.549821 -1.868992 18.960663
4.595689 -1.754894 20.263195
4.497607 -1.285180 18.551794
2.914628 -1.929235 18.576548
4.374635 -0.000555 17.763742
4.158906 -1.211806 17.332844
2.935516 -1.909065 18.749174
3.885794 0.903536 18.476412
4.110798 -1.309268 17.332407
4.162941 -1.281168 17.310400
2.824343 -0.073938 18.350334
4.306972 -1.982472 18.542995
3.462281 -0.772376 23.058039
4.489241 -1.730186 18.602840
4.360452 -0.017665 17.706377
4.533056 -1.264324 18.584394
3.903295 -1.956605 18.525297
4.139396 -1.229162 17.336897
3.132607 -1.879131 18.522491
4.403817 -1.850796 18.911036
3.322789 -1.887730 18.509365
2.806796 -0.064780 18.414835
3.436420 -2.233008 20.410425
5.144769 0.627994 22.611225
4.722821 0.718714 20.168238
3.074677 0.299844 20.209654
3.725418 0.868915 19.618441
3.655616 -1.754852 19.312370
3.077296 -0.151931 19.657080
4.984673 0.737962 21.307972
3.646158 -1.715187 19.204199
4.462841 0.704486 18.790926
5.112092 -1.330762 21.989519
4.659577 -1.963856 22.258564
3.287165 0.732229 21.585476
2.931685 -0.089642 19.116802
4.671477 -1.586641 19.639820
3.546717 0.889216 18.494278
2.818112 0.839300 18.615993
4.379971 0.901136 17.967056
2.943904 -1.374666 19.049505
4.315994 -0.034007 17.633762
2.923488 0.504596 18.949669
4.121395 -1.300996 17.353571
4.469348 0.851123 18.765476
2.974621 -1.349190 18.938135
4.346879 -0.022065 17.682579
3.588590 -2.009044 18.617859
2.754053 -0.098143 18.168251
4.324320 -0.036764 17.640097
2.973041 -1.353441 18.950891
3.245319 0.856860 18.734608
2.851718 -1.528372 18.404945
4.260015 0.814648 20.482483
3.732679 0.878267 19.584095
3.128624 -1.158808 20.064487
3.016493 0.490532 21.525476
4.677866 -1.867522 20.110790
3.057996 0.660486 20.566944
3.056916 0.658452 20.564573
4.652897 -0.078383 19.604223
4.684264 -1.865119 20.084164
4.692599 -0.187855 19.604246
4.725670 0.728491 20.167253
3.091654 -0.737452 20.390888
3.971475 -1.766267 18.642294
4.711674 0.719755 20.125143
3.046662 0.381640 20.808571
4.140544 0.783229 21.757658
4.428466 0.763562 21.442944
4.091458 -1.262556 17.515865
4.455965 0.933713 18.458784
3.876408 0.894987 18.380955
2.767481 -0.175697 18.252869
3.556222 -1.875544 18.984169
4.514157 -0.989036 18.607304
4.590153 -1.343052 18.764664
3.979061 -1.794008 18.687115
2.764268 -0.166517 18.252743
2.767859 -0.168417 18.228283
4.218022 -1.181453 17.350292
2.779567 -1.117206 18.061216
4.299906 -1.243454 17.490864
4.274808 -1.884067 18.589302
4.089104 -1.786131 18.653070
3.415792 -1.894509 18.726843
3.810312 -1.934214 18.545952
3.484801 -1.982857 18.883520
2.723825 0.765978 18.093184
4.164737 -1.717912 18.577833
3.379231 -1.871953 18.414885
2.937440 -1.902988 18.740997
4.223110 -1.815616 18.780870
4.164650 -1.282186 17.311478
4.252264 -1.185000 17.305002
3.321064 -1.904030 18.544205
3.851345 -1.616009 18.555574
3.985905 -1.763206 18.634905
2.905379 -1.605248 19.023359
3.882682 0.896361 18.375900
2.763415 -0.185390 18.255867
4.765752 -1.287132 20.154964
4.712697 -2.022887 22.528957
2.938464 -1.442903 19.034523
4.755262 -1.020879 20.156160
4.208654 -1.637002 18.917860
3.453571 -1.857645 20.722374
3.738823 -1.772325 20.610531
4.741427 -0.551709 20.075975
2.765690 -0.175768 18.234951
4.141529 -1.229502 17.377146
4.704069 -1.732131 19.505188
4.037022 -1.687663 18.451479
4.372064 0.024517 17.824945
4.127591 -1.366462 17.370310
3.122109 -1.914631 18.585957
4.286074 -1.792712 18.427265
3.946237 1.114345 18.686546
2.775614 -1.131559 18.068974
4.185869 -1.363603 17.353100
4.070481 -1.417318 17.396402
4.240347 -1.827257 18.321152
3.132772 -1.881524 18.521889
2.802670 -0.062523 18.447395
2.910779 -1.924546 18.564806
2.712151 -0.112204 17.993793
3.519403 0.887528 18.420464
4.489024 0.744379 18.856623
2.889984 -1.833601 18.610655
2.810139 0.830321 18.529919
2.749089 -0.557191 18.068951
4.401468 0.894059 18.089540
3.459639 -1.898488 18.526524
4.084155 -1.388082 17.351089
3.609262 -1.906101 18.610790
4.256606 -0.634913 17.344078
4.254031 -0.483874 17.436449
4.455776 -1.250458 18.405727
4.466919 -0.966206 18.464306
4.006579 -1.554548 18.740307
3.357903 -1.487795 22.036322
3.111787 -1.939104 18.630421
4.295858 -0.015876 17.584995
4.053285 -1.388390 17.353310
3.068479 -0.141015 19.747614
4.619545 -1.907393 19.645218
3.068244 0.842351 20.010269
4.718261 -1.736891 19.527302
3.388307 -2.331257 20.434559
4.772231 -1.284044 20.164383
2.890652 0.852736 19.074152
4.029538 -1.188821 17.370867
4.272882 -0.976205 17.417276
2.858917 0.786832 18.587803
4.240993 -1.404579 17.316809
3.889260 -1.877768 17.992990
3.844064 -1.861884 18.369787
4.234696 -1.397990 17.303324
4.242929 -0.617658 17.326439
3.137880 -1.897574 18.209263
4.538934 -1.020563 18.658564
3.634124 -1.927391 18.204405
3.830607 -1.922065 18.170082
4.189657 -1.399135 17.349190
3.315606 -1.893683 18.608078
4.261936 -0.648454 17.435946
2.895568 0.041413 19.349407
3.633305 -1.926588 18.204491
2.781682 -1.562999 18.004343
2.724704 -0.192093 18.045252
4.288927 -1.870912 18.490086
4.176520 -1.398053 17.354492
4.245078 -1.384399 17.322020
3.140478 -1.899866 18.212919
4.471131 0.907009 18.413994
4.406993 0.895309 18.062071
4.119512 -1.238607 17.323582
4.480979 -1.561103 18.627146
4.251108 -0.645463 17.415091
4.235631 -0.610443 17.267323
4.240578 -1.148235 17.232048
4.456069 -0.982176 18.444796
2.782071 -0.117018 18.159443
2.723432 -0.712053 17.852327
2.812241 0.872066 18.722496
4.444346 -0.743424 18.226318
2.737934 0.742931 18.057005
4.396358 -1.453376 19.394316
3.133707 -1.152959 20.166134
3.595484 0.804732 20.861895
5.119408 0.686361 22.169024
4.517471 -1.029917 18.652689
4.643687 -0.070217 19.440008
2.961797 0.845907 19.289927
3.640246 -1.675069 19.107029
4.264171 0.957433 20.669384
4.540160 -1.830453 19.458353
2.926370 -0.091970 19.010809
4.789824 -1.699373 20.016502
4.432673 0.664157 18.722000
4.280046 1.314534 20.662899
4.248703 0.925504 20.553896
2.949996 -1.362929 18.996967
4.199440 0.832867 20.216814
4.681736 -1.602014 19.661633
4.036178 0.883442 19.319147
4.752046 -1.708789 20.029245
4.534746 -1.608070 18.768024
3.072036 -0.141979 19.809332
4.473135 -1.934630 19.145382
4.517395 -1.592451 18.721104
4.648852 0.869532 19.682516
3.023015 0.441349 21.150440
3.349890 -1.506239 22.125252
3.149975 -2.166295 19.922037
4.231987 0.877908 20.383249
3.410696 -1.960338 18.795147
4.473011 0.948912 18.493275
4.318121 -1.018290 17.492716
3.461123 -2.014773 18.924614
3.830656 0.899210 18.167498
2.797196 0.856033 18.534943
4.127688 -1.409994 17.354404
3.470514 -2.010701 18.905962
3.489718 -2.147900 19.220575
2.815277 -1.527758 18.247158
4.231877 -1.393991 17.298889
3.217575 0.860883 18.466902
4.355042 0.016830 17.717342
3.908119 -1.905635 18.094276
3.879434 -1.863493 18.367886
4.292306 -1.875048 18.507847
4.081566 -1.443776 17.419249
2.650311 0.824210 17.986067
3.483580 -2.002739 18.912075
3.139827 -1.893915 18.201593
3.127979 -1.921058 18.598164
2.776188 -0.116438 18.156242
2.756098 -0.610606 17.913027
2.716176 0.859449 18.136026
2.611302 0.914573 18.161716
2.786269 0.869408 18.541990
2.790445 -1.521005 18.082823
4.136601 -1.336447 17.396900
3.127155 -1.124334 20.108541
3.080325 0.707221 20.000519
5.016375 -1.171160 21.085922
3.136877 -1.420401 19.930971
4.442832 0.666103 18.761316
3.666222 0.858992 19.287373
3.144364 0.895030 17.813061
4.051185 0.783722 21.515873
5.076226 -1.187930 21.255226
4.729615 -2.044246 22.612370
5.113879 1.096979 21.571136
4.237426 -1.146855 17.254807
5.123699 -1.293083 21.320921
3.145229 -2.147187 19.860081
4.684086 -0.556842 19.810568
4.484290 -1.006749 18.513866
4.665796 0.852119 19.618341
3.125842 -1.437340 19.967527
4.210752 0.853670 20.230354
4.770428 -2.098583 22.726648
3.096084 -1.894400 18.404625
4.410520 0.981066 17.924469
2.728650 -1.226179 18.294096
2.726925 -1.642003 17.780050
4.260507 -0.647574 17.319847
4.263995 -0.647132 17.437569
2.771967 -0.113099 18.240683
2.764760 -0.059238 18.244888
3.883276 -1.868381 18.374531
3.031030 0.512854 21.412724
3.332949 -1.910887 18.222033
3.353568 -1.867065 18.468994
4.333624 0.892932 17.741352
3.394793 0.863882 20.064741
2.788167 -0.115161 18.191807
4.388258 0.909032 17.985180
4.066591 -1.417631 17.404804
4.258307 -1.895697 17.963993
4.314851 -1.901043 17.807152
4.087698 -1.401950 17.333668
3.138712 -1.902681 18.215891
3.377491 -1.888540 18.452587
3.527462 -1.881412 18.138332
3.717595 -1.868213 18.094629
4.040424 0.921696 17.709881
4.328554 0.829286 17.825899
2.811040 -1.548247 18.311581
4.244854 -0.939109 17.190926
2.748976 -0.703281 17.971087
4.295800 -0.017132 17.587200
3.215269 0.880028 18.508789
4.005942 -1.769767 18.663607
2.848057 -1.729896 19.357746
4.433583 0.941889 18.500305
3.134172 -2.135135 19.792828
4.626674 -1.817957 19.987595
3.026897 0.451135 21.276861
4.413409 1.197397 21.462948
2.942135 0.004068 19.028378
2.925824 0.530886 19.023268
4.596926 -1.873555 19.551271
4.507098 -1.318901 18.548220
5.535181 -1.706750 22.627441
4.687965 -0.166274 19.570230
4.672089 -0.064154 19.524090
2.931901 0.627323 19.017117
4.314968 -0.654673 17.564825
4.162087 -1.280501 17.313929
4.297103 -1.873907 18.246235
4.124909 -1.393690 17.308121
2.717107 -0.097921 17.960339
4.288822 -1.856943 18.211861
3.278108 -1.860570 18.453026
4.256490 -1.403163 17.249632
2.794671 -1.512507 18.058947
2.950440 -1.899240 18.227909
2.804547 -1.634124 18.719160
3.723423 0.911750 17.882664
2.731666 0.746197 18.042383
2.716184 -0.106548 17.972996
3.816447 -1.871612 18.085354
2.994616 -1.927665 18.633844
3.137208 -1.907847 18.229343
3.334737 -1.898061 18.191900
3.536658 -1.942982 18.269859
2.951090 -1.892062 18.214031
3.043685 -1.897716 18.221806
4.347678 -0.734054 17.177349
4.260845 -0.484634 17.449862
4.294082 0.816487 17.635111
3.071141 -0.151229 19.568451
3.086838 -1.904862 18.564705
5.333554 -1.121393 22.658707
4.681498 -1.866479 20.124100
3.319726 0.961367 18.912460
4.578387 -1.854969 19.501165
3.480047 0.811817 20.876953
4.707572 0.776914 20.137177
2.954025 -1.370673 19.020275
4.465504 0.711975 18.796703
2.802722 -0.067565 18.418007
2.909949 -1.662250 17.354025
4.280260 -1.586439 17.193930
3.907011 -1.879041 17.818745
4.313609 -1.056733 17.501074
4.107610 -1.268928 17.616812
3.138285 -1.910836 18.240747
2.939189 -1.972933 18.170290
4.469501 0.631882 17.473557
4.223090 -1.847699 17.886099
3.939767 -1.686186 18.470797
3.015506 0.690801 22.358389
3.078154 -1.909821 18.297091
3.867465 0.921011 17.771635
4.172342 -1.309561 17.327639
4.066719 -1.229540 17.503328
2.789346 -1.168228 18.003899
3.764432 0.937406 17.639458
2.837638 -1.823255 17.564936
3.867864 -1.866473 17.807140
2.829416 -0.073244 18.310232
2.927750 -2.027389 18.279062
4.244691 -0.534543 17.305546
3.718385 0.903679 17.964783
3.758886 0.923194 17.616760
3.492049 -1.957812 18.110653
3.861250 0.897978 17.727507
2.777356 -1.173364 18.040255
2.739800 -0.558060 18.113346
2.654791 0.902055 17.947557
4.030153 -1.662667 18.400070
4.592112 -0.549882 19.528183
2.834895 -0.087830 18.267290
4.634151 -0.077815 19.445505
3.318256 1.033363 19.111380
4.668269 -0.071254 19.523321
2.943061 -0.734727 19.086342
2.780042 -0.093516 18.120659
3.108464 -1.859712 18.163132
2.720930 -0.557561 17.864111
2.854159 -1.784620 17.504410
4.213228 -1.852322 18.198082
4.140670 -1.494617 17.601974
4.207466 -1.363701 17.175865
4.199000 -1.570578 17.781429
4.042521 -1.888173 18.510818
4.343206 -0.733204 17.170929
3.696259 -1.881213 18.474323
3.631012 -1.909985 18.190445
4.352062 -0.735395 17.189997
3.782943 -1.773987 17.523378
3.530545 -1.910077 18.199890
4.170513 -1.217058 17.359186
4.265248 -1.878378 18.035044
4.277845 -1.425973 17.294447
3.697464 -1.871049 18.446827
2.765847 -0.109667 18.205896
4.267751 -0.641574 17.331703
4.125874 0.916360 17.564154
4.088790 0.926502 17.779392
3.717490 0.910332 17.974318
4.441879 0.050984 17.952801
3.334188 -1.889294 18.173275
3.433186 -1.914289 18.221212
3.202928 0.874483 17.934460
3.652949 0.884966 19.072884
4.626798 -1.913624 19.688019
3.574366 -2.055892 19.473953
4.477407 -1.037606 18.504120
3.171410 -1.844600 18.982500
4.214006 -1.646520 18.944504
4.268616 -1.839816 20.125267
4.261519 -1.007159 17.238232
4.336617 0.002953 17.749142
4.334796 0.501277 17.218428
4.325662 -0.002520 17.715136
3.124538 -1.913286 17.976135
2.764612 -1.216757 18.120581
3.135477 -1.797873 17.735645
3.624601 -1.881202 18.130383
4.053504 -1.220096 17.460518
3.450638 -1.721933 17.598757
2.762176 -1.225220 18.141947
3.873482 -1.867019 17.812777
4.289296 -1.691363 17.432472
4.230290 -0.611131 17.261536
4.224182 -1.364702 17.281130
4.323118 -1.210138 17.425306
2.714992 -0.711833 17.888220
2.880846 -1.738162 17.498840
3.143603 0.893897 17.641333
3.097376 -2.591946 20.792685
4.496658 -1.673397 20.014471
2.727692 -0.221358 18.048473
3.889005 -1.822111 18.111319
3.295455 0.961993 22.530340
3.542814 0.826733 20.010466
4.255904 1.012196 20.444242
2.953573 -1.262446 18.972927
3.429853 -1.880042 18.147270
3.856826 0.897979 20.121181
3.866746 -1.832247 18.273027
4.498296 -1.054295 18.579109
3.319873 0.923087 18.645597
4.070709 -1.691432 19.172815
4.001835 0.890063 18.880449
3.591499 0.830174 20.993057
3.988543 -1.734090 18.588331
2.735772 -0.199545 18.002714
4.216294 -1.376590 17.209049
4.963118 -1.107267 20.918776
4.282848 -0.055525 17.590120
4.367552 0.013302 17.845665
4.334628 0.021363 17.728636
3.139903 0.908288 17.568647
4.307191 -0.036356 17.657272
3.907861 -1.889859 17.849913
4.050819 -1.383924 17.346148
4.226400 -1.873626 17.770323
4.250874 -1.008051 17.198715
4.049557 -1.208607 17.446301
3.841983 -1.796326 17.661768
4.229884 -1.779411 17.581682
3.430178 -1.889764 18.162436
4.258379 -0.854825 17.384146
3.864923 -1.850418 17.778217
4.070751 -1.853412 17.762709
4.259000 -1.822560 17.663446
4.260518 -0.646796 17.431372
4.203502 0.873360 17.430525
4.252114 0.756396 17.540623
2.802895 -1.928918 17.782808
2.277078 0.853844 17.871971
4.154667 0.968739 17.567720
4.547296 0.770067 21.898996
4.156800 -1.886730 20.251532
3.098812 -0.574579 20.081902
4.909006 -0.576984 20.643120
3.040958 0.627690 21.570826
3.045341 -1.897275 18.216129
4.628373 -0.077725 19.451902
4.461173 0.924791 18.437082
4.373063 -0.666967 17.722765
3.662919 0.956309 19.103716
4.894898 0.045636 18.396032
2.837327 -0.086547 18.245527
3.312037 0.968737 18.689457
3.510739 -0.715669 22.888613
4.625793 -1.421741 18.913599
2.671489 0.853463 17.831347
3.472453 -1.888971 18.510765
3.721453 -1.879414 18.115860
2.957332 -1.411343 18.866529
2.849838 -1.915548 18.270130
4.197533 0.867159 19.898685
3.839746 0.871524 20.013668
4.442026 -1.147579 17.707088
4.208008 -1.368623 17.258696
2.923832 -0.018609 19.026163
4.131468 0.936120 17.480894
4.505256 -1.181781 17.840719
3.037304 -2.193366 18.851873
3.302768 0.875312 18.399334
3.050476 0.755255 19.998037
4.095975 0.941223 17.226387
4.209918 -1.478869 17.565224
4.467263 -0.910965 18.485271
4.468848 0.914367 18.416758
3.813691 -1.941738 18.071535
4.021577 -1.686362 17.195883
3.628090 -1.896307 18.165228
4.456405 -0.911429 18.452885
2.946076 -1.914321 18.259285
3.144657 0.899566 17.478979
4.467944 0.906494 18.408318
4.242088 -1.405369 17.322727
4.128105 -1.216821 17.318430
4.003426 -1.651819 17.129822
4.207227 0.929072 17.201468
2.526574 -1.968120 18.077944
2.831421 -1.847296 17.650799
2.223310 0.865784 17.937202
2.661203 0.875473 17.891287
2.880937 -1.735377 17.500462
4.119916 0.916778 17.451405
3.873690 1.119749 18.221764
2.619008 0.868542 17.775173
2.922272 -1.916850 18.547600
2.928715 -0.009811 19.027699
3.314093 0.342296 21.886503
4.153470 -1.262781 17.363850
4.216441 -1.803334 17.468527
2.785209 0.898406 17.491434
4.206574 -1.788958 17.439213
4.737998 -0.870143 18.003351
2.285650 0.839494 17.838146
4.640878 0.791467 17.771528
3.890962 -1.767537 17.114157
3.860386 -1.835760 17.747265
4.203430 -1.195057 17.427805
4.746974 -0.871653 18.033222
3.619938 0.924993 17.272966
2.347087 0.897050 17.290331
2.793740 0.875604 17.448671
4.114284 -1.202950 17.322248
3.773670 -1.867314 17.221197
4.304594 -1.648812 17.236481
3.765163 0.940656 17.648220
2.693421 -0.713838 17.951469
4.400799 -1.032836 17.278366
3.583356 -1.866655 17.331480
3.141143 0.899242 17.516029
3.466646 0.917521 17.259054
2.793441 0.918724 18.840199
3.677350 0.849813 17.740705
2.777860 -1.305362 18.130056
4.281424 0.776487 17.653664
3.827257 0.886561 19.977589
2.891329 0.842965 19.043058
3.385238 -2.462933 20.781433
4.240495 0.929789 17.527039
3.149435 -2.167639 19.926371
2.956564 -1.340758 18.864372
2.737100 -0.226363 18.016901
3.462635 -1.886018 17.873264
4.015553 -1.668699 17.234930
3.130597 -1.833012 17.761724
4.246121 0.739154 17.541258
3.693169 0.926255 17.275105
4.332740 0.019664 17.720594
3.473800 -1.929412 17.983814
4.067177 -1.412073 17.371277
4.005143 -1.724308 17.077425
4.025091 0.803000 21.096001
4.455099 0.743840 21.509853
3.428017 0.921997 17.385416
2.201339 0.885509 17.983471
3.853693 0.887696 17.692484
3.881753 -1.780571 17.050350
4.493925 0.726709 18.896152
4.278609 -0.649462 17.379333
4.283092 0.788225 17.632433
4.261425 -1.414917 17.301193
4.376530 -1.032172 17.223186
3.758036 0.924313 17.610439
4.289320 -0.019004 17.579777
4.104863 -1.389024 17.331940
3.769570 -1.784987 17.074787
3.746985 0.926311 17.226315
4.271684 -1.171982 17.329140
4.267616 -0.617097 17.360817
3.860885 0.906324 17.735779
3.868819 -1.788817 17.672262
4.798861 -1.437249 17.911476
2.792574 0.771534 18.099806
4.075010 0.899907 17.731060
2.717356 -0.220486 17.991354
4.336832 1.041085 17.801598
3.283119 0.418512 22.833092
3.108832 -0.662266 20.022381
4.552783 0.786275 19.088589
3.068980 -2.059273 18.526247
4.570629 -1.407457 18.824575
3.144417 -1.917177 19.120068
3.583377 2.038924 20.361513
5.206296 0.115568 18.822182
5.146125 -1.243964 22.086395
2.686937 0.960304 18.440321
4.475071 -1.906351 18.719688
3.555248 -2.008653 19.308100
2.724463 -0.122296 17.949961
3.192624 -2.001541 18.224579
3.519017 -1.847767 18.823900
3.153564 -1.984019 19.357283
2.724571 -0.120149 17.951000
2.698728 0.851424 17.867472
4.252181 -1.827162 17.704266
4.192520 -1.359491 17.243387
4.563825 -1.358545 17.356976
4.671938 -1.580624 19.650715
2.940334 -1.289056 19.060745
4.456092 -1.304348 17.227242
3.420046 -1.680244 17.390106
4.252650 -1.410055 17.291941
4.597838 -1.475213 17.506531
4.591477 -1.385356 17.243174
3.474068 -1.943328 18.006304
4.361444 0.018367 17.823668
4.350026 -0.889590 17.478832
3.726063 -1.834384 17.171673
3.806151 0.915070 17.728251
4.980734 0.740312 21.302233
3.161764 -1.737743 17.551914
3.569183 -1.835193 17.277946
4.345935 -0.480837 17.524979
4.617092 -1.380706 17.277298
4.165689 -1.244594 17.489191
4.267700 -1.830875 20.104334
4.258864 -0.847905 17.240864
4.278560 -0.477909 17.337858
2.855486 -1.996267 17.528017
4.272729 -0.018277 17.564072
4.229385 -1.371168 17.289507
4.578281 -1.295754 17.444057
5.393582 -0.947787 19.157276
4.712277 -1.156138 19.968845
4.404059 -1.680793 18.893061
4.269296 -2.204556 21.242746
3.520766 -1.864135 18.101393
4.569107 -1.842443 19.465897
4.553329 -1.708452 20.128170
2.955095 -1.249842 18.899334
2.944399 -0.725608 18.989426
2.947349 -0.628730 18.987001
2.767727 -1.241892 18.103064
3.380988 0.907077 17.363064
2.754523 -1.275729 18.217894
4.465456 -1.291826 17.150948
3.107968 0.906519 17.395287
4.400271 -1.190132 17.098047
3.989911 -1.618649 17.139458
3.744093 0.925542 17.228260
4.459375 -1.277316 16.989611
4.268878 -1.171558 17.327919
2.954118 -1.267159 19.002005
2.739638 -0.721128 18.101580
4.078289 -1.422980 17.456717
4.157751 -1.246813 17.411629
4.457422 -1.222207 17.223427
4.442757 -1.862293 17.116444
4.687591 -1.867622 20.099968
2.727227 -0.152153 18.434816
4.259090 -1.166020 17.298731
4.313249 -1.007033 17.090006
3.435886 0.920100 17.390400
4.605184 0.796134 19.344189
3.458986 -1.915735 17.920622
3.524332 0.936943 17.150072
4.163466 -1.394774 17.513372
4.466716 0.685046 17.361477
4.643235 0.845830 19.595411
4.584270 -1.146072 17.681896
4.692475 -1.485565 19.146832
3.525966 0.929434 17.149254
3.358324 -1.865268 18.451834
3.531113 0.930765 17.149212
4.117014 -1.204122 17.327158
4.229503 -1.384626 17.292828
5.042011 -1.300581 21.163996
4.367527 -1.033872 17.207872
3.879698 -1.868440 18.373306
4.676218 -1.167412 19.110413
3.789190 -1.827919 17.147427
4.270867 0.914076 17.142384
4.614198 -1.458184 17.450300
4.213539 0.922666 16.978786
4.150538 -1.239025 17.314930
4.820699 -0.790965 20.380789
2.376371 0.874330 17.879726
4.876557 1.038519 18.272388
4.042524 0.990705 17.282558
4.129409 -1.250899 17.306358
4.507299 -1.468661 16.958443
4.436795 -1.728487 19.081182
4.276385 -1.609208 17.177628
3.576015 -1.870797 17.333397
4.358768 -0.917373 17.636076
4.297248 -1.741158 17.120598
4.712256 -1.744836 17.490795
4.227786 0.935009 17.435699
4.106702 -1.843408 17.137764
4.192043 -1.769933 17.395504
4.394422 -1.809909 17.017250
2.875093 -1.722460 17.403023
4.186388 1.083372 22.506628
3.576977 -1.879210 17.357265
3.428457 -1.697432 17.444576
3.749334 0.929926 17.237261
5.079306 -1.696218 18.416309
4.839436 -1.542592 17.709660
3.109946 0.277865 20.258095
4.459472 0.703459 18.779144
4.217237 -1.653356 18.956718
4.490213 0.934447 18.485073
4.389269 -1.919640 19.813381
3.134687 -2.206577 19.986685
3.683159 0.949431 16.610489
4.251371 -1.217196 17.529825
4.327304 -0.001299 17.723511
3.122988 -1.168292 20.038223
4.066122 -1.422714 17.397514
4.246054 -1.406021 17.334389
3.294768 0.719136 21.514017
4.285218 0.931146 17.173635
4.164640 -1.846231 17.134188
4.066891 -1.422686 17.397379
4.228068 -1.371548 17.282871
3.739587 -1.909140 17.212395
4.399937 -1.815857 17.023508
3.751889 0.942805 17.260798
3.564837 -1.848239 17.273449
3.412542 -1.640461 17.286932
3.547598 0.928844 17.217005
2.727977 -1.908144 17.372614
3.365540 -0.930714 22.321672
2.361848 0.854389 17.845198
3.611384 -1.607911 18.805994
3.123322 -1.425233 19.913168
4.198487 -1.645949 18.904234
3.754468 0.938340 17.545738
4.570652 -1.854071 19.506060
4.045339 -1.832009 17.771883
3.753975 0.932244 17.533895
3.560423 0.898945 18.561186
4.977217 -1.269611 20.932234
2.741702 -0.203886 17.975008
3.271120 0.378823 22.400740
3.102694 0.272395 20.172180
3.765603 0.861589 19.668755
5.117547 -1.198713 21.456930
2.946029 -1.353981 18.995394
2.920026 -1.911210 18.516203
4.668594 -1.451551 17.688541
3.324273 -1.896234 18.945471
4.269179 -1.852411 20.132574
3.886347 -1.875889 18.361786
4.363027 -1.226238 16.933784
4.724228 -0.744321 19.932949
4.205606 0.970444 16.847855
2.768949 -0.069073 18.210936
4.251696 -1.405368 17.355057
3.913554 -1.813847 17.202669
4.282237 -0.900957 17.424520
4.311196 -0.479937 17.431240
2.741523 -0.558707 18.096788
4.100090 0.940253 16.907318
4.146681 0.966295 16.959921
4.190619 -1.354627 17.180929
3.369083 -0.742779 21.875328
3.875076 -1.872885 17.217367
4.124202 -1.185482 17.310427
4.272952 -1.176840 17.341982
4.406823 -1.083733 17.291870
4.213686 -0.482583 17.327431
4.448009 0.694583 18.742767
4.158096 0.896100 19.789970
3.895234 0.894298 18.391279
3.425896 0.915201 17.374531
2.887051 -1.981876 17.547195
4.108711 -1.283155 17.322147
4.000374 -1.642437 17.119629
2.377469 0.856486 17.841534
4.102201 0.816776 16.380783
4.401404 -1.391020 17.229961
2.755447 -1.286832 18.221451
4.293199 -1.918971 17.053814
3.969823 -1.740389 18.660141
4.429471 -1.400873 17.305187
4.278856 -1.617666 17.177591
4.116060 -1.202221 17.313768
3.845975 -1.711137 17.484224
3.804350 -1.883645 18.037533
4.315032 -1.715387 17.489433
3.758813 -1.962701 17.317917
2.727942 -1.647836 17.789890
3.965137 0.970603 17.048447
3.525007 0.945218 16.523558
5.060367 -1.201131 21.770226
3.521626 0.924338 17.130743
3.778675 -1.742719 17.056276
4.109074 -1.328790 17.316938
4.165741 -1.743866 17.331802
4.281209 0.786312 17.633627
4.394427 -1.805551 16.992815
3.084554 0.909617 17.235945
3.944091 -1.837929 17.989500
4.148521 -1.715266 17.265497
3.768511 -1.854199 17.206099
4.232276 -1.823297 17.510466
4.982894 -1.003120 20.993492
4.482277 -0.998821 17.971985
3.874902 0.941927 17.279474
3.913223 -1.848311 17.169527
3.526864 -1.641336 18.460878
5.012494 0.628939 21.729322
4.310003 0.821583 17.714838
4.153419 -1.202289 17.315479
2.927006 0.630500 19.032816
2.736962 0.850402 18.176100
2.791710 0.881374 17.460466
2.724221 -1.842891 17.823006
3.860248 0.930716 16.975760
3.735211 0.925684 16.937696
2.882272 0.930595 17.000149
3.562706 -1.856759 17.266821
3.367409 0.913775 17.001883
4.102265 0.825792 16.374451
4.301083 -1.632855 17.259771
3.627072 0.943798 17.162645
4.116528 0.877450 19.707111
2.950206 -1.353317 18.967852
4.278670 -1.612164 17.195007
4.339504 -0.494512 17.657137
3.545584 0.934828 17.221807
4.344013 -1.305835 17.094746
3.877624 -1.838045 17.838589
3.856097 -1.614020 17.229177
4.067194 -1.818403 18.843508
3.524710 -1.326497 22.112949
4.490736 -1.093241 18.551826
4.521945 -0.989797 17.925898
3.467948 0.949200 16.926559
4.376235 -1.354992 17.170465
4.108075 -1.925839 17.073992
4.407949 0.856878 18.244707
2.915372 0.528286 18.976362
3.081825 0.911761 17.298016
4.512076 -1.671118 19.973644
3.577749 -1.779239 18.696785
4.381231 0.631280 17.077141
3.862351 0.916900 17.231924
3.677154 0.954775 17.022238
2.872341 0.922288 16.996456
4.158754 -0.636339 16.421732
3.327025 0.941865 17.078453
3.884699 -1.890119 17.280027
4.313702 -0.485022 17.491173
4.078110 -1.417870 17.419203
3.079284 0.907844 17.238459
4.071342 1.503630 22.378304
4.258307 0.974920 17.154001
4.463169 0.658704 17.102091
4.100303 -1.617376 18.361437
4.710618 -0.549837 19.974987
3.541552 0.915407 17.186384
3.747657 -1.890358 17.277754
4.139725 0.762817 21.702749
4.246953 -1.806262 17.642639
3.854568 -1.790548 17.172443
3.051793 0.857387 19.969713
3.457415 -1.724493 20.274290
3.231589 0.894717 18.057831
4.119949 1.015437 16.726740
4.262607 -1.747910 17.860580
5.164768 0.611695 22.643259
2.911820 -0.034148 19.011049
4.341794 -0.072139 17.190599
4.063697 -1.250960 16.112572
4.335985 -0.073174 17.177835
4.372728 -1.323139 17.167341
4.336802 -0.067012 17.175472
4.419592 -0.493014 17.877529
3.741704 -1.926728 17.240879
4.593250 -1.658149 17.257431
4.626576 -1.326519 17.574968
4.237668 -0.889170 17.257067
3.062509 -0.132907 19.810688
4.446381 -1.531461 16.960535
4.368736 -1.330789 17.168261
4.572219 -1.294175 17.455067
2.919523 0.619364 19.022221
2.705063 -0.714835 17.951317
3.377953 0.794142 19.564888
4.000136 -1.642574 17.127268
5.026288 -1.719972 21.074776
4.859966 -0.966499 20.557878
4.308654 -1.200331 17.425467
4.506574 -1.255436 17.328005
3.054532 -1.832615 17.921278
4.043529 -0.638023 16.143324
2.832197 -2.156006 17.899551
4.006504 -1.831913 17.103189
4.183825 0.932604 16.875273
4.367344 -1.067606 17.207569
3.123938 -1.176032 20.132502
4.099093 -1.613027 18.342850
4.221786 0.944105 17.216894
3.820516 0.968217 16.669039
3.588753 -1.926444 17.426550
4.181348 -0.652572 16.451340
4.030520 -1.198882 16.038836
4.450946 -1.832325 19.093838
4.370553 -0.792293 17.059891
4.301516 -1.456533 17.518528
4.452071 -0.787876 17.390924
4.744922 -1.815031 20.708996
4.460856 -0.682330 17.973021
4.313602 -0.537810 17.051147
4.423836 -0.986593 16.893532
4.390160 -0.758673 17.235493
4.139324 0.910641 16.638073
2.921742 -1.914687 18.539406
4.207712 -1.361088 17.126740
4.346808 -0.740257 17.132128
4.043262 -0.640482 16.150036
3.348100 0.794516 20.629591
4.163797 0.921003 16.744444
4.046117 0.997351 17.305313
4.305285 -0.073635 17.103224
4.106598 -1.837972 17.133047
3.498428 -1.863590 18.735563
2.911237 -1.651731 17.339170
3.187703 -1.737258 17.615877
2.740090 -0.205670 17.933289
3.749842 -1.892815 17.281986
3.379603 -1.901494 18.474867
2.897561 -1.680530 17.391102
2.922837 0.013923 19.160854
4.046717 -0.638316 16.150740
3.591065 -1.941929 17.461245
4.152821 -1.329982 17.317999
3.847341 0.479870 15.820293
4.715544 0.005550 18.026108
2.854411 0.910097 16.956961
4.547900 -1.132494 18.784822
4.147626 0.436723 16.517735
4.134062 0.885641 16.667007
4.191671 -0.134797 16.528120
4.558463 -0.994820 18.833321
3.375339 0.779524 19.499533
4.042472 0.738764 16.249380
4.148567 0.950101 17.029610
3.530085 -1.898678 18.194523
3.571290 -1.770849 18.630424
4.356445 -1.767240 16.918739
3.125459 -1.157483 20.055979
4.046910 -1.859519 16.877209
3.796786 -1.835314 17.992254
4.278085 -1.719251 17.068920
4.103499 0.944338 16.799974
2.030349 0.872574 17.993027
4.229428 0.869201 17.035917
3.925847 0.951082 17.131828
2.732626 0.839295 18.118439
4.129220 -0.655530 16.315838
4.097621 -1.624968 19.218092
3.764581 -1.838648 17.173922
4.266524 -0.618385 17.365383
4.116724 -1.835723 16.863358
3.125989 -1.447366 20.009682
4.266454 0.904996 17.128517
4.041112 0.921396 17.158157
2.942734 -0.626321 18.908968
3.935097 1.024465 16.784168
4.069544 0.896730 16.318361
4.788615 -1.265838 21.016645
4.642424 0.860116 19.640957
4.101300 0.382513 16.354008
3.534142 -1.619904 18.408518
2.837765 -2.173561 17.946804
4.387772 -1.270121 17.081350
4.132985 -0.647384 16.343935
3.795964 -1.775199 17.131969
4.087650 -1.609050 18.335842
3.751593 0.927317 17.412918
4.499389 0.958373 18.538671
3.073726 -1.880248 18.101484
2.908379 -1.842255 17.242357
4.030508 0.304039 16.195614
4.429008 -0.964256 17.711460
4.076067 0.957222 16.631638
3.343950 -1.693131 17.582094
4.071786 -0.639957 16.205021
4.059771 0.360356 16.264210
3.837487 0.944532 16.519609
4.461062 -0.949819 18.492853
2.895595 -1.659483 17.281788
2.744826 -0.718234 18.057625
4.068287 -0.639796 16.197536
4.113660 -1.390500 16.236664
3.846360 -1.877732 18.399050
3.773207 -1.875565 17.242260
3.613966 -1.886366 19.042017
2.886444 -1.683024 17.333906
2.759122 -1.284888 18.183378
4.421295 0.041760 18.034033
3.993963 -1.617253 17.135740
4.007111 -1.662511 17.156487
3.683719 -2.251203 17.291607
3.648153 -2.139300 17.859575
4.272735 -0.486605 17.472586
4.621145 0.473324 22.299831
3.726374 0.824303 19.397097
4.705309 0.886787 19.726442
2.702214 -1.894491 17.944920
2.719454 -0.708988 17.874260
2.702900 -0.553748 17.918133
4.294396 -1.869881 18.223112
3.132641 -1.016268 19.341457
2.855900 -2.042283 17.680220
4.384990 -1.069600 17.215565
2.861362 -2.042070 17.679657
3.034018 1.708556 19.064955
4.343427 -0.877047 17.129238
3.785207 -1.873245 16.941656
3.081779 0.911956 17.168953
3.234615 0.805451 19.965906
4.371187 0.625460 17.007088
4.346782 -0.878600 17.128912
3.994418 -1.651567 17.197123
4.164576 -1.559368 16.486702
3.600193 -1.966718 17.503439
4.476667 -1.319273 17.028103
4.186045 0.922546 16.851162
4.384882 -1.080506 17.238102
4.569960 -1.357420 17.363882
3.378884 -1.759820 17.815197
4.350250 -1.212083 16.768353
2.436434 0.781346 16.333031
3.470634 0.957157 16.947824
4.042448 -1.843877 16.873062
4.307776 -1.716264 16.821247
4.267732 0.781056 17.598125
3.545489 0.873354 18.353445
4.170365 0.937988 17.609354
4.011996 0.944325 17.184206
4.190971 -0.128478 16.515055
4.322281 -1.514608 17.015207
4.487070 -1.305977 17.176702
3.744921 -1.922745 16.918322
4.385375 -1.792080 17.058249
4.334838 -1.059467 17.128853
3.837476 0.942960 17.095348
4.170216 0.939830 19.897392
3.544208 0.873722 18.338440
3.083481 0.920830 17.200062
4.284606 -0.018301 17.585342
4.036273 -1.855743 16.752121
3.628000 -1.891341 18.155970
4.439335 -1.273725 17.065269
4.083809 0.888748 16.353559
4.186025 -1.853623 17.166285
3.743940 -1.924116 16.907219
3.069581 -0.136081 19.790627
4.698062 0.688103 20.082581
3.847538 0.952498 17.125210
4.192198 -0.127162 16.514906
2.716789 0.782539 18.116894
3.467823 0.950023 16.926573
2.384588 0.870411 16.496172
4.410795 -1.725191 17.220367
4.505119 0.953730 18.551851
2.896254 -1.848817 17.259495
2.677336 0.770458 17.865503
3.721701 -1.879532 18.117134
3.146113 -2.173372 19.928692
3.420945 -1.752106 19.653196
2.842488 -0.087144 18.251537
4.164492 0.962828 16.687532
3.320131 0.923110 17.050144
3.721661 -1.830455 16.866941
4.040142 -1.894107 16.744211
3.466760 -0.729335 22.733761
4.369255 -0.531469 17.025433
4.237279 -1.817917 17.007771
4.276914 -0.017739 17.567198
3.941260 0.962008 17.033693
2.758714 0.846526 18.241386
2.946382 -0.621962 18.632942
4.247232 -1.825673 20.008919
4.941557 -1.301348 20.833895
4.267504 -1.425462 17.429914
4.055665 -1.875109 16.913239
3.790608 -2.028723 17.153446
3.878730 -1.750008 17.677273
3.062411 0.761411 20.046621
2.789536 -1.522894 18.085840
3.806671 0.958950 16.673819
4.870550 -1.191758 21.370081
4.114148 -1.784613 17.020245
4.373419 0.010949 17.881180
3.539812 -1.684687 18.604109
4.256972 -1.863160 16.985338
4.044510 0.947550 17.824312
4.204212 -1.363140 17.213717
3.794407 -1.835417 17.161528
4.122846 -1.352887 17.364935
3.998391 -1.823416 17.081957
4.153812 0.878599 16.762678
4.002503 -1.760204 16.973995
3.116050 0.925954 17.032810
4.721306 -0.930476 20.044718
3.963509 -1.769052 16.960396
4.236742 -0.113409 16.686735
3.085279 0.870549 16.831198
3.852279 0.953215 16.551600
3.981187 -1.806315 17.038134
3.074854 0.949332 17.158854
3.684508 0.944253 16.598856
4.326465 -1.036139 16.795231
4.351558 -0.747359 16.896120
2.865260 0.925766 16.998648
3.075704 0.949742 17.155762
2.276804 0.443846 16.905975
3.836595 0.946245 16.526728
4.454850 -0.074456 17.135195
3.835993 -1.806110 16.708103
4.398682 -1.715621 17.192129
2.870115 0.913076 16.965672
2.411521 0.311680 16.455072
3.422430 0.942366 16.372007
4.319670 -0.865531 16.952545
3.789703 -1.837465 16.676022
4.434401 -1.767716 17.291992
2.413413 0.309063 16.454910
4.397372 -1.714762 17.188429
4.670320 0.885305 19.735731
4.103048 -1.800461 16.826950
4.167960 -1.565787 16.478056
4.227890 -0.097602 16.630144
3.198744 0.937956 16.311668
3.842679 -1.802489 16.865284
4.406961 -1.823964 17.042828
4.150795 0.459631 16.493849
4.230527 -0.097530 16.633560
4.140267 0.878674 16.704088
4.438046 -1.311514 17.191507
4.367343 -1.227823 16.887968
4.034835 -1.809142 16.854454
3.755212 -1.634557 17.289827
4.087189 -0.686535 16.282804
4.122616 -1.161395 16.308933
3.750643 -1.852122 16.472881
2.928877 -0.087227 19.023228
4.150383 -1.052048 16.442440
4.188251 -1.747847 19.691620
3.664946 0.877023 19.277456
4.288630 -0.650514 17.497391
4.667816 0.860615 19.618006
3.420953 0.942801 16.370571
4.695723 -0.563754 19.859907
3.421126 0.946037 16.375355
3.985878 -1.722381 18.562424
3.707015 -1.846191 16.438309
3.743348 -1.840509 16.446726
3.481836 0.964520 16.005545
4.312435 1.021584 20.918093
4.270947 0.924598 17.144129
4.167656 -0.076993 16.517776
3.980561 -1.853471 16.488968
2.772335 -1.060378 17.968374
2.840260 -1.942354 16.333843
4.307364 -1.144400 16.838699
3.589729 -1.922329 17.408260
4.270841 -1.653684 16.619879
4.279526 -0.746603 16.718792
4.030776 -1.897178 16.466248
2.742469 0.818301 18.053677
4.173811 -0.075791 16.516859
3.524660 -1.881819 18.141193
2.411649 0.825740 16.410461
3.676069 -1.835773 16.577000
3.852536 -1.787692 17.182013
4.277544 -1.258225 17.895859
3.935461 -1.726337 18.565069
3.660087 0.984362 17.157541
4.150644 -1.282238 17.372252
4.545933 -1.429221 18.791876
2.385515 -1.990703 16.768429
4.145543 0.872394 22.037373
4.198812 -1.936355 22.321236
3.392334 0.948713 16.057804
4.344277 -1.757063 16.876842
3.267447 0.948033 16.118835
4.308899 -0.920817 17.069273
3.993468 -1.632183 17.109718
3.605830 -1.850531 16.175995
3.712317 -1.809505 16.423176
3.128897 0.890255 17.755861
3.790345 0.960207 15.894371
2.370530 0.910786 16.026388
2.947594 -0.731652 19.049055
4.706139 0.694577 20.128090
3.684608 0.944596 16.604490
4.189960 -0.333995 16.528078
3.980942 -1.802905 16.562410
3.717499 -1.808584 16.422365
3.988523 -1.906471 16.173008
4.322399 -1.769810 20.847111
4.079422 -1.326242 16.150740
2.990064 1.121209 17.265720
3.485115 0.967258 15.963903
4.211454 -1.659119 18.959223
2.991306 0.947562 16.855829
2.681261 -1.980060 16.712595
4.126359 -1.247837 17.333965
4.314391 -1.712097 17.497068
4.301159 0.987073 20.804943
2.436913 -1.926671 16.506250
4.044783 -1.824620 16.903873
3.807927 -1.796475 17.218086
3.206950 -1.848837 16.172432
4.046496 -2.011067 16.358925
2.316244 -1.653362 17.245087
3.710781 1.109560 17.471224
3.791992 -1.821811 16.391308
2.181091 -1.863865 17.873287
4.339020 -1.119915 17.124121
3.114429 0.956177 16.070673
3.678175 1.011239 17.210880
4.327896 -0.032098 16.917889
2.400304 0.905866 16.271101
3.968007 -1.851355 16.267578
4.247786 -2.128904 20.168974
4.316710 -1.714134 17.508480
3.342336 -1.734636 17.640718
3.607111 -1.906242 16.272358
3.915977 -1.939191 16.049963
4.658250 -1.191079 22.156403
4.026903 0.862954 16.228792
2.417485 0.924581 16.396986
3.556871 0.861864 21.291124
3.938953 -1.820308 16.322681
4.810908 -1.681639 22.293056
3.784418 -1.810702 16.356356
3.489488 0.972305 15.965867
2.375048 0.857816 17.839142
4.065986 0.851970 16.317785
3.477817 0.958770 15.906616
3.667120 0.949067 15.862725
4.266655 -1.838956 20.111725
3.704933 -1.810748 17.101715
3.475609 0.957181 15.906940
4.183275 -0.571113 16.504364
3.387378 -1.884560 16.373966
3.621322 -1.803928 16.008022
3.437585 -1.635069 15.686285
4.069519 -1.793345 16.092850
3.113587 0.914049 17.005331
3.103910 0.945406 16.021336
4.018178 0.781879 16.206959
2.846920 -1.849571 16.236528
2.939718 0.903656 16.375586
2.749064 0.927858 16.208265
4.646186 -1.184179 19.095474
3.567425 -2.284064 20.029848
3.356877 0.836164 20.810865
4.248918 -1.401089 17.261854
2.913012 -0.069129 19.339607
4.046913 1.058373 16.279995
3.855210 1.003618 18.209841
3.851385 -1.825319 17.134768
3.736996 -1.813354 16.917309
3.790405 -1.799856 17.131203
4.445225 2.633880 21.509598
2.483347 -1.205976 16.254520
3.121158 0.953267 16.052219
2.392611 0.905811 16.230097
3.383894 -1.788636 16.184792
3.578417 -1.797759 16.084965
3.904870 -1.819706 16.420668
4.487568 -1.201900 17.506424
3.809581 -1.808492 17.219198
3.620969 -1.633623 18.913540
3.733587 -1.825631 16.926960
4.021456 0.919957 16.229548
3.512041 0.785943 20.791435
3.478907 1.001227 18.324791
4.995648 -0.342758 22.391069
4.455067 -1.133277 18.422895
2.870493 -1.855462 17.862886
2.366500 0.903357 15.985796
2.932936 -1.570393 19.313875
3.268322 -1.664208 15.538583
2.374996 0.889597 16.538298
4.042533 0.883300 16.269999
3.573581 -1.810720 16.062294
3.893066 -1.831433 16.329624
3.892547 -1.842426 15.919385
2.941208 0.021711 21.536257
3.796363 -1.819201 17.140808
4.102347 -1.645978 16.211004
3.842175 -2.086529 20.932037
3.638776 -2.107587 17.046734
3.145907 0.953710 15.949671
2.496547 0.898665 16.331116
3.877246 -1.806791 16.284664
4.011650 -1.781856 16.401480
2.352137 0.918503 16.025904
3.893262 0.871680 15.588501
3.421303 0.936665 16.366753
3.269261 0.946137 16.123192
3.145949 0.952403 15.949667
4.100335 -1.839720 16.154148
4.154421 -1.707359 16.319313
3.156950 -1.596019 15.673819
2.520937 0.919946 16.393721
4.085518 0.941898 16.384306
3.747978 -1.829314 16.467583
4.145186 -1.484452 17.688831
3.804355 -1.811668 16.355732
2.985795 1.224378 17.520479
3.091381 0.952941 15.919884
3.413881 0.945011 16.356663
3.901480 0.984452 16.147144
3.428997 0.895856 17.883474
3.612740 -1.958098 17.490513
3.155730 -1.585090 15.650243
3.475569 0.962613 15.853670
4.334476 -0.004334 17.762632
3.219803 0.960701 15.919101
2.358362 -1.377596 16.888796
3.659065 -1.835248 16.481764
4.410227 0.673139 18.601791
3.966929 0.855915 16.089756
2.773272 -0.068305 18.167431
3.222355 0.963391 15.918540
3.864618 -1.845732 16.178734
3.933430 -1.810095 15.803535
4.120067 -0.098354 16.423716
4.055300 0.763408 16.295691
2.358398 0.912307 15.975736
4.482443 -0.480682 18.004776
3.950339 -1.844405 15.818755
3.855591 -1.820216 15.930549
3.642828 -1.824282 16.074963
3.602582 0.285426 21.418106
4.236269 -0.481459 17.262806
4.082997 -1.337104 16.163229
3.867883 -1.860310 15.931080
3.945599 -1.831836 16.142496
4.076839 -1.351596 16.151516
3.653788 -1.828162 16.248312
3.831414 -1.846487 15.972794
4.010525 -0.875222 16.074274
3.885213 0.961339 16.080059
2.287017 -1.525117 17.427866
3.693231 -1.851329 16.064104
4.332668 -0.526377 17.223471
3.958427 -1.809036 16.264971
3.761465 -1.813575 16.436203
2.751119 0.923287 16.199379
3.458467 -1.658751 15.629532
2.955011 -1.363620 19.007069
2.830194 -1.841030 16.155172
3.392909 0.945862 16.053040
3.430640 0.967499 16.428040
3.871418 -1.826549 16.240288
3.627978 -2.246883 20.072411
3.652618 -2.260607 20.080332
4.250202 -1.251125 17.817713
4.067806 -1.404438 17.373199
3.225770 -1.560500 20.880413
3.739369 -2.117242 20.432259
2.278714 -1.528816 17.432446
3.113044 0.916414 17.010847
4.514703 -1.407436 18.672997
3.643777 -1.310166 21.965683
2.274095 -1.529756 17.433250
3.132133 -1.427842 19.943930
3.340196 -1.695855 17.533764
3.838085 -1.875718 18.392431
3.126939 -1.431093 19.965094
3.053887 0.703433 19.708458
3.396700 0.898576 20.089891
2.198420 -1.873815 17.928026
4.805118 -1.973646 20.628098
3.629621 -1.646410 19.001724
3.600155 -1.914997 17.378786
2.907054 -1.883461 17.347017
2.725026 -1.819563 17.760302
4.020377 -1.056840 16.086536
3.091794 0.953916 15.839320
4.011323 0.706662 16.217508
4.386210 -1.918963 19.740166
3.729340 -1.833576 16.305794
2.526527 0.918488 16.353395
3.805622 -0.854812 14.788612
4.262504 -1.196605 16.751413
2.742577 0.834387 18.140982
3.829139 0.880283 15.244362
4.192874 -1.259268 17.591751
3.915909 -1.839420 15.816641
2.729691 -0.715194 17.993370
3.887717 0.962286 15.704060
3.694613 -1.798946 16.207754
3.917632 -1.840621 15.812716
4.034249 -1.067859 16.096920
3.250421 0.436320 22.118481
3.099554 0.900623 17.533293
2.905383 -1.904508 17.420063
2.342059 0.514141 16.874275
2.865162 -1.721615 15.958601
4.745485 -1.067550 20.102077
3.887002 -1.807532 17.089512
3.954333 -1.736239 15.558428
3.556826 -1.877625 16.161867
4.040790 -1.581945 16.059689
4.016684 0.865461 16.217573
3.970856 0.972013 16.099911
4.097253 0.774377 19.488947
4.015812 0.917643 17.700352
2.437536 -1.857230 16.403288
3.726928 -1.814923 16.217875
3.854570 -1.838855 16.014191
3.872438 -1.842922 15.966055
3.588398 0.959099 16.776402
2.784496 -1.335977 18.186449
3.531386 -1.852372 18.459146
4.665522 -1.603843 21.687767
3.937049 -1.800365 16.195168
2.467979 -1.857624 16.309553
2.160865 0.802933 18.028238
3.768063 -2.425191 20.747330
2.564161 0.945853 15.988927
3.504511 -1.743872 15.916701
3.033110 0.687183 19.514164
4.356636 -0.498252 17.752796
3.679805 0.941553 16.597036
3.406748 -1.866748 16.323559
3.432707 0.914040 17.373337
2.446789 -1.849212 16.394421
2.653959 0.873210 17.893791
3.686279 -1.816827 16.439823
2.908957 0.649633 19.135122
2.851704 -1.805558 16.123404
2.454277 -1.878413 16.373524
3.117553 -1.779296 16.026119
3.687478 -1.812381 16.206867
4.035222 -1.822267 16.886473
3.920866 -1.818888 16.223640
2.647040 0.769354 17.912220
3.797334 -2.564455 21.216328
2.526820 0.906876 16.332409
2.401976 0.445951 16.569733
3.362750 -1.829516 16.221924
4.063113 -0.728327 16.355209
4.591418 -2.044483 20.711777
3.048339 0.761064 19.945246
2.773445 -1.565420 18.050737
4.581391 -2.013664 20.652576
4.022612 -1.823989 16.820961
3.889243 -1.865759 16.024040
2.374830 0.911709 16.171150
3.657272 -1.839876 16.036453
3.086896 0.899854 17.527786
2.864891 -1.725851 15.973625
2.877154 0.797139 18.783886
2.715474 0.853750 18.007420
4.668717 -0.073332 19.539515
2.941058 -1.202073 18.520861
4.195764 0.910399 17.160208
2.162106 0.816338 18.087128
2.445564 0.940806 16.075331
2.870538 0.914866 16.981701
3.922437 -1.826935 16.242678
3.806697 -1.829412 16.743753
3.791121 -1.778555 17.153107
4.966755 0.719053 21.395514
2.693824 0.858753 17.894762
3.843796 -1.657472 22.182655
3.741990 0.888277 17.606398
2.458233 -1.791205 16.312395
4.059379 -1.392425 17.377872
2.507538 0.910531 16.339640
4.164224 -0.068485 16.596756
5.033541 -1.417579 22.166014
2.770940 -0.092874 18.030224
3.637846 -1.811593 16.058819
3.771341 -1.718329 17.625624
4.311903 -1.706697 17.505371
3.070940 0.952225 15.780803
2.860659 -1.674876 15.852249
3.409856 -1.236230 21.095129
3.770926 -1.774761 17.018190
4.030499 0.755118 16.250370
4.000907 -1.711559 15.914065
3.835493 0.896267 15.269858
4.288457 -0.489289 17.514248
2.821551 -1.953556 16.373486
3.913485 0.979089 15.792706
3.809276 -0.893889 14.804984
3.883648 0.966861 15.620981
3.808310 -0.886323 14.802231
3.812222 -0.884948 14.803318
4.320575 -0.906776 16.936182
2.859833 -1.628250 15.758893
3.673718 0.974156 15.686263
4.165619 -1.270141 17.404488
3.679788 -1.841518 15.910639
3.626834 -2.083603 16.991346
4.099692 0.811001 22.648964
4.519953 0.746825 19.036371
3.818978 0.877519 15.193307
2.354060 0.925233 16.011068
4.275915 -1.713187 16.695150
2.732088 -0.223203 17.930399
3.985214 -0.132146 16.060694
3.395472 -1.846244 16.258648
3.712011 -1.835287 15.983087
4.039646 -1.481367 16.074907
3.258584 0.932192 16.069510
3.418842 -1.888622 16.378391
4.723405 -1.209865 19.984816
4.135005 -1.732624 16.621582
2.699235 -1.840651 17.838121
2.407427 0.877174 16.191139
4.534869 -0.087057 19.121489
4.011754 -1.735111 15.959077
3.669698 -1.820204 15.984676
3.810827 -0.941207 14.794518
2.740460 0.920171 16.176790
3.897837 -1.803242 16.190754
4.364317 -1.785369 16.929974
4.015732 -0.129753 16.150909
2.748356 0.927035 16.210487
2.457006 0.928355 15.821222
3.100415 0.954178 15.781909
2.957504 0.917747 16.585655
3.515388 0.786122 20.823320
3.726369 -2.065137 20.275469
2.864743 -1.606737 15.721107
3.787851 -1.816932 15.852333
3.464920 -1.660681 15.732408
2.316986 0.926828 15.719823
2.403996 0.892176 16.213867
3.934891 0.898240 15.760277
3.259733 0.948716 16.104965
4.616510 0.654891 19.824450
3.810682 -1.814602 15.928429
3.659455 -1.843399 16.042057
4.246994 -0.659079 17.261297
3.905834 -1.817718 16.247490
2.541755 0.930318 15.836405
4.662494 -1.094261 18.440340
2.906970 0.636463 19.138039
3.667190 0.971403 15.656447
3.307225 0.954392 15.700261
3.435794 0.962198 15.651547
3.755305 -1.845960 15.569921
4.140195 -1.804139 17.065865
3.436789 0.959769 15.651025
4.721472 -1.276275 20.734507
4.004586 -1.062129 16.057707
3.905123 0.975662 15.755715
3.808342 0.954096 16.665184
2.915294 0.536431 19.015703
3.443161 0.958305 15.649240
3.246985 -1.594440 15.404775
3.735108 -1.803728 16.143845
4.634422 -1.241221 20.399918
2.446378 -1.820360 16.292105
3.387976 0.885034 17.697090
4.111075 -1.321658 17.308519
4.876416 -0.862804 18.200481
3.905265 -1.811071 16.229343
4.297726 -1.714107 16.763517
2.729016 -1.870684 15.651679
3.620459 -2.074417 16.966906
3.053900 0.955127 15.755384
2.898282 -1.837441 17.229126
3.255988 -1.622499 15.464569
4.290378 -1.607783 18.235317
2.793343 -1.520463 18.086298
4.839485 -1.208326 21.261312
3.909337 -1.179552 14.669888
4.244393 -1.804927 17.640017
4.071071 0.803849 19.520790
2.358573 0.933321 16.064011
3.145800 -2.167403 19.899078
2.768270 -1.334532 18.190369
3.950864 0.942064 16.052252
3.692790 -1.829305 15.896961
3.995300 -1.820265 17.074411
2.437743 -1.871853 16.400942
3.831979 -1.790299 15.900530
3.087492 0.946144 15.760537
3.533678 -1.843751 15.852576
3.705218 -1.848203 16.435213
3.663482 0.960950 15.643431
3.521803 -1.884646 15.718088
3.661124 0.958565 15.852815
3.884787 -1.800693 15.837762
3.723598 -1.837527 15.468033
3.455135 -1.960432 15.656699
3.180945 0.949078 15.725436
3.969183 0.276256 16.054667
3.824077 -1.410301 14.767887
4.171466 -1.288753 17.344925
3.999879 -0.821981 16.042463
3.184288 0.949222 15.724900
2.446835 0.913445 15.992897
2.313281 0.934360 15.742249
3.363900 0.955020 15.669305
3.662284 0.963579 15.639567
3.852429 -1.856214 15.330116
2.491890 -2.185901 16.074255
3.789295 -1.807788 16.357927
4.744590 -1.919287 20.396076
3.535693 -1.254142 21.261194
4.173092 -2.174437 19.733130
3.805394 -0.911662 14.803535
3.054408 0.961810 15.751375
3.665009 0.971948 15.663448
2.866818 -1.694703 15.915930
2.716962 -1.807509 17.723875
4.232971 -0.056301 16.746223
2.770684 -1.434846 18.274763
3.810621 -1.813861 15.416994
3.186439 -1.165635 20.365152
3.414653 -1.816496 15.455306
4.107460 0.937037 17.155607
4.015930 -1.823595 16.797045
4.403088 -1.290248 17.104496
3.948743 0.990349 15.944057
3.766125 0.792145 19.607290
3.101041 0.944981 15.765685
3.435713 0.963282 15.635583
3.976467 0.975572 16.122961
3.679997 0.980063 15.686660
3.905980 -0.074051 14.754498
3.574476 -1.815236 15.895452
4.067200 0.822445 19.564543
3.866276 0.019458 14.777480
2.952380 1.354376 17.726974
4.209455 0.888838 17.139172
2.354650 0.914301 16.057434
2.269065 -1.850277 17.858421
2.948904 -1.254892 18.849464
3.485150 -1.840498 15.362962
2.287040 -1.597049 17.714573
4.137779 -1.689930 16.322565
3.786629 -1.815969 16.417891
3.484720 -1.854782 15.340678
2.421479 0.884920 16.295996
4.685808 -0.567577 19.826376
3.422100 0.943283 16.374851
3.606219 -1.808766 16.260061
3.897951 -1.801530 15.916859
3.459911 -1.743391 15.468760
3.893307 0.964968 15.725970
2.403569 0.909179 16.309637
2.333530 0.919114 15.931638
2.538886 0.924512 15.895798
2.720973 -0.551301 17.853819
3.823820 -1.424026 14.763570
2.865406 -1.663918 15.858797
2.411159 0.808235 16.339575
3.725789 -1.794966 15.857367
3.373447 -1.832094 16.226446
4.218194 -1.851935 20.101074
2.905275 -1.644430 17.250185
2.554005 0.934970 16.004080
2.711223 0.779445 18.013269
4.251386 -1.825520 20.035484
4.723400 0.690498 20.215219
3.809176 -1.846012 15.276202
3.202288 -1.612207 15.210504
2.948040 -0.718816 18.974415
3.433905 0.974575 15.641508
4.349295 -1.712390 17.074087
2.347474 0.912119 15.983102
4.291902 -0.485107 17.464024
3.261974 0.956152 16.119890
2.495261 -2.158276 16.037977
4.205155 -0.068812 16.645332
3.717782 -1.656315 17.386515
4.310697 -0.961762 17.075640
4.857480 -0.269352 21.819008
2.123763 -1.225136 13.172338
1.337962 1.149013 8.804866
2.503426 1.187422 8.219776
0.978425 1.148553 8.613499
2.287768 -1.600427 8.411673
2.505131 1.177691 8.370789
2.584244 0.381614 8.517584
1.336819 1.148378 8.805161
2.197614 0.984114 8.153114
1.923014 0.754195 8.311045
2.281242 -1.527837 8.273459
2.132801 -1.510385 8.279572
2.328608 -1.437330 7.920431
2.162792 0.767710 8.167762
2.706811 -1.523195 12.560478
1.855882 1.174513 8.376876
1.274653 -1.427527 10.169569
2.032492 -1.495427 12.993703
0.610422 -0.395091 11.646395
2.604540 1.047894 8.929857
3.130598 -0.944851 14.443921
2.206077 0.850309 15.353429
2.135893 1.127690 10.276866
0.425929 -1.539042 10.283636
1.977154 1.108669 9.972943
2.895117 1.046091 10.202406
2.260084 0.242971 13.476219
2.985727 -0.859576 13.706193
2.512698 1.053367 8.161828
2.145940 -1.757789 14.319982
2.055760 0.800517 8.259614
2.820197 -1.156605 12.734056
2.888275 -1.534584 10.668604
1.654866 0.574012 9.961001
2.329748 -1.591268 9.340147
2.678420 -1.526907 8.609253
2.082860 -1.640557 9.475095
0.810355 -1.362659 12.192958
0.666616 0.964182 11.603642
0.645850 0.987827 11.694286
2.162422 -1.548554 8.457474
1.154303 -1.851592 8.515485
1.255637 -1.394061 8.115756
0.467465 1.098589 11.091467
0.368629 -1.437702 9.182809
0.976041 1.145059 8.612751
0.366594 1.183187 11.141409
2.218343 1.071108 8.183081
2.406996 -1.554559 7.881342
2.223103 -1.567847 8.468274
1.344887 1.166114 8.328827
1.131561 -2.040667 9.797780
2.321122 -1.598732 7.918781
2.427545 0.376571 8.215575
1.515712 -1.376949 8.065559
1.882446 -1.494987 8.499959
2.300193 -1.391868 7.933983
0.775613 1.146635 8.420284
1.342480 1.169033 8.327559
2.793517 -1.647079 9.804583
2.820567 -0.923266 12.640738
2.543563 -1.614216 10.033751
2.683856 1.028350 9.737845
2.329015 1.094724 8.612103
2.089521 -1.378715 9.508204
3.160159 1.059190 11.928328
2.138735 -1.720188 7.974850
2.332157 -1.605795 7.935590
1.382535 -2.000215 12.173545
2.136892 -1.600647 11.816934
2.832974 -1.665201 10.257087
3.171456 -1.082376 12.722017
2.755419 -1.548049 12.680574
0.755005 0.783318 12.374067
3.533220 -0.531845 13.452812
0.267057 -1.703542 9.362713
1.134812 -2.069970 9.752470
3.409654 -1.303427 12.898675
0.477955 -2.031208 8.790262
0.700207 -1.101737 7.214649
2.470626 -1.592812 9.959542
2.165142 -1.541486 8.418050
0.414112 1.143068 8.147632
0.651334 1.180493 8.395826
1.293399 1.191024 7.822499
3.087386 -0.904445 13.017995
2.626472 -1.606493 9.132680
1.845047 1.115021 9.869182
1.994496 -1.063465 13.027597
2.761401 0.612536 9.450382
2.168764 -1.599030 8.715381
1.875098 -1.464160 8.445898
0.766671 -1.884113 8.500666
1.655849 1.157070 8.309528
0.764599 -1.911013 8.480950
2.185279 0.814264 8.246925
2.359162 -1.529027 7.957927
0.692847 -0.997872 7.108226
2.467349 0.883788 8.624852
2.855387 0.986920 10.182230
2.560496 1.127991 8.510923
2.376568 -1.556283 8.017158
0.522299 -1.925211 8.588728
1.538203 1.203826 7.562712
1.292172 1.182884 7.807732
2.368769 0.528549 12.373616
2.228052 -1.453248 10.209728
2.937324 -0.755211 12.416023
1.668386 -0.977207 10.559504
1.906022 1.359459 10.341119
1.902503 0.699598 8.150962
1.661598 1.175767 8.355644
1.851225 1.176473 8.372988
0.832757 -1.629661 12.453023
1.881180 1.030206 8.418130
2.232069 -0.098042 15.429588
3.568434 -1.820493 15.344131
0.823699 -1.669018 8.073413
1.975027 -1.560227 7.934680
3.908926 -1.371780 14.659982
1.370351 1.202903 7.457950
0.775102 -1.842090 8.345933
1.346431 1.169828 8.346712
1.684379 1.188728 7.960014
1.180971 -1.603668 8.103543
2.193174 1.187221 8.046139
3.402164 -1.776965 15.404782
3.818636 0.942394 16.612448
3.544173 -1.793035 15.453755
1.935135 1.209362 7.469562
0.504354 1.156021 8.208361
0.643439 1.163005 8.032008
1.342191 1.156788 8.310713
3.249672 -1.595943 15.661708
1.933291 1.164873 8.540047
2.263332 -1.653107 10.059258
1.780982 -2.158350 10.490825
1.995971 0.678776 9.919058
3.098045 -1.156592 11.751619
1.986087 0.670076 9.870004
2.448634 -1.569304 9.930975
0.900485 -1.965866 8.817060
4.773479 -0.337240 21.479057
0.315679 1.076685 9.643233
1.790982 -1.266551 12.442147
3.064602 -0.464197 11.776882
0.316096 -1.520972 9.385283
0.813722 -1.550259 9.931874
0.688867 -0.043840 11.845773
2.158070 0.393507 10.758700
2.530586 -1.603942 8.588888
1.722459 0.734478 9.987538
2.172064 1.137870 7.999764
1.581825 1.199558 7.940217
0.838877 0.059410 12.464605
2.938695 -0.645567 18.999964
2.836741 -1.612248 12.386050
4.507719 -0.092242 19.007212
4.291650 -1.193238 17.387136
3.046691 -1.434830 11.791092
2.449974 0.893776 16.312216
2.185464 1.178282 8.031330
1.422542 1.199050 7.689428
2.919886 -1.461668 18.834496
2.919599 -0.002167 19.126978
0.665556 1.190110 7.546501
2.904688 -1.787256 17.727888
2.937070 -0.666833 19.326286
2.680577 -1.240315 13.262138
0.555662 -1.615198 11.104825
2.038696 1.194022 9.847795
4.022264 -0.864445 16.241364
2.137542 -1.244463 13.265383
2.111245 -1.176773 14.109530
2.340024 -1.586018 10.720970
4.637572 -0.562594 19.691380
2.648238 1.039144 12.715818
1.900026 -1.397408 8.149045
1.368888 -1.578004 8.053847
4.095098 -1.785607 17.046717
4.362859 -1.495939 17.728075
2.901607 0.923662 16.566324
2.142186 0.712771 10.336912
0.696009 0.056216 11.750450
1.627004 1.133175 7.869797
1.236322 1.186955 7.575878
0.547695 1.174409 8.096102
1.129272 -1.731849 8.441457
3.967498 0.960995 16.092262
1.580077 1.172456 7.890084
2.025704 1.214626 7.718625
3.390498 -1.639876 17.612354
3.017490 -1.821102 17.334044
2.837620 -1.914481 16.350992
2.946095 -0.145855 15.513978
1.373184 -1.599104 8.101748
4.100343 -1.769677 16.953135
4.079788 -0.100932 16.313414
2.865427 -1.515404 10.497575
3.480570 0.954464 16.392216
2.756288 -2.252760 16.462652
4.266702 -1.196088 17.348875
2.106566 -1.581674 7.966073
2.217422 -1.058000 12.364678
2.335793 0.923653 15.993009
1.382370 -1.671634 8.255380
3.484391 0.954048 16.393812
3.915881 1.003001 16.176451
1.935793 1.215229 7.470579
2.462646 -1.603534 8.095383
3.450537 -1.697910 20.147884
4.265906 -0.955741 16.942331
2.544498 -1.546888 8.188886
4.266433 -0.955453 16.954281
0.564680 0.065303 11.263972
1.980883 1.140494 9.587377
2.151229 0.769872 8.155716
2.328235 -1.647266 9.937853
3.293028 -1.267694 11.908984
2.123533 0.984039 15.312673
2.435160 -1.147509 12.370195
2.554330 1.377181 11.803818
1.618946 0.643376 9.933555
0.746057 -1.334468 11.791930
2.515280 1.203969 8.154058
4.223089 -0.871817 16.702671
2.273243 1.041004 13.848195
0.684613 0.794831 11.976273
2.210794 0.978304 8.174694
3.315184 0.886983 17.502289
1.932019 1.210688 7.463906
3.634520 0.777330 19.189707
1.754630 -1.414013 8.149288
3.907099 -1.821109 18.354900
1.249981 1.175730 7.837598
3.002160 0.886473 17.226971
3.003577 0.892534 17.295090
3.660368 -2.176062 17.210598
2.492006 -1.780793 7.890884
4.215883 -1.650965 18.946068
2.490738 -1.595301 7.984412
2.932436 -0.006185 19.019892
4.242936 -1.307288 17.661942
3.353505 -1.812278 17.309193
4.644918 -1.113786 20.130705
3.549798 -1.902010 21.252693
2.061987 -1.412562 8.084006
2.085236 -1.660437 7.779488
1.192067 -1.663787 8.255390
2.316990 0.923887 15.714325
2.165625 0.788394 8.215664
2.551028 0.910004 15.789001
0.978825 1.138299 8.612886
2.127693 -1.622374 10.334677
2.171984 0.789287 8.208554
2.749356 -0.752074 14.409505
3.772998 -1.791028 15.176291
2.525338 0.911075 11.679726
2.494829 0.345420 8.323587
1.656978 0.612379 10.040913
1.780917 -1.477432 8.342157
0.603373 0.923962 11.510225
2.449461 -1.785707 16.296423
2.536063 -1.564401 8.762856
2.316334 -1.405137 7.972388
0.602266 -1.601388 9.234621
4.288834 0.941565 17.214973
2.050738 1.247250 9.955915
2.233677 -1.592320 7.591463
2.242723 -1.596528 7.594369
3.866366 0.789822 14.761245
1.588794 1.217385 7.272226
2.367002 0.678231 8.193513
3.861079 -1.576543 14.736338
3.127154 0.933091 16.320141
1.907932 1.121879 9.508507
0.620432 1.121063 7.450278
2.363421 1.243142 7.693461
2.106693 1.220006 7.265575
2.341127 -1.572635 7.511860
2.080223 -1.637924 7.777408
2.155894 0.368877 15.218817
2.579928 -0.306570 14.266171
4.020124 -1.703239 16.823761
0.635694 -0.384001 11.460662
0.949160 -1.931505 9.088989
0.555965 -1.822974 8.346189
0.568256 0.977756 11.644989
4.881479 -0.914749 20.660494
3.872967 -1.857139 15.490631
2.564664 -1.568920 10.878679
3.831000 0.994298 15.299487
2.384767 1.147150 7.689223
3.125050 0.929227 16.320639
1.706052 -1.898501 7.988015
4.524608 -0.805862 22.556877
4.130165 0.842680 19.811239
3.863134 0.929673 15.313942
3.739305 -1.789109 15.333627
0.688718 0.414460 7.155678
2.728339 -0.703934 17.835869
1.726751 1.214386 7.152939
4.143798 0.499800 21.626802
3.112425 -1.121292 19.697567
4.126956 -1.233711 16.381834
1.600572 1.160138 8.527384
4.244221 -1.766865 19.133129
4.551516 -0.282048 20.455776
1.363104 1.216363 7.223630
2.612742 0.383404 8.641982
2.357506 0.620011 17.199812
4.015250 0.797856 19.380964
2.346643 -1.614443 7.518701
2.338509 0.773453 8.281771
2.784800 -1.943910 16.029787
0.798208 -1.599862 10.100976
1.647397 1.189985 7.984031
2.569162 0.959197 8.965760
0.511046 1.136204 8.161724
2.646163 0.849287 17.787710
2.314647 -1.608543 9.263132
2.525000 0.907470 16.303541
0.448591 -1.540673 10.144205
0.737894 -2.021577 8.713797
2.064021 -1.641281 10.142363
3.754161 -1.747599 15.030365
2.713060 -1.828200 17.789478
3.048717 -1.334124 13.944656
4.404741 -1.528271 18.449181
1.353358 1.219696 7.174359
0.937711 -1.972248 9.192385
2.425167 -1.550605 16.785128
2.008980 -1.626538 7.442379
2.172708 0.858406 15.483553
3.411676 -1.651423 19.865522
3.749219 -1.808913 15.485131
1.609995 1.225097 7.086719
3.050975 -0.144259 19.523203
2.435255 -1.633408 16.982695
3.719623 -1.773529 15.122087
0.648239 1.184402 7.307694
2.522428 0.914075 16.339931
3.329769 -1.833024 17.239796
1.889344 -0.149441 15.074810
3.952922 0.428497 20.670195
2.462637 -1.911055 16.483517
2.628548 -0.966401 15.843091
1.186920 -1.765709 8.482834
1.992275 -0.119247 15.134471
2.530034 -1.154882 12.518845
2.670918 0.407552 8.788086
3.591469 -1.191603 13.658732
0.573642 0.057811 11.027442
2.165322 0.784442 8.209829
3.212878 -1.736779 14.002466
3.332942 -1.766628 14.610220
2.042108 0.480029 14.465319
0.815031 -1.560645 9.981153
3.711750 1.732520 20.718107
1.738816 0.750946 10.141635
1.743337 -1.232226 6.811976
2.809747 -0.039414 14.112013
1.690463 -1.253507 6.800899
2.956466 -1.570930 19.420681
2.199354 0.799526 15.307090
2.901840 0.608206 18.933695
3.475857 0.385576 20.937492
1.509670 -1.292068 6.917284
3.069804 -0.135921 19.816231
1.645776 -1.799940 9.426091
3.021518 -1.652391 11.137310
2.065006 -0.020214 14.792565
0.662179 1.149601 7.058883
1.899234 -1.483369 7.136871
2.010549 -1.414446 8.285039
2.721290 -1.110620 13.747894
2.251639 1.272166 8.282440
1.195160 -1.388214 8.074053
1.924965 -1.297784 14.837601
1.305111 -1.950752 12.015863
2.417333 -1.475101 8.335075
2.504332 1.182868 8.085101
2.319334 -1.512969 7.282717
2.207607 -0.114401 13.485427
2.768608 -1.603311 12.944051
2.298690 -1.562178 7.876193
2.835227 -1.621173 13.045540
2.534903 -1.292011 14.238897
1.632613 -1.440488 11.245744
3.012301 -1.564110 11.245051
0.580466 1.042564 11.416137
2.037507 -1.185671 12.549603
0.533444 0.977278 11.660230
1.845305 1.201350 8.090142
2.874904 -1.078455 10.901963
2.458725 0.420874 14.833148
0.554666 0.990852 11.755848
2.185768 0.381121 10.931657
1.648775 0.629143 10.092360
3.981577 -1.074293 21.291031
2.867844 -1.549042 14.506736
3.451169 -1.553145 13.249476
2.213738 -0.086030 15.570311
2.816412 0.369015 11.526510
0.691518 -0.946434 7.337986
1.994635 0.684264 9.955080
2.004863 1.160375 10.271404
2.277876 -1.607039 7.170043
2.080952 -1.530949 7.911491
0.447311 -1.538522 10.145512
0.983030 -1.514912 10.458686
3.744204 -0.006626 14.420909
0.644201 1.185906 7.140226
3.491935 -0.394316 13.115866
0.639688 -0.548801 11.491651
0.832802 1.171038 7.447129
2.061458 -1.344427 7.950283
2.045421 1.213555 7.142432
0.555345 -2.013115 9.104513
3.406379 -0.366343 12.682117
1.939433 0.373807 13.873292
2.006495 -0.173605 12.163350
2.107391 1.158788 10.330204
1.756286 1.128459 8.897393
3.547338 -0.332498 13.449386
3.447819 -0.251156 12.976789
0.651767 1.191931 7.219839
2.186667 1.185414 8.054051
2.249834 -1.583664 7.230608
2.256744 -1.613811 7.195384
1.905681 -0.050466 13.734870
1.950318 0.596230 13.953992
3.531220 -0.617800 13.278583
2.037515 -1.621165 7.150437
2.094345 -1.543725 7.953403
2.781963 -0.530171 14.150099
2.159846 1.134211 8.646603
1.955464 0.913014 14.312625
1.797964 0.066513 12.130868
1.945349 0.442016 13.934634
1.859960 -0.974111 11.974064
2.370493 -1.545913 8.048864
3.598269 -1.721236 13.608387
3.315119 -1.272852 14.307145
1.894586 -0.044536 13.762186
1.925266 0.492184 13.766116
2.016115 -1.565404 7.337505
1.743556 1.121783 8.914115
1.933203 0.822447 13.430122
2.141053 0.977564 13.938133
3.643534 -1.357673 13.760188
2.067944 1.224390 7.521565
2.319840 -1.380831 8.050709
1.671661 1.222690 6.967887
1.416363 1.217530 7.012596
1.932904 0.600781 13.756655
2.310279 1.126763 7.036684
1.949332 0.592023 13.769668
3.524156 -0.325481 13.381929
3.472371 -1.755395 13.623351
2.246782 -1.551782 7.184729
3.517764 0.999571 13.628742
2.046209 -1.590282 6.987398
2.164760 -1.565880 6.966270
3.246497 -0.588065 15.680383
1.949493 -1.056641 13.564159
2.176741 1.166251 8.005915
0.487093 1.210431 6.911964
1.892826 1.014804 13.606704
3.579739 -0.552922 13.614410
1.432359 1.220216 7.012620
2.384970 -1.595349 7.355082
3.659134 -1.513976 13.800406
2.419335 -1.955609 10.457691
1.672474 -1.490431 7.106110
3.691622 0.673195 14.298192
2.189406 1.250546 6.467083
1.584927 -1.288661 6.903740
3.627287 -1.487664 13.741095
3.763066 0.919075 14.494653
0.690069 -1.110306 7.081462
3.492071 -1.356885 13.198143
2.224339 1.268288 6.612168
3.540058 1.000165 13.642873
2.245088 0.917321 15.420073
0.680143 0.405955 7.143044
3.317140 -1.750741 13.659694
3.590779 -0.025123 13.785796
2.489850 -1.132399 12.237669
1.961049 0.664318 9.782444
1.910125 -0.054262 13.702165
0.708331 -0.868981 7.259725
3.426155 -0.365379 12.698850
2.275689 1.223641 7.110938
3.518635 -1.646182 13.366859
2.228948 1.237416 6.724712
1.924260 -1.059340 13.009088
1.926245 1.200593 7.444553
1.843566 0.053582 12.555088
3.394982 -1.737121 13.548308
3.416836 -0.768413 12.664124
1.921508 0.224949 13.787807
3.469449 -1.801840 14.181573
2.762579 -1.625767 15.257502
2.149530 -1.553695 8.739854
3.531192 -0.828120 13.254568
1.926194 1.193290 7.432688
0.668878 0.434898 7.290676
1.671613 1.207511 6.950629
0.652040 1.177850 7.133728
1.844221 -1.444407 6.845219
3.527346 -0.831662 13.248684
2.332080 -1.511051 7.936583
2.903895 1.047812 13.227555
1.569085 1.217576 6.977075
1.930574 0.222862 13.787985
2.304853 1.201281 7.178208
3.425952 -0.551991 12.751043
3.529757 -0.830075 13.255401
2.634075 -1.346344 13.272598
2.388876 -1.657684 9.968557
3.434182 -1.744723 13.462914
1.860204 -1.494946 7.238523
3.227004 0.955441 15.206844
1.524522 -1.239505 6.862385
2.313802 -2.011195 14.705856
0.443094 -1.548004 10.199799
4.113074 -0.047472 17.046101
3.230030 0.958658 15.207815
2.200376 -1.542632 7.111609
1.861542 -1.419404 8.323132
2.579362 -0.937929 8.269143
3.327577 0.967227 17.838243
2.205354 -1.542348 7.111066
1.815116 -1.299251 6.956673
3.936145 -1.688439 18.470850
1.708569 -1.997271 8.313373
2.321508 -1.069077 6.928878
3.745051 0.693289 18.232843
1.795695 -1.321696 6.845307
4.010717 0.845411 16.245462
1.669702 -1.444203 7.012547
2.142446 -1.560026 6.811626
2.191972 0.403603 11.002716
2.396178 -1.517218 9.674799
3.224684 -1.729684 13.750935
0.569958 1.053878 11.455244
2.909100 -1.531712 14.421261
0.872710 -2.016022 8.237574
2.280244 -1.570891 7.453354
3.353476 0.928703 16.020361
1.899177 -1.527613 7.035462
3.259000 0.964223 15.265594
1.549993 1.062526 9.838321
1.734390 1.086732 8.749590
0.645500 1.124853 7.270474
1.657573 -1.469265 10.454293
1.238980 -2.025427 7.521415
1.897824 -1.449294 6.929348
2.910025 0.520320 18.857969
3.643636 -1.752607 16.073606
1.907471 -1.592491 6.894517
3.474331 -0.073089 13.100178
2.051802 0.196312 14.570294
1.960953 0.156857 14.234743
2.172903 1.199104 6.402944
1.901404 -0.127680 15.061254
0.489771 1.200292 6.874081
0.735388 -2.000567 8.494138
1.927474 -1.201382 13.280775
2.451597 -1.636606 7.977619
2.105228 -1.570484 6.833487
4.016309 -1.801875 18.817308
3.610338 -0.065049 14.119543
1.584632 -1.275332 6.867035
3.480850 -0.264922 13.044854
2.372521 0.480897 11.671488
2.558874 0.521451 8.324224
2.081199 -0.803852 11.147620
3.954211 -1.751068 18.505148
2.815555 -1.595626 9.961967
1.624533 -1.350568 6.819341
1.928854 0.625049 13.835915
0.521903 -2.037220 10.594575
2.280298 0.997511 13.739331
1.272495 -0.185519 12.464968
2.243685 -0.934379 6.378479
3.440401 -0.488293 12.854360
3.741279 -1.591696 14.199382
3.449855 -0.467314 12.899301
2.446985 -0.674452 12.700340
1.803169 1.130403 8.815312
3.166660 -1.727847 13.492574
2.753229 0.650124 10.756818
3.906824 0.969104 15.705590
3.428052 -0.659339 12.785684
1.714297 0.908904 12.522835
1.396430 -1.667132 8.394279
3.481228 -0.365728 12.796051
3.438451 -0.661545 12.800380
3.131682 -1.060512 13.786554
2.106759 -0.793594 12.530813
2.429428 -1.780117 9.511978
2.145576 -1.560194 6.814567
2.047615 -1.560266 6.820188
2.541131 -0.908691 8.068048
2.348880 -1.102768 6.980172
2.139948 1.241398 6.858347
2.290521 1.216668 7.024898
3.124000 -1.743215 13.403327
2.070509 -1.519848 7.855652
1.909067 -1.584487 6.890843
2.127179 -1.540470 6.926657
3.238863 -1.735362 13.123353
1.753181 1.135503 8.932104
2.267990 -1.720801 9.711147
1.851351 -0.137211 15.069461
3.451146 -0.815546 12.800300
3.448315 -0.248841 12.980443
2.297178 -1.534327 7.088686
1.379689 -2.008893 12.198188
1.950593 -1.250030 13.469313
2.160165 1.219397 6.396167
1.894495 0.996207 13.565392
2.142904 -1.540831 6.925412
2.013519 -1.584352 6.874337
3.461310 -0.248336 13.001310
1.700769 -1.281677 6.856848
2.233071 -1.563837 6.640853
2.218553 -1.397115 6.285143
1.550945 -1.448108 9.840343
1.436643 1.240002 6.430651
0.566026 1.109813 8.439502
2.164252 0.160887 15.116150
0.979273 1.141953 8.602678
1.929181 0.130314 13.594077
2.635664 -1.093792 11.895579
0.552606 -0.046692 11.400012
0.687339 0.775514 11.865331
0.636663 1.206991 7.117570
0.361015 1.241158 6.612419
1.877941 -0.124019 15.249042
0.612576 1.216061 6.770234
2.169665 1.233699 6.417842
2.144511 1.227554 6.269024
1.893165 0.907433 13.585172
3.430984 -0.031352 12.988354
3.427557 -0.779097 12.676818
1.626286 1.231783 6.665122
2.335873 0.628637 8.168996
2.232804 -1.558123 6.959490
1.886263 -1.759117 6.925884
1.920541 -1.610562 6.939631
3.101898 -1.746437 13.152793
2.209956 -1.068619 12.348727
1.696761 -1.280425 6.853425
0.066112 1.123919 6.969591
2.306651 1.351909 6.788002
1.885942 -1.539620 6.972840
1.757069 -1.278632 6.938256
2.663256 -0.385367 10.258478
3.589467 -1.759360 14.144543
1.399463 -1.740831 8.564472
0.575485 1.083306 8.376625
2.240630 -1.568756 6.978740
1.925648 0.484094 13.723076
1.938716 -0.945769 13.588237
1.990960 -1.115455 14.159952
2.215118 -1.627108 6.671045
2.230096 1.219240 6.740271
0.318576 1.235480 6.533986
1.866356 -1.049163 14.056349
0.570837 -0.118941 11.387981
0.548284 0.005338 11.286015
1.621033 0.944136 12.154894
2.587995 -0.890746 11.535225
2.511997 -0.920008 10.891562
2.180734 1.172075 8.031022
0.747307 -1.976943 8.434314
0.628342 -1.525798 8.968907
0.825910 1.226592 7.612412
2.416456 1.222332 7.709237
2.164701 -1.537566 7.376163
2.162750 0.774025 8.176344
0.581657 -1.737339 9.747187
3.617473 -1.125640 19.527702
0.621830 -1.648575 9.242198
3.445622 -2.083591 14.555548
1.992648 1.118134 9.789845
1.220971 -1.739173 11.026506
0.581713 0.616085 8.349556
1.293417 1.190078 7.836680
2.065174 -1.608260 10.337047
2.119118 0.930277 15.355490
2.172588 -1.558394 6.890704
3.115200 -1.691765 13.064661
3.174141 -1.073189 14.025835
0.544551 -1.657965 11.444212
0.896480 -2.031790 8.957270
1.817349 1.037602 9.644250
2.288270 1.217885 7.035321
2.027152 1.008505 6.479767
2.141632 0.966938 13.918281
3.166445 -1.957970 13.980993
3.512885 1.008296 13.611240
1.942338 0.342201 13.713705
2.369472 1.243874 7.339334
3.544116 -0.543379 13.393972
1.601061 1.235798 6.622190
1.955876 0.594230 13.957861
2.039855 0.472110 14.543212
3.547005 -1.649593 14.484845
1.915738 -0.207735 13.669210
1.700571 -1.546991 11.875836
1.975774 0.970343 13.822317
3.279166 -1.754058 13.686418
2.789962 -1.434545 10.464303
3.570575 -0.332398 13.615640
2.139155 1.236242 6.576220
2.177458 1.225145 6.899147
2.355877 1.258165 7.222578
2.334715 -1.565273 7.612818
3.512054 -0.147268 13.202645
1.724454 -1.319365 6.953165
1.799016 -1.600738 6.784877
3.078537 -1.807583 13.668598
2.208824 1.251404 6.577413
-0.125690 1.189838 7.194494
1.924307 0.226874 13.788028
1.572377 1.210981 6.966803
3.468888 -0.602968 13.136356
3.433834 -1.736121 13.468801
2.171812 1.221751 6.890557
2.270048 -2.048753 13.613272
0.672018 1.203493 6.812471
1.487867 -1.308399 6.906660
1.501840 -1.284153 6.910455
3.970651 0.965588 16.089506
4.038656 -0.338446 20.600386
2.324796 1.006704 13.479630
2.033339 -1.572542 6.494025
1.767776 -1.659019 12.502084
3.400895 -0.792904 12.669933
3.447410 -1.738034 13.559803
1.911588 1.109701 8.618770
2.396587 0.740736 8.359695
0.581708 -1.550864 10.873593
1.874833 1.102232 9.924533
3.420023 1.002190 13.139797
1.998880 1.120506 10.067669
0.830057 1.204310 7.273506
1.159039 -1.833511 7.379009
1.824268 -1.487139 11.204725
1.575259 1.220673 6.985844
2.461527 -1.615199 7.751225
0.092729 1.202560 6.899813
3.486634 -0.155117 13.167310
2.481676 -1.588401 7.967883
2.344304 -1.442273 8.045947
2.213550 -1.338459 7.719687
1.883096 1.409943 8.603400
1.585900 1.228820 6.583683
1.939984 1.379340 8.474376
2.130210 1.382220 11.201342
2.073436 1.340172 9.413311
0.811848 -1.537009 9.865177
0.817777 -2.049006 9.158239
0.287677 1.201851 6.857243
2.796303 -1.976584 14.651422
0.664282 1.219229 6.448674
2.237079 -1.416198 6.307737
3.543150 1.138757 16.898806
2.123137 0.261649 15.104592
2.009229 -1.511285 6.725632
2.118867 0.289961 15.347990
0.843513 -0.601967 12.310925
2.192593 -0.931269 6.283523
0.704469 -1.783349 7.369426
3.807961 -1.660605 14.385930
1.795704 -1.316111 6.860302
2.108050 -1.586121 6.606460
2.067843 -1.523732 6.742699
2.707834 0.994310 14.230739
1.966640 -1.832406 6.902642
2.033686 1.213992 8.976484
2.091247 0.842031 14.827453
3.199506 1.178912 17.363787
0.619310 1.209073 6.776180
1.473974 -2.034534 12.235991
1.807624 -1.550944 6.836401
3.654013 1.566858 20.175575
2.176390 -1.512082 6.785732
3.198815 1.124529 17.187876
1.583362 1.235395 6.550135
1.839511 -0.202828 13.215818
0.732750 -1.624510 7.030245
3.440899 -0.817491 12.723804
2.475094 -0.040145 12.443954
2.519240 -1.180787 7.762313
1.802294 1.276901 8.180653
2.432199 -0.492675 12.117579
2.979312 -1.657848 10.798864
3.516771 -0.648592 13.228643
0.630296 -1.588994 11.207661
3.568231 0.907149 15.746260
1.103217 -1.976804 9.577130
3.268260 1.019176 13.521619
-0.071736 1.081248 7.073043
1.213317 1.215707 6.557747
2.467981 -0.826118 10.774802
3.419653 -0.360503 12.664157
0.553662 -0.034060 11.315470
2.681361 -0.554448 17.373440
1.570228 1.214814 6.974391
0.367515 1.216514 6.755740
2.689396 0.580475 10.587551
0.815177 -1.543643 9.910811
0.971695 -1.585433 10.653068
3.271728 -1.819797 14.242723
3.380433 0.389809 20.563530
1.817555 -1.562798 6.512473
4.215845 -0.851443 21.757401
0.576105 -0.043863 11.003104
0.979699 -1.601660 10.906959
0.269833 1.205526 6.541855
4.281402 0.807352 17.770844
1.495171 -2.009208 12.162204
1.242293 -2.048334 7.558618
3.632073 -1.353458 13.735910
2.076834 -1.531547 6.768247
1.930978 0.748714 9.995908
2.344592 1.131828 7.482703
2.187548 1.234101 6.775709
3.380338 0.997390 12.969172
2.181851 1.191135 6.201226
3.198859 -1.629368 14.548987
1.519771 -1.276484 6.783453
3.487477 -0.826364 12.968663
1.570357 -1.246265 6.798723
2.227748 -1.435788 6.294607
2.198422 -0.859356 6.142034
3.550442 -1.648310 18.535957
2.879482 -1.695749 13.204441
2.340124 -1.539348 7.309873
1.925846 -1.511084 6.873763
1.869884 -1.578792 6.430229
1.819204 -1.565572 6.511671
3.434464 -0.657989 12.781301
3.424938 -0.629081 12.717257
1.926036 -1.528355 6.780685
1.839858 -1.461213 6.774885
2.753540 -2.054051 14.816960
0.566925 -1.736890 9.639512
3.153152 -0.646542 16.149305
0.616964 -1.545827 9.012366
2.133166 -1.514158 6.782094
0.046997 1.143222 6.844748
3.187003 -1.726379 13.126646
1.732627 -1.252481 6.698375
2.164201 1.087084 9.703905
1.772478 -1.285338 6.790807
1.924962 -1.490139 7.000341
3.427860 -0.814832 12.674063
2.186127 -1.425406 10.076324
0.562102 0.035953 11.094596
3.522502 -0.616810 13.237756
1.574724 -1.259595 6.841687
1.697127 0.713869 10.498359
1.618337 -1.580052 6.907622
2.214476 -0.869942 6.329257
2.585878 0.489157 8.369229
2.798308 -2.000445 14.687408
1.908592 0.997924 13.227514
1.990370 -1.432034 9.618024
3.477482 0.958647 13.246390
2.054160 1.228516 7.179920
0.968045 1.223653 6.809890
3.047044 -1.724107 13.188925
2.192313 -0.450646 6.169149
1.947616 -1.583262 6.978847
1.848216 -0.205328 13.189983
1.524281 -1.285621 6.802867
0.614812 1.202550 6.765310
0.737802 -2.007249 8.508620
1.625627 -1.591285 6.912718
1.928959 -0.016150 13.596837
1.922051 0.499233 13.788140
1.765757 -1.373544 7.118690
4.228944 0.503615 18.241621
2.768712 -0.210477 10.691837
2.185761 0.783908 8.185407
2.195411 1.239070 6.785573
1.511966 -1.293298 6.768751
1.926740 0.347223 13.675608
3.497957 -0.142016 13.173166
2.157756 1.216209 6.161906
0.543283 1.214623 7.001603
1.924960 -0.197107 13.536731
1.625955 -1.592676 6.913141
2.288069 -2.039753 13.681990
2.161989 -0.448252 6.113552
1.610781 1.241345 6.581284
2.483523 -1.576363 8.022442
1.883381 -1.510430 6.962952
1.717341 -1.280514 6.761847
1.801209 -1.364080 6.746782
1.858051 -1.646338 6.433816
3.464590 -0.826250 12.832148
1.876130 0.975761 13.288653
1.858011 -0.186714 13.107244
1.981742 -1.537224 6.788132
2.121642 -1.564227 6.282313
2.268640 -1.188878 10.331100
2.139903 0.964417 13.880070
1.921158 -1.511286 6.423532
2.987700 -1.607003 15.210030
2.305725 -1.565040 10.727742
1.780859 -1.574610 6.716580
1.483893 -1.312748 6.888318
1.566747 -1.279171 6.800511
1.904052 0.074986 13.117834
3.782623 -0.033559 14.467491
3.532802 0.969148 13.670362
1.523258 -1.281744 6.796176
2.026411 0.288642 14.373521
2.226543 -1.378650 6.173094
1.490400 -1.989811 12.060247
2.234307 -1.569219 7.177783
1.724157 -1.284317 6.772522
1.821974 -1.549580 6.576974
3.449343 -0.468914 12.888618
2.164599 1.225240 6.176543
3.465162 -1.741316 13.581126
2.294630 1.261044 6.904463
0.933367 -1.972006 9.196446
2.139694 -1.772507 14.342533
1.609440 1.233487 6.568572
2.169923 -0.537521 6.129435
2.521893 -1.946283 18.129593
3.720922 0.955277 14.184084
1.765814 -1.717088 6.606446
3.173172 -1.835510 14.789880
2.849371 1.230832 17.355776
2.171195 1.167468 8.000349
1.500271 -1.280315 6.898972
2.246146 1.179207 6.662098
3.210886 -1.555996 14.532586
0.665925 1.214164 6.446884
0.516179 1.207218 6.392879
2.205730 -0.964710 6.299906
2.179708 -1.518957 6.779834
0.076085 1.117716 6.983943
1.917008 0.606221 13.706564
2.884858 -1.677889 13.169739
1.921367 0.131766 13.594134
2.247751 1.304331 6.920352
1.794696 0.796548 10.476158
0.826562 0.040649 12.506945
3.433863 -0.057075 12.978339
0.641947 1.235620 6.858468
3.103615 -1.681746 13.292835
2.267857 -2.039139 13.578909
0.283450 1.163537 6.790720
2.789158 -1.631536 9.815849
1.819562 -1.554239 6.597001
2.275002 -1.431483 6.175800
0.575002 0.978453 11.695673
1.795421 1.184897 7.826501
2.068642 0.748143 10.113732
2.231328 1.157753 8.821947
1.931961 -0.028034 13.457565
2.989027 -1.765598 13.082630
2.195240 1.241381 6.790966
3.498644 -0.026299 13.219763
1.924234 1.141878 8.689485
3.789356 0.951167 14.551755
1.838334 0.982772 13.152015
3.521581 -0.791911 13.226114
0.558403 0.070579 11.523736
2.818970 1.050436 12.954810
2.139623 -1.469646 6.619585
2.403041 -1.203783 12.054316
1.799200 -1.285320 6.885613
2.989883 -1.767257 13.082444
2.268043 -2.036789 13.570793
0.354333 1.248229 6.819859
2.886253 -1.686343 13.184958
-0.141828 1.035221 7.262524
1.850761 0.994144 13.083735
1.929063 1.136355 8.690660
3.455961 -0.664123 12.822248
3.064368 -1.680255 13.056612
1.852373 -0.205158 13.161598
2.217171 -0.447883 6.228026
3.648176 0.117974 21.252865
0.371040 1.208581 6.550478
1.554713 -1.244449 6.845606
-0.106978 1.160364 7.130559
2.191941 0.391460 10.721424
0.668054 0.169877 11.734579
2.312070 -1.650109 7.050785
2.137026 -1.984255 14.079625
3.261753 -1.743868 14.537132
0.593788 1.213759 6.814242
1.303627 -2.453445 8.335676
2.138014 1.257885 6.059862
1.816660 1.292021 8.224399
1.798502 -1.320024 6.867644
3.827603 0.707263 18.856445
4.397044 -1.747003 17.201576
1.957595 -0.049590 15.117924
2.236236 0.816315 15.395744
4.271823 -0.570535 17.486452
2.815067 -2.245747 15.321876
4.298291 -0.528333 17.126820
4.246190 -0.487162 16.925354
1.956595 0.002214 14.188098
3.421499 0.768729 18.372221
0.891923 -1.936058 8.673375
0.735436 -1.337604 11.764258
4.236120 -0.651175 17.215126
1.811247 -1.547899 6.320878
3.187046 -1.381241 10.680308
2.137586 1.191806 6.672664
1.922768 0.225973 13.774111
1.950240 0.604933 13.985992
0.158328 1.187648 6.468298
2.200466 -1.110400 6.225214
4.143250 -1.260207 16.444815
3.610140 -1.768701 14.089387
1.908597 -1.494089 6.396485
2.880544 -1.581095 14.554451
2.416619 -2.180030 13.979409
-0.158112 1.179497 6.999742
1.761390 -1.716435 6.600294
2.250544 -1.513879 7.295526
3.422529 -1.730210 14.526589
3.158082 -1.770824 13.539443
1.840358 -1.484745 6.700700
2.160511 1.218507 6.167731
4.772425 -1.280844 20.181437
3.362868 -0.068747 12.747928
1.779613 1.016447 12.896533
2.309837 -1.553783 7.080194
2.236792 -1.391229 5.939339
2.231254 -0.589820 6.232832
3.528205 -1.815554 14.521104
2.771754 -0.077532 18.160032
4.415334 -1.157347 17.390751
0.045111 1.109560 6.786855
1.721417 -1.287510 6.898052
2.254006 -1.407089 6.161436
2.137864 -0.165722 13.031141
3.406363 0.985724 14.853477
1.931825 -1.117968 13.821081
2.801709 1.044782 12.880766
2.235166 -0.448920 6.248727
2.235121 -0.453878 6.243917
3.459077 -0.668076 12.843199
2.223273 1.198848 8.193270
1.914871 0.513611 13.714713
3.516509 -1.562969 14.435007
2.271404 -0.993692 6.441354
3.542635 -0.798656 13.296097
2.572740 1.041779 12.915766
2.444959 -0.981461 10.909802
3.415612 1.053806 13.057655
3.534739 -0.796264 13.264586
3.150683 -1.774123 13.558581
1.900127 0.546095 13.869964
0.360325 1.243867 6.617213
4.264544 -0.493354 17.382513
2.757746 -1.209024 9.755025
2.210522 1.178500 6.466510
2.572050 1.043082 12.915896
2.034005 -1.528594 6.457270
2.247600 0.703475 8.595759
0.688374 -1.153639 8.433184
1.849229 -1.486907 6.768142
0.943313 1.221421 6.816051
3.365024 0.714107 17.916374
1.924335 -1.299344 7.987154
2.856598 -1.551478 14.458353
2.362324 1.230889 7.318519
1.902091 -1.706712 6.785723
1.972781 -0.053841 14.990577
3.551162 -1.808252 13.926727
2.746480 -1.538803 9.720040
2.537782 -0.795737 11.394513
4.065199 0.798662 16.641180
3.008440 -0.391310 12.729180
2.045351 0.195253 12.230640
3.045315 -2.006943 18.993116
2.249361 0.909091 15.404207
2.538869 -0.846373 11.104642
2.772569 -1.632899 15.287744
2.070022 -0.885234 11.310137
4.474807 -1.281067 21.212732
1.160596 1.232831 6.431680
0.472012 1.182565 6.770535
3.643785 -1.775456 14.401070
2.262491 -0.533406 6.300017
2.144956 1.353205 9.503365
1.749934 -1.667772 12.582077
3.159476 -1.748885 13.442568
1.765950 -1.538795 6.299987
2.801135 -1.440373 18.303450
0.440259 1.200754 6.521521
2.230827 -1.002984 6.291175
3.421843 -0.058336 12.938158
1.859130 -1.518666 6.361456
2.257164 -1.443831 6.339808
0.835354 0.090146 12.682526
1.844182 0.240284 14.392499
1.811179 -1.644570 6.625330
2.431768 1.030806 12.931546
3.027940 -0.760235 12.327980
2.411251 0.384437 15.150064
2.431385 1.031489 12.930731
2.202154 1.265688 6.477924
3.418574 -0.752307 12.661974
0.751328 -1.773255 7.878082
3.284851 -1.738480 13.461543
0.028638 1.198378 6.569571
2.855439 -0.102008 18.359356
2.659929 0.999496 14.078078
1.270780 -2.191082 7.852517
2.178986 -0.286210 6.150095
3.432106 -1.744456 13.379998
0.792031 -1.615515 10.104321
0.094228 1.171422 6.866064
0.649792 -0.055028 8.279568
0.642518 -1.235047 9.097300
0.622056 1.158769 6.599209
3.396841 0.971018 12.803486
2.833681 0.971882 15.033144
3.189222 -1.195488 19.964125
3.312532 1.057947 12.769304
2.920747 -1.314708 13.114295
2.281579 -1.271215 6.408143
2.860722 -1.442228 14.073569
2.212676 0.171296 6.394865
1.730576 -1.548876 6.328945
2.150382 -0.958494 12.939076
1.736117 1.017835 12.691626
3.114117 -1.577790 14.175819
2.694611 0.234729 11.473875
2.248439 -1.329699 6.334443
2.138472 0.535102 5.910668
2.428231 0.726214 16.905512
3.028050 -1.932571 14.510189
1.362800 1.233555 6.379694
0.021902 1.199610 6.562291
2.166964 -0.231878 6.260627
1.933494 0.295845 14.004271
1.253736 1.236475 6.171675
3.112697 1.057290 12.733503
3.422668 -0.577402 12.692849
2.081338 0.806007 8.323526
-0.073781 0.951155 7.038316
2.195090 -0.467098 6.167524
3.380180 -1.684725 14.360341
3.534324 -1.635585 18.446844
2.223548 -0.790697 5.953703
0.013791 1.192316 6.564812
4.413342 -1.458516 18.434225
0.024222 1.204802 6.582138
3.526848 1.101510 13.473276
2.745414 0.415021 11.191362
2.419925 1.033331 12.893922
2.188914 1.170580 6.204717
3.419064 -1.687126 13.049813
2.223162 -1.427077 6.286052
2.180061 -1.439061 10.104417
1.825951 0.998800 13.136636
1.537246 1.259722 6.427110
1.838105 -1.439296 6.122231
1.847844 1.001686 13.280075
3.437909 -1.545710 13.242852
1.528315 1.222186 6.324954
1.935323 0.021154 14.372151
1.812814 -1.403114 6.796435
3.421239 -0.572915 12.682240
2.208031 -1.170023 14.255733
1.986075 -1.559735 6.331168
1.899348 0.990929 13.543470
3.269760 1.045464 12.301281
2.196275 1.179536 6.208944
3.284341 -1.706650 13.210273
2.230482 -0.915415 6.174015
1.661664 1.130253 10.426235
1.791545 0.999379 12.916796
1.653050 1.099084 8.886019
1.548131 1.256920 6.418165
2.036661 0.473150 14.481071
2.728628 -1.133311 11.253711
3.439045 -0.765465 12.701010
3.432407 -0.797559 12.687069
2.151007 0.152788 14.964781
3.427299 -0.366560 12.706379
3.423354 -1.731674 14.528446
1.552764 1.258613 6.422172
3.386252 -1.721912 13.160325
1.397918 1.216836 5.887497
2.222085 -1.329303 15.324841
0.816911 0.804019 12.616218
3.267215 -1.536835 18.882496
3.441772 -0.576387 12.719863
1.850368 -0.185402 13.174250
2.566790 1.037979 12.897827
3.437072 -0.765334 12.700552
1.951453 -1.262446 13.537499
2.115056 1.158465 9.860973
3.136021 -1.757014 12.861620
0.798151 -1.054726 8.679467
4.298872 -1.364895 16.946716
2.429698 1.237020 7.738988
3.370088 -1.715300 12.810606
3.469788 1.018624 13.360956
2.189198 1.188511 6.226974
2.643987 -0.726104 13.804413
1.931761 -1.145089 13.513583
1.878509 0.916206 13.573862
0.616179 1.217110 6.797543
0.541302 1.166414 6.589085
1.319670 1.244061 6.106808
3.181740 -1.719911 13.115453
3.083486 -1.722144 13.135010
3.202977 -1.729287 12.850339
2.387534 0.851254 8.657381
2.235873 -1.319359 15.300704
2.745799 0.525664 9.771345
2.170292 1.238441 6.398532
2.238058 -1.261269 5.998831
3.485004 -0.030197 13.065072
1.959167 -1.357436 8.389283
0.813901 -1.595198 10.125122
2.710639 -0.864000 11.503840
2.875347 -1.657456 13.136439
3.499026 -0.233458 13.139784
1.857257 -0.204195 13.131199
3.112419 1.056782 12.734107
1.905791 -1.663958 13.158684
3.110914 1.054929 12.723467
1.770829 -1.485192 6.363538
2.199652 1.197033 6.266483
2.185949 1.230556 6.239458
3.307810 -1.787896 14.154468
2.586435 1.203646 8.322125
2.184743 1.221321 6.234671
2.776900 -0.750040 11.400153
1.966444 -1.380119 8.417065
2.063588 -1.698742 9.395213
0.639582 1.252642 7.382298
3.384984 -0.359464 12.615968
2.905461 -1.639609 17.214233
2.267998 -1.162297 6.357416
2.937141 -0.212767 11.266264
2.110582 -1.535374 6.827374
2.152208 1.201295 6.159575
0.808631 -1.556001 9.915791
1.438672 1.237088 6.427481
2.435895 0.751856 16.985003
0.524663 1.218360 6.703689
2.998402 0.925970 16.091892
2.045960 -1.516926 6.211204
3.153975 -1.758933 13.659682
2.286279 -0.266869 12.697122
1.663711 0.638622 10.188541
2.412540 -1.593356 7.857963
3.528967 -0.231950 13.335652
1.265926 -0.191091 12.423032
1.637931 0.964221 9.900043
1.857337 0.984640 13.283738
0.928212 -1.924070 9.017795
3.149336 -1.749585 13.443841
1.513663 1.252038 6.312795
2.653677 -0.039743 13.376867
2.112874 1.115281 6.072198
2.226914 0.227573 6.047159
3.849355 1.093314 15.095057
1.124841 1.235051 6.362149
2.132704 0.199557 15.294889
1.833157 -1.539593 6.490530
1.974553 0.862924 14.233683
2.466957 -1.605169 8.097959
1.856725 -0.103252 15.516538
2.181732 0.809011 15.403200
2.693625 -0.564101 17.697712
1.924176 -1.538349 5.849050
1.141289 1.244057 6.369879
3.556023 0.947813 13.709094
1.785726 0.772294 10.587946
2.998452 1.020050 13.907440
1.692789 1.216128 7.611154
1.651398 0.613391 9.979672
0.672681 -1.246584 7.336226
2.247080 -1.626162 6.747535
2.197129 1.431975 11.219469
3.667608 -1.777821 14.533676
2.268111 -2.169788 13.811691
1.796405 -1.666136 6.284619
3.190408 -1.378047 10.683033
0.643495 1.221883 7.335096
3.789714 0.427783 14.523376
-0.111879 1.170549 7.147764
4.216508 -1.108568 16.008230
1.923092 -1.135151 13.827413
1.793468 -1.631256 6.290206
2.828940 0.981472 15.090148
2.985954 0.908088 15.992249
2.270797 -0.945844 6.279494
3.651403 -1.687547 14.509877
1.727200 0.666425 12.652972
1.840003 1.118901 9.901767
1.125563 1.247260 6.371607
1.487198 -2.090124 7.413281
4.126967 -1.902725 16.994339
2.037294 0.717119 9.947913
1.433695 1.226412 6.407261
2.434568 -2.031427 13.780847
2.198654 1.270889 6.064534
1.936261 -1.114966 13.786969
0.863972 -2.137850 8.424415
3.079327 -1.715240 13.183443
1.852790 -1.558267 6.544030
1.705253 0.960265 12.708108
1.777781 -1.517609 6.420255
4.507957 -1.202788 17.766365
2.224405 -1.435444 6.286469
1.830081 -1.732710 6.265942
4.220862 -1.803324 17.676085
2.171840 -1.388831 5.545404
2.930019 -1.406038 14.454945
3.150620 -0.456254 12.140967
1.813172 -1.434928 8.308199
1.860170 0.307946 11.796778
0.382993 1.176437 6.475774
1.829125 0.760458 12.641827
0.708784 -1.876598 8.211022
0.672359 1.220205 6.517963
1.476837 -1.309081 6.864966
2.280440 -0.978691 6.285797
1.882787 -1.735901 13.212388
1.125330 1.226382 6.321708
1.125824 1.233860 6.319832
2.423603 1.029739 12.851598
2.165607 1.265544 6.066434
3.322675 -1.710943 12.754866
2.359550 -1.471806 13.893815
2.418996 1.032868 12.852430
1.946228 1.145829 9.692262
3.306328 -1.746836 12.909430
2.409242 1.031121 12.880286
2.302122 -1.949639 14.515238
1.941171 0.095554 13.498603
0.958713 1.217851 6.798464
1.849144 0.906139 13.328563
2.221025 -1.399976 5.775414
3.440466 0.946470 13.094244
3.157886 -1.984935 14.633827
1.751381 -1.540447 6.202284
2.779643 1.038237 13.051718
1.908204 -1.523683 6.359695
1.874643 -1.518232 6.177457
2.166510 0.998152 5.976664
3.422257 0.951829 12.968278
1.741960 -1.544239 6.397704
2.789954 1.045741 12.799484
1.789903 1.017740 12.845875
3.514360 -1.789493 14.264365
3.320266 1.056893 12.635560
1.934652 -1.514903 6.400449
2.153723 -1.245159 14.452935
1.847674 -1.544335 5.969286
3.584883 -1.790999 14.401718
4.543236 -1.701715 20.120352
1.642355 -1.314464 6.654546
1.791036 -1.599895 6.752987
3.191890 -1.731292 13.150091
2.140303 1.130316 6.147167
2.648492 -0.737267 10.865030
1.111848 1.233879 6.292433
2.101441 1.274694 5.528522
1.732147 1.033555 12.686263
2.284082 -0.920655 6.303632
2.228681 -1.217995 5.934397
3.302963 -1.749480 12.789591
2.103890 -1.338075 5.379433
-0.018016 1.162948 6.951683
2.661646 -0.223643 17.295797
1.856978 1.012523 13.422152
1.415861 1.261023 5.965463
2.081253 -1.600505 6.508347
2.218736 -1.423740 6.008712
2.152551 -1.345312 5.632574
2.250850 -1.239220 6.285763
3.405900 1.032831 13.028572
1.745598 -1.527325 6.460726
2.897153 -1.734724 13.289226
1.773023 1.020138 12.876055
2.283065 -1.265932 6.344576
0.845942 -0.698812 12.852635
1.785042 1.009435 12.940359
3.409236 -0.356977 12.669901
3.351907 -1.697477 12.768834
1.978417 -0.685584 11.408290
1.796113 -1.547584 6.251293
1.863274 -1.631436 6.681805
3.411720 -1.678803 13.027142
3.081300 -1.712228 13.119089
2.400613 -1.563170 7.557379
2.195305 -1.362145 6.032163
1.820237 0.072198 12.329040
1.787826 0.789569 11.249201
2.331733 0.981727 9.313316
0.371694 1.212461 6.556061
2.080788 -1.301486 5.416039
2.199328 -1.360189 5.862782
1.750730 -1.408617 10.719964
3.237132 -1.729204 13.130143
1.702617 0.966329 12.716031
2.267560 -1.420120 6.277498
2.087391 0.233582 5.369179
3.449081 -1.782177 13.374860
0.830803 1.244862 5.838038
1.776797 -1.518933 6.203436
1.688112 -1.603314 5.961052
2.968809 -1.597232 10.820724
2.149655 1.239991 5.782299
0.853737 0.854557 12.403330
1.730091 -0.955978 11.469625
2.446527 -1.597318 14.668033
3.169661 -1.878560 14.589648
1.539105 -1.268803 6.939043
1.988980 0.681396 9.905961
1.773592 1.014875 12.883164
2.240269 0.833470 8.511491
1.758232 -1.513583 6.341114
2.258147 -0.952696 6.430501
1.789694 -1.528303 6.462027
1.806972 0.684898 12.297855
2.119270 -1.560185 6.310855
2.020357 -1.530538 5.873880
1.700918 0.965183 12.710317
0.179215 1.220088 6.533044
4.040345 -1.119381 19.173431
1.683783 -1.600477 5.961897
1.774265 -1.505331 6.228814
2.236108 -1.541525 7.283567
2.178111 1.134585 6.404977
0.658593 1.226312 6.484740
-0.108728 0.994820 7.161101
3.418258 -0.809675 12.666813
0.473831 1.229871 6.976968
0.006434 1.233305 6.638332
2.223589 -0.099139 6.017206
2.821609 0.464876 18.189434
0.476317 1.222058 6.951995
0.371747 1.207547 6.555785
3.410420 -0.808529 12.668108
0.834204 0.929444 13.148668
0.666184 1.207118 6.431286
1.183480 -1.395240 8.018419
2.708382 1.049160 12.754616
3.476318 -1.545713 14.378694
0.689514 1.224270 5.945130
1.964187 0.387478 13.883725
3.286597 0.955333 12.290834
3.419797 -0.808717 12.666990
1.719806 -1.582030 6.201390
1.740531 -1.563703 6.346326
3.234416 -0.959599 14.928679
1.836782 -1.573170 5.844340
2.222003 -1.378280 6.115903
2.233881 -0.468650 6.245971
1.631582 -1.385378 6.947774
3.218506 -1.571499 14.496622
1.757049 1.229511 7.576808
2.229072 -0.628406 6.219805
2.185730 -0.935688 11.925577
1.739665 -1.533433 6.211493
2.010571 -1.532718 5.980512
2.084089 1.254410 7.245509
3.257349 -1.722861 13.944817
1.404503 1.255450 6.062324
1.713913 -1.555491 5.965521
1.760207 -1.529577 6.090951
2.263628 -1.519888 6.361482
2.197723 1.017188 6.030682
2.623142 1.001759 13.832799
2.016486 -1.409626 8.272494
2.200927 -1.427728 10.124357
2.135621 -1.631984 5.838596
0.007270 1.196470 6.569825
2.221287 -0.098557 6.015112
3.112102 -1.818638 12.885868
1.403539 1.250854 6.058673
2.446614 -1.554011 7.932089
1.883325 -0.117803 15.181345
2.183104 -1.406785 10.042435
0.647058 0.989341 11.818760
1.568405 1.116699 10.032498
1.919570 0.380328 13.819886
1.412944 1.252624 5.953957
2.006684 -1.546082 5.711638
2.282935 -1.537142 6.403269
2.263584 -0.269036 12.586237
3.506532 -0.229053 13.314902
2.179600 1.026213 6.003433
3.399591 -1.614276 12.625253
2.148454 -2.049105 14.288586
3.009490 -1.826749 12.916436
2.285583 -0.620540 6.323366
2.915962 -1.534898 14.407631
2.225181 -0.628106 5.978294
3.325446 1.029167 12.648942
0.832476 1.243863 5.833480
3.011605 -1.825850 12.936381
2.072235 -0.726806 11.054928
4.307185 -1.552300 18.315050
1.891958 -1.502933 6.325051
2.668285 -0.769458 11.166031
2.382659 -0.041355 11.926945
1.691454 -1.565287 5.788075
1.935491 0.624996 14.033983
4.354469 -0.812919 22.107422
2.079400 -1.537959 6.150562
1.798839 -1.420956 6.590762
2.164188 1.034198 5.958951
2.283995 1.048062 12.509153
3.102397 0.467165 12.736455
3.024703 1.029052 13.943867
1.479465 1.257830 6.222519
1.759674 0.486635 8.739448
3.511790 -1.788848 14.168292
2.220497 1.234826 10.196169
4.154514 0.397945 18.163116
1.740599 -1.521323 6.570640
1.778218 1.107911 9.556590
2.759355 1.045856 12.655261
1.753932 -1.545471 6.038374
1.950208 -1.529361 6.262559
2.352193 -1.496696 7.737195
0.803613 0.659940 11.605254
1.683548 -1.578738 6.032973
2.137028 -0.911287 11.786519
1.998898 -1.515277 5.940426
2.141155 -1.984032 14.081656
2.230613 -0.921221 6.199003
3.481610 -1.725980 13.778363
1.750282 -1.557051 6.438346
2.401958 1.032175 12.726204
1.981154 0.681170 9.864903
1.984896 1.117409 9.546145
3.108278 1.054336 12.731524
2.015884 0.212975 5.255888
1.762904 1.122112 9.548203
2.198915 -1.379602 5.748980
2.094516 -1.333921 5.341168
2.215813 -0.815260 5.945763
2.118793 1.051624 12.358084
1.685394 -1.552377 6.052025
3.021187 -1.711175 13.172933
1.976427 1.119466 9.546785
2.309130 -1.108394 6.532738
2.067389 -1.239987 12.007750
2.278310 -0.990715 6.474193
3.323943 0.953418 12.490854
2.068995 1.238805 7.203498
0.846393 -0.606879 12.429464
3.217268 1.034629 12.669337
3.234254 -1.744462 14.188803
1.111415 1.250151 6.275492
1.923562 -1.537162 6.117746
3.038948 -1.799954 12.881721
1.947193 -1.542732 5.941583
4.084445 -0.927071 16.326624
3.116443 -1.777228 12.865268
1.663092 -1.723544 7.961084
2.001613 -0.167949 12.302420
2.227626 -0.301357 6.009574
2.224186 0.242262 6.050346
2.258692 -0.934312 6.247078
3.134549 -1.796680 12.744316
2.149348 -1.380521 5.449905
2.210466 -1.272833 5.888845
3.317437 1.055635 12.765343
1.968994 0.245993 5.181844
2.786870 0.976900 14.910758
2.038196 0.484027 14.490307
1.112218 1.250190 6.275335
0.644628 1.220107 7.340043
0.525002 1.213085 6.697892
1.731933 -1.544823 6.343311
3.271756 -1.758519 12.760085
2.505469 -0.452416 11.566642
1.936259 -1.532072 6.199595
3.172473 -1.648384 13.941864
1.924292 -1.555264 5.794147
3.045616 -1.964857 14.596291
1.862821 -1.347449 7.104133
2.230147 -0.095977 6.029953
3.243148 1.068326 12.150669
0.805308 0.044104 12.111260
1.475675 1.252436 6.205315
0.880332 1.237000 6.862840
2.470148 1.124193 8.556973
2.632414 -0.686553 12.681139
1.737189 1.020781 12.665360
1.107667 1.251716 6.240551
2.993575 -1.827846 13.041766
1.760766 -1.624176 6.476788
1.101338 1.246514 6.242040
0.954495 1.223506 6.814871
1.737925 1.018194 12.594392
2.053673 -1.512067 6.292297
1.595620 -1.316277 6.729316
2.726671 0.431612 11.093278
2.253902 1.175923 8.888924
0.696227 -1.664096 12.567579
2.127609 1.259627 5.689787
3.405339 -0.805904 12.633347
1.744677 1.017979 12.705910
0.864894 1.204371 6.777254
3.168025 -1.640981 14.340446
3.417324 -0.813019 12.661043
2.815344 -0.709383 13.354224
3.047323 -1.818438 12.896341
2.350207 -1.738961 7.873395
3.885290 -1.818985 18.454847
2.165723 0.998481 5.974050
2.038434 -1.513897 6.008939
2.168010 -0.776259 5.621747
2.040147 1.222699 5.324406
3.467464 -1.653333 12.825577
2.653555 -0.635608 11.790188
1.722079 -1.588194 5.924967
2.989535 -1.763996 13.076770
1.969414 0.774239 8.412583
2.505520 1.186212 8.087367
2.098419 -1.538990 6.242369
3.137558 -1.723282 13.130596
0.977914 -1.589827 10.837382
0.689169 1.220003 5.936418
3.355522 -0.794536 15.083481
2.392067 -2.047756 13.690986
1.756677 -1.565437 6.160707
2.223415 -1.509305 7.723443
2.492469 -1.530667 8.209852
2.781430 1.056200 12.642485
2.092965 1.035482 5.542458
3.259926 -1.740375 12.865844
1.717271 0.662449 12.694050
1.483957 1.226951 7.448788
0.872788 1.210803 6.796058
2.120046 1.265160 5.644731
1.749298 -1.619653 6.101550
1.953918 -1.776323 6.717148
1.886041 1.177745 8.389587
3.108107 1.056296 12.731743
2.774457 -1.560849 9.855179
2.054732 0.726768 10.269068
1.752122 -1.541781 6.225228
0.151948 1.184727 6.456410
2.430369 0.619986 16.738771
0.660556 1.132167 7.463140
1.665337 -1.377949 7.240058
1.885473 -1.541811 6.956300
2.466605 -1.592674 16.483234
1.809454 1.017892 13.124254
4.165618 -1.810781 15.689617
0.689602 0.767692 11.912118
1.099901 1.246311 6.195089
1.937200 -1.568974 5.815040
1.936019 -0.016374 13.545552
1.733155 0.656003 12.637908
0.736039 -1.339035 11.849431
2.190840 1.264250 6.454607
1.779928 -1.547927 6.160753
2.880262 -0.900762 11.689264
2.429742 0.749007 8.436043
1.973475 0.954793 5.196654
2.136203 1.290076 5.643835
4.248236 -1.089118 16.877331
3.287307 1.051444 12.541066
1.991874 -1.529817 5.686821
2.157851 -1.361466 5.578752
2.634175 0.959719 15.365168
1.842581 -0.146096 13.050886
3.414661 -0.798625 12.676686
2.599041 -1.261361 9.860925
2.501556 -1.018472 10.258137
3.309872 0.980751 12.652486
1.775257 -1.585878 6.060313
2.333309 -1.292397 10.901800
2.151183 1.059863 5.739143
2.768813 1.059801 12.629042
3.191256 -1.790935 12.850119
2.678003 -1.494579 9.649849
3.414670 0.924089 16.330631
1.936763 -1.401217 9.457065
2.191898 -0.792832 5.674067
2.002005 -0.662317 5.093437
1.695843 -1.608299 6.080818
0.840143 -0.626777 12.586997
1.189736 -1.890026 7.154425
2.973526 -1.539726 15.053556
1.820024 -1.861386 6.748398
1.821675 1.180795 9.755939
4.988668 0.726056 21.465231
0.575907 1.253239 5.822104
1.876163 -0.115336 15.326269
3.380982 0.916100 16.276402
0.652118 0.955197 11.716481
2.387623 1.048577 12.713586
1.093165 1.241842 6.162158
1.591506 -1.277637 6.899363
1.832399 0.984663 13.126625
1.959557 -1.547755 8.808619
0.656135 1.132142 7.456205
3.201874 0.777074 17.098028
3.054471 -0.533771 14.186885
1.697601 -1.602296 6.057651
1.714053 -1.554357 5.955814
1.810963 -1.384663 6.806071
3.365628 -1.721596 12.920341
3.273921 -1.595710 12.683852
1.777574 -1.363009 7.162185
1.935448 -1.425497 7.384714
2.228412 -0.938394 6.183839
0.575448 1.257907 5.832943
1.729337 1.280812 5.402296
1.846552 -0.149118 13.011369
2.376690 1.051700 12.689688
1.896137 1.109611 9.440596
1.332460 -1.885383 9.855971
2.227771 -1.385476 5.918179
3.859250 0.797735 14.725219
2.183908 1.178561 8.039187
1.090886 1.243369 6.162586
0.292232 1.248467 5.767267
1.782524 -1.559079 6.333413
1.767959 -1.555027 6.091475
1.861132 -0.203476 13.114429
3.052411 -1.998063 13.926718
3.387937 -0.365117 12.640553
2.440718 -1.588626 14.647613
2.251282 -1.081598 11.498792
2.445245 -1.997666 14.754349
0.641271 1.232248 6.848790
3.398934 -0.573658 12.648198
1.240736 -2.094186 7.623134
3.131969 -1.063526 18.557484
2.575469 -1.072562 11.379323
2.668743 -0.931610 10.377743
0.715289 -1.787054 7.381419
3.432414 -1.267478 13.262630
1.760865 -1.638188 6.140404
2.225061 -1.441056 7.262382
2.028501 -1.537792 6.070520
0.670297 -0.058797 11.791039
3.251400 -1.723817 12.686462
1.937282 0.122760 13.573243
2.493465 -0.611697 11.764511
1.772129 -1.628246 6.231269
2.010339 -1.547346 5.913519
1.960878 -0.280399 4.917267
3.407332 -0.804251 12.647420
2.532703 -1.042143 11.348652
3.997749 -1.284747 16.921000
0.677099 -0.054044 11.736990
2.877310 -0.421952 11.026238
3.128888 -1.843962 12.809137
2.165328 -0.056887 14.943759
2.460668 -1.069075 10.894792
2.605651 -0.496600 12.426706
2.967142 -1.554919 15.046014
1.739706 -1.664679 6.218838
0.720709 -1.818382 7.263951
3.919474 -0.875557 15.795631
1.502330 -1.275188 6.893054
1.731727 1.232053 7.473017
0.812625 0.750100 12.867906
3.096871 1.035191 12.691524
3.500347 -0.526221 13.348273
2.156494 1.010344 5.954141
4.029339 0.790136 16.507154
1.964621 -0.195818 5.007390
3.156148 -1.776428 12.766464
1.801631 -1.600401 6.185444
2.162278 1.261678 5.857716
1.997793 0.346377 5.199582
3.249700 0.913075 15.470598
1.645766 -1.502071 7.649955
2.741144 1.009658 13.736543
2.018105 -1.536105 5.971022
1.939391 1.304166 5.071431
1.392025 -1.818083 8.636421
1.971982 -0.124670 5.090635
1.964978 -0.254175 4.933295
1.863806 -1.424977 8.339416
1.738968 -1.702556 6.112780
2.432621 -0.045200 12.173197
2.407336 -2.128522 13.868181
0.731171 -2.006084 8.492782
2.223063 -1.548229 7.206091
1.807416 0.515572 9.132108
2.910599 0.912619 15.633996
2.305968 -1.055876 6.547806
2.044445 -0.736161 5.225318
1.918448 -1.835069 6.689605
2.101660 -1.302405 5.562584
1.920501 1.271159 5.076643
1.545593 -1.334199 7.099725
0.848222 -2.117532 8.355385
2.337299 -1.124934 6.881408
1.987146 1.194829 5.238615
0.611530 1.203107 6.759668
2.192350 -0.562216 6.136969
2.321138 1.210663 7.197471
2.276068 1.282194 8.395106
1.618565 -1.811805 7.223918
2.174309 -0.785533 5.641062
2.734506 -1.143152 11.278645
1.970714 -0.179635 4.948857
3.109208 -1.759207 12.829921
2.865048 -1.966124 13.043833
2.719870 -0.188180 17.932751
0.833351 0.014736 12.470176
2.186115 1.231342 6.040590
4.315390 -0.648383 17.577782
0.720182 -1.791721 7.357999
2.707658 1.169765 16.316000
2.593595 1.017455 13.745985
2.371806 -1.450180 8.125110
2.172664 1.311479 5.777007
2.042936 1.254207 5.334037
2.255923 -1.118037 5.989549
3.829811 -0.012599 14.691422
1.966897 -0.196700 5.016742
2.222691 -0.506966 6.207308
0.828353 1.248983 5.852180
2.190764 1.069945 5.928575
0.719676 -1.718843 8.146935
2.183217 0.983474 9.481029
2.535998 0.790917 8.908063
2.059796 -1.167565 5.161452
0.814659 0.683401 12.004496
2.503914 -0.449207 11.535089
2.357291 -1.501018 7.773530
1.119730 1.398929 6.425873
2.885951 -1.414673 14.527897
0.728194 -1.825103 8.007437
1.874135 0.063034 14.500638
2.091578 -1.206859 5.203634
2.245130 -1.464811 16.048855
0.372906 1.204092 6.541935
2.066834 -1.589747 5.940101
2.363936 0.775621 9.086245
2.523847 -0.795039 11.287572
2.138421 -1.602039 6.289604
1.791040 0.777298 10.561852
2.009781 0.986032 5.265305
0.022777 1.200131 6.984634
2.250120 -1.024806 6.411219
2.917185 1.028839 13.637784
2.850730 -0.078426 13.420650
2.482229 -0.155202 12.814491
2.206845 -1.501061 6.688553
2.804855 -1.575633 9.892159
2.207077 -0.896339 5.768438
3.215613 1.071865 12.197698
0.586232 1.244817 5.805707
2.946164 -1.519532 13.815457
3.028896 0.885508 16.304237
2.705132 -0.931217 8.344365
2.265832 1.205663 6.638707
2.394804 -2.149736 13.921339
0.587228 1.272807 5.856066
2.472247 -0.508401 12.668192
3.202235 -1.565881 14.490663
1.932586 1.300272 5.052769
2.175954 -1.400046 5.515513
1.906101 0.945143 13.572451
1.963938 -0.256975 4.938593
4.131057 -0.040011 16.563311
0.588680 1.269416 5.849130
1.999876 -1.001390 11.234475
2.741254 1.053930 12.567663
1.967119 -0.012807 4.770776
2.119191 -1.343980 5.451256
2.080922 -1.229611 5.178707
1.996954 -0.160266 15.088184
2.135860 0.272484 14.960389
1.384924 1.278620 7.677237
2.164572 -0.817614 5.604909
1.752731 1.286590 5.313074
3.414402 0.979090 13.183212
0.831844 1.243488 5.837307
2.282561 -0.940300 11.412660
3.370759 1.005839 12.893175
2.049978 -1.579265 5.869008
2.116430 1.048986 12.353405
2.871802 0.469750 11.693027
1.983217 -1.037367 5.029472
1.963730 0.305870 5.193997
2.163962 -0.819074 5.605215
1.649745 1.305017 5.006637
0.831527 1.245299 5.841996
2.365039 -0.877559 10.061866
2.576525 -1.166996 12.783499
2.015976 -0.870355 11.077739
1.985647 0.141978 14.209470
2.042537 -1.423429 8.320024
2.908880 -1.445151 14.602706
0.740521 0.607727 10.919905
1.864949 -0.208804 13.078115
1.851536 -1.467089 7.027954
1.965469 1.316855 8.733059
1.739893 -1.527848 7.410925
1.869091 1.295141 5.075575
2.970547 -1.803494 12.696848
2.251346 -1.411684 5.958151
1.206821 -1.981074 7.351842
3.158850 -1.737458 12.733625
2.100254 1.191711 7.014142
1.856972 -1.501578 6.750949
2.578306 -0.047880 12.132702
2.095728 0.195046 12.465153
2.116005 1.036124 12.338216
1.986957 -0.284765 5.095151
2.193091 1.245936 6.051203
1.754025 -1.403973 10.716874
0.818138 0.708107 12.415073
2.294661 1.234948 7.183455
3.118956 -1.696930 13.079774
1.995682 -0.283628 5.119014
3.404692 -0.572671 12.657822
2.130526 1.230481 8.555915
2.034480 0.054281 4.792542
3.271956 1.060978 12.495438
2.169084 1.169158 6.197416
0.821225 0.081270 12.097849
3.357397 1.038266 12.813307
2.842456 -1.170694 17.930988
1.727548 0.948135 12.731813
2.047637 -1.032688 11.579697
2.512216 -1.194843 12.701522
4.133358 0.936259 16.681311
2.030493 -1.540146 5.880917
2.290811 -0.895594 6.083813
3.099349 -1.725650 12.854017
2.828509 1.067780 11.989418
2.764394 1.053991 12.320058
3.597450 -1.720769 13.611506
3.262037 -1.740231 12.589605
3.726483 -1.843852 15.937924
3.601082 -1.670785 14.267655
1.727082 0.915261 12.617345
2.288541 -2.117910 13.813437
2.920395 -1.311773 13.095678
2.821531 -0.724018 11.793260
2.028367 -0.505899 12.233876
1.705964 -1.278485 6.861031
2.190026 -1.593954 9.470243
1.961441 -0.256436 4.975895
1.987685 0.319986 5.140822
2.378938 -1.103164 10.941978
1.335299 -1.745947 8.403870
1.695335 1.123283 9.009243
3.327316 1.016658 12.642418
2.374500 -1.575523 7.696124
1.710408 1.300685 7.606530
2.338435 0.669935 8.182372
1.666853 -1.353091 6.774240
1.357185 -1.752675 8.444929
3.010159 -1.788465 12.750864
1.801879 1.035525 13.129401
1.493420 1.320960 6.143659
2.866305 -0.412768 10.935147
1.958438 0.043118 4.690660
2.251767 -1.004973 6.403543
0.613212 1.215085 6.788260
1.927954 1.263132 4.804873
3.256646 1.048664 12.917761
2.015491 0.190933 5.223887
2.743129 -0.480644 12.670892
2.094592 1.094459 6.055426
1.425194 1.011457 12.582755
2.225534 -1.381650 5.902407
3.228185 1.049734 12.702764
2.266017 -1.252483 10.555131
0.592899 1.247199 5.810493
1.957575 -0.159242 4.930519
1.972928 -0.252649 4.943450
3.363134 1.002290 12.846149
1.955122 0.408142 4.771484
3.143283 1.048798 12.827006
1.879313 1.302129 5.079590
1.870011 1.312113 4.884710
2.060338 -0.696991 5.195729
4.173234 -1.338448 17.345629
1.954067 1.301155 5.136089
1.949607 -0.276379 4.959242
3.389498 1.023060 12.941799
1.968921 -0.195791 5.028225
2.266266 -1.445786 5.831800
3.182359 1.031220 13.551943
2.276189 -1.424451 5.997944
2.298666 0.954161 9.154931
2.370422 1.926747 11.327946
0.874713 -2.345689 9.804560
2.096389 1.196767 7.031699
3.096833 -1.714515 12.690420
2.160386 -1.206195 5.807462
1.788281 -1.551432 7.937388
2.863984 -1.559100 14.488467
2.065942 -1.525153 6.147294
2.232641 1.221027 6.355832
1.961286 -0.184630 4.939705
0.734391 -1.392205 12.242164
2.990850 -1.768802 12.682519
1.966261 -0.015874 4.638019
1.879604 1.329183 4.911436
2.318396 -1.410503 7.972429
2.318623 -1.295551 6.128351
1.684761 1.167980 9.175756
1.303107 -0.123786 12.661762
1.168790 -1.778400 8.550909
4.194764 -1.279685 17.500145
0.736131 -1.396718 12.228011
2.858593 -1.237712 11.729394
1.782206 -1.299447 12.315670
2.565123 1.010017 13.700531
2.252111 -1.456399 6.347638
1.946252 0.404476 4.595238
1.662882 1.029411 12.586302
1.167672 -1.751301 8.482713
0.842584 -0.621467 12.526119
2.888380 -1.675432 14.712729
1.998968 -0.679654 5.078269
3.523735 -1.721944 15.856410
3.202384 -1.733507 12.727700
1.799103 0.995973 12.972827
1.198167 1.295360 4.853642
2.193401 -1.399679 5.618185
2.723521 1.048994 12.527736
2.252194 -1.554018 6.833462
2.209628 -1.230960 5.909011
2.531487 -1.593993 8.630763
1.988844 -0.163878 5.047819
2.039341 1.276769 4.734848
1.689666 -2.033303 13.227852
2.433292 -1.597350 14.665318
2.016248 1.218012 5.299807
2.082361 1.296708 5.411187
1.945120 1.281179 4.832448
3.111888 -1.676850 14.424958
1.751605 1.287974 5.308814
3.082152 -2.036417 14.048681
2.051630 1.025034 5.343044
1.732610 1.006967 12.576941
3.329920 -1.607407 19.355480
2.112012 0.238329 5.435519
1.950212 -0.124697 4.924540
0.676962 0.435889 7.283298
2.982063 -0.413316 11.430845
0.675120 -1.202594 7.143429
2.259902 -0.498589 6.295667
1.866514 -0.210417 12.953062
3.257118 0.955390 12.490521
1.572726 1.150434 10.129710
2.038359 0.851491 8.776656
2.180996 -0.818166 5.639493
3.397560 -0.096057 12.911377
0.969037 -1.594131 10.819411
1.863613 -0.200430 13.086278
1.941807 0.403542 4.573181
2.053755 -1.144991 5.134600
1.269186 -0.116540 12.775619
0.826403 0.032524 12.852360
1.968694 -0.494040 4.725397
2.436276 0.401992 8.274016
2.344343 1.001422 9.353591
1.147855 1.028832 12.690454
3.337617 1.029474 12.667668
3.416193 -0.603150 12.846093
1.989161 -0.516493 4.745521
1.950111 1.305860 5.129469
1.428439 1.012263 12.578729
2.691749 1.055137 12.507846
1.914192 0.943655 13.643167
2.808001 -1.039591 12.075136
1.998820 -0.018511 13.895265
3.131088 -1.720417 12.611806
2.026366 0.309438 5.314887
1.530287 1.023743 12.617368
1.941712 0.407091 4.572638
1.869004 1.322675 4.717543
0.685585 0.752685 12.081662
1.934843 -0.009339 4.576920
1.565101 -1.419241 9.760432
1.734653 1.022812 12.608159
2.206698 1.150789 6.484807
2.946486 -1.882640 10.075416
1.916460 -0.050172 4.456573
3.685933 -1.804365 14.651470
1.926496 -1.169373 13.078176
2.830807 -1.432744 10.715465
1.887257 -1.561239 11.836984
1.688121 1.028104 12.619942
2.008199 -0.488233 5.105140
1.890939 0.982216 13.493982
1.357221 -1.860847 10.029988
2.460873 -2.251202 14.438190
3.602375 -1.196693 19.853035
3.270490 0.862638 15.937415
4.017393 -1.804511 18.809898
1.899855 -0.092513 4.352441
2.390918 -0.482738 12.254969
3.408298 -1.656538 15.876579
2.706796 0.277535 11.460700
1.898437 0.894126 13.767869
1.943179 0.599895 13.914115
3.255315 1.046697 14.626265
1.972085 0.417198 4.782428
2.873113 -1.562903 14.487991
3.512358 -1.558308 14.448939
2.444795 -1.971595 14.684081
0.731824 -0.840888 8.306194
2.136121 0.245273 14.965577
3.422321 -0.235724 13.107120
4.350324 0.861808 17.914890
2.141287 0.981896 13.955607
2.424884 -1.616122 7.862198
1.980798 0.439831 4.703834
3.031197 -1.754102 12.983389
1.488008 1.043130 9.479309
2.274961 -0.864197 5.828053
2.793236 -0.068884 13.209576
1.769510 0.655991 7.563852
0.681655 -1.230976 7.261522
2.560455 1.023882 13.639906
2.071053 1.324838 4.794398
1.955170 -0.269456 4.972321
2.277034 -2.036149 14.091566
3.787200 0.946989 14.529046
1.887683 -0.007238 4.383466
3.357875 0.955489 12.959745
2.041651 -0.533864 4.757818
4.308945 -1.005590 17.045412
2.287923 -1.091161 11.516482
3.139639 -1.496201 14.382011
3.505900 1.040093 13.504110
2.563430 0.926162 15.185230
2.268770 -1.269116 6.026537
2.153634 0.983870 13.943325
3.143093 -1.740843 13.606032
3.462454 -0.215239 13.199002
3.511858 -0.536415 13.347904
1.997549 -0.515091 4.753685
4.275214 0.100083 19.743055
3.049127 -1.659646 13.106719
3.045209 -1.904308 18.601204
2.029316 -0.691013 5.135593
3.420234 1.028604 13.073962
2.103343 -1.272491 14.251949
1.930071 -0.249989 4.881815
2.185438 0.792675 15.226827
2.288148 -0.036499 11.423367
1.906764 -0.149232 4.471060
2.880574 1.047408 13.599761
1.953094 -0.020468 4.602203
1.634469 -1.347618 7.227876
1.203978 1.300980 4.755517
4.102324 -0.115858 17.488018
3.028504 -1.734594 12.556134
2.751455 -1.195002 11.496598
2.051747 -1.433823 8.347467
3.126580 -1.729323 12.413712
2.631506 -1.119575 10.893229
2.411989 -0.043777 11.583265
1.983114 0.205392 5.168245
1.716436 0.945310 12.682833
1.665813 1.042664 12.621189
1.823213 0.687904 12.495911
3.459332 -0.783952 13.083233
1.930669 1.249518 4.797021
1.907948 1.317867 4.865956
3.440821 -1.677020 19.878462
3.296227 0.638007 17.784418
1.949397 -0.131248 4.926437
2.237443 0.710005 8.608993
2.081634 0.241419 5.349762
2.045412 1.273813 5.375312
1.037323 1.023599 12.746834
1.933270 0.397066 4.555962
2.997983 -1.016761 17.951822
1.808901 -1.298204 12.852512
3.393175 -0.799443 12.616290
1.912660 1.227517 4.755479
3.146227 -1.708752 12.537707
3.436646 -0.460785 12.864218
3.234511 -1.731391 12.259858
2.582765 -1.425866 11.815666
1.927468 -1.327291 14.933416
3.387669 -0.603228 12.654161
3.028086 -1.634438 15.320698
2.317448 1.042396 12.552952
2.479620 -2.114645 15.102012
4.437300 0.906921 18.367868
1.966129 -0.194092 4.950575
3.056418 -1.707243 12.503959
2.021362 1.257739 4.697002
3.336360 -1.677413 12.678595
1.291809 -1.663182 8.100432
1.607009 -1.313910 7.089362
1.955625 -1.458777 7.591807
1.973772 -0.190596 5.020759
0.723172 -0.762034 7.655725
0.799219 -1.502469 9.508825
1.041388 1.015933 12.716243
2.457603 -2.222663 14.390349
1.941550 0.365661 4.571282
2.016963 0.329715 5.222056
0.744108 -1.346010 11.971921
0.813928 -0.549082 10.928039
2.358434 -0.631142 5.170850
2.009171 -0.275191 4.973229
2.040977 1.024869 5.333531
2.010224 0.449194 4.754692
1.887692 -0.046346 4.408132
3.934795 -1.096151 18.766026
2.023685 0.214428 5.231947
2.693056 0.962968 14.659513
2.059210 -0.728649 5.189575
2.089128 0.317294 5.420649
1.258379 -2.145748 7.756949
1.726638 -1.961065 13.107386
1.725396 0.740819 9.993120
2.012362 0.058901 4.753811
2.783796 1.069001 12.353340
2.709978 -1.838598 17.828026
3.225497 1.070735 12.323353
0.463660 1.258337 6.972789
2.484198 0.851553 5.327549
4.000074 -1.201107 18.924696
2.167395 1.029028 5.976718
2.294154 -1.495449 5.792847
2.071640 0.760183 4.861678
1.948219 -0.125400 4.579599
3.104728 -1.539276 14.364631
1.974371 -0.285097 4.955484
2.957392 0.846526 16.025179
2.890845 -1.673230 15.927711
1.948532 0.052928 4.648921
2.311031 0.758456 8.200021
0.391591 -1.626745 5.435516
3.073157 0.830586 20.079323
2.165439 0.780116 8.223535
3.090874 1.075768 11.358900
-0.120392 1.014066 7.189740
2.089346 0.743044 10.408183
1.586899 -0.105636 2.752132
0.730343 -2.011578 8.514620
3.513321 0.831456 20.524580
2.839621 -1.621367 13.045133
3.924995 0.104877 22.676975
3.130453 -0.713551 11.863739
1.560147 1.283028 2.868888
1.783924 -2.136513 10.462046
3.310575 1.034871 12.493566
1.577156 0.300306 2.827633
3.133286 -2.147329 19.800554
3.474376 0.943210 16.345610
4.843201 0.780444 21.092331
2.094803 -1.405220 8.059029
3.018560 0.784889 21.029690
1.636020 0.076166 2.944487
2.474220 -1.601589 10.002152
2.899741 -1.644415 17.246180
2.723960 -1.734931 11.105227
3.721133 -1.868040 17.135887
1.593231 0.248780 2.885095
2.903229 -1.698732 11.057584
1.646216 -0.196394 2.865934
2.585746 -1.801390 11.314444
3.001529 -1.773316 17.157173
1.623932 0.453162 2.838755
3.321625 0.893527 17.508936
3.113400 -1.476747 20.023483
0.978192 -1.580823 10.801959
0.591416 1.182320 7.600024
4.878067 0.224716 22.120924
2.598760 -1.785965 12.037073
3.391321 0.830241 19.718605
1.652392 -0.010620 2.921757
3.910823 0.105153 22.678196
1.658990 0.539118 3.060045
3.334026 0.834338 21.869751
1.567115 0.346167 2.709410
4.609984 -1.427237 21.949894
4.655077 0.861326 20.381783
2.385390 -1.707944 7.974152
3.129879 -2.145993 19.803125
2.407288 0.817652 16.375488
3.416365 -1.881872 20.577927
1.665218 0.165171 3.093452
4.015821 0.831754 19.907578
0.392735 1.342843 3.391771
1.100580 -1.426728 3.011884
2.609637 -1.201185 12.949931
1.590906 0.172811 2.734934
1.513972 0.214729 2.548142
4.719281 -2.032313 22.584181
1.600018 0.444581 2.796885
2.941240 -1.271437 18.879490
1.372954 -1.598511 8.119205
0.810281 1.341632 3.257331
2.783100 -1.644989 11.570006
1.577800 1.187786 7.921854
2.893705 0.919896 16.463688
2.421317 -1.638274 8.064621
3.611625 0.819757 15.058504
2.976732 -1.916159 13.442908
0.543026 -1.968468 8.612628
-0.356476 1.293159 3.627868
1.385426 -1.433117 3.202949
2.595634 -1.607933 8.964040
0.390146 1.296054 3.304654
3.448433 -0.656784 12.756088
0.823225 1.329082 3.071055
4.385842 0.478981 21.613373
4.216929 0.896299 17.157827
1.588692 0.436619 2.816027
1.484093 -1.641273 8.198236
3.659209 -1.531033 15.395713
3.182654 0.486667 17.351629
3.060486 -1.694972 10.980657
1.653666 -0.021650 3.096731
1.180618 -1.443037 8.119856
3.658862 -1.777953 16.863735
2.991958 -1.698400 10.864918
0.439908 1.044790 10.459746
4.810028 -1.950668 21.696890
0.390772 1.317091 3.342862
2.454542 -1.446768 16.436234
3.259964 0.937122 16.088234
2.174405 1.162537 8.000260
3.002254 -1.775912 17.160648
2.982632 -1.535380 11.121099
1.485326 -1.644740 8.200272
0.804520 1.326774 3.232921
0.800613 1.322745 3.087176
-0.189663 1.343937 3.637680
1.420450 1.188691 7.675654
4.823563 -1.003548 20.402847
1.653437 0.071714 3.069617
1.421066 1.183716 7.670446
4.030030 1.334373 21.984385
3.451130 0.855913 19.732502
1.545813 -1.474628 3.102246
1.900332 0.097368 13.186279
1.525523 0.433209 2.578729
2.464184 -1.543674 8.414204
2.597367 1.075578 11.039808
2.489021 -1.556474 8.480297
2.609616 0.383215 8.603458
3.827194 -1.211396 15.807182
2.355830 -1.658333 8.060040
4.191511 -1.734017 16.459541
3.820414 -0.907113 16.470242
4.698918 0.810881 21.558844
2.889548 -1.198143 10.230148
1.822885 -0.966408 3.735671
1.873654 0.505129 3.907636
1.899498 -1.449301 5.297335
2.194514 1.006690 11.941970
4.494750 -1.980784 21.473833
1.973581 -1.505010 5.472320
-0.432334 0.787004 5.966618
1.867134 1.102990 4.265691
-0.085654 -0.959591 7.308453
1.996544 -0.675960 3.897239
2.144030 -1.786563 10.575786
3.413401 -1.665944 15.444502
1.828970 -0.041655 12.490384
2.017853 1.231936 4.029153
3.382870 0.840306 20.233835
2.350091 -0.846075 10.196927
-0.060899 -1.470152 7.110078
2.080392 -0.824140 4.798043
1.551949 0.159560 2.676124
1.627162 -0.379232 2.778346
-0.200461 1.319050 3.385947
1.576390 -0.188396 2.687141
2.380588 -1.616832 7.694059
4.697365 0.817901 21.586008
3.217707 0.446705 22.271057
2.899919 0.324171 22.838507
2.904885 -1.702040 10.806961
2.146339 -0.027763 15.229104
2.871139 -1.726954 12.124571
2.190582 0.761610 15.034452
1.643940 0.162930 2.999299
3.758327 -1.764364 16.974228
1.730103 -0.688885 2.793982
1.959003 -1.213637 13.468546
3.193135 -1.491794 20.623228
3.539085 -0.540104 13.419771
3.858319 0.027086 14.559334
4.453750 0.812481 21.654102
1.781371 0.811836 3.004631
5.254927 1.125994 22.009157
1.591681 0.130981 2.770483
1.569106 0.222639 2.707851
2.077834 0.812808 8.324402
4.555624 0.848286 20.522953
1.914217 -1.450336 5.280277
3.780754 0.612133 15.553105
-0.305460 1.287824 4.839395
3.901424 -1.696760 18.519756
2.459963 -1.608918 7.746679
0.894768 1.322549 3.281331
0.545891 -2.046272 9.061330
3.866609 -1.421108 14.751471
0.273574 1.334760 3.774703
2.889746 -1.654850 10.981438
1.587840 0.224764 2.732054
4.525090 -1.883429 21.021536
2.462975 -1.594877 8.081833
1.396343 -1.647207 8.204032
3.019519 -1.649760 10.918663
1.074236 1.336968 3.156084
3.876785 0.959007 15.607019
1.614849 -1.792646 8.126228
2.098536 -1.640999 7.871469
5.190057 -0.228624 21.631659
1.587066 0.224580 2.733040
1.556083 -0.134958 2.620834
2.964938 -1.681874 10.750997
3.370068 -1.659004 12.938288
3.055967 -1.608743 11.274892
2.324334 -1.631605 7.833515
1.610332 0.597467 2.969716
1.533207 -1.479287 4.999630
4.294416 0.842912 20.666061
4.304959 0.848110 20.695898
0.511097 1.141226 8.172626
3.844062 -1.828046 15.524640
4.290915 0.845642 20.665520
5.146069 -0.154564 21.572840
2.978354 0.742504 22.190588
1.188326 -1.417548 8.131914
2.704752 -1.727600 10.929880
1.706738 -1.365809 8.010486
3.098523 -0.661757 20.047482
4.979270 -1.785002 20.748724
2.728520 -0.227576 17.885590
0.686283 0.415277 7.187294
3.067072 0.607877 20.178347
2.906388 1.041547 12.614962
2.285732 -1.438082 7.816690
2.528568 -1.715586 11.157866
3.389764 -0.143186 17.199724
1.498876 1.297553 2.575623
2.944682 0.241368 22.143890
3.736241 -1.809020 15.878045
1.347638 1.345237 2.847351
3.896459 -1.388576 17.457935
1.613901 -1.785430 8.111301
2.702885 0.767625 17.952736
0.092290 1.349295 3.405463
5.122450 -0.251214 22.219700
1.588602 -0.229425 2.663174
1.546836 0.221429 2.595657
1.656630 0.216488 3.050654
1.965894 0.811049 3.694469
2.900305 -1.657252 10.911483
3.125319 -1.455910 19.981747
-0.333880 1.245979 3.535497
-0.301692 1.337259 3.759369
3.304631 0.766385 21.958191
2.175057 -1.820154 12.823305
2.580092 -1.785870 11.948512
1.396201 -1.653263 8.220105
3.011793 -1.650946 10.920679
1.706926 -0.428782 3.150761
2.239968 1.219374 6.407019
5.225848 -1.491546 21.784801
0.806766 -1.950673 4.769320
2.858084 -1.712542 13.333934
2.080236 0.493994 4.862880
3.084712 0.477352 12.584968
2.449293 0.514998 12.716611
3.165605 3.363386 14.247703
3.412127 1.045548 12.990361
4.634935 -1.992594 22.128290
-0.190115 1.146500 7.849792
1.891574 1.225699 4.682132
0.089488 1.277645 4.107628
0.940176 -1.952977 9.152113
4.467870 -1.941947 21.182795
1.932745 -1.459701 5.296582
1.853252 -1.341115 3.813401
0.470462 -2.015967 4.691841
2.787987 -1.678820 11.000951
1.846782 0.570875 3.855933
2.543287 -1.554054 10.787319
4.755503 0.875563 20.355040
2.498591 0.401159 8.495333
0.887888 -1.241841 9.201238
-0.114493 1.001478 7.103558
2.939666 -1.654425 17.192017
2.580859 1.153224 8.583027
1.881516 -0.105594 4.246087
2.417761 -1.541251 7.864491
1.882429 -0.509927 3.871746
1.728644 0.521274 3.298974
-0.136146 -1.104472 6.871803
3.058423 1.083467 11.106993
2.972713 -1.372292 21.843126
1.909011 -0.741575 4.403759
3.035309 1.092386 11.042369
1.649506 -2.005208 12.191262
4.283045 -1.926095 20.997972
3.240225 0.835167 20.109823
1.874996 -1.458153 3.059535
3.242105 0.897927 14.574015
4.273866 -0.623744 17.401564
0.898784 1.352911 3.327201
2.169450 0.638485 8.297231
1.593929 0.134897 2.774902
3.101275 -0.894265 20.065882
3.758258 -0.680003 18.216393
2.790627 1.048876 11.814694
3.120172 -1.123837 20.041334
2.955572 0.560298 21.608175
2.065703 1.230099 7.506212
0.389782 1.339571 3.393505
1.876317 0.586942 3.898835
2.019947 0.367674 9.970581
3.719491 -1.231822 17.579554
0.672400 1.134448 8.300114
1.589829 -0.099284 2.680033
2.296428 -2.049994 13.067281
3.107010 -0.852562 14.424510
4.797221 -1.980877 22.652308
-0.149843 -1.175322 7.287907
2.965669 -1.724492 10.726282
2.165740 0.626725 8.272463
4.023736 -1.063452 16.480501
1.725610 0.307985 2.885846
2.273830 -1.566799 7.951902
2.954644 -0.976593 22.127905
2.990379 1.083455 10.857471
1.238404 -1.424272 3.336223
2.304548 -1.651268 7.775947
1.460918 -0.184112 2.713766
3.162856 -1.407987 22.970951
1.803596 -1.635648 11.381284
2.159410 0.629340 8.266505
1.631230 0.726598 2.772743
1.576902 1.303863 2.930740
2.622348 1.110299 11.103728
2.307878 0.798928 17.740696
4.896911 0.837805 21.231869
2.325336 0.215263 13.946980
3.556961 0.820569 21.106308
1.584198 0.315868 2.729835
4.198031 0.844256 20.079960
1.551972 -0.224194 2.602839
0.795069 -1.584560 10.013569
4.127369 0.854845 19.891432
2.298288 -1.644170 7.769170
4.326156 0.638637 18.336853
2.705150 -1.905230 11.056034
3.855788 -1.044499 14.899615
2.567838 -1.687281 8.331794
0.034623 1.327167 3.498974
1.382029 -1.447055 3.139760
3.016534 -1.568638 11.338455
3.835474 -1.811961 15.849197
1.649866 0.075011 3.030074
5.241209 -1.294634 22.255209
3.046450 1.056454 11.143024
1.725614 -0.298705 3.435410
1.578716 0.313814 2.720722
1.545720 0.043765 2.583119
1.556124 -0.184941 2.433682
3.990988 -0.635148 16.357382
2.380931 -1.678819 7.731659
1.588813 0.699622 2.708135
2.239837 -1.547086 7.894255
3.628165 -1.804874 15.476723
0.533099 1.330462 3.314619
0.591413 1.328344 3.277156
5.146327 -1.833279 21.522079
2.618583 -1.902557 11.328968
2.905483 -1.733189 10.827221
1.188990 -1.495043 3.438986
3.343119 -1.804134 17.252962
0.651052 0.974312 11.688040
1.706802 0.585036 3.357713
3.861639 0.925027 15.580109
0.597576 0.950469 11.651263
3.803351 -1.797469 15.289546
3.079875 0.758999 20.475979
1.506069 1.345401 2.981812
4.040796 0.854277 20.184784
3.209486 1.065792 12.064122
1.619478 0.617588 2.826500
1.942737 -1.465124 5.298963
1.172532 1.348585 3.023477
-0.304664 1.254923 3.514011
2.961203 -1.858916 12.044800
1.562551 -0.275630 2.593305
1.612276 1.195353 8.667151
3.582224 0.843413 20.104446
0.917954 -1.862315 8.579524
1.574746 0.095957 2.476768
3.260355 -1.579622 11.863836
2.037313 1.230417 7.747758
0.619346 -1.545791 9.050277
1.708166 0.902657 12.558144
1.914854 1.193451 8.502531
3.157320 1.087970 15.615393
3.150405 -1.491081 20.294842
1.566967 -1.415852 7.238246
3.973480 -1.134417 21.961777
1.481103 -1.330651 6.834372
2.983028 0.282323 22.347422
0.829486 1.562266 5.147708
4.313088 0.808971 17.748287
4.060689 -1.394432 17.374483
1.587022 1.523246 6.816046
2.904120 -0.526476 13.886830
4.707125 -1.819956 21.123007
1.035016 1.319935 3.500754
1.364053 1.217477 7.291591
1.841184 -1.391466 3.944471
0.825906 -1.873451 7.157236
2.521734 -1.090133 10.306785
4.204635 -1.364217 17.445953
4.842975 0.885100 20.793955
2.079108 -1.128030 12.029273
1.597521 1.317888 2.961142
2.646738 -1.656584 11.055831
-0.031723 1.225047 4.188475
1.859266 0.574787 3.881794
2.991327 -0.205765 11.408471
2.097372 1.293969 3.601620
2.625246 1.045088 12.652768
0.629684 -1.308617 5.063733
2.854704 -1.735922 11.958782
2.099169 1.294674 10.144663
3.841292 -1.752246 18.137693
2.420999 0.385778 8.220479
3.229029 0.848333 19.925472
4.796714 0.831603 20.650290
3.751810 -1.681326 14.526387
2.617620 1.106463 11.128053
3.043540 -0.767011 12.592351
3.386309 0.810340 20.731133
0.687911 0.792800 12.036465
3.104311 -1.095108 17.250717
1.627700 0.370026 2.969450
1.689548 0.599685 3.369203
2.972432 -1.772322 10.807976
2.254282 -0.964131 3.566476
0.586740 1.317044 3.251372
-0.077843 1.262798 3.407281
3.369116 1.440243 16.309122
4.795482 -1.939843 21.667927
2.886428 -1.880699 12.070056
1.138301 1.168353 7.552733
2.963212 0.927151 15.399663
1.614710 0.083502 2.770402
2.011413 0.560775 9.880340
0.446006 -1.549105 10.145242
3.843624 -1.821766 15.880202
3.213077 -1.342287 21.849295
3.134860 -1.623697 10.972173
1.532845 0.399618 2.623184
0.588251 -1.601842 9.202954
4.372942 0.870373 18.029316
0.543696 1.359168 3.375017
2.675520 -1.818447 11.182011
2.355275 1.108887 10.544765
1.691443 0.092484 2.901171
1.588400 0.319251 2.733125
3.019772 -1.764532 10.775701
1.989669 -1.664994 9.000739
3.802056 0.047723 14.285939
2.634838 -1.699886 11.066192
3.859058 -1.542320 14.503880
3.104501 -1.472728 20.076670
3.813207 -1.027904 16.459652
2.055454 -1.409756 9.301883
1.561153 0.606004 2.637155
2.662947 -1.723709 11.175074
0.806061 1.343645 3.123991
4.330965 -1.895993 20.232220
3.214875 -1.648306 15.281385
2.909583 -1.660085 10.918302
1.299654 -1.596010 3.620111
1.936880 0.107242 13.529480
2.968257 1.118605 10.808343
3.877245 -1.490963 14.769524
0.538454 1.344072 3.343033
2.478488 -0.198895 15.576853
4.623734 -1.813598 20.308870
3.695587 0.773151 21.351360
4.418980 -1.934703 20.995592
3.459288 -2.030857 20.558367
0.183960 1.297570 3.367583
3.136539 -1.568391 20.773277
1.256199 1.327613 3.433401
0.315519 -1.515562 9.358125
1.166713 1.342272 3.009034
2.333852 -1.438188 7.974653
1.203106 1.354660 2.995545
1.917940 0.828093 13.556548
1.529523 -1.455772 3.071314
2.997816 -1.555311 11.300529
1.569235 1.263887 2.678259
2.968581 -0.524480 13.752265
0.349488 1.311788 3.555232
4.465656 0.871157 20.057613
4.266201 0.873473 19.801882
0.540076 1.351026 3.359732
3.087363 1.051746 11.548731
0.799761 1.320322 3.217019
3.060318 -1.685785 13.081556
1.721649 0.612368 3.285551
3.718923 -1.801874 15.263961
2.231218 -0.095550 15.401929
0.403174 1.034782 10.115372
3.100437 -0.884079 20.054451
2.002594 1.169638 9.625722
3.227174 -1.484891 20.610788
0.551521 -2.042060 9.150904
3.063397 1.079362 11.165892
1.337795 1.340239 3.381007
2.869576 -1.542681 18.966272
1.938373 0.754461 8.291573
1.166282 1.339269 3.005979
1.931248 1.204416 7.451835
4.424708 -1.971005 21.337978
1.568508 -0.009902 2.686599
0.395360 1.060440 10.252726
4.425379 0.858339 20.020708
4.614276 -1.806496 20.293152
1.982650 0.706403 9.934996
2.651559 -1.744150 11.054974
3.124534 -1.173932 11.385365
2.063712 -0.282359 5.283389
4.592868 0.837506 19.402069
3.223274 0.468869 13.259443
-0.351545 1.275528 3.595347
-0.164457 1.288666 3.338449
1.490449 0.562752 2.517451
2.519073 0.202473 14.954792
2.228088 0.949543 15.478485
0.221854 1.302366 3.527907
3.526808 -0.812231 17.554789
3.176707 0.839537 19.832956
0.604490 1.320558 3.427977
0.814364 1.334034 3.585382
-0.018350 1.301896 3.257990
0.203762 1.306708 3.368512
2.436596 0.376851 8.235797
2.962022 0.941320 15.395052
1.698052 0.602997 3.243826
1.604301 0.448571 2.804149
3.931853 0.854974 19.933727
3.329356 0.946634 15.385803
1.253206 1.169855 7.734770
2.962024 0.929650 15.399971
1.581861 0.221666 2.722861
4.298315 0.846486 20.465725
3.349899 0.967277 15.196072
1.578393 -0.137431 2.653440
2.787875 -1.919147 11.091039
1.235106 -1.656577 10.931626
3.161455 -1.550820 20.648808
1.648446 1.309035 3.254227
1.038488 1.322904 3.510603
3.733401 -1.495500 16.198669
3.728964 -1.817570 15.312104
1.014273 1.343881 3.032496
1.531650 0.256975 2.574323
2.270674 -1.581056 8.750546
4.265028 0.853852 20.620667
3.094761 -0.552347 20.065226
2.352801 0.639586 8.224739
2.659345 -1.908989 12.268280
-0.340887 1.258365 3.558592
1.550383 -1.507383 3.075011
2.750252 0.953524 13.399167
3.746665 -1.796192 15.112466
3.782448 0.838212 20.256058
2.288743 -1.567792 7.875942
1.638076 -0.693840 2.657664
2.234555 0.931655 15.449857
2.767250 -1.860023 11.107994
-0.201064 -1.158118 8.302714
0.749700 1.382292 4.609634
2.489882 0.376665 15.552778
1.525404 -1.399886 7.142146
2.678838 -0.906894 5.137203
2.113781 1.108454 10.220097
2.083580 0.537412 15.497134
4.478672 0.838998 19.833698
2.347307 -1.438636 4.213925
3.898250 -1.557789 14.335634
0.394619 1.319025 4.504076
1.747136 0.496020 3.659766
2.264231 3.283364 14.091800
3.731682 0.844775 20.051270
2.041724 -1.635482 8.277206
0.674287 -1.954397 4.197684
3.113478 -0.471333 19.968155
3.897357 -1.589724 14.416070
2.338160 -1.360030 3.177564
1.535525 -1.434615 9.751794
2.544687 0.923954 15.821754
0.834489 0.857468 12.587760
1.709233 0.520893 3.241117
1.724013 0.593735 3.385226
1.841368 -0.679552 4.078651
3.569136 -0.718355 18.572433
5.056490 -1.776733 21.620972
1.652380 -1.319782 6.685037
0.677755 -1.962334 4.205277
2.384277 -1.582233 8.055914
3.824736 0.978829 15.024574
0.766544 1.434459 4.763335
0.646417 -0.077712 12.112453
4.326714 0.857620 20.016588
2.030530 -0.529909 4.712059
1.862982 -1.352484 3.840441
0.706391 -2.111995 8.699146
1.997996 -1.509622 5.479109
1.966086 1.329322 8.925643
1.016452 1.323250 6.197637
3.180118 0.389595 20.590361
2.006140 0.625873 10.089684
1.191527 1.201093 7.352414
2.925510 -1.406065 14.434740
1.535742 -1.446087 3.106357
-0.045099 1.090254 3.891158
3.124615 -1.618293 10.851370
1.554768 -0.249077 2.595324
2.114408 -1.753886 7.794019
2.986559 -0.836075 22.141611
0.860338 1.340613 3.235972
2.914611 -1.710605 10.816207
-0.042018 1.300219 3.671916
2.049707 -1.581921 7.983172
5.155860 0.289650 21.731186
3.751973 -1.744743 15.040510
3.187063 0.995674 13.497005
2.314852 -1.469320 7.855634
2.043993 -1.320911 7.853672
5.050487 -1.776503 21.603903
5.264189 -0.943918 22.648388
1.606780 0.063250 2.965527
1.516695 -1.927219 11.597235
1.590000 -0.010942 2.724669
1.760965 0.997305 13.028817
3.304641 0.897222 17.441898
1.613701 0.361855 2.788541
3.307257 0.811445 20.247654
2.039102 -1.695413 7.836602
3.860187 0.787858 14.732204
4.091142 0.809855 21.740147
3.153895 -1.887884 20.062286
3.329597 -0.945781 18.094208
1.702203 1.360237 3.318655
1.714081 -1.894449 9.752028
4.032239 -0.959711 16.124960
1.819569 -1.709410 11.165170
1.515415 -1.934761 11.610926
1.363596 1.216757 7.251758
3.831897 0.018835 14.505806
0.150784 1.284484 3.454827
2.345870 0.892457 15.913200
3.828883 0.956530 15.018451
1.596232 0.308351 2.853794
2.496658 -0.847823 4.826703
2.064097 -1.417292 8.104588
0.223320 1.315975 3.556041
1.744485 1.227676 7.225394
2.480348 -1.646220 9.724774
3.841571 0.921232 15.210364
3.928182 -1.039150 15.054829
1.727147 0.745984 10.041809
1.673114 0.623094 10.210615
2.103914 -1.405321 8.064494
2.936972 1.546449 18.221720
3.940090 -1.817835 16.147327
1.593946 0.171405 2.740180
5.011729 0.765449 21.584408
4.205788 0.853589 20.106234
2.464851 1.060853 7.917432
1.587890 -0.189689 2.704508
0.635242 1.310061 3.340373
3.782917 -1.928120 20.089655
3.628393 -1.694288 16.468262
3.857996 -1.056887 14.901483
2.935790 -0.740055 19.071732
4.187125 0.672432 17.822819
4.753206 -2.014512 22.432873
3.622459 -1.708451 16.107107
2.082568 -1.543881 7.888323
2.043234 -1.652565 8.007760
2.223486 0.847269 15.475517
3.199688 -1.550536 14.455576
2.407146 -1.499179 7.946869
4.505841 -1.851774 20.972343
2.316095 -1.597253 7.940752
4.460073 -1.442743 18.906895
1.762919 1.197187 7.838531
3.065292 0.787682 20.540533
2.927690 1.129641 10.422029
1.551139 1.055689 9.820711
1.581307 -0.190495 2.696750
3.764697 -1.424704 16.996103
3.842470 0.802028 14.598704
-0.280685 1.279447 3.629340
-0.038798 1.296187 3.657440
3.313556 0.832004 14.787445
3.132257 -1.496829 20.217943
-0.191660 1.305412 3.349850
3.225643 0.838733 12.640915
3.864616 -1.041952 14.919873
1.146158 1.321035 3.391906
2.968628 -1.397824 14.415455
4.554015 -1.879321 20.630861
2.450926 -1.731239 7.995301
3.207395 -1.653206 12.416542
2.298338 -1.632086 7.815999
1.940114 -1.363444 2.728122
3.592975 0.821653 20.463961
0.220841 1.298629 3.518720
2.240482 -0.107189 15.397810
2.838532 0.767394 15.571567
2.040353 -1.571333 7.674503
2.283437 -1.637003 7.714157
-0.095255 1.267339 3.612728
-0.162406 1.279734 3.322589
5.028261 0.965364 22.010075
1.516245 0.449131 2.412179
3.663190 -0.300438 19.168653
1.718594 -1.366725 8.025185
1.231531 1.335667 2.891201
1.569898 0.168928 2.699624
3.719957 0.897690 14.278362
1.571473 -0.317114 2.636350
2.054824 -1.767962 7.811292
3.874024 0.074113 14.699353
5.282313 -1.359689 22.444729
0.599745 1.305362 3.398028
1.892536 -1.458962 3.168530
2.418130 -1.577766 9.504464
1.165320 1.353263 3.450990
3.266197 -0.889730 13.519382
4.610954 -1.949308 20.250647
2.379760 -1.693901 7.972422
1.595067 1.265764 3.117961
4.034556 0.852344 20.358870
4.179805 0.853865 17.012669
3.194455 0.504993 17.437685
0.521417 -2.047349 9.081371
3.129894 0.800831 20.565535
2.017017 -1.602360 7.761890
2.651268 -1.846787 12.178311
1.939745 -1.435079 9.385040
2.865911 -1.636264 15.773159
1.713635 1.385048 3.301481
3.231686 -1.176864 4.325288
-0.040913 -1.537700 5.610700
1.656308 0.583897 3.314976
0.792637 -1.715035 10.334900
3.131163 -1.065364 6.041582
1.908146 0.319054 9.835876
1.807294 -1.357215 3.862401
1.399320 1.905792 8.581676
2.969976 -1.708038 10.690736
2.219398 -1.391874 13.047869
2.030172 1.243690 3.499064
3.360243 0.972778 17.699482
2.984483 -1.526420 22.302111
1.824815 -1.374229 3.894660
2.443391 -1.408050 3.322352
2.369685 -1.308706 4.284212
2.979131 -1.247300 13.121685
3.042230 -1.121485 4.127767
2.969088 -1.024377 5.814321
1.538233 3.245253 10.179441
1.952875 1.274143 4.840908
1.725624 1.400864 3.319649
2.520961 -1.122263 10.570600
3.062490 -1.126105 4.149140
1.358927 1.217973 7.248158
1.663530 0.584079 3.328141
2.253726 0.738075 10.895416
5.210866 -1.492261 21.753563
-0.071647 -1.526036 5.680725
2.926471 -1.677392 11.019392
5.370200 -1.541139 22.611984
1.905580 -1.186206 11.012109
2.747648 -1.754120 10.787308
0.680373 -1.418041 5.530581
3.238910 -1.182170 4.346335
2.955757 -1.011197 5.780516
1.803721 -1.356709 3.862196
0.966078 1.896850 6.094755
2.008053 0.341737 9.860641
1.740980 2.447551 10.806671
1.558159 1.539748 6.785994
0.760195 1.433460 4.739410
2.431813 0.609803 16.355028
1.629311 1.117069 3.736575
1.727564 0.624218 3.441728
2.938346 1.127416 10.548488
3.363400 -1.222194 4.487371
0.418667 -1.965631 4.362095
4.422475 -1.805275 20.486088
3.143014 -1.141637 4.201390
1.827257 -1.376971 3.896408
1.610374 0.146870 2.796565
0.595433 -1.591505 9.161889
1.120533 1.884921 4.329330
1.494664 -1.292473 2.344710
0.481676 -2.029659 8.783615
3.312498 0.975375 15.306553
1.589792 1.215965 7.272897
3.247964 0.814896 20.076889
0.333912 -1.485350 9.315220
1.704352 -0.701022 2.781036
2.909844 -1.696340 12.402531
3.847493 -0.038412 14.646868
3.884523 -1.391343 14.806531
3.725255 -1.749071 14.694316
2.932313 -0.734952 19.074062
2.291192 -1.573985 7.900058
2.172030 0.128564 15.404624
1.943637 1.065523 2.904034
0.306472 -1.528229 9.436173
2.892838 0.843835 14.167239
4.843013 -0.276743 21.715113
2.572082 -1.599766 11.519219
2.943883 -1.673598 12.318245
2.367170 -1.559706 8.009604
1.583271 -0.194008 2.703836
1.419981 1.215454 7.209940
2.581119 1.041383 8.518968
3.157083 1.025626 16.636993
1.596688 1.318161 2.937254
1.598744 1.166260 8.543153
4.325108 -1.746862 20.328588
1.682952 0.636865 3.087451
-0.075864 -1.009603 6.924192
4.470029 -1.878966 20.645561
4.259687 0.859415 19.772961
1.012124 1.347048 3.034916
3.389841 -1.567641 13.002499
1.218098 -0.125877 13.040838
0.649429 1.095975 7.148649
3.856722 -1.617934 14.543818
1.715034 -1.914129 8.015525
3.361187 -1.662277 15.240012
1.602507 0.403064 10.245552
3.322682 0.790590 20.377584
1.540996 0.565551 2.852695
2.823383 1.091934 11.332276
3.898265 -1.100735 14.998577
0.942839 -1.565401 3.062342
4.390417 -0.802360 22.044992
3.049640 -1.203193 20.401339
2.910465 -0.079987 19.121721
2.681610 -0.895982 15.887523
2.911831 -0.079832 19.113640
2.754527 0.715444 15.045940
3.886749 -1.436054 14.791172
1.928667 0.078400 13.279937
1.497554 -0.396895 2.214776
0.624229 1.110757 7.435470
2.921434 -1.734853 10.757420
4.313733 -1.728064 20.305489
3.043166 -1.676854 13.014878
4.173292 0.827830 17.012402
2.917336 0.010073 19.044989
2.128090 -1.710426 14.232940
0.617500 -0.476774 11.651298
2.374375 -1.591995 7.742406
3.787354 0.269568 16.875078
2.611860 1.038148 14.517591
2.096357 -1.588412 7.887074
1.525517 0.054331 2.286209
1.200709 -1.663362 8.254225
1.509949 -0.218426 2.239765
1.073607 -1.509997 2.773691
2.923895 -1.707630 10.891841
1.798156 -1.710593 11.162642
0.544095 -1.962178 8.611799
2.638645 1.151828 12.310292
2.974681 1.559626 18.345421
4.326801 0.858432 20.300064
3.885018 -1.482679 14.786515
3.207514 -1.626463 15.236781
2.535745 -1.735702 15.259301
3.887984 -1.122800 16.351812
3.750935 -1.771396 15.115821
3.121636 -1.446866 19.986990
1.995164 -1.685817 9.052744
3.702886 -1.778576 15.223176
2.031394 -1.406226 8.259838
2.271615 -1.560752 7.936327
1.484264 -1.853275 11.841558
2.143704 0.379681 15.249081
2.166151 0.166989 15.230366
4.040653 0.845880 20.155022
2.799956 1.070742 11.279132
2.919919 -1.528931 14.394534
3.514475 -1.643203 13.309213
2.925289 -0.618954 19.042707
1.334726 1.333967 2.822677
3.430252 -1.744997 15.057522
2.607659 1.089543 11.067557
2.503900 -1.592950 8.069821
1.455096 -1.468684 8.128637
3.617430 -1.791873 15.211537
1.590728 -0.369097 2.736084
3.055758 0.804716 20.577227
1.569479 -0.097694 2.647804
2.912700 -0.081644 19.113668
3.891842 -1.542103 14.910047
1.542856 0.081018 2.588235
1.797117 -1.463823 11.082178
2.129939 -1.649056 7.990069
2.150751 0.182079 15.288552
2.221017 1.244810 8.884511
2.618087 0.956728 15.284201
3.889427 -1.438677 14.800934
4.502369 -2.007353 20.303139
2.934642 -0.735385 19.063189
1.930353 1.209132 7.462389
2.917693 -0.098679 19.053835
0.657550 0.506102 7.346473
3.713603 -1.725151 14.738836
2.484781 -1.631585 11.021448
3.863236 -1.506126 14.842343
1.638025 0.630766 2.851814
2.929684 -0.632897 19.042175
3.088705 0.333162 20.095404
0.881950 1.279713 3.019169
1.235967 1.200635 7.607128
2.212317 -1.532733 10.085140
2.896181 1.086674 16.887184
1.630999 0.608313 3.002453
0.452375 -1.531486 10.081450
3.044217 -1.206924 20.395226
1.890704 -1.337914 2.696946
3.011070 -0.725545 14.252172
2.562028 -1.576352 8.873462
0.672819 -1.505096 11.261396
4.746093 -0.994375 20.132835
2.881366 0.926478 16.322292
-0.045135 -1.580788 5.774426
2.012738 0.978645 5.289106
1.736646 -1.515504 4.150419
3.652391 -1.416175 13.675042
0.913200 -1.989521 4.112731
-0.076898 -1.045406 7.135238
0.824538 -1.879452 4.079571
3.814437 -1.359411 17.271252
1.785527 1.851744 7.901876
3.108056 -0.836111 19.990574
1.726950 -1.514097 4.125428
3.120407 -1.447038 19.994051
1.787714 1.294840 3.973153
2.033328 -1.379537 7.991582
3.677346 0.913451 17.343191
2.673911 3.776968 11.441432
1.705963 -1.896084 7.987949
3.121048 0.927306 16.320040
1.260595 1.611433 5.153390
-0.050016 1.278024 4.346544
1.914717 1.254582 4.752424
1.618414 0.619741 2.811448
0.420808 -1.944827 4.329885
2.286502 1.025290 12.692806
1.787517 -1.431911 10.864254
4.615009 -1.785143 20.267004
1.818142 -1.369783 3.884209
2.821839 -1.579471 14.356204
1.300133 -1.462508 3.873108
2.044174 -1.598694 7.922656
3.073865 -0.142769 19.838558
1.934817 -0.614467 4.462521
2.250029 -1.521320 7.791282
2.923287 0.023045 19.091631
3.454529 -0.112765 17.847933
2.315865 -1.584612 7.119586
2.468307 -1.604234 7.827779
2.925517 0.013264 19.065849
2.077700 -1.106616 4.256680
3.116355 -1.128258 4.149734
4.451094 0.866941 20.047548
1.962680 -0.014533 4.558448
2.877361 1.026603 12.489061
1.975707 -1.055460 4.060775
2.609308 -1.691558 11.075439
1.735403 1.333271 3.589981
2.270472 -0.774820 13.267409
2.374619 -1.802043 15.015274
2.767037 -1.753896 10.874903
0.092062 1.233739 3.188589
2.869504 1.114161 11.651722
3.425416 -0.655001 12.724739
3.829479 -1.543314 14.772655
1.838320 0.686422 2.809182
2.617736 0.955967 15.286840
1.480167 -1.459100 2.678171
4.469593 -0.388655 22.493748
1.457465 -0.178273 2.177142
3.852870 -1.468607 17.418652
2.151435 0.959534 15.489669
1.490183 -1.283369 2.331969
3.051528 0.917476 13.541856
-0.131738 1.292304 3.490143
4.731746 -1.922981 20.195015
3.610218 -1.257522 16.722261
2.643056 -1.705150 10.985367
2.044015 -1.562608 7.984897
4.358617 0.838780 18.059284
3.737943 -1.182064 15.616121
2.976004 -1.532547 11.059155
2.408173 0.956464 15.280168
3.038753 -0.136057 19.975922
2.986155 0.730163 19.555508
3.866521 -1.524100 14.882187
0.451860 -2.140863 4.766360
1.930641 -0.129365 4.905977
3.249557 -0.079571 15.365676
1.801927 -1.254281 12.981457
0.426487 1.283766 3.028277
1.531257 0.097203 2.267297
2.002440 -1.680974 7.636928
3.796724 -1.797914 15.364006
1.552411 0.080720 2.605945
2.236509 0.823885 15.413555
2.145179 -1.555636 7.917105
3.740937 0.338000 16.433321
2.666459 0.777344 17.907194
3.458393 -2.083047 20.685585
3.563371 -1.318627 16.146265
3.086721 1.105141 11.244475
2.179683 0.954743 10.358292
0.435810 1.312440 3.081409
2.352349 0.945238 15.349500
2.765280 1.111821 10.745198
1.679260 0.265811 3.029153
2.228520 -1.578684 7.551392
2.624500 1.105099 11.123667
2.213024 -1.571658 7.558466
1.570923 1.157294 7.855334
4.450436 0.907892 18.371218
3.059450 -0.112569 19.846333
1.553853 -0.183303 2.311018
3.595165 -1.756763 14.167674
2.885861 -1.679929 10.776096
1.236278 1.173933 7.553839
2.449119 -1.602838 16.809301
3.291669 0.829655 21.737049
1.572463 -1.600834 2.710732
1.484868 1.283050 2.556164
2.670242 -1.652692 10.974748
1.595416 1.163207 8.548702
3.019130 -0.820704 21.967421
1.477191 -0.348320 2.542925
1.508267 -0.270346 2.356226
3.236269 0.997267 12.351035
3.946668 -1.113472 15.103946
2.763310 -1.751607 10.879865
0.440824 1.344050 3.153504
1.591277 0.449288 2.720085
5.186218 -1.873324 21.625275
1.139942 1.366239 2.775136
1.540514 -1.565134 2.650281
2.096820 -1.620722 7.695269
-0.358314 1.299630 3.641164
2.642985 -1.061041 16.006741
1.803125 -1.836220 7.861470
2.922214 -1.930833 18.439011
2.873117 -1.637143 10.889129
4.697348 -0.703108 19.809345
1.400897 -1.559324 2.715227
1.500165 -1.436542 2.810506
2.720331 -1.840699 10.886889
3.268218 -1.484973 20.929710
1.593792 0.451958 2.726473
3.089571 1.053753 11.542841
1.100852 -1.421164 2.893169
1.729127 0.326319 9.894955
1.515077 -1.440911 3.041786
1.792094 -1.389666 2.939600
3.787439 -1.786049 15.091027
3.101815 -1.310802 10.835011
1.688362 1.095540 10.350890
3.737786 -0.502435 16.144064
2.645270 -1.797330 10.973550
0.617326 0.561301 11.415103
2.192208 0.827250 15.399469
4.257655 -1.576595 16.720692
2.219324 -1.657227 7.602138
5.260339 -1.809854 22.398350
2.632001 1.101601 10.849805
1.587826 1.295991 3.001422
4.938814 -1.898925 21.745937
4.586254 -1.747133 20.180267
3.823791 -1.827614 15.442209
2.383087 0.557623 16.909973
4.266367 0.747070 22.697620
2.824140 -1.758584 10.736525
2.344158 -1.573314 7.614453
5.163858 -0.244565 22.357138
0.557743 1.283170 3.308433
2.825986 -1.656354 10.966406
2.217417 -1.299428 15.123672
3.861085 -1.585438 14.742353
1.378618 -1.422113 2.902999
2.404303 -1.575348 7.555704
2.407928 1.161908 7.734715
3.840230 -1.562033 14.237716
1.490480 0.472414 2.152843
2.160912 -1.825340 15.065116
2.477525 -1.601830 9.996747
4.588694 -1.753857 20.192604
3.157014 -0.547704 14.681712
1.601256 0.357304 10.117556
5.229365 -1.803903 21.247366
2.649221 -1.704936 10.983765
0.096178 1.322793 3.360812
1.689626 1.440681 9.364829
1.734687 1.220214 7.166253
3.865700 -1.088005 14.959274
5.193790 0.698479 22.704065
3.526702 0.829705 20.129147
3.370735 -1.716181 15.310156
2.492015 -1.642885 11.040376
4.279767 0.766512 22.742620
1.596113 1.317347 2.958484
2.317207 -1.427048 7.930160
1.935983 -1.336989 8.328562
4.829525 0.709844 20.411253
3.090295 1.047205 11.541498
2.698477 -1.796109 10.924436
2.144787 -1.684199 7.622615
-0.181608 1.323206 3.597866
2.266835 -1.351418 7.850965
3.807264 -1.542383 14.718226
3.679475 -1.486400 15.570839
2.934283 1.120106 10.544220
1.701920 1.326267 2.385413
2.653491 -1.797317 10.999722
0.545745 1.324281 3.902046
1.941633 1.129328 4.110508
5.098172 -1.931139 22.442461
1.731638 0.528272 3.331950
2.432016 1.117004 10.722927
1.932468 -0.238771 4.927809
2.687185 -1.215660 11.419561
1.763790 1.432051 3.402319
3.287205 -1.121533 6.367639
2.610046 -0.357000 9.869027
4.445178 -1.900491 21.086830
0.720853 -1.965709 4.561489
-0.434152 0.717399 6.039238
2.956533 1.102736 10.611355
0.543802 1.344621 3.362290
1.921263 1.117694 4.064353
1.688890 0.322447 9.895864
1.533204 0.062871 2.192557
1.357323 1.221099 7.216240
4.322436 0.850529 20.282633
1.110625 1.333461 2.714495
3.101059 0.236090 20.031691
1.485233 0.062413 2.129405
1.941583 0.760775 10.049891
3.442042 -0.736181 18.302114
1.525203 -1.470057 2.878719
1.777216 -1.314909 2.569087
1.543439 -1.489724 2.912450
1.828405 -1.357464 2.644689
1.809453 1.169965 9.671917
2.616760 0.966299 15.305540
0.558113 1.351069 3.161833
3.871521 -1.066131 14.627213
1.501784 1.303881 2.429192
3.001766 1.103991 10.843721
1.608588 -0.675436 2.635034
4.748012 -0.713459 19.922003
1.570466 -0.099971 2.653566
2.878192 -1.662236 14.468961
3.145578 -1.504954 20.461824
1.528264 -1.465866 2.871443
2.591753 1.058174 8.537152
2.702874 -1.744125 10.866280
2.245369 -1.337454 15.394011
2.887876 0.855999 19.082174
1.914732 -1.358393 9.207401
2.455218 -0.618355 13.113708
1.180035 -1.574080 3.131664
4.710368 -0.030342 19.651543
3.861491 -1.691599 14.508024
2.925784 -1.405101 14.438614
1.487095 0.056851 2.120682
3.502489 -1.821722 15.494590
4.835532 0.772629 22.541445
2.501898 1.127260 8.511957
3.369572 -0.365738 12.598715
1.484077 0.466163 2.139132
1.955893 -0.977214 13.761824
1.541515 0.274202 2.442847
1.899276 1.342485 10.328311
1.172394 -1.649813 3.009928
2.841747 -1.165578 10.088567
3.087976 0.546618 21.535355
2.858574 -1.420020 10.883632
3.457471 -1.163397 12.627190
1.583895 1.169863 8.574843
2.766785 -1.544357 9.787722
0.310908 1.313141 2.885857
4.180790 -1.105695 17.076025
3.673779 -1.773178 14.624416
3.314221 -0.180296 17.660091
3.121484 -1.435780 19.988579
1.549909 0.081545 2.597683
2.418791 -1.629980 7.608884
1.502519 -0.178240 2.353813
3.503428 -0.689766 13.183329
2.852352 -1.752529 10.779628
4.823105 -1.652502 20.209476
4.642830 -1.922288 20.104683
2.840859 -0.925157 13.826787
1.712514 -1.267168 2.496823
5.094838 0.834283 21.823454
1.481599 -0.173898 2.102838
3.519159 -0.236047 13.325459
3.601767 0.680312 13.925848
1.125364 -1.869483 9.325146
2.111221 0.648262 14.980245
1.554083 0.082875 2.605231
2.057212 -1.634459 7.687248
2.422718 0.512493 12.659345
3.773558 -1.710983 14.539972
3.863341 -1.327981 14.575616
0.846351 -0.605484 12.455167
2.866911 -1.418228 14.516643
2.618069 -1.658805 11.657554
3.519068 -0.691875 13.220140
2.091522 -1.607591 13.669324
1.617847 0.620265 2.815247
3.448817 -0.668246 12.778309
1.970693 1.133687 9.490430
4.270011 -1.899507 20.928038
5.172043 -0.958101 22.166862
2.915364 0.665745 10.137696
2.924969 -1.406292 14.442353
1.179241 -2.189124 12.634438
1.587010 0.172602 2.729550
2.043492 -1.607918 7.629534
5.156963 0.753590 22.161184
1.546856 -0.275409 2.414056
2.727213 -0.575310 17.979712
3.857428 -1.521545 14.409232
-0.025254 1.343000 3.337605
2.932433 0.250855 22.192999
1.499322 1.297668 2.574663
1.037784 -1.967181 8.733377
2.725011 -0.213351 17.966492
4.392147 -0.090623 18.532669
1.608216 0.612037 9.740396
2.160901 0.244967 15.264906
0.819151 0.725682 12.613581
2.967490 0.683015 11.740812
4.715044 -1.061676 19.774790
2.191468 0.169188 12.865263
4.760511 -1.662664 19.816828
2.899258 -1.703758 12.345787
-0.054276 0.998872 6.629356
0.397958 -1.990313 4.333220
0.480203 1.310186 3.869934
0.611565 1.390930 3.410208
2.032377 0.612618 9.979112
-0.036671 1.295140 3.654340
1.778969 -1.155731 12.631102
1.962032 -0.051838 4.514494
1.766738 0.973937 4.897628
2.047821 0.793606 8.243272
2.034198 -0.546958 4.693135
1.869429 -0.705264 4.128867
1.700703 -1.429085 4.197497
1.803790 1.139819 9.527877
4.015385 -0.814776 16.216234
1.216772 -1.401715 8.058758
3.053680 1.101485 11.024309
2.503840 -0.933981 5.710143
2.581274 -1.701402 10.973304
-0.298773 1.268068 4.789145
1.986446 0.938012 5.258219
1.456300 1.912480 5.987733
1.292096 -0.164711 13.122455
0.821050 -1.495519 9.734241
1.923028 1.578517 8.631207
0.981457 1.145802 8.624786
2.176561 0.136064 15.490955
4.749647 -0.726645 19.963129
-0.070096 -1.479649 7.098201
-0.193573 1.308778 3.361949
2.036031 0.985168 5.371213
2.408200 0.570524 16.801483
3.131830 -0.654299 16.417328
1.688117 0.608448 3.352416
1.771867 -1.809626 6.281558
1.843578 -0.565718 4.099711
-0.091910 -1.698936 8.187041
3.531294 0.830523 20.009954
0.925669 -2.028437 7.877013
2.692529 -0.172879 10.198195
2.264883 -1.544781 7.905525
1.690339 0.611573 3.352277
2.436510 -1.537644 7.854317
2.843530 -1.429734 10.864185
1.971918 -0.626909 4.552848
4.737472 -1.893221 20.348171
1.211427 -0.152976 12.283945
1.596918 0.421890 10.327227
2.908207 -1.658430 10.924727
2.848061 -1.424633 10.838906
1.732323 0.745301 9.990089
2.066522 -1.518565 7.825902
3.355693 -1.143509 13.520301
2.274430 1.045010 12.706113
2.248790 -1.535499 7.634114
3.116475 -1.466902 20.016485
2.419161 1.127233 12.156869
0.693113 -1.048607 7.072897
3.848157 -0.012460 14.720974
3.747470 -1.676787 14.298434
2.135062 0.506144 15.166907
4.686503 -1.695052 19.489983
5.109270 0.146213 22.016752
1.493304 0.585626 2.543364
0.389970 0.823406 8.826343
3.496979 0.757144 21.234962
2.185008 0.397087 10.958825
3.116896 0.759630 20.928438
2.804862 -1.442464 18.125145
1.722608 -1.277238 2.503146
3.163677 -1.485283 20.456455
2.950432 -1.677593 10.832232
2.090874 -1.543302 7.894236
4.689811 -0.560162 19.946644
3.078100 -1.329449 10.803472
3.549858 -1.581705 14.553404
1.927969 0.753955 8.322799
3.256065 -1.421561 20.530966
3.391261 -1.672975 13.022240
2.056534 0.600175 14.595535
1.885307 -1.629204 7.483435
2.250139 -1.518378 7.780637
2.933347 -1.706551 10.797910
1.522861 -1.459035 2.851124
3.753924 0.869953 14.856615
1.723026 -1.273672 2.501785
3.307099 -1.727088 14.568004
3.638726 -0.082637 17.292402
2.144656 0.172409 14.936339
3.017453 -1.989878 13.092666
2.676140 -1.854509 11.005542
3.353137 -1.817530 14.686943
3.413493 -2.356437 20.636778
1.535235 1.333623 2.477092
4.682630 0.824756 20.061762
2.596336 -1.462408 12.153811
3.690979 -1.751603 14.507716
3.331139 0.556000 13.598428
1.514629 0.100197 2.247464
2.029046 -1.588775 7.588953
2.064706 0.141098 14.794881
2.940806 0.794188 22.448439
0.552588 -2.031460 9.156646
2.748160 -1.910688 10.901013
2.313586 -1.608400 7.812941
2.297300 -1.558565 7.864411
3.131447 0.962664 14.932831
0.695988 1.350969 2.815871
1.898976 -1.344210 2.708432
3.116293 -1.445303 20.021786
0.311042 1.336039 3.069307
2.958547 1.108977 10.547027
0.108514 1.330780 2.658654
4.522727 -1.692433 20.072628
0.575092 -0.049131 10.990487
2.955814 -1.268659 18.990227
2.117197 0.542661 15.062370
1.573858 -0.097326 2.653975
2.584532 -1.451229 12.104040
1.479749 0.092156 2.186349
3.939382 -1.609313 17.008709
3.114055 -1.123836 20.068502
2.051670 -1.584077 7.987591
3.632179 -1.836372 14.486172
1.500236 -0.212552 2.231891
2.009936 -1.582847 7.884665
4.653514 0.868382 19.814701
2.088888 -1.417207 9.316132
2.036479 -1.645177 7.865104
1.702629 -0.719117 2.793180
1.528919 -1.462555 2.860634
3.537358 -0.251827 13.357426
0.272148 -1.869652 11.434602
2.074021 -1.553337 7.811242
3.358910 0.984741 15.241195
1.606146 -0.321468 2.727591
4.683088 0.862217 20.130665
0.703818 -1.572318 11.962472
0.393747 1.341469 2.650913
2.730671 -1.786756 10.950010
2.020784 -1.599625 7.919178
3.741673 -1.739800 14.842611
1.559371 -0.098861 2.632173
1.995775 -1.595377 7.408881
4.651626 0.779196 22.798988
2.718385 -0.562632 18.005934
2.284662 1.033112 12.707330
4.543975 -1.505690 20.859289
4.663309 0.892061 19.729847
4.420892 0.814857 21.491087
4.694419 -1.933762 21.884796
1.256595 1.188222 7.769878
2.008675 -1.411895 8.373568
0.575109 1.139295 8.260811
1.293668 1.176005 7.804308
0.690714 1.335612 2.779465
3.742651 0.984725 14.853490
1.256961 1.190727 7.782674
2.036599 0.800848 10.076822
2.379389 -1.494022 10.420448
3.014607 -1.417219 22.399727
2.939277 -1.742298 12.615391
3.836887 -0.480421 21.279697
3.574956 -1.729474 14.503033
3.184384 -1.143803 14.232867
2.101835 -1.572790 7.948016
3.349391 0.980397 15.229066
4.995572 0.745640 21.534637
2.786309 -1.698841 10.946169
4.999948 -1.827837 20.669962
0.395649 1.315881 2.635627
2.269204 1.223019 7.388862
2.071075 -1.310017 15.173860
4.694525 -0.709089 19.839491
5.023187 0.810324 21.670547
1.536078 0.273431 2.434735
2.537302 -0.555229 15.505859
3.755656 1.002879 14.881811
1.509793 0.448651 2.403689
1.901190 -1.649008 7.533888
1.898747 -1.649613 7.534280
3.354794 0.982049 15.228671
4.446083 -1.970695 21.359629
0.798856 1.363680 2.584715
2.120543 0.440242 15.055643
0.683306 1.315272 2.741575
0.978153 1.372791 2.896924
0.189672 1.345875 3.166051
2.314575 0.393680 7.692079
2.872167 -1.654794 15.858190
2.686398 -1.700440 10.960187
3.860002 -0.019117 14.652416
-0.106334 1.334260 2.675566
1.669730 -0.706808 2.736352
3.197303 -1.611771 21.047188
2.944783 -1.656846 14.327221
2.018518 0.847616 8.715164
2.370522 0.719277 8.248428
2.943901 -1.374139 11.441667
5.072349 -1.904254 22.368250
3.104307 -1.907964 14.030236
2.447457 -1.625823 7.600203
1.247153 1.347126 2.701120
3.565343 -0.544742 13.472696
1.768111 -1.243307 2.513249
1.742109 0.337073 9.899302
0.667049 1.039726 7.159969
3.451170 -1.635490 15.689178
0.526585 1.304910 3.864255
2.823126 -1.583305 15.425495
2.029372 0.714596 10.190886
0.649071 1.177864 7.298702
2.010720 0.214703 5.243029
2.005282 0.603151 9.914405
1.723303 1.232595 7.128566
2.611149 -1.810390 11.237432
1.881757 0.922627 13.228408
5.275139 -1.444929 21.357925
2.025728 -1.407841 8.267853
1.499547 1.329171 2.477715
2.247996 0.794870 15.629751
2.570612 -1.589206 10.903532
3.146511 -1.189041 20.392868
1.593736 0.616242 2.760409
1.737836 0.720977 2.956661
1.494169 1.279310 2.597795
1.551549 1.347752 2.502839
4.076848 0.795367 16.668365
2.631521 -1.644767 9.068353
3.958532 -1.294063 18.453979
3.200948 1.053698 12.013243
1.511474 0.019127 2.545409
3.823743 -2.365186 20.864935
1.475677 1.261335 2.561536
3.079288 -0.137573 19.869864
1.294034 1.188912 7.826450
3.679077 -1.779436 14.680439
2.568751 -1.588381 11.496753
1.725747 1.214423 7.092398
1.957378 -0.634767 4.842925
3.095143 -0.154203 19.779247
1.513179 0.295617 2.401072
1.595715 0.612848 2.762345
3.104981 -0.568443 20.015837
1.720039 1.213902 7.092785
1.551695 -1.473592 3.115513
3.147301 0.742212 20.366644
1.916630 -0.132754 14.716792
1.970521 -1.208681 4.784145
3.154616 -1.911571 14.713896
4.461942 0.867622 20.054251
1.501846 1.290929 2.598527
0.549939 -1.932817 8.512383
1.550745 0.609296 2.625919
3.248243 -1.828559 14.646644
1.827965 1.083263 2.837077
1.516477 -2.158513 12.104069
3.435360 0.996260 13.241308
1.567358 1.351671 2.698753
2.973204 1.114954 10.672790
5.238727 -0.138463 21.461376
2.310094 -1.406071 8.057814
3.059724 0.680010 11.992365
4.030555 -1.205788 16.164999
2.762814 -0.211712 14.270069
4.258175 -1.849494 20.160564
1.664901 -1.571323 3.324198
1.583232 0.169426 2.726100
2.904176 -1.679068 10.752310
2.056249 0.323971 5.369442
4.120589 -0.980277 19.041277
2.007285 -1.594729 7.661252
1.353514 1.210409 7.153395
4.850763 -1.910541 21.076059
2.164363 -1.404405 10.003360
1.663219 0.170261 3.028810
2.757650 -1.624225 10.982448
2.045458 0.349005 5.328750
2.353518 0.711909 8.208687
5.261753 -1.127471 22.527409
1.489921 1.282050 2.564369
2.274394 -1.548533 7.843118
0.431257 1.039755 10.347113
4.009539 -1.175545 16.070518
1.190777 -1.633975 8.190033
3.419227 -1.939498 14.576709
1.580386 -0.009448 2.703130
4.712291 -0.013102 19.655546
3.153796 -1.911618 14.714037
4.588071 -1.732170 20.220381
3.795948 0.004410 14.450551
1.520579 0.179495 2.406716
1.555497 0.607411 2.628372
2.001632 -1.609590 7.410146
1.537478 0.459440 2.445452
4.739879 0.815507 20.698685
3.165437 -1.866240 14.691526
3.516854 0.856860 19.987125
2.218374 -1.567930 7.543212
5.224233 -1.046948 21.683359
2.403275 0.504670 15.430740
2.622965 1.112013 11.121504
1.748478 1.040395 2.706286
3.859066 0.041909 14.646635
2.688066 -1.748876 10.924643
1.352779 1.206658 7.155024
1.995373 -1.555525 7.162967
4.372880 -0.035076 17.344284
1.934895 0.403436 4.574864
1.563121 1.242934 6.800281
2.667272 1.154713 9.900171
3.045651 -1.690670 12.060203
1.251368 -1.796669 3.214719
4.395105 0.873252 19.274759
1.093762 -1.468837 2.911491
0.796312 1.023525 12.802858
4.396574 0.873256 19.278122
0.439600 1.335107 2.473160
0.672461 1.329211 4.778942
1.816560 -0.115659 4.145848
2.776903 1.065455 12.341396
0.702034 -0.919592 7.649056
2.966434 0.730785 19.417131
1.138500 1.369680 2.780352
2.748773 -0.879017 5.654071
1.076381 1.216501 7.012048
1.477422 -1.479035 5.044436
2.840536 1.134862 9.883887
0.657790 1.175546 7.243791
4.984589 0.772136 21.561489
1.070487 -1.461409 2.674181
2.271626 -1.209877 4.744447
1.154868 1.020453 12.683884
2.920464 -1.667155 10.559950
3.301013 0.787198 21.614080
2.811429 -1.498025 10.222264
3.564008 0.852478 19.402149
3.073999 -2.019830 14.068959
3.512872 -1.538831 14.454771
-1.020554 -1.072131 2.850827
2.654640 -1.738234 10.849757
0.701082 -0.923113 7.649287
3.016485 -1.693104 11.884892
2.805218 1.067304 11.844242
1.674488 1.111495 10.333925
0.107930 1.323634 2.644530
2.949442 -1.469715 18.866734
2.271388 1.067010 12.425356
3.214526 -1.695407 12.274098
1.488017 -1.585899 4.991229
0.628897 1.328748 2.892281
2.668863 1.154731 9.899170
-0.016679 1.349171 2.807950
2.943837 -1.654371 10.790353
3.160812 -1.680528 12.199209
2.094626 -0.287178 5.172481
2.363281 -1.588562 7.245962
1.856909 0.572916 4.197165
5.142852 -0.234264 22.206198
1.876519 0.010969 4.213375
2.897816 -1.723705 10.666170
2.582872 1.155522 8.574241
0.634496 1.332269 2.903785
2.975091 -1.579711 10.215889
0.649744 1.179566 7.120727
2.899730 1.145050 10.223516
2.265098 1.051250 12.403288
1.920835 0.565945 4.235091
3.249744 -1.451282 20.491518
1.742342 1.006242 10.559700
2.908735 -1.732199 12.293344
1.649573 -1.402543 6.919247
2.980179 0.338873 22.369263
2.710923 -1.854426 10.851283
1.530167 -1.297379 6.833289
1.625522 1.108959 10.183238
2.155444 1.258099 6.606332
2.808229 -2.052325 14.797117
-0.171178 1.313877 2.622680
1.630576 0.773567 10.201981
1.864297 0.009751 4.192470
3.077045 -1.690727 12.023697
4.362572 -0.104738 18.402088
0.689115 1.313632 2.829222
3.023849 -0.986427 6.125346
1.290135 1.351218 2.794527
4.633886 -1.686562 19.232813
4.152127 -0.364203 20.997097
4.811244 -1.647912 20.252218
1.737802 0.997481 12.547859
1.969167 0.687865 4.679652
4.183023 -0.659708 17.060059
-0.437918 1.304477 2.994632
3.091209 -1.333050 14.056078
1.689558 1.302913 7.049701
2.476626 -1.050015 13.645276
3.480531 -0.809987 13.086457
3.121477 -1.404935 19.996218
1.954902 0.417053 14.023418
5.145188 -1.034261 21.367214
2.297678 0.805327 8.396715
2.760523 -1.012563 8.729963
3.063261 0.383185 20.345514
2.088365 -0.578792 5.273035
3.664277 -2.223339 20.422382
4.716709 -0.174215 19.658512
1.993430 0.208320 5.220000
3.112475 0.392939 20.042284
0.630730 -1.738973 5.585981
2.619505 -0.941652 8.376056
1.542285 -1.317255 5.196764
4.740859 -0.042184 19.809999
3.008934 -1.522249 15.066859
0.632623 -1.725670 5.563698
0.001855 -2.057706 6.510587
4.850955 0.834290 21.306749
3.724936 -2.233048 20.280455
2.312829 -1.057863 6.377247
0.634598 -1.405525 5.293916
0.719859 -1.513712 11.589913
3.193288 -1.375178 22.032703
3.213987 -1.731787 12.312721
4.755575 -0.037875 19.865463
3.123382 -1.222170 19.957279
4.414406 -1.924505 19.640036
1.173604 1.349712 3.025323
3.741775 -1.739381 14.974105
2.061625 1.097449 10.069839
4.018751 -1.148166 17.097038
0.817803 -0.578035 11.624457
4.257367 -2.088162 19.726986
1.226696 -2.034726 7.491600
3.216099 1.080919 12.398152
3.330044 0.299233 16.890574
1.047630 -1.501095 2.681076
1.634572 0.607992 9.951057
3.016432 -1.578032 11.286771
4.386918 0.815262 21.333881
1.480178 -1.365235 8.093572
3.132573 -0.407168 17.858200
2.364831 -1.694502 10.074236
2.021421 -0.551996 5.125379
0.649953 -0.375036 11.344739
1.520364 -2.083471 12.019776
1.663112 -1.362949 15.550353
4.854979 0.831574 21.307581
0.737255 1.327415 3.060721
1.750764 -1.609021 6.064513
2.540106 0.229148 10.720243
1.844623 0.706629 12.644509
4.675811 -0.070557 19.621576
3.159729 -1.695846 12.388351
0.977721 1.141590 8.606424
2.293320 1.402030 10.291541
3.096623 0.408178 20.114664
1.816914 -1.292904 14.376913
0.298902 1.328388 2.582397
0.819209 -0.574419 11.695786
3.113288 -1.708988 13.321510
3.234796 -1.777468 14.059489
1.836904 -1.726771 7.059956
2.941492 -0.228536 11.205437
2.141948 -1.788360 14.367768
4.243279 -2.089149 19.729080
2.355335 -1.482131 7.662899
1.663620 1.025022 12.589112
3.105130 0.396783 20.058256
2.936315 -0.648132 19.000957
4.173935 -2.149064 20.130951
2.203516 -0.660682 6.140847
1.616341 0.659249 9.991423
4.623630 -1.897619 20.049984
2.762616 -1.298740 13.851420
-0.478065 1.299227 2.905665
3.386111 -0.334314 13.051295
1.932373 1.216517 7.473908
3.732100 -2.233677 20.293365
3.206563 -0.920462 13.125538
1.420716 1.192582 7.684664
4.384028 0.886842 19.713074
-0.314409 1.448312 2.801540
2.419145 0.570842 16.283361
1.596769 1.170577 8.682562
2.190452 0.197838 13.058420
0.362868 1.316896 2.779171
3.833382 -0.339669 14.145224
3.472271 -0.473218 13.077933
1.009527 -1.419353 2.622072
2.931267 -0.643546 19.063347
0.569857 1.333606 2.677886
0.180941 1.346378 3.165825
1.775595 -1.506023 4.987264
2.027651 1.200150 7.685899
2.382577 0.871708 16.009487
0.688981 -1.026111 7.295945
1.266752 -1.807580 3.241491
1.068767 -1.389357 2.789291
2.797006 -1.648940 10.850858
-0.108285 1.325146 2.658581
1.959525 -1.365946 4.705948
-1.020633 0.347861 2.843635
1.644000 1.238434 6.808953
-0.108352 1.323845 2.655388
2.640229 -1.751552 10.656428
0.678224 0.468769 7.175778
1.901402 -0.132394 4.474959
0.569718 1.156926 8.309221
1.483560 0.989000 12.486905
2.173254 -1.510976 7.417360
2.690848 -1.751577 10.794971
2.863246 0.985032 14.069397
-0.364621 1.317692 2.672852
3.021708 -1.907169 15.653693
0.852719 1.319734 3.658889
3.386625 0.969295 15.553975
1.919761 -1.476616 6.964983
4.067355 -1.421423 18.927629
1.677800 1.168233 7.928645
0.390772 1.338448 2.635318
2.040297 1.204400 7.642301
0.415159 1.343039 2.454550
2.320829 -1.798238 17.682659
1.025589 -1.431118 2.649354
3.474625 -0.043635 13.073727
0.655535 1.293555 3.892305
2.138096 -0.008557 15.224872
2.390187 -1.621760 7.309596
3.060310 -0.114802 19.829571
1.298662 1.212220 6.999333
1.991818 -1.873180 9.446036
0.090515 1.275020 4.112860
0.686776 1.329525 2.765919
3.385829 0.968460 15.554069
2.225171 -0.105332 15.218325
4.682319 -1.396509 19.312592
-0.132612 1.317087 3.092566
4.655925 0.860930 19.511017
2.235937 -1.513489 8.314992
3.021911 0.368184 20.361681
1.765571 -1.490683 4.962935
0.472227 1.305670 3.855683
0.886865 1.367965 2.525204
0.590613 1.337629 2.695882
3.392885 0.834842 20.216381
1.866575 1.093661 10.391244
1.699572 -1.521805 7.951067
-0.218919 1.355930 2.687258
4.613421 -1.668529 19.121403
1.902104 -0.112892 4.409506
4.412277 -1.317274 18.738140
1.298180 1.212514 6.999784
3.385941 0.965714 15.554002
4.410150 0.895775 19.312370
2.285396 -1.378545 7.898386
2.568057 0.907971 15.933527
4.297513 -0.915576 16.949257
2.950798 -1.136951 10.031966
0.676788 0.470151 7.175981
2.144002 1.069726 4.626247
2.052384 -1.570908 8.023807
1.949905 0.142021 13.960198
2.775161 -1.815707 9.409643
0.428090 1.323701 2.790932
3.352305 -0.810265 16.581411
0.589838 1.334620 2.691212
1.057530 -1.885267 3.625204
0.715292 1.305030 4.721210
0.313924 1.319240 2.901680
2.087310 -0.271229 5.216767
0.509936 1.316909 3.595926
2.306428 -2.080664 14.852738
3.082959 -1.712687 11.911660
0.797634 1.362955 2.581470
1.867272 1.108423 10.409834
2.030524 0.690418 4.602585
1.616459 0.667230 10.012527
2.380995 0.906820 16.185061
1.874465 0.533735 3.737733
3.194391 1.051809 12.026695
1.177216 1.355626 3.033451
3.962691 0.933483 15.896884
2.542021 0.979819 14.159835
1.425956 -1.539877 4.721104
4.707323 -1.235855 19.561712
1.927088 -0.061671 4.548240
3.212069 -1.580861 14.427639
2.015414 1.197689 7.683208
0.882250 1.352780 2.495151
1.246165 -1.477935 3.545616
2.053500 1.079026 10.138061
2.270130 -1.365752 7.809137
1.787206 0.153647 3.647151
1.967703 -1.345676 8.344713
3.087120 0.415786 20.053726
2.937253 -1.678418 10.767181
1.894911 1.344388 4.935980
2.672135 -1.073274 13.490564
2.375051 -1.184175 13.486127
3.087790 0.412860 20.072166
3.028380 0.254063 13.034843
1.270512 -1.495890 3.907775
4.676558 0.883705 19.725697
1.765363 0.753035 10.003227
3.011184 0.826697 19.661867
0.715972 1.292793 4.700399
1.064144 1.186470 7.882829
3.480954 -0.546905 13.088431
3.214264 1.022841 13.238250
4.975231 0.883690 21.763338
-0.860948 1.291494 2.922852
-0.754421 1.291242 2.932800
0.078747 1.200572 6.947075
3.009549 -1.706579 12.093060
0.311122 1.316717 2.897347
2.385972 0.971746 13.138758
2.671478 -1.706820 10.805226
1.411741 -1.477232 4.891561
-0.104960 1.318735 2.647237
2.754266 -1.713879 10.624859
1.176163 -1.504218 3.352562
2.037556 -1.563377 7.934037
3.049327 0.798989 20.324644
0.792430 1.353186 2.562905
1.866291 1.107593 10.410134
1.871470 -1.420760 3.278362
1.056354 -1.878043 3.614515
1.302631 1.228046 6.995250
0.506266 1.149818 8.187355
2.360438 -1.601433 7.188761
3.218682 1.037652 12.683357
2.170082 0.737350 14.983219
0.667345 0.435747 7.294300
3.048582 -1.715623 12.722682
4.705206 -0.692291 19.873421
1.236824 1.197217 7.590212
4.720412 -1.028545 19.604868
1.025085 1.354678 2.446568
2.007761 1.075721 10.102342
1.683267 1.188921 7.974715
3.131990 -1.738617 13.387316
2.293306 -1.601279 7.168221
3.498185 -0.391272 13.133197
1.686292 1.189189 7.963377
4.986885 -1.776410 20.598410
4.340778 -1.954368 19.814342
2.929990 -1.839210 13.722410
0.485788 -1.263291 8.139987
4.202092 0.854754 20.100916
0.695154 -1.027957 7.265747
0.587587 -1.097888 7.709586
2.696382 -1.345930 17.049118
2.057003 -1.575308 7.056696
1.324612 -1.458082 3.785051
1.867460 -1.437164 8.386668
2.081175 -1.448672 9.795689
3.918466 0.318562 17.225567
2.021407 -1.529489 5.898577
1.259628 1.323304 4.542814
2.811584 1.035394 13.339057
2.886856 0.775205 11.387576
2.358057 -2.307966 13.740613
2.321835 0.765044 8.274894
2.021882 0.258095 5.286507
1.142995 1.276183 5.139871
4.125372 -1.637939 18.515085
2.086384 1.206331 5.719498
1.902755 -0.101312 4.292909
1.687200 -1.247829 6.800118
0.659377 -1.332053 5.175345
1.895669 0.375668 4.297578
3.095782 -1.703163 13.241072
2.385937 -1.490218 13.899108
1.884200 -0.107694 4.240570
4.279300 -2.033890 20.002785
1.032849 0.836628 10.772793
4.066916 -1.396548 17.383469
1.159935 -1.508161 3.260514
2.543424 -0.189755 16.331045
0.566749 1.074127 7.057429
1.764403 -1.262565 6.725013
1.031697 1.361799 5.598010
-0.879571 1.242471 4.488257
5.217887 -1.404521 22.342394
2.140683 1.238548 6.580140
-0.070261 1.268819 4.322348
3.131053 -2.134519 14.321203
-0.473497 1.356915 3.118629
1.838187 0.072766 4.082458
2.193219 1.251359 6.558194
-0.007167 1.317556 2.757246
-1.265531 -0.971150 3.878000
1.837084 0.369524 4.100955
2.207551 1.169086 6.456899
-0.931905 -0.681488 3.700391
0.406627 -1.893445 4.199188
4.320692 -1.832485 20.931383
1.236302 -1.482486 3.223228
2.516966 -1.687135 11.709804
0.612031 -1.962959 4.638092
1.854900 0.419723 4.123434
0.686497 -2.153931 7.458460
5.255793 -1.033315 21.779909
1.391049 -1.469759 3.237736
0.892981 -2.016073 4.855283
3.864898 -0.918467 17.996803
2.031242 0.528458 15.104315
2.957352 -1.661757 11.579591
-1.029215 -1.089930 2.891708
2.344355 -1.575717 7.624703
3.011390 -1.657822 11.560208
-1.077402 1.229436 2.955278
0.667605 0.934716 11.891966
-0.819528 1.395066 2.890797
1.315404 -1.323901 2.948323
0.599250 1.287337 3.867289
3.198484 -1.684320 15.932644
2.562490 -1.247210 7.853791
0.530278 1.783144 3.847118
-0.763173 -1.396358 4.196239
2.498021 -1.217780 7.698163
1.890856 0.971014 13.447298
3.386138 0.835394 13.274706
-0.239680 -1.506289 4.739923
2.034629 -1.189672 13.991412
3.262881 0.834765 21.858585
0.646060 -0.521997 11.359360
3.122288 -1.233194 19.936935
-0.427302 0.712126 5.885158
3.735145 0.776279 21.979078
0.693904 1.330828 2.706187
5.183379 -0.999992 21.648277
3.852748 0.857204 19.771917
4.496516 -1.925063 19.719448
2.990449 1.066736 10.843727
1.694060 0.655027 10.348464
2.186728 1.170163 8.724147
1.540915 -1.468047 3.093787
2.340098 -0.192721 8.911922
0.524138 -1.876663 9.793619
1.834132 -1.463400 4.944420
1.489031 -1.850778 11.785969
1.622160 -0.108164 2.941716
2.229877 -1.677259 6.451110
2.913963 0.831174 15.850608
5.192593 -1.169974 21.745708
4.635520 -1.918429 19.661625
1.187364 -1.599607 8.121010
0.667550 -1.259678 7.329963
0.911357 -1.250386 9.024266
2.841679 1.072415 11.717449
1.477619 -1.428079 2.955238
0.523584 1.359968 4.050785
0.268799 1.392515 2.780555
1.209103 -1.454396 8.287827
4.855422 -1.892719 21.001701
1.602352 0.072126 2.886984
0.263581 1.318211 2.629209
0.821454 0.725445 12.474920
2.113028 1.157108 9.361142
1.631862 -0.288354 2.910976
-0.067918 1.226069 4.200728
3.861237 0.995058 14.747645
1.374894 -1.906879 11.748267
2.787757 0.575521 9.796546
2.385391 -2.136220 13.772668
1.007384 0.824743 10.665510
2.528775 -0.348466 9.607048
2.660317 -1.692711 11.027585
0.825872 0.926626 12.878729
1.614995 -0.197418 2.852703
3.150552 0.836211 15.720760
3.584172 0.796305 21.849827
0.984513 1.457938 6.004912
4.790317 -1.303805 20.227644
1.613887 -0.012294 2.862005
2.683817 -1.677330 10.999721
1.640284 -0.012726 2.904356
2.682315 -1.675816 11.000084
1.428056 1.306754 3.914214
2.030625 0.773919 8.188608
3.239043 0.978709 15.561925
2.315253 -1.837055 8.710559
0.870521 1.354695 2.503507
2.276755 1.047852 12.564192
1.631523 -0.292762 2.844257
2.935103 -1.529609 10.934227
2.382795 0.871676 9.569855
1.995404 0.224845 5.213544
3.109746 -0.656438 16.073694
1.161589 1.261629 5.090781
3.016831 1.096146 10.879666
3.744506 -1.584480 14.230584
2.032981 1.190409 5.537781
2.125144 -0.699543 11.163107
0.427278 -1.964758 4.380457
1.616471 0.220940 2.844864
0.513469 -1.995851 6.716974
0.781404 -1.891539 4.572558
3.022861 -1.360535 17.048876
3.343863 -1.504658 22.122761
-0.977205 -0.708641 3.883181
3.804648 0.668434 15.610267
-0.939432 -0.642585 4.533745
1.608669 -0.283224 2.803805
-0.096635 -1.425847 6.662150
-0.102985 -0.920437 7.260649
3.075800 -1.415188 10.768718
-0.432695 0.735752 5.959406
2.905443 -1.709605 12.206100
0.559898 -0.002573 11.087208
3.716012 0.042451 14.058839
4.505395 -0.883260 18.716415
-0.810794 1.165522 4.142407
2.044567 -0.265955 5.123271
4.853920 0.892747 20.898159
-0.739750 -1.372732 4.109018
-0.322952 -1.871161 5.933410
-1.082656 1.239122 2.962588
1.388237 -1.674084 8.269614
4.340286 0.944028 20.930058
-1.026862 1.153291 3.843089
4.323351 0.850866 20.731232
5.057322 0.802311 21.905937
3.093938 0.253431 20.078447
4.760786 0.638184 20.567280
-1.036725 -1.089852 2.895601
1.752025 -1.304505 4.949733
1.889991 -1.473083 4.940193
2.293328 -1.391967 7.891061
1.889093 -1.494738 5.072200
1.855439 -1.436645 4.862223
3.178379 1.063896 11.927371
3.215452 0.792111 20.893486
-1.044747 1.054244 4.093226
1.764719 -1.312796 4.996762
1.856441 -2.099364 12.059071
1.763475 -1.314434 4.995090
3.761636 -1.990057 20.696638
1.730389 -0.363405 9.392597
2.956577 -1.774762 11.945033
2.163795 0.700361 8.119375
2.595758 -0.072705 12.954897
2.563497 -1.328003 10.079078
3.003431 -1.764720 11.924755
3.253393 -1.248147 14.051486
2.999134 -1.607046 11.458735
3.844791 0.855056 20.291788
2.240133 -0.644922 9.077577
3.463616 -0.507175 13.224102
2.669246 -0.146177 10.091906
-0.879993 -0.753884 4.308726
1.516051 -2.122719 12.106848
3.805551 -2.314151 20.730047
-0.097866 -1.540384 7.222585
-0.918295 -0.592284 4.505928
3.578755 -1.649142 15.967950
1.678280 -1.544966 5.125538
-1.174213 -0.901463 3.610539
1.631080 -1.478064 4.982876
2.558072 -1.432876 9.043812
2.644073 -1.950550 11.385191
-1.024935 -0.732716 4.055289
1.641624 -1.380981 4.050485
-0.971245 -0.123725 4.226189
2.853849 1.093322 11.741093
-0.724950 -1.345346 4.032575
-0.301408 -1.761613 5.626790
-1.055256 -1.110284 2.950480
5.174326 -1.488239 21.573120
-1.057779 -1.305107 3.747444
4.319070 0.849142 20.284168
1.982374 -0.774597 4.355950
5.103092 -1.943954 22.563700
2.034207 -0.258720 5.196563
0.590211 -1.109835 6.416621
2.624375 -1.663887 10.805555
2.396184 1.047462 7.837310
0.777363 -1.047993 7.776398
2.851818 -1.677577 10.693363
1.928011 0.227505 13.609241
4.512364 -1.821054 19.979477
1.829383 -1.546263 4.505206
2.176132 1.163522 6.238205
1.946199 0.776054 10.128532
0.388996 -1.910825 4.178499
1.447593 -1.535555 4.849393
4.983039 0.741272 21.643183
0.761268 -1.820469 4.087644
2.614890 -1.670633 10.703361
4.804978 0.371937 20.347363
2.104615 0.760158 10.560699
0.792749 -1.934226 4.689494
2.523493 -1.893752 9.587341
3.499831 -1.750325 13.762814
-0.797458 1.298369 4.428329
-0.237384 1.305554 3.188916
2.457961 -0.371812 9.271317
-0.033590 1.272333 4.325552
-1.071611 1.227774 2.931072
2.329971 1.060386 7.752853
1.619589 -1.395402 10.095851
-1.035677 1.256957 3.423408
2.883898 -1.685607 10.522191
1.974062 -1.228445 4.778035
-0.399126 0.695256 5.578938
-0.827058 1.186830 4.218242
2.673795 0.754749 17.806925
0.091675 -1.711107 7.014866
1.790615 -1.441952 10.973800
-0.197834 1.111560 7.458652
2.922045 1.121815 10.354014
-1.042848 0.292112 4.478934
2.796389 0.058543 14.324595
0.889870 -1.958053 8.079161
-1.065408 0.938443 3.718033
2.910738 -0.994176 11.625292
3.664351 -1.335096 13.800358
1.966031 -1.381830 4.728358
1.292831 1.181043 7.805950
1.448272 -1.530313 5.017969
2.676979 -1.107542 12.027328
2.814966 -1.685516 10.476005
1.973184 0.698370 9.903465
2.050873 -1.384648 4.735529
2.614897 -1.693923 10.507754
2.002459 -1.490172 7.424612
1.943748 0.612511 14.007224
0.258420 1.329202 2.658360
2.926655 -0.085943 18.984455
1.755593 -1.418769 10.780595
3.061679 0.303356 20.365812
2.048188 0.797365 8.184283
1.441310 -1.254522 5.048525
1.958785 0.231459 5.135396
1.952942 0.222029 13.975600
1.214143 1.310564 5.299609
2.303365 -1.535629 7.258594
0.917021 0.778685 9.931738
3.017696 0.995154 14.505204
0.622205 1.127933 7.352112
3.563038 0.951800 13.720083
2.782689 2.683155 16.451946
2.065709 -1.063216 8.073575
2.020777 0.717845 4.780540
2.233481 -1.545741 7.220071
2.276106 -0.942777 8.261509
0.952064 1.289806 4.830737
2.228100 -1.548240 7.215249
3.508485 -1.008040 14.374226
1.288076 1.468399 5.096331
2.366502 -0.236203 8.956297
3.956945 0.956358 16.036592
0.646991 -1.336231 5.168794
1.770108 -1.733626 12.986275
3.566537 -0.330484 13.603180
2.416391 -1.523299 14.229252
2.154160 1.111137 10.314925
3.488641 -0.757246 19.026554
1.967809 2.576496 8.173698
1.938604 0.219546 13.874924
-0.103605 -1.658415 6.160215
1.714702 0.039583 9.754121
1.370244 0.890921 10.684100
1.877057 -1.474317 4.971987
2.064147 -1.680453 7.594689
2.051377 -1.580713 7.530712
2.044386 -1.458122 8.806909
1.496873 1.801715 6.034604
3.554404 -0.514719 13.526167
2.209071 -1.350703 7.748734
2.851672 1.132861 10.052074
1.917339 0.381318 13.822526
1.855697 -0.709304 4.097182
1.233645 1.344803 6.369627
1.926179 0.225206 13.809927
1.901949 -0.138278 4.451200
4.709556 -1.895678 20.146929
1.725157 -1.287833 4.971635
4.964754 -2.012537 21.360252
1.990083 0.699484 9.884725
2.466995 -1.253487 7.080981
2.085688 0.589633 10.054265
1.910154 -1.466984 6.991275
1.995292 -0.864939 4.949271
1.256217 1.417806 4.931476
-0.863008 -0.743887 4.274256
2.340043 1.138942 9.935988
-0.085908 -1.508690 7.101838
-0.374670 -1.918859 5.774042
1.922843 0.511993 13.770885
4.589143 -2.266188 19.964693
-0.938217 -0.651495 4.529165
2.336240 1.132413 9.924484
0.714675 1.275279 4.666697
1.696295 1.251683 6.994786
1.920900 0.513285 13.773994
-0.101296 -0.888856 6.770353
2.907283 -1.046685 9.838241
1.223158 1.225918 7.062502
3.532309 -0.326404 13.398619
2.103629 -1.332975 4.223912
4.692850 -2.004586 19.761026
-1.227503 -0.946419 3.795017
1.351736 1.228017 7.042387
-1.029327 -0.131243 4.465866
0.945157 1.292140 3.864835
-0.726428 -1.341821 4.026418
1.407170 1.244480 7.019878
-0.240513 -1.483364 4.735558
1.427319 1.225622 7.029114
1.250971 1.306988 4.514000
1.577381 1.238548 7.002317
3.521391 -0.831919 13.247446
-1.090602 -1.347659 3.882519
1.890275 -0.163957 4.317427
3.237441 -2.057517 15.772912
3.535035 -0.833395 13.274289
3.527182 -0.829944 13.261538
3.081671 0.277092 20.102432
0.403063 -1.584192 5.319448
2.017669 0.336807 9.938098
2.165216 -1.365988 4.325111
1.231911 -2.092091 12.483206
3.529544 -0.831826 13.266291
1.354987 -1.591721 9.183810
1.617667 0.524482 9.887215
1.888740 0.372649 4.319064
1.838719 -0.661144 4.048774
3.041493 -1.618159 11.688900
0.868378 -1.168584 8.582494
3.515931 -0.553185 13.254687
1.769794 0.359338 4.115152
4.576771 -0.997859 19.477026
4.400906 -2.036465 19.956358
1.440886 -1.741856 4.829390
1.777771 -1.497996 4.355083
3.439979 -0.813337 12.753967
3.666537 0.718131 14.060122
3.065614 0.732096 20.039141
1.874502 -0.109351 4.225196
3.955961 -0.863649 15.834859
0.676475 -1.979321 4.256713
3.852678 -0.785386 20.150772
1.371123 -1.519284 3.902690
2.262840 1.244318 6.860152
3.512675 -0.818019 13.224534
0.459016 -1.934865 4.522652
1.337888 -1.475719 3.818679
2.728036 -1.936271 14.523287
0.827642 1.304024 3.867940
3.304386 0.967939 12.322947
0.619243 1.210678 7.069957
-0.019936 1.313701 3.270599
1.821410 0.556447 4.136990
3.482689 -0.239828 13.194729
1.832371 0.349638 4.084979
3.494092 -0.275231 13.170796
3.054071 0.727334 20.028648
-1.076082 1.234924 2.940826
3.330099 -1.653983 14.885369
1.457088 1.321719 3.657437
1.868210 0.863317 4.180480
1.833607 0.839587 4.112628
4.690553 0.651723 19.681108
2.210223 -1.314590 15.227246
-0.436586 0.729016 6.030281
-0.824090 1.196119 4.239055
2.964996 1.065642 10.717282
1.766887 0.510085 3.986486
1.705353 1.302210 3.503694
3.168486 0.859330 20.049969
-0.126433 1.077374 7.061485
2.882552 -1.436468 10.921457
3.580849 0.991864 15.835801
-1.064223 0.314442 4.327481
3.466769 -0.074024 13.081464
0.502281 -1.732774 9.574631
3.323136 -1.725017 15.212619
3.456883 -0.077353 13.059123
1.766404 1.338887 4.218902
0.680090 1.350413 2.819607
1.794979 -1.419329 10.944896
1.735170 1.337520 3.553724
0.849850 -0.691984 12.446170
1.713373 1.316729 3.522728
1.757304 1.363149 3.618447
3.670321 -0.984997 17.854523
4.668290 0.858306 19.648920
3.614450 -0.529406 15.029802
4.731758 -0.096928 19.710867
2.073396 0.814842 8.287383
1.988899 0.212347 5.187811
4.737936 -0.018090 19.691381
2.748423 3.007147 12.307852
2.075530 1.216348 5.679369
0.777315 0.608043 8.300184
-0.186762 1.275790 4.004730
2.135124 0.194289 14.979766
0.556488 1.002775 6.564121
1.939822 0.090562 13.448380
0.212062 1.276955 3.880553
3.499223 0.847508 19.823792
2.768068 -1.390549 10.665951
2.035933 0.813479 10.589641
3.048483 -1.731648 15.270806
1.708175 -1.204480 6.790305
3.119578 -1.253950 19.938524
2.129277 1.087247 11.863401
2.278955 -0.672583 9.277285
5.063051 -1.875034 20.907690
0.540725 1.215242 6.963062
3.062088 0.996165 11.481068
0.539927 1.213764 6.961135
1.846221 -1.494599 11.331676
0.643620 1.236022 7.330198
3.957580 0.715496 16.180882
3.204766 -1.227308 19.934982
2.245754 -1.694095 6.635433
3.139178 -1.497543 14.395352
0.107333 -1.561034 6.447775
2.050909 -1.381841 9.212079
3.262704 -1.021543 15.356600
0.435402 1.322139 3.116330
2.116905 1.072222 11.832627
2.980821 -0.850612 22.380821
1.713330 1.342587 3.465381
2.005927 -1.774940 7.499724
5.116111 0.225825 21.239756
2.318125 -1.422179 8.128614
1.728171 -1.285793 4.958097
0.968568 -1.584389 10.757975
2.184916 1.257076 6.428717
4.683475 -1.741999 19.291899
1.113029 1.313690 3.519882
4.951226 0.283701 22.427721
2.035624 -1.599094 9.918788
4.192956 1.010022 22.463751
1.206077 -1.497505 3.530080
0.849201 -1.958480 8.644273
1.257187 -1.592146 3.408791
2.719547 -1.524335 9.680834
1.257475 -1.748771 3.760038
2.958305 -1.857933 12.066188
1.076805 -1.399735 2.818061
3.336898 0.797604 13.047112
3.740256 -1.825473 15.541590
1.488213 -0.028726 10.427912
3.831355 -0.226217 14.114033
2.392437 -1.576307 7.791100
3.526924 -1.564857 14.455557
4.363952 -0.996854 18.637335
1.605118 0.988326 12.443173
1.384753 -1.471242 3.496822
2.180264 0.972132 11.694404
0.275432 1.310333 3.733731
3.113488 -1.668368 11.866849
-0.063837 1.062281 7.009648
1.216466 -1.462066 3.432771
4.656764 -1.744099 19.165443
2.139419 1.195783 9.502882
4.624055 -1.690943 19.096558
-0.292752 1.364239 2.631675
2.676667 1.029458 12.846116
-0.882879 -0.753234 4.360966
2.743171 0.475572 9.053436
3.186726 -2.327942 14.643665
-0.930877 -0.637059 4.494991
2.757608 -1.553225 9.848687
1.780771 -1.218938 12.724127
2.992894 -1.275402 10.144500
-1.240910 -0.960518 3.852437
1.874980 -1.302479 8.040534
1.211832 1.268093 3.313619
3.222771 1.024183 12.116850
2.320886 -1.405927 8.042186
3.765179 0.272622 16.698988
3.353398 -1.494857 22.009541
1.152404 1.331966 3.410942
-0.106641 1.339054 2.688150
3.657345 0.692487 14.079980
2.318895 0.749833 8.194583
3.316204 -0.454683 14.121222
2.768448 -1.630221 13.074767
4.184521 0.863473 20.115396
2.438473 -1.532182 11.397855
3.274168 -1.547971 18.870642
1.190167 -1.528241 3.325659
-0.471377 1.297992 2.993816
1.340946 -1.434565 3.312163
0.689304 1.334515 2.775596
3.056092 -1.865274 13.352201
0.731287 1.325528 2.537845
1.109854 -2.076794 9.867304
0.637919 1.308313 2.458250
3.431515 -0.614174 12.721419
2.322131 0.766348 8.241569
3.065663 -1.212785 20.612541
3.195398 -1.641732 15.682245
-0.920253 1.282998 3.420672
3.237798 -1.040312 14.849120
4.090086 -1.171109 17.396891
-0.955868 1.343573 3.309717
3.792260 0.777801 14.517326
2.256487 1.027542 10.336188
-0.793025 1.357204 3.082574
2.184826 1.183354 8.059537
2.058075 -1.299998 15.104448
5.092573 -1.918762 22.401991
3.633937 -1.410403 13.815093
3.192486 -1.645507 15.693262
1.261282 -1.504793 3.310722
3.537841 -0.070323 13.229590
2.133392 0.374853 10.753449
1.933742 0.762446 10.096111
1.815241 -1.534120 8.531322
1.576604 -0.278178 2.645935
0.336672 1.307017 3.571732
0.098113 1.308561 3.333827
1.814200 0.421421 3.915995
0.222629 1.311233 3.553833
3.438565 -1.760765 14.163141
1.814897 0.421748 3.917648
0.235903 -1.768981 9.581832
4.685533 -1.994318 19.751167
4.021081 0.519048 17.160044
1.972265 0.415454 14.050677
2.390142 0.929683 9.528678
2.565096 -1.082554 14.109618
5.115716 -1.941928 22.481409
2.354296 0.770783 8.340231
0.953605 1.314780 3.909501
2.168498 0.419606 15.177507
2.178891 -1.487528 8.336420
3.118230 -1.060543 20.016054
0.902517 1.323008 3.087811
4.037810 0.847206 16.340433
0.594818 1.291752 3.365251
1.218115 -1.447752 3.668973
0.484313 1.238171 6.964241
1.227219 -1.442487 3.771925
3.504624 -1.592037 18.218346
2.480247 -0.791260 7.805694
0.359523 -1.564536 8.999226
3.815798 -1.007942 14.804644
-0.090038 -1.803196 6.780587
3.022719 1.054081 11.030233
1.691126 1.157777 9.108614
2.749331 -1.969942 14.639306
1.685014 -0.018412 3.149787
-0.503080 1.305760 2.756874
2.976417 -1.743729 13.035155
4.092741 -0.248366 18.579762
2.994704 -1.668268 10.729974
1.680401 0.668537 9.787649
1.830514 1.026488 14.168344
1.281653 1.337849 3.220979
1.802497 -1.326448 5.108936
2.536353 1.100190 11.045114
1.953858 -1.204567 4.741248
2.198368 -1.413587 6.176910
1.842932 -0.749280 4.256915
3.020505 0.868637 19.933558
1.479992 1.314895 3.965976
2.266310 -1.536907 7.818230
2.896386 -1.891294 14.820369
2.675802 -1.653896 11.032291
1.745687 1.207986 4.000244
3.107015 -0.149710 15.069880
1.396964 -1.457907 3.154533
2.617873 -1.748878 10.694015
1.293697 1.168830 7.788465
3.738954 0.757507 14.338554
-0.354762 1.291669 3.627624
2.996533 -1.936528 14.783495
2.754125 -1.622236 10.974518
1.981583 0.324098 5.145817
4.868340 -1.249603 20.808855
1.603709 0.153081 2.994110
1.964856 0.447418 14.109390
3.019502 0.822151 19.715549
2.402664 1.182271 7.684879
1.395877 1.344993 3.136001
-0.018677 1.302708 3.253403
2.601850 -1.811661 10.689604
2.085626 -1.576355 7.847458
1.871659 1.302163 5.082693
3.232144 1.054852 12.748021
3.185804 0.837656 19.628786
-0.592364 -1.562930 5.171393
2.388378 -1.611031 7.768279
-0.887746 -0.765272 4.420689
2.270270 -1.562137 7.692864
1.841568 0.828504 12.715508
3.246714 -1.776685 14.132678
-0.798620 1.168353 4.137503
3.151217 -1.906744 14.714526
2.658598 -1.817455 10.952239
2.057337 1.210673 7.467657
-0.679512 1.264958 4.731739
1.974766 -0.280090 5.084274
4.652137 -1.701788 19.236267
-0.078611 0.887047 5.791041
-0.273307 1.228203 4.659248
1.869675 -1.451997 3.060735
-0.045149 1.283169 4.359774
1.675188 1.141617 9.042337
2.897219 -1.691006 10.546628
1.876019 0.744573 3.389948
2.890572 -1.690559 10.537451
-1.038696 -1.201180 3.464059
3.518960 1.024964 13.613690
-0.997291 -1.324216 3.892757
2.847698 -1.689573 10.528425
2.237227 1.283677 6.157329
2.853050 -1.694225 10.539282
1.997935 0.592738 9.926121
1.764109 0.786083 4.166479
4.941052 -1.745824 20.643602
1.945663 1.279320 4.828718
1.618917 0.644639 9.950325
1.505160 -1.272128 6.890090
4.016175 -1.950485 15.998559
2.054928 -1.599030 7.424292
1.606345 -1.533904 3.164385
1.129400 1.353597 2.748318
2.502794 -1.680918 16.689762
3.816784 -1.841348 17.214262
0.882476 1.351228 2.491819
3.556840 -1.660503 15.824561
2.545109 -2.142924 10.898090
2.870414 -1.676465 10.822089
2.048099 -0.011861 14.867254
2.786694 -1.717377 10.814578
3.534746 -0.234965 13.378337
2.157512 1.230886 8.699182
3.113315 -0.841487 19.989927
1.916995 1.252602 4.788898
2.252924 -1.861633 11.277118
1.889644 -1.495013 3.116722
2.715591 0.426240 17.022881
2.096661 1.190430 8.417878
2.277976 0.488122 14.705877
4.360189 -1.257195 16.994638
-0.273710 -1.849671 5.741703
4.268023 -0.488543 17.401970
4.359519 0.859322 20.233114
2.144601 -1.733789 14.218492
0.802858 -1.095336 8.119659
1.111131 -1.839792 3.626964
1.487256 0.440713 2.368552
4.206169 -0.043029 16.691095
4.525830 0.802671 18.926432
0.104716 -1.916639 3.151887
2.897859 -1.711202 12.267533
2.082045 -0.706055 4.816348
1.484724 0.445589 2.372212
3.582582 -0.336243 13.635460
1.654697 1.162521 8.156051
4.345291 0.883137 17.877136
0.467012 -1.980722 4.625721
3.354410 -1.093520 18.508278
4.546804 -1.259526 18.833920
0.784138 -1.890259 4.619042
2.009238 1.021270 10.500278
-1.076321 1.242381 2.932941
4.374459 0.852786 20.184700
3.199251 1.031584 11.982071
-0.426408 0.786287 5.923784
3.030617 -1.696236 12.125513
2.086399 -0.729225 4.771826
3.078875 -1.697825 12.118431
2.943485 -1.706840 12.148686
4.992155 0.546327 21.858105
4.803683 0.363869 20.332516
2.077380 1.081462 11.724146
-1.088558 1.097807 4.224002
2.920082 -1.709231 12.186866
1.354812 1.210267 7.155118
4.709696 -0.180445 19.638329
0.891421 -1.635442 8.272708
1.632797 -0.286306 2.907549
2.010345 0.967503 10.410037
1.702913 -1.444038 4.872963
2.900137 -1.692952 12.151604
3.004533 -1.749522 17.091139
1.582775 0.302956 2.831855
0.916959 0.734883 9.920301
2.011048 0.966829 10.409886
1.721731 -1.464089 4.912986
3.927112 -1.525968 14.681262
1.336327 1.276448 7.823057
2.066770 -0.701399 4.790947
1.554668 0.092037 2.448466
2.808343 1.078071 11.315514
0.390873 1.339591 2.646142
3.052689 -1.699109 12.069674
4.526355 -0.898288 18.765341
0.603867 1.328309 2.787957
1.982823 -1.398574 4.722843
4.541836 -0.910853 18.789705
1.719342 1.216089 7.091318
0.950548 -1.850775 8.933612
1.603530 0.443317 2.836202
2.860556 -1.424918 10.837277
1.952790 0.223896 13.984923
0.953005 -1.826884 8.884027
4.776468 0.659791 20.281063
1.352363 1.351300 2.858793
2.231908 -0.460287 13.511580
0.160607 1.329690 2.693497
2.873080 -1.588132 14.585079
0.943989 -1.969780 9.182244
4.270702 -0.947727 16.959991
1.587355 0.255459 2.802240
2.197762 1.191933 8.057316
1.605838 0.259638 2.828210
3.120486 -1.702224 11.961345
1.592952 0.258189 2.807786
2.280503 -1.565691 7.457432
1.108830 -1.432497 3.117798
1.595402 0.129233 2.772578
2.666596 -1.733884 11.169895
1.341697 -1.419161 3.264313
3.660266 -1.802364 15.832294
3.082788 0.806155 20.035412
1.290854 -1.414390 3.722302
1.728628 -1.440719 4.183998
2.033119 0.734133 4.790062
3.094100 -1.724637 11.917170
3.813137 -1.621332 14.405401
3.051358 0.763487 19.565491
2.252114 -1.549236 7.308514
1.486166 -0.266340 2.321069
1.563910 -1.527562 4.886889
3.190462 -1.423275 14.491819
3.612415 -1.727454 14.655933
0.554998 1.318515 3.083326
1.551446 -0.316445 2.645472
1.590809 0.173406 2.733377
2.912005 -1.637090 17.191286
1.575784 -1.548462 4.921600
3.127098 -1.111180 20.038534
2.198855 -1.563632 7.287035
2.742877 -0.529325 14.225340
0.947243 -1.957246 9.157350
2.019757 -1.372604 4.702636
1.958467 -1.700595 7.002781
0.954007 -1.961123 9.155860
1.544193 -0.136325 2.606741
1.429016 -1.477234 4.813239
2.063614 -1.594929 8.965038
2.919741 -1.666103 11.002236
1.929555 -1.328755 8.247804
1.970728 0.050802 4.698613
1.181943 -1.582630 8.064911
2.258464 -1.363233 7.814098
2.838382 1.118242 9.938147
2.255280 -1.607291 8.917130
4.289020 0.792889 17.656952
1.020719 -1.433965 2.655083
1.011115 -1.469441 2.535178
1.485574 -1.798255 8.963753
1.901696 1.223175 4.692427
3.308152 0.873250 17.512611
3.104026 -0.474025 20.029095
0.742092 -1.981426 9.036292
1.910953 -0.118958 14.966126
1.998470 -0.518514 4.760619
2.534311 -1.575876 8.613258
1.896457 0.978453 13.504644
2.022225 0.546359 14.374859
4.736210 -0.700061 19.967896
1.970187 -0.261111 4.987916
2.227674 -1.612455 8.648091
1.412633 -1.500359 4.232461
-0.332966 -1.501918 5.564618
1.417050 -1.504870 4.231277
3.234669 0.876734 16.000904
-0.121615 -1.465283 6.671635
3.103302 -1.537014 14.354046
0.977799 1.345519 2.792593
1.134760 1.360393 2.761360
0.880056 1.346527 2.483865
2.865389 -1.937977 12.784570
1.747824 0.336175 3.558701
1.765896 -0.029833 3.565700
0.783536 -1.653618 6.441180
-0.726725 1.258411 2.878013
2.094134 -1.555897 8.507392
1.929646 0.389152 3.913230
3.125376 -1.118828 20.033554
1.882164 -0.131270 4.230931
1.712733 -1.450369 4.115963
1.766786 -0.027902 3.569965
-0.882834 -0.764099 4.419240
2.200254 1.254108 6.059545
2.006103 0.721331 9.952927
4.831871 -2.118366 22.767906
0.602139 1.300200 3.690720
1.990468 1.188177 5.255546
0.600144 1.286254 3.662967
1.838844 1.202227 4.548205
3.113187 -1.416008 20.007816
-0.979906 0.310986 4.620133
1.934522 0.735617 9.946608
1.906463 1.079415 8.487708
3.176530 -1.510553 20.650217
1.874814 -0.767419 4.348802
1.476722 1.183983 8.167796
3.537720 0.910114 13.690408
0.851583 1.312331 3.646893
-0.616537 1.286114 3.621563
-0.526672 1.319388 2.949138
1.640335 0.595664 9.999688
2.200941 -1.322709 13.795397
-0.476895 1.313368 3.025703
1.637670 0.587236 9.991598
4.456689 -1.913696 21.292248
2.832863 -0.186221 12.439952
1.499268 -1.432405 2.799744
1.726461 0.596179 3.386163
0.747433 -2.000218 8.688444
2.957103 -1.750904 13.458261
1.214540 -1.438173 8.211434
2.994071 -1.769346 12.689180
1.090468 -1.286954 3.025596
1.233962 1.197672 7.599828
2.319770 -0.464918 11.983091
0.638817 1.113033 7.242595
2.022092 1.227899 5.313252
3.026164 0.238222 12.968873
1.541547 1.075534 12.734832
2.714405 -1.013303 11.889113
2.045365 0.798104 8.263719
1.948234 -0.981992 13.708682
2.363132 -1.548004 7.537821
3.016253 -1.463035 20.952898
2.600594 -1.620192 10.985667
3.090548 -1.691273 14.382526
0.305504 1.292880 4.383533
1.611624 -0.102642 2.914727
1.517952 1.673607 8.744832
2.301582 1.040392 12.475415
1.145978 1.325410 3.403417
0.684847 -1.437689 5.565438
2.504337 1.173669 8.170917
3.254209 -1.790722 14.177133
3.177515 -0.429787 13.614539
1.451562 -2.115692 7.346625
1.810265 0.846684 4.070256
1.446908 -1.516624 5.076368
1.259104 -1.485061 8.584741
1.796038 0.816169 4.005004
1.476327 1.016469 12.559073
0.509371 1.133505 8.130082
0.760386 0.508885 9.942593
3.046969 -0.123297 19.861696
1.022431 1.355500 3.058153
2.954256 0.453542 20.636627
4.397814 -1.983985 19.760946
1.746829 -1.493863 8.069315
0.598854 0.931691 7.606179
1.419975 1.029573 12.626787
0.687812 -0.038066 11.702084
-0.918490 -1.463854 3.154915
3.115934 -1.678690 12.203966
0.601679 0.938853 7.605965
-0.937554 -1.447572 2.999415
3.215389 1.276745 11.333001
2.924001 -1.793252 12.357282
1.615306 -0.012969 2.864267
2.170697 -1.471271 6.602332
2.923311 -1.772552 12.358910
3.297057 -0.916658 17.919815
0.386553 -1.566284 5.263732
1.130302 1.359969 2.759591
3.482252 0.843578 19.685394
0.075440 -1.515339 6.481915
1.606206 1.310010 7.361839
2.026712 -0.284450 5.065847
2.282587 -2.059264 14.144422
-0.134353 1.318914 3.099487
0.630307 1.295146 5.365696
1.949333 0.914958 3.272446
2.743402 -0.880627 13.316472
3.520099 -1.579901 14.692627
-1.059806 -0.594737 2.757877
2.847687 -1.601477 14.492157
2.065343 -1.207153 11.898799
-1.113323 -0.469548 2.741138
1.941223 0.754781 8.300595
1.629270 0.628389 2.832895
3.815081 -0.138442 16.443001
4.652587 0.599067 19.574722
-0.997017 -0.688590 2.772994
3.603888 -1.177870 17.053837
2.808576 -0.978935 16.942871
4.654911 -1.948236 20.137445
4.450291 -1.945189 21.340111
2.475637 -1.850780 10.541742
3.841186 0.803029 14.688501
2.193263 -1.887388 12.980465
2.477945 -1.657532 14.910517
3.909219 -0.002524 14.900927
2.323293 -0.460076 13.609245
1.367743 1.367259 2.884395
0.038390 1.301686 3.764699
0.566101 0.069584 11.123761
-1.143011 -0.892060 3.590759
3.936594 0.353084 17.212261
1.777977 -1.062180 12.557424
1.498678 -1.402773 7.031089
0.043657 1.283312 3.724335
4.741195 -0.828269 19.671534
-0.979141 -0.134166 4.305031
2.073910 1.273799 5.427241
-0.931601 -0.622804 4.523428
2.612037 -1.617501 9.078890
4.667016 -0.161437 19.521450
-1.040704 0.325166 4.382119
1.855043 -1.372241 3.938015
2.869127 -2.024386 13.023080
0.555423 1.152485 8.046700
1.840373 -1.324818 12.812216
1.113157 1.313112 3.520185
-0.661167 -1.640927 5.031484
3.490003 -1.560550 14.394725
2.533688 -1.583725 8.290685
2.948409 -1.636899 14.840787
-0.679779 -1.297689 3.867139
1.811549 -2.219920 10.677952
0.817569 -2.011785 8.509369
3.069421 -0.158004 19.849344
1.616474 0.597729 9.837193
3.262468 -1.493927 14.850966
2.206171 1.135130 6.515652
4.782344 -1.959348 22.575403
3.226416 0.827449 19.868755
-1.060725 -1.109200 2.960603
3.248981 1.036479 12.447747
2.467439 -1.880866 16.358482
-0.666777 1.234071 4.598112
-0.789758 1.158344 4.098314
1.551817 -1.237568 6.866044
1.485391 -1.302450 6.888913
-1.065910 -1.323199 3.831509
-1.129075 -1.392650 3.940316
1.708371 0.701341 10.023996
1.873279 0.406523 4.258589
1.245309 -1.801734 8.969300
1.915968 -0.013592 4.222643
1.987965 0.427058 4.817232
1.689140 1.066350 10.287966
0.273084 1.295318 4.159062
1.828802 -0.021300 4.187402
1.988049 0.205834 5.204895
3.688910 -1.812568 14.934255
1.608293 -1.829392 9.008224
-0.553218 1.195815 5.109491
2.103605 1.094580 10.207275
1.607312 -1.830497 9.003257
-0.109706 1.107531 7.177883
2.128986 1.113033 10.215139
2.328834 -1.635055 8.963414
2.389418 -1.511839 6.911756
2.133394 1.123165 10.241613
1.928308 0.157866 14.018840
2.911400 0.596829 19.023449
1.847669 0.389663 4.225605
-0.503081 1.305557 2.756727
1.768636 1.287212 3.932949
1.964069 -0.801501 4.552579
3.103336 0.389415 13.108837
3.440113 -0.654642 12.727182
2.261447 -1.453022 6.370931
2.888216 1.123444 10.201973
1.884080 0.384746 4.277813
2.396526 -2.146067 13.890393
1.987632 -1.391060 4.752860
1.531040 1.294372 7.374892
3.480180 -0.410238 13.092454
5.046380 0.832083 21.755045
2.267470 -1.671710 6.453173
2.479945 0.785898 8.651053
1.918245 -0.077052 4.350738
1.264710 -0.182877 12.657131
2.078846 0.806611 8.300442
1.933318 -0.076590 4.372309
1.497872 1.368004 6.294800
1.761642 -1.372669 7.054469
1.956107 -0.388378 13.427835
3.966303 0.426002 17.057339
1.919415 -0.067416 4.368698
1.282126 -1.509963 3.942848
1.895132 -0.013591 4.343856
4.478121 -1.140594 18.469313
1.200395 -1.425486 3.633739
1.906569 -0.021088 4.341646
1.159894 1.012846 12.668366
-0.020544 1.312818 3.280864
1.236609 1.374769 5.673829
2.875031 -1.690283 10.470257
2.529954 -1.574403 8.274501
1.910505 -1.527648 7.060931
2.745419 -1.745399 10.507397
2.760554 -1.898530 14.408457
0.635308 -1.301224 5.058509
1.360214 -1.635088 9.405837
2.040425 -0.668433 5.039564
1.595163 0.321894 9.982415
1.886365 -1.585331 7.074847
1.132795 1.343704 3.588660
1.888522 -1.410694 4.358287
3.489106 -0.148254 13.154067
0.811146 1.326452 3.570641
1.924072 1.101019 8.450281
2.031634 0.212368 14.415811
1.192587 1.341677 2.963138
1.079305 1.345129 3.169244
2.795622 -1.678535 10.506473
1.831727 -0.022678 4.236207
2.135772 -1.136312 4.293587
3.436443 -1.771366 14.632168
1.502152 1.336330 4.033695
2.669080 -1.797702 10.595995
2.231416 -1.610095 8.433971
3.504889 -0.235445 13.225967
1.987652 0.723263 9.996327
3.412681 0.836564 16.925579
2.063671 -1.583536 7.066346
2.006421 1.340902 10.282173
3.789942 -1.657121 14.212531
1.950669 1.145764 4.437163
3.913237 0.870766 19.675631
2.074959 1.261330 3.568823
1.989496 -0.032103 13.719930
0.815484 0.627626 9.029401
1.933426 -0.103833 4.494742
3.540025 -1.576784 14.504235
1.824479 0.335238 9.889456
2.336602 -1.429702 4.190120
3.086662 0.328988 20.111465
3.538754 -0.428457 20.426014
2.209121 -1.615979 8.551036
4.293717 -0.985774 16.868858
1.528932 -1.471881 4.998344
2.162135 -1.468454 11.085187
2.178558 -0.651231 8.999756
2.663827 -0.162280 17.321693
3.529287 1.026500 13.654450
2.291831 -1.001295 7.995990
3.057499 -0.151172 19.828829
2.440952 -0.663258 5.460644
3.424480 -1.254078 15.158805
1.938105 1.161724 8.653955
1.430072 1.006463 12.566324
3.446362 -0.232710 13.162535
5.093022 -1.017405 21.897068
0.688208 1.332904 2.769670
1.929755 0.354538 13.684927
2.382676 -1.620402 9.294014
1.549286 -0.184417 2.578080
1.838686 -1.394351 7.185021
2.306002 -1.230509 4.791456
3.113943 -0.988936 19.994648
1.890404 0.011153 13.763292
2.240591 -1.188675 4.687091
1.376486 -1.638830 8.194237
0.831589 -1.958871 8.859554
4.699681 -0.554664 19.828003
0.202806 1.299177 3.349217
2.279233 -1.611312 8.723707
1.993304 0.383299 4.670640
3.140320 -1.471265 14.420799
1.358217 -1.587309 8.069652
3.988424 -1.813588 17.056870
1.531407 -0.311376 2.543002
2.052677 -1.406124 8.102399
1.915047 -0.100763 15.032589
2.305650 0.705637 17.627378
3.033739 1.091766 10.967980
0.553722 -1.633823 11.177371
1.402715 -1.495585 3.554494
3.053429 -0.361878 13.269247
3.115772 0.991428 14.476418
4.624714 0.841143 19.724083
1.993218 -1.733335 7.187266
4.906736 0.867884 21.141233
0.034959 1.315967 3.793434
1.499743 1.294739 2.578048
2.861622 -1.624555 14.364931
4.833981 -1.869402 20.952850
1.079548 -1.433905 2.936812
0.859441 -2.004103 8.614135
0.996790 -1.443992 2.493239
1.902525 -1.262592 4.081352
2.940672 -1.704602 12.532934
1.031222 -1.440317 2.668723
2.831147 -1.816426 15.898666
2.138871 -0.643842 8.826395
2.648311 -1.885853 11.556477
1.768172 1.394806 3.510089
2.514687 -1.070149 13.878046
2.296271 -0.998224 8.011918
2.407905 0.369479 8.172998
2.923493 -0.998390 15.870526
4.189956 -1.939112 20.800482
1.748437 1.386425 3.478828
2.663146 -0.971782 11.721223
1.726083 0.907624 12.601065
5.224590 -1.164778 21.263512
1.266685 -0.187639 12.659048
2.194220 0.795214 15.190557
2.519720 1.313806 11.540161
3.052552 -1.192976 11.184392
2.823687 -1.545635 16.454397
2.155716 -2.011601 15.111229
1.409148 -1.136493 8.631816
3.079376 -1.386258 20.698786
0.849420 1.312012 3.641960
3.681600 -1.037820 19.460125
0.626300 1.360899 3.847179
1.115033 -1.504908 2.983349
0.474301 1.309175 3.869513
3.546458 -1.722055 14.020737
2.602359 -1.650125 8.875137
1.459570 -1.606892 4.228342
3.917299 -0.627951 16.145941
0.092342 1.262643 3.794454
2.062656 0.237810 14.603556
3.272611 0.784342 20.039547
1.157809 -1.471733 3.297879
2.440353 -1.564103 14.524049
3.454124 -0.617311 12.776222
1.232746 -1.501461 3.607809
2.769262 -1.643039 13.114091
2.049108 1.631862 4.185577
4.893706 -1.088836 20.516617
3.025782 -1.896944 16.785645
4.213473 -1.390487 17.310579
3.523090 -1.382962 15.490097
1.882788 -0.135880 4.228920
3.216928 0.726628 23.009792
3.095337 -1.543623 14.395020
2.557041 0.421692 8.571072
3.378024 -1.464955 21.895348
0.388396 1.327919 2.622554
3.511242 -0.823205 13.213644
5.050764 -1.873438 20.816290
2.429662 -1.944911 14.590281
1.774842 1.369685 3.647469
2.999423 -1.746233 10.865832
1.309782 1.247720 7.642169
4.086619 -1.619753 18.384487
3.521650 0.853508 20.640144
2.309946 -1.923444 14.490482
0.648600 1.134206 7.415440
2.411662 0.507605 16.281364
0.906038 0.729942 9.823168
3.067428 -2.057272 14.326691
1.319317 1.403312 5.663432
1.560723 -1.235723 6.804540
2.238674 -0.104283 15.379277
2.032817 0.215732 5.318212
2.022759 -1.448995 3.683361
1.545605 -1.193374 6.756979
-1.030499 1.040726 3.999694
1.331056 -1.505845 3.750444
2.940548 -1.403400 14.436260
0.547659 1.310472 3.861147
3.077053 -1.660691 14.323268
3.753980 0.856857 19.725300
1.887641 -0.981246 3.875409
-0.426823 0.784166 5.943439
3.789401 0.931745 15.724429
-0.036877 -1.446462 5.484064
-0.982414 0.311460 4.620671
1.911105 -0.069062 4.351871
4.098019 -1.501109 18.466984
1.794865 -0.473501 3.974116
-1.081290 1.246824 2.954753
1.998937 1.158227 4.520179
4.581801 -1.475047 19.425253
0.779181 -1.884276 4.597986
1.867513 -0.052455 12.693589
3.168780 0.786804 21.163176
0.459984 -1.947281 4.560497
1.521422 -1.219015 6.810211
3.555082 -1.596483 14.555714
0.832514 -1.901884 4.116649
1.700501 -1.485377 4.317753
3.898858 0.022266 14.643092
1.896219 -1.480368 4.971278
5.086848 0.214285 21.158228
4.263910 0.907627 17.123861
1.858887 1.214584 8.209553
3.113704 -1.059239 20.060221
0.652521 -1.582302 5.307128
1.503450 -1.276443 6.890734
3.111797 -1.072134 20.051867
0.866850 -1.848447 4.535161
2.199557 -1.530222 11.241635
1.715886 -1.265586 6.753637
1.311713 -1.548280 8.952909
2.516780 -1.683275 11.078209
1.502285 -1.268600 6.879795
0.406405 -1.642126 5.515460
1.921489 -0.029441 4.454210
2.904952 0.927461 16.564960
1.848616 -0.489354 4.094575
1.479178 -1.216250 6.790687
1.929229 -0.250699 4.876203
0.942150 1.278294 4.793657
3.495800 -0.691344 18.417555
1.482658 -1.214526 6.789026
-0.255529 -1.714065 5.354711
1.248196 1.370189 6.440941
2.946929 -1.507830 10.984167
-0.748528 -1.392320 4.161413
2.879927 -1.637718 10.884515
0.684506 -1.716027 5.737644
1.477942 -1.206386 6.793818
5.154383 -2.055976 22.580782
-0.467264 -2.206973 3.708647
-1.000474 -0.132715 4.354618
0.649077 -1.566955 5.269156
3.205627 -1.856024 20.182072
-1.178569 -0.920202 3.702318
1.925342 1.134868 8.577454
-1.114257 -0.469601 2.742825
-0.076351 -0.894175 6.760639
-0.931286 -0.629564 4.508741
3.675247 -1.770300 14.509434
2.198094 -1.174589 4.566145
1.293672 1.185105 7.818009
-0.129185 -1.904300 6.818345
1.695162 -1.269169 6.833297
4.752104 -1.154608 19.980110
-1.037845 -0.720093 2.891397
0.645104 -1.559999 5.246162
1.699235 -1.271866 6.843461
1.686210 -1.232621 6.812097
3.640859 -0.240724 13.720269
1.687332 -1.237341 6.811435
4.717579 0.794753 20.150658
1.909290 0.933734 13.533071
1.774018 -1.251968 6.811205
-0.303456 1.281196 4.829065
-0.138649 1.104111 7.180408
3.015396 -1.733458 11.898464
-0.295448 -1.723299 5.245643
1.575476 1.052098 11.842535
-0.500153 1.493261 7.844139
2.295019 -1.397011 7.861654
-0.225969 -1.573627 6.593939
0.926012 1.361589 3.172604
0.803156 1.311432 3.531585
1.293818 -1.460410 3.865384
1.997468 -1.397713 4.750016
3.454223 -0.563828 12.864296
2.004009 -0.279116 5.125695
1.975372 -0.507763 4.711370
4.473046 -0.843723 18.476177
0.701963 -1.081939 7.036665
-0.130630 -1.477267 6.708669
-0.063699 -1.509809 5.674085
1.971520 -1.383717 4.700423
2.861389 -1.748943 12.064467
1.861629 0.008806 4.189485
4.524353 -1.209630 18.727371
4.525070 -1.215816 18.727522
-0.106445 1.325470 2.660549
1.959649 0.676404 9.769591
1.981847 0.035518 4.799152
2.505397 0.754769 8.722621
4.342984 -1.857530 19.430700
2.205518 1.188169 6.313805
2.071272 0.810175 8.283043
2.427940 1.047068 12.279622
2.429929 1.055088 12.305461
4.803006 0.879628 20.612856
1.256097 -1.416324 3.951432
2.285661 -1.465693 6.437206
4.623622 -1.741232 20.216572
4.593380 -1.678936 18.936554
1.883905 -1.315737 4.494465
1.747154 -1.289392 4.967428
1.532685 -1.621123 4.806887
1.551688 -1.655381 4.877497
2.254687 1.053403 12.364570
2.512891 1.203169 8.152352
4.842995 -1.937951 20.809906
1.183311 -1.487818 3.190648
0.688087 1.337094 2.785149
2.848057 -1.756992 12.264706
4.466537 0.889968 19.051573
-0.476182 1.298467 2.889733
-0.513027 1.282912 2.870370
1.877237 -1.464783 4.928561
0.813530 1.273269 3.800758
-0.678875 1.292744 3.550718
1.871514 -1.457452 4.889672
5.085581 0.184027 20.972178
2.665582 -0.782866 14.199598
3.970553 -0.127123 16.992052
3.478736 -0.035311 13.171518
2.960195 -1.616262 10.875798
0.628492 -1.349803 5.148881
3.538596 -0.619838 13.289650
1.993395 1.149613 9.663769
2.091516 -0.931122 5.289244
1.843478 0.442299 3.975123
2.204382 -1.335892 7.652444
1.939335 -1.349645 8.295594
2.064078 -1.820902 7.735919
1.614569 0.430720 2.957675
1.605188 1.181012 8.680689
2.211338 -1.187657 4.444240
1.080163 -1.448732 2.879108
1.245673 -1.424029 3.670383
0.980041 -1.418837 2.449440
2.083761 -1.547253 6.928522
0.439120 1.333197 3.132962
1.520341 -1.405814 7.125942
5.076332 0.691256 21.916590
2.058687 -1.290959 5.192506
2.180889 -1.556800 6.927691
2.948222 -0.897932 12.305295
0.306908 1.272855 4.325471
1.578755 1.231261 6.999109
3.084826 -1.310833 10.845806
3.523106 -0.537536 13.367741
1.657528 0.664473 8.639137
1.932538 0.221796 13.795156
1.724271 0.967249 12.928213
1.976315 0.693669 9.854932
0.659195 1.149999 7.008885
1.947161 -0.033447 13.497116
0.387648 -1.960366 4.254880
2.182744 1.232846 6.913319
3.098036 0.847764 19.625662
0.157407 1.323159 2.681111
1.682096 1.261958 7.000295
3.462653 0.948181 13.429458
1.967902 0.079577 13.837081
2.940933 -1.394757 19.447659
0.644620 -2.141362 6.875594
1.814323 -1.517646 4.406782
4.251329 -0.860875 22.086607
3.103498 -1.882435 19.815783
2.171548 -1.566602 6.974425
3.001767 0.869000 19.827084
1.411850 -1.505045 3.557512
1.111606 -1.407479 3.154023
3.389653 -0.635958 12.655640
-0.154435 1.145535 7.373300
3.918906 -0.488494 16.203791
2.571398 -0.797783 14.227620
3.467474 -1.782836 13.554803
3.391271 -0.634825 12.698789
2.297596 -1.443000 13.539206
1.804816 -1.451929 11.007058
3.530719 -0.906388 17.798319
1.738921 -1.494097 7.074874
4.574362 -1.856683 19.499704
0.441355 1.340578 2.479635
1.948216 0.608813 14.020571
2.877717 -1.599816 10.922988
0.390779 1.338230 2.638080
2.803747 -1.056583 17.148928
3.483290 -1.767012 13.620681
1.261881 1.201687 7.373745
2.167541 -1.550016 7.031055
0.630074 1.117775 7.252517
0.864837 0.687950 9.329340
2.044030 -1.531333 7.058190
1.929951 -0.942727 13.059224
0.098412 1.303657 3.319832
0.874923 1.348888 2.487027
3.358827 0.556488 18.156258
2.372314 -1.098671 7.053854
3.607794 -1.699737 13.603804
3.059578 -0.150266 19.881552
1.762867 1.221162 4.046932
1.839491 0.045410 13.985312
-1.119103 1.129159 4.348497
1.931613 -0.014900 13.568725
4.718527 -0.031136 19.667950
-1.104877 0.318520 4.472704
3.483703 0.970046 13.488337
2.023858 0.581823 9.873652
-0.844536 1.231042 4.362770
1.552715 -0.223885 2.577655
2.183520 -1.548665 7.121357
-0.423039 0.756606 5.891548
3.713138 -2.051120 16.416828
4.133869 -0.254103 18.748354
1.973170 0.984534 13.988293
-1.083393 0.339149 5.040411
1.968508 0.982092 13.989269
1.593313 0.454140 2.715713
-0.921445 1.297236 3.195890
2.003849 0.722922 9.951845
4.696750 0.874551 19.698954
-1.093061 1.260555 2.983755
1.727696 -1.305807 2.721321
1.674116 -1.260327 2.641454
3.098793 -0.405683 20.029493
0.901024 -1.968973 4.786086
0.452188 -1.910047 4.468950
0.835972 -1.911168 4.136600
1.724884 -1.293141 2.713991
0.115221 -1.806904 3.077242
1.845147 -0.486284 4.047716
2.923685 -1.312433 13.148944
1.626175 -0.286349 2.753598
1.593077 -0.192485 2.716873
3.823580 0.432021 19.128017
2.221968 -1.525809 7.200110
3.180775 -1.834435 13.769198
3.106953 -1.088870 20.087372
0.907839 -1.235402 9.148966
5.157896 -1.040820 22.032804
3.799324 -0.771348 20.208561
1.784164 -1.350785 3.996338
1.585548 0.400473 2.777199
0.485177 -1.949266 6.582144
3.799191 -1.045951 20.585833
1.584980 0.401174 2.775155
2.320751 1.217428 7.174075
-1.046754 -1.300576 3.755647
3.063513 -0.868261 12.938938
1.582167 0.038107 2.745736
2.320708 1.223804 7.188047
-0.921566 -1.458540 3.143551
-0.303867 -1.849332 5.878725
3.908043 0.809082 21.984821
3.071537 0.731627 20.045517
1.870260 0.008220 4.198353
2.500770 -0.615036 12.729042
-0.454738 -2.156266 3.624336
4.375166 -2.021592 22.091383
-1.035115 -0.141061 4.525308
3.906683 0.801740 21.954372
3.260850 -1.751888 13.930326
-1.136225 -0.883315 3.545283
-0.089887 -0.949600 7.199802
-0.931426 -0.630099 4.515099
-0.920898 -0.788015 4.556494
3.522420 -1.772247 13.931691
1.941149 1.273277 4.810503
1.604661 0.305793 2.869574
4.578059 0.486645 19.854527
1.993786 1.191849 5.280494
2.233807 1.300437 6.135103
1.178817 1.101722 10.396160
2.549832 -0.876479 13.755774
-0.594030 -1.726203 5.466758
3.268620 0.249971 14.087955
3.380621 0.787372 20.686636
-0.733162 -1.371261 4.097592
3.785681 -1.048312 20.596794
1.474705 1.324375 3.551889
1.881530 -0.013396 4.179646
5.183919 -1.004267 21.630016
3.013976 -0.685354 11.323585
3.210104 -1.005688 14.553248
0.833523 0.087512 12.474041
1.459385 1.334485 3.996571
4.861908 -1.923288 21.089878
2.387153 0.777212 8.411166
2.441060 0.954454 9.709689
2.852039 1.129299 10.051040
1.882688 -0.106911 4.250617
1.566389 -1.506459 3.146907
3.946605 -2.081247 17.620007
2.153306 -0.994029 5.524875
2.961490 0.651096 10.325706
4.672351 0.659267 20.030378
1.874533 1.291243 4.398643
1.880113 -1.307514 4.480669
2.341094 1.143620 8.536015
2.362425 -1.754161 6.767177
4.696733 -0.717364 19.846415
3.520110 -0.826790 13.237864
2.005692 0.717899 9.961129
4.130330 0.875526 19.662598
0.433484 1.312367 3.082929
3.527130 -0.356087 13.460528
-0.064749 -1.426986 6.837218
-0.078083 -1.701575 6.417503
-0.464001 -1.649257 6.283511
2.402608 1.101587 10.245297
0.337764 1.305011 3.395721
2.229743 -1.580430 7.573217
3.616089 -1.748659 14.099730
1.743651 -1.940221 9.910593
0.910880 1.334375 3.122231
1.616168 0.514917 2.990610
1.439324 -1.664421 10.838562
0.537007 0.051053 11.448133
3.639212 -1.758429 14.117408
1.052650 1.305005 4.037414
1.862557 0.759141 9.787703
2.788964 -1.658379 10.289251
3.880972 0.855959 15.572611
1.161611 -1.525498 3.174570
2.037566 -0.026646 14.256346
3.206677 0.863481 19.936802
2.255967 -1.370882 7.837974
1.982591 -1.386915 8.486307
3.905189 0.966482 15.760779
1.398347 -1.410207 4.891789
0.985582 -1.177230 2.429981
1.950619 0.565713 14.171141
3.096211 -1.077690 20.118896
1.616590 0.155313 3.019089
1.451597 -1.461351 4.408258
3.101211 -0.821711 20.048189
1.010003 -1.426361 2.703330
1.443274 -1.508097 4.504161
2.916500 -0.644859 18.772472
1.941547 1.221505 7.480648
2.086893 -1.680340 5.496224
2.924319 1.126913 10.383647
1.450104 1.212647 7.476789
3.934411 -1.495984 14.699402
1.436697 -1.498977 3.365756
2.832268 -1.931696 12.506992
3.923757 -1.364525 14.695518
1.921524 -0.111943 4.441053
0.445974 1.351474 2.500611
1.420965 1.194524 7.684553
0.583083 1.337347 2.685911
2.825778 -1.659487 10.467097
3.863291 -1.524649 14.731778
3.012262 1.100089 11.132851
3.079468 0.815836 20.061283
2.282987 -0.701660 9.446760
1.689763 -1.430774 4.420315
1.445901 -1.345575 2.949782
2.240098 -0.902692 8.053965
1.701165 -1.441169 4.425285
2.082347 -1.045671 7.955501
2.694518 -1.678302 10.524343
1.897278 1.065989 11.481418
1.380433 -1.492524 4.519186
0.805537 -1.676238 7.908694
2.823370 1.096545 11.335435
1.497636 -0.935848 8.770226
1.915125 0.388661 4.518566
3.279385 0.806980 21.888855
1.804047 1.729913 10.527916
3.083545 0.290781 20.111317
0.624991 1.126389 7.367838
0.828668 0.650520 8.944446
3.291820 0.763640 21.723869
1.194564 1.288590 5.182164
3.247691 -1.653454 11.433060
1.989196 0.311716 5.209225
3.112015 1.068460 11.470160
0.099569 1.298700 3.310240
2.838125 -1.655999 10.595005
3.008935 -1.657476 11.558131
0.871996 1.345959 2.484864
2.617974 -1.701706 10.675504
4.725451 0.709318 20.196739
0.687003 1.337000 2.787521
2.226925 0.107047 15.270926
3.842636 0.815458 20.987295
-1.055747 1.068313 4.118209
2.938311 1.088433 10.516913
-1.067946 0.369186 2.956006
3.844640 -1.180712 16.166464
-0.152458 1.039025 6.868570
1.726359 0.499761 3.262495
3.460822 -1.733367 14.069763
-0.420201 0.725101 5.942631
-1.110228 0.357083 5.158389
1.750094 0.536336 3.328800
4.229456 -1.553781 16.624554
2.671216 -1.699793 10.798324
2.870710 -1.733167 11.869382
1.998902 -1.585169 7.986814
2.373970 -1.547319 8.046797
2.443036 -2.158825 15.072290
3.576495 -1.945520 15.371396
-1.100143 1.262767 3.002134
1.350335 -1.467220 3.295756
0.863520 0.822008 12.576559
1.673068 -0.139433 15.430707
2.707688 -1.665309 10.801765
-0.519662 1.299505 2.901903
2.642019 -1.686987 10.822822
0.625350 -1.628388 8.012573
-0.482268 1.330528 3.073412
2.888431 -1.637761 10.884804
0.810062 -1.961794 4.779640
3.015389 -1.725452 12.579819
0.641053 -1.855872 3.990238
1.974789 -0.733507 4.844335
0.122457 -1.929460 3.287026
1.689825 -1.413757 4.801538
3.121200 -1.728170 12.012596
1.366906 -1.473568 3.387767
0.918203 -1.977648 4.085167
3.521534 -1.560549 14.430223
1.060572 -1.765459 8.344189
1.351010 -1.458574 3.364129
0.773047 -1.041228 7.690414
3.470697 -1.567699 18.069132
1.474298 -1.591162 8.105628
1.194543 -1.392790 8.019298
1.901034 1.334108 5.133137
2.844618 -1.756500 12.110085
3.865961 -1.916987 15.401946
1.147084 1.324428 3.397732
0.498715 -1.995034 6.724344
3.507602 -0.885018 15.767952
1.153172 1.335893 3.408756
2.896023 -0.843002 12.132234
2.444130 -1.922001 14.583649
2.014479 -0.273695 5.153079
4.623792 -1.718574 19.003876
4.366142 1.013396 21.107323
1.276195 1.180228 8.088497
2.728027 -1.747966 12.140072
-0.261879 -1.685498 5.340425
1.273088 1.183424 8.093839
1.996682 1.115033 10.378665
-0.011987 1.341622 2.795925
2.703856 -1.743420 10.864367
2.317388 1.046034 5.242429
3.015313 0.223453 22.001945
0.436082 1.331118 2.460777
1.878992 1.290559 4.457608
3.150682 -1.037361 6.321906
2.203959 -1.587928 7.246656
1.909570 1.054528 11.893830
2.895182 -1.721694 10.669990
1.987742 0.440296 4.710880
1.564311 1.027755 12.625907
0.755541 1.440708 2.930233
0.025270 1.316289 3.018059
-1.007245 -1.349686 2.821092
1.066243 -1.503630 2.761314
3.725904 -0.038783 14.059559
2.346146 1.138595 9.939679
5.142769 -1.462251 21.502359
1.826288 0.054474 12.346929
1.688441 1.106228 10.356410
2.467157 0.345397 8.269104
1.735127 0.631986 12.609152
3.743180 -2.317676 20.452026
2.666037 0.962052 14.425765
2.620933 -0.899557 11.384738
1.289318 1.406117 3.024709
2.061437 0.347603 14.608193
2.924284 -1.741540 12.527651
2.510028 0.907677 11.658322
3.707178 -1.476524 16.034380
2.944316 1.128943 10.566349
1.976932 1.830315 9.111696
2.152774 -0.050614 14.920422
0.540564 1.195801 6.929597
3.693032 -1.790306 14.388732
1.069200 -1.527625 2.730037
-0.270021 1.218356 7.052928
4.704253 0.879346 19.716915
4.718427 -0.058903 19.783066
0.790724 -1.436803 9.244731
0.164799 1.326832 2.689659
1.989363 1.011973 9.969441
2.030265 2.511168 8.529640
2.994338 0.955508 14.386125
1.477562 -1.369626 8.097667
3.481505 1.008268 14.032258
2.327042 -1.485574 7.706532
3.125115 -1.426648 19.965281
3.652630 -1.473646 15.988357
3.606455 -0.901198 17.912254
3.693151 -0.878489 13.610202
1.936712 0.447941 13.565634
3.682098 -1.780640 14.370359
2.057850 0.349274 14.592969
2.373319 -1.701534 10.112101
3.449445 -1.757691 14.082592
1.467693 -2.053992 12.273560
2.241971 0.715439 8.385101
2.145839 -0.008019 15.378494
1.682084 1.147897 9.075771
-0.286978 1.343335 2.623218
2.040804 0.206435 14.582126
3.069518 -0.133610 19.888582
3.271453 -1.755933 14.301588
0.590164 1.332286 2.755218
1.556657 1.330418 8.562410
1.905026 1.342934 5.144031
3.122289 -1.115032 19.993761
3.419958 -0.794367 12.929029
2.153358 1.123574 10.252241
3.046789 -0.142518 19.877638
4.509353 -2.081188 21.664688
2.838701 -1.078866 10.683355
2.808244 1.031856 10.079927
2.032817 0.606567 14.525918
3.007274 -0.686034 11.291429
4.459272 0.854836 20.028784
2.278501 -1.239135 5.072187
0.369497 1.219963 6.566479
-0.477343 1.313843 3.029018
3.452078 -1.700856 20.083662
2.356016 -2.172651 13.932332
3.251874 -1.253394 12.338298
1.244810 1.221133 6.838955
3.252670 -1.873461 17.609293
1.174645 -1.559021 3.193727
0.577968 1.201155 6.972376
2.067234 0.906968 11.003837
3.392985 -1.698616 13.285080
0.037095 -1.599025 6.732694
3.305615 1.064242 12.568501
3.644158 -1.765166 14.134613
4.775757 -1.714156 19.884937
4.443456 0.840178 19.995173
3.833684 -0.010107 14.701355
1.789629 -1.358760 6.725501
3.050281 -0.110696 19.864790
4.673496 -0.068139 19.569193
1.475304 -1.712729 12.636662
-0.758913 1.301322 2.953179
2.949387 -1.698040 10.630322
0.715577 -1.267953 7.133343
2.011870 -1.513615 7.871311
2.942501 0.820658 14.484112
3.045047 -1.926229 12.709708
3.187315 -1.402532 14.473350
1.611842 -1.244274 9.702292
4.362650 0.861218 20.000851
3.069511 -1.657423 14.314759
0.890171 -2.034600 8.949430
3.057695 -0.116653 19.841646
3.876199 0.820039 14.767474
3.863754 -0.323956 20.579594
3.291412 -1.689717 14.466944
1.886684 -1.378663 7.169371
3.129283 0.806437 20.556326
-1.073993 -1.129009 3.003765
2.766088 -1.741567 10.821677
-1.107026 -0.686395 2.734393
1.263437 1.255531 6.861651
0.590786 1.378198 2.771267
2.984708 0.257817 22.296635
1.953046 -1.423042 9.388009
2.059567 -1.447851 8.383920
3.481782 -1.747082 13.249210
0.737072 -1.719920 8.060616
0.555299 1.334925 2.658646
4.047953 0.759830 16.525541
3.563807 -0.328134 13.486226
1.120701 -2.034312 9.775327
0.025236 1.306039 2.997763
0.578066 1.199285 6.972408
2.448814 -1.599164 7.724958
3.466187 -1.722182 20.270578
2.370765 -1.589384 7.763315
0.340324 1.331318 2.763505
2.344968 1.148140 9.954115
0.751852 -2.096779 8.734741
1.852713 1.158202 8.334892
-1.118141 -0.670417 2.775362
1.912261 -0.121302 15.005610
4.547952 -1.701895 20.090118
3.665971 -0.032332 14.166079
2.984965 -1.740339 12.433667
2.010600 0.614110 9.938933
2.017167 1.170752 7.061068
2.900999 0.594838 18.950558
1.884698 -0.105299 4.397357
3.287405 1.059849 12.328675
0.017222 -2.009240 6.402295
5.149052 -1.466490 21.493477
1.895320 0.411722 4.336673
2.102651 1.215656 7.256735
2.788720 0.961215 16.008120
3.132618 -1.307436 21.240000
1.902059 -0.013685 4.353746
3.740040 -2.314643 20.449129
1.879344 -0.037444 4.233285
1.327595 1.323542 4.660808
1.893495 -0.121969 15.084367
4.724791 -0.006659 19.689413
5.023754 0.964007 21.840508
1.919783 -0.214662 4.371409
2.811861 1.153310 9.748657
3.088346 -1.705854 12.402886
1.628073 1.114758 10.198277
2.806738 1.021712 16.209789
2.190950 -1.563746 7.474998
0.730292 1.335086 2.537246
1.482234 1.078257 12.701423
0.559126 1.326097 2.930391
1.841867 -1.518434 4.840448
2.265929 -1.584195 7.056528
1.910871 1.065685 11.917119
0.399343 1.326890 2.837172
3.056405 -1.700153 11.745041
4.627988 -1.904668 20.059780
2.990839 0.982053 11.101809
1.958880 -0.501023 4.685682
2.696591 -0.050021 13.485197
3.215141 -1.545536 20.594311
1.516055 1.046943 12.629963
2.410090 0.707991 17.016541
2.430197 1.052054 12.289196
1.923207 -0.214293 4.379359
-0.357504 1.291637 2.621046
1.948616 -0.132985 4.566848
2.530518 1.151923 8.564458
1.177401 1.110416 10.416667
2.150900 -1.461327 4.842358
3.086680 0.416839 20.092285
2.640089 -1.444841 8.617645
2.417173 0.897185 16.265316
3.114995 -1.079305 20.041271
2.009683 0.611489 9.930301
3.173585 -1.708463 12.440542
3.339670 -1.554432 19.219809
0.437335 1.322445 3.109550
3.184296 -1.924927 14.891956
3.306063 0.687683 21.433973
1.888093 -0.213819 4.323555
1.809480 -1.951629 13.407290
2.796764 -1.826634 15.864061
4.284679 -1.924440 20.951466
0.367547 1.341218 2.474031
4.226603 -1.029291 16.767666
4.104523 -1.722502 17.561420
3.126403 -1.701227 12.400333
2.067899 0.963945 11.025092
2.283680 1.215840 7.023906
4.833418 0.855167 20.451521
1.720311 1.022340 12.617598
2.135157 0.274930 14.948030
2.645970 1.058660 12.322269
1.941876 -0.064290 4.398250
1.092699 1.320092 4.852099
2.055358 1.209351 7.456244
1.642874 1.032435 12.601007
2.863306 0.627738 11.491999
2.433994 -1.618947 14.720840
2.202379 -1.503376 9.388783
2.030144 0.456757 4.785583
0.661135 1.176884 7.312230
5.190981 -1.363520 21.176062
2.434192 1.053708 12.295111
0.430838 1.336218 2.811518
2.083342 -1.379133 8.034891
0.028084 1.355094 3.105541
1.699337 1.324864 4.816915
4.327513 -2.006348 19.805441
3.121219 -1.701845 12.264523
4.273771 -2.089535 19.970263
1.776203 -1.049495 12.578380
2.433332 -1.480011 7.287263
4.621566 0.882080 19.293720
0.550755 1.314403 2.618797
3.267313 -1.703127 12.474193
2.300144 1.226750 7.049992
3.067259 -0.158292 19.864569
0.339587 1.414799 2.912699
1.703076 0.921054 12.672242
3.181849 1.087166 11.967367
1.140333 -1.436778 3.081949
2.015128 -0.681276 4.939970
3.009011 -1.292475 13.709740
2.286754 -2.135078 13.756534
4.705748 -1.328378 19.551678
4.684864 0.862292 19.673328
2.119629 -1.235075 12.190688
3.596169 0.777082 21.764154
1.906883 -0.070112 4.345278
5.145889 -1.460469 21.497862
1.889615 0.010864 4.240259
-1.033246 -0.716835 2.889304
5.121560 -1.028312 21.323252
-0.109677 1.323760 2.654820
1.237956 -0.183607 12.779767
-0.248674 1.309888 2.627740
1.773255 -1.119768 12.681604
2.198668 -1.495083 4.653252
2.845611 -1.179056 11.767514
4.718143 -0.026281 19.661751
4.634616 0.872381 19.378620
4.814965 -1.853590 20.919403
-1.065218 -1.124110 2.983464
1.843425 -0.141976 12.985689
0.862129 -1.893582 8.452757
3.375893 0.800578 22.032827
1.097712 -1.505307 3.011882
2.789615 -1.719749 10.821041
3.661520 -0.952201 14.955073
5.034456 -0.996575 21.664217
1.988349 -0.154360 5.043524
2.072618 -1.043657 11.780613
4.709669 -1.904557 20.184380
2.971496 0.472504 20.968119
-0.766275 1.347024 2.809607
1.820382 1.222080 7.030046
0.640392 1.149219 7.315512
3.216403 0.813015 20.961744
0.977322 -1.585345 10.835855
2.653370 1.055725 12.403227
1.895905 -1.496478 5.158853
4.762579 0.850550 20.266529
2.857135 1.138217 10.057920
1.961811 -0.274258 4.917286
2.291410 -1.579851 7.494340
1.992094 -0.120058 4.976375
0.664647 -1.523332 11.342400
2.907542 -1.530897 14.413335
0.443532 1.350948 3.171364
3.481402 -0.531583 13.273350
3.842080 0.800107 20.961992
1.794685 -1.459518 11.076028
0.526524 1.209907 6.693680
-0.470348 1.307229 3.027964
2.583102 -1.426716 9.173093
2.531300 -1.884046 15.763845
3.446126 -1.761980 14.195408
1.614692 -1.399210 5.413756
2.974780 -1.699016 12.773467
5.413571 -1.622048 22.274656
1.967849 -0.188651 5.013073
2.379786 -1.596521 7.761415
4.469705 0.881570 20.083776
2.975232 -1.131548 10.116884
2.009696 0.582288 14.518733
0.594830 1.342346 2.776471
2.693592 -0.197751 10.324130
2.742887 0.990474 13.234221
1.168807 -1.472548 3.163542
1.896029 -1.548617 6.893073
2.643611 1.136573 10.102818
3.290952 -0.067305 13.023247
2.685791 -0.687548 12.686862
1.707789 -1.260229 5.034228
1.688010 1.099016 10.342566
1.687503 -1.251447 6.800601
0.700597 1.340759 2.684946
2.050813 0.197265 14.609212
0.029946 1.324757 3.043680
3.117843 -1.218785 11.381039
3.732564 0.726651 14.360853
2.368143 -1.585898 7.757134
2.330807 -1.452909 4.818145
3.085527 -1.713248 12.187248
3.062071 0.783484 20.506809
1.990024 1.098321 10.386061
1.496379 1.051357 12.306223
1.986485 1.102621 10.385623
3.758464 -1.514866 16.295458
1.720134 -1.278846 6.760527
3.561492 -0.330489 13.593341
2.001887 1.099637 5.563274
3.287871 1.056275 12.364468
2.275966 -1.580422 7.133785
2.237811 -1.437733 6.312932
1.765699 -1.102192 12.670427
0.349059 1.334319 2.635778
0.640479 -1.503953 7.669363
4.175811 -1.210433 17.805502
1.765581 -1.131089 12.668547
1.512030 -1.293043 6.764826
2.044199 -0.563053 5.166618
1.407542 -1.414451 4.948861
3.595946 -1.216608 13.593351
4.668399 0.794447 22.874550
1.865592 1.099267 10.402784
0.190254 1.321639 3.117681
2.096989 -1.477522 6.363562
1.676163 0.967454 12.363531
3.508813 -0.646727 13.233485
0.448472 1.362871 2.520127
1.982781 -0.159145 4.995890
2.273490 -1.581437 7.136254
0.589518 1.342916 2.772812
2.074754 0.170675 14.483032
3.708882 -1.290359 16.588390
0.707569 -0.038984 7.699893
3.030750 0.723414 22.432499
1.768001 -1.071546 12.670798
2.497895 -1.664258 11.029027
0.783496 -0.002649 10.396038
1.949059 -1.513103 6.985858
3.135258 -1.711087 12.130993
2.084575 1.152302 9.349180
3.471371 -0.242061 13.069886
1.507961 1.021401 12.246882
1.680930 -1.296584 6.767327
2.927893 1.131546 10.318901
1.771523 -1.303409 5.071615
-0.326118 1.315947 2.822294
1.243584 -2.077553 12.455028
0.185954 1.331177 3.123646
2.042658 -1.280047 5.154472
1.667158 -1.785205 11.227486
4.717324 -1.901831 20.170263
1.969836 -0.124517 4.952848
4.842947 -1.800624 20.277905
1.133664 1.360218 2.756739
3.009117 -1.644160 11.614921
0.724531 -1.854653 7.354652
0.860671 -2.022242 8.670754
5.247565 -1.608945 21.663948
1.855581 1.100990 10.430061
4.883810 0.748239 22.511923
0.524553 1.231704 6.761806
-0.015972 1.366867 2.846027
4.335770 -1.013674 19.981588
4.918812 -1.758165 20.470707
-0.247139 1.299162 2.606845
0.738090 1.336988 2.562237
2.336636 0.771652 8.273845
3.381254 -1.483117 22.014048
0.807473 0.083549 11.516530
3.484934 -1.795642 14.034061
0.678614 -1.129250 7.178894
2.596975 1.071666 11.037784
0.060571 -1.962992 6.297962
0.674050 0.453597 7.345868
0.536647 1.195580 6.927012
0.734470 1.338066 2.560878
0.459630 1.477110 3.192673
2.236626 -1.586547 7.568226
1.638974 0.617766 11.111837
2.050102 0.455067 14.475356
3.623334 -1.754355 14.020949
-0.991668 -1.045138 2.774680
1.426820 1.922318 4.347815
0.416902 1.382759 2.970642
2.138886 1.201850 7.075635
-0.036926 1.203356 6.562300
2.474559 -1.342004 5.031229
1.676809 -1.281706 6.809609
1.984422 -0.167306 5.040529
2.979893 -1.699567 10.787202
5.126611 0.231226 21.258022
0.622373 -1.533163 5.500784
1.866809 0.011621 4.205031
0.547362 -2.052427 9.199605
0.792763 0.039280 11.173335
4.601856 -1.263336 18.914692
1.715149 0.898950 12.584311
1.994534 0.329072 5.246934
1.896630 1.297643 4.484812
4.355252 -1.052411 21.186401
1.133797 1.353704 2.754139
1.991443 -0.091732 13.136622
3.066672 -1.094358 19.202682
1.973581 -0.005161 4.635571
2.971618 1.110165 10.671798
1.873100 1.321549 4.719089
2.946451 -1.504144 14.374652
2.252039 1.140365 6.725442
2.839679 -1.688663 11.738544
4.627062 0.884573 19.299774
2.980824 -1.707609 12.707197
1.903395 -0.062024 4.347509
2.157069 -2.092907 13.269079
4.719083 -0.151194 19.635298
2.002518 1.409857 4.658447
2.116696 0.950818 9.154737
4.624841 0.895986 19.266922
2.126521 -1.340983 5.338484
2.884969 1.123401 10.195645
2.873587 -1.527314 11.286307
1.912985 0.354748 4.534899
1.909429 0.398907 4.357964
3.375505 -1.333556 14.820345
0.345149 1.321995 2.611811
2.816949 -1.194812 17.839800
2.864684 -0.884076 12.907309
4.048358 -1.594972 16.092930
2.739844 0.991454 13.235129
2.971384 -1.308579 12.162347
2.418906 0.536726 16.552753
2.654745 1.058942 12.380095
1.931619 -0.009124 4.575249
2.028925 1.033479 10.486537
3.112590 -0.942593 12.802525
4.233974 0.813163 19.687414
2.025978 -0.536688 5.141413
0.549474 1.309291 3.066295
3.120612 -1.741888 12.057607
2.191790 -1.866987 12.898107
3.386551 -1.690289 13.321608
1.870450 -0.110217 4.225827
2.485605 -1.609625 16.562260
2.556533 1.132709 8.512422
1.770725 -0.021446 4.172114
2.300903 1.399129 10.259693
3.910958 -1.524953 14.656409
4.746068 -1.209033 19.653538
3.373874 0.908010 15.010580
2.130327 -1.478554 5.307166
1.762561 -1.236170 6.772670
3.332997 0.653922 17.952433
1.521827 -1.288226 6.805041
5.192021 -1.408923 21.167019
-0.972096 -0.667915 2.708134
2.707725 -1.732059 10.945172
1.990505 0.057108 4.726160
1.959379 -0.007106 4.622507
1.880807 -0.066806 4.306945
3.992992 -0.026881 16.587433
2.815977 1.149161 9.763942
1.881650 -0.019477 4.297668
3.103635 1.074547 11.489531
0.557122 1.376250 3.210386
3.598028 -0.547774 13.610054
1.997332 -0.124609 5.136100
3.539537 -0.436457 13.450881
3.009243 -1.711882 12.522322
2.555933 -0.563887 13.139703
1.909820 1.065063 11.907869
2.270031 -1.074767 6.463286
4.723383 -0.150587 19.638319
1.888446 -0.020973 4.303325
0.627179 -1.624456 11.858747
1.495754 -1.250777 6.854031
0.548308 1.336818 2.796906
2.006664 -0.520702 5.102453
0.592158 -1.883692 8.775581
3.500762 0.845418 19.895403
3.295191 -1.772593 14.097180
1.729132 0.963928 12.842582
2.234121 1.198092 6.388585
0.990961 1.206625 7.015862
3.479235 -1.719953 16.087923
-1.098576 1.264681 2.999738
2.097073 -1.446020 5.246961
-0.453833 1.265572 2.922311
3.241613 0.828001 20.097803
0.635822 1.199613 7.097616
3.525928 -0.325826 13.382064
3.040284 0.811667 19.776062
1.687166 1.083030 10.313849
0.990470 1.213786 7.023768
3.425488 -1.690624 12.489639
0.155063 1.310556 2.506351
2.240834 -1.357781 15.476966
3.703096 -1.839488 15.934671
2.198329 0.973568 15.834436
3.089924 -1.309699 12.750920
0.626271 -1.343474 5.137484
3.522064 -0.432448 13.423258
3.420574 1.070065 12.973854
2.274732 1.058047 12.572066
3.171721 0.313386 19.255037
1.859269 0.576441 4.202009
2.739695 -1.961650 14.621623
1.759694 -1.658433 12.535570
2.541857 0.917354 15.124146
5.218418 -0.505146 21.875145
2.757241 -1.894151 11.006661
1.575577 -1.486140 5.566626
4.663362 -1.911316 19.832222
0.155764 1.344759 2.570671
1.947722 -1.212708 4.724836
3.567802 -0.330062 13.604037
2.748391 -0.090566 14.039169
2.032304 1.230275 5.342659
2.036117 1.003548 5.324475
2.079921 -1.503590 8.839765
3.640495 0.771238 21.620916
4.703170 -0.061596 19.585461
0.730723 -1.817919 7.824979
3.046968 -1.598062 15.360865
2.226124 -1.576159 7.546402
2.068278 0.673878 4.695765
2.972934 -0.838341 22.201918
2.890495 -1.663339 10.987843
0.031379 -1.614134 6.752709
2.419761 0.579262 15.891902
1.871710 0.371553 4.260951
1.878760 -0.005095 4.212027
0.691199 1.342659 2.790717
1.901293 0.659660 4.159722
-0.014459 1.308321 2.724511
1.666662 0.328674 9.971727
1.944705 0.766708 8.350574
2.961562 1.098234 10.655828
1.982429 0.323706 5.217192
1.882979 -1.337700 8.929062
0.795118 -0.582787 11.410211
2.665745 1.015518 13.519041
2.059242 -1.385275 9.210285
3.592200 -1.398013 13.514071
2.036146 0.538022 14.530727
1.909883 -0.106551 4.434435
3.219610 1.075430 12.103481
2.302379 -1.081672 6.526369
2.051331 -1.293365 5.163876
1.976473 0.201401 5.194785
4.352714 0.845227 19.790123
2.048557 -1.504771 6.090984
-0.016376 1.347817 2.805051
0.850644 -1.959819 7.858010
1.854465 0.373981 4.122566
2.204308 -1.407776 5.975870
1.925684 -0.110747 4.307267
4.479853 -2.041429 21.274950
2.253201 1.673722 10.031076
2.913282 -1.707460 12.527327
0.631448 -1.593903 9.034348
2.063901 -1.164521 13.844335
2.065506 1.229674 7.512458
2.659575 -1.081881 5.669406
2.360100 -1.615620 7.597993
1.634059 0.590902 9.985188
2.600977 -1.598237 9.032109
3.027898 -1.536897 14.359233
4.511796 -0.867439 18.734316
1.060147 1.426555 6.169994
1.728707 1.147323 7.800139
0.799258 -1.523059 9.746551
1.930233 1.209016 7.455536
2.219478 1.126431 10.429431
1.928615 -0.050473 4.469533
2.254183 -0.593341 6.265177
4.607573 -1.935819 20.155254
2.138154 -1.367596 5.337361
3.302185 -1.602933 15.364799
2.255495 -1.595606 7.256583
1.946226 -1.340990 8.315289
0.157963 1.299054 2.632655
-0.016213 1.335019 2.783379
2.425417 1.121446 10.338537
3.452729 -1.537089 14.327303
1.725680 -1.994612 13.213564
2.531551 0.541426 12.908124
0.652674 1.186121 7.557771
2.036190 0.538979 14.530918
1.943139 0.779571 10.007196
1.923017 -0.114016 4.445739
2.854571 1.137868 10.058731
1.809649 -1.533937 11.268256
3.237297 1.029202 12.449083
2.325440 -1.572639 7.520152
2.319467 1.224697 7.149673
3.746492 0.015247 14.092438
0.364192 1.324427 2.788049
4.271272 -1.909409 20.941557
2.742059 -0.906789 12.166212
1.933599 -0.127867 4.538464
2.319447 -1.585977 7.477015
3.627612 -1.747327 14.110515
0.443295 -1.832157 5.957640
4.449059 0.841032 19.994366
1.793017 -2.196165 10.590925
3.267579 0.820221 19.818125
1.897749 -1.473375 7.146050
0.818701 1.481069 3.075017
1.871360 0.409344 4.257748
1.920047 1.392759 8.839131
2.824287 -1.815994 9.623415
2.218868 -0.511989 6.219393
1.635529 -1.274120 9.882731
3.794010 -1.835399 16.401382
3.025688 0.748407 15.055001
4.662333 0.826468 19.821712
3.360010 -1.202722 13.030940
3.749202 0.989190 14.880008
0.584425 0.055624 10.879106
-0.438507 1.303941 2.994109
2.038165 0.468467 14.516522
3.000155 0.715827 22.233387
2.900335 -1.727358 10.826632
2.187193 1.039324 6.021617
2.116849 1.094548 10.079703
3.125402 -1.743918 14.524823
2.035315 1.360970 4.611515
3.218404 1.052602 12.167665
1.913422 -0.111314 4.431381
3.234406 -1.690125 11.974792
3.794033 0.844862 19.902315
1.863989 1.186553 8.234921
2.077488 -1.557783 7.820110
4.991137 -0.737071 20.577486
1.345355 1.347584 2.850839
2.785673 -1.799827 12.104430
3.366292 -0.660650 12.795209
1.715773 0.067248 11.562190
3.742311 0.990885 14.777450
3.114072 -1.648330 11.994606
2.652383 1.064544 12.444134
3.789237 0.364257 16.560781
1.272442 -0.190340 12.422903
1.568136 -1.247252 6.823618
2.288377 1.212374 7.006908
2.315745 -1.047767 6.551802
2.661049 -1.624686 10.993243
2.059857 1.204995 7.456258
2.949606 -1.698616 12.307858
2.158971 -1.532199 7.385805
2.178822 0.222025 15.126518
2.889732 -1.594386 14.014021
2.461464 -1.489947 16.367847
1.289126 1.173546 7.800261
3.602887 0.470220 22.612076
-0.895812 -1.439172 3.148782
3.026679 -1.531628 15.158113
2.018894 -0.624805 4.718545
4.625019 0.808369 22.847490
2.263828 -1.202519 4.748703
2.899568 0.924329 16.638515
1.567701 -1.251225 6.829562
4.411857 -0.630900 20.025444
2.316602 -1.578003 7.454820
2.049238 -0.728635 5.172246
4.711823 -1.734408 19.482166
2.044564 0.219350 5.307345
1.839516 1.143866 8.302823
1.971148 -1.461095 9.537010
3.111109 -0.817801 20.006243
2.963857 -1.734282 11.080142
2.025744 1.169219 7.387283
2.004423 -0.283973 5.125158
1.997647 -0.123557 15.095372
3.468906 0.921226 15.389108
3.558787 -1.688380 13.499609
1.729388 -1.265332 4.967236
1.476853 -2.035963 12.236549
3.690408 -0.159134 18.111135
3.276147 -1.051936 14.834437
3.083790 0.812781 19.981724
1.174111 -1.568283 3.218566
1.382558 -1.776211 8.533109
3.730956 -0.737217 19.460651
0.676743 0.464724 7.475977
4.203436 -1.350856 17.597019
4.056736 0.806929 19.664696
3.362611 0.983046 15.239738
2.173214 0.862996 15.554868
2.424942 -1.627526 7.510484
3.661501 0.864232 19.434864
-0.428872 1.312951 2.993566
2.311687 1.201284 7.133230
2.910360 -1.694286 11.050429
1.361940 1.364307 2.881322
3.762866 -1.133326 17.846571
2.223101 0.859353 15.514598
2.136520 -1.379862 5.325474
1.815312 -1.657633 11.490729
1.565921 -1.246978 6.823026
1.963137 -0.256051 4.978403
3.387505 -1.665330 12.993182
3.696580 -1.834609 15.921483
2.155819 1.079440 4.647638
1.778207 -1.008001 12.555336
2.438787 -2.028727 14.790847
3.062687 -1.717569 12.663280
2.078204 -1.553884 7.048125
3.594371 -0.316572 19.250526
2.153115 -1.752984 14.315995
2.667715 1.065686 12.411662
0.726582 1.339670 2.627652
2.262809 1.054062 12.578932
4.381498 -1.493088 20.272854
1.484602 -2.101019 12.395794
2.166911 0.241932 15.236543
3.872814 -1.498576 14.776156
4.127918 -1.339064 17.364378
2.878657 0.557278 18.812113
1.698191 1.231881 6.994378
4.627851 0.860764 20.735476
3.134606 -1.684828 12.572996
2.971869 -1.738029 12.624793
3.267370 -0.422109 18.739937
1.454208 -2.032054 7.258952
3.205813 -1.707110 12.629348
2.024614 -0.625797 4.726294
2.136689 0.511494 14.968863
2.189104 1.100252 4.688717
2.239061 -0.105370 15.390181
1.796762 -1.314855 13.031466
1.263921 -0.185836 12.675650
0.325395 1.294249 2.667936
2.345126 -1.043574 6.941249
1.422467 -1.488681 3.362842
3.644784 -1.444428 14.193301
2.190412 1.100735 4.684721
0.726506 -1.857344 7.338878
3.649914 0.864389 19.373184
1.726816 -1.326997 6.943648
2.456687 -1.480747 16.349371
2.408269 1.236329 7.505390
3.266820 -1.445534 14.722403
0.501033 1.595046 3.476541
2.033015 1.273394 4.718625
0.606915 0.527165 7.711390
3.750349 -1.851637 16.502371
3.785826 0.869920 19.381781
3.898722 -1.475479 14.856755
2.050394 1.287556 4.744590
1.315989 1.219788 7.064483
4.026511 0.883611 19.335606
3.728461 -0.545781 16.991480
1.573965 -1.257132 6.842473
0.478211 1.513835 3.294413
2.419530 -1.653845 14.791598
1.967401 -0.149831 5.018298
3.701693 -0.882190 14.951848
2.769771 -1.642706 15.273852
0.266530 1.368816 2.733202
2.059632 1.272608 5.387149
2.999285 0.292002 19.094101
2.048690 0.337268 5.293613
1.854436 0.058354 12.548368
1.441892 -2.004279 7.198043
2.165920 0.412733 15.156942
5.196483 0.279983 21.377518
2.212378 -1.583482 7.183344
3.115382 -1.630102 12.074668
3.517149 -1.689891 13.936362
2.319681 -1.584767 7.462837
2.440691 -2.042347 14.815618
0.343587 1.351435 2.789914
2.264348 1.051582 12.579906
2.540872 -1.227296 7.820728
4.664519 0.887522 19.508657
0.676018 0.449267 7.359267
2.417878 0.501311 16.467495
3.525671 -1.583608 14.503273
2.197030 -1.493948 6.677381
2.423397 0.389874 8.241437
2.108412 1.205018 6.960508
2.046687 -0.677161 5.157125
2.930898 -1.787671 10.729909
0.615934 -1.549569 9.058249
-0.077036 -1.533653 7.350618
4.316367 -1.863543 20.175322
2.774743 -1.394792 10.650712
2.636760 -1.117095 10.899396
0.891463 -1.652033 12.558568
3.054290 -0.644609 16.525345
2.856852 1.141962 9.985815
2.355429 -1.105823 6.670065
-0.422057 0.706604 5.916415
0.662846 -1.373271 5.338470
-0.316464 -1.864015 5.980006
3.056533 -1.210653 20.457451
2.719368 0.051668 15.263899
1.922415 -0.023857 4.413506
2.314114 -1.606224 7.215606
2.734401 -1.833945 10.838145
3.467074 -1.724714 20.340963
-0.321316 -1.857967 5.912565
1.618297 0.712412 10.090089
1.697925 1.235491 7.010515
3.206953 -1.444030 14.555597
2.499641 -1.280154 7.218540
2.939255 1.034801 10.322456
2.397382 -1.492372 8.514158
2.024518 0.247532 5.294148
1.991874 -1.225587 4.807159
2.789584 -1.636308 9.816020
1.557942 1.224396 7.034183
4.244424 0.820716 19.708971
-0.738527 1.263531 2.868077
1.932955 -1.481843 5.522895
2.054161 0.850085 8.827611
1.547085 -1.433289 9.782389
2.973692 -1.601666 11.028067
2.284428 -0.504835 6.338835
2.970855 0.345860 22.451855
3.928277 -1.554268 14.693000
3.745147 0.784009 21.437706
1.144667 1.369637 2.309226
1.823711 -1.738677 11.238297
1.812466 -1.484183 7.241920
2.436327 -1.933674 14.560759
3.088362 0.265697 20.190289
2.046663 -1.581411 7.389763
2.843318 -1.786616 10.798561
0.549773 -0.047344 11.314267
2.327044 0.768535 8.262727
1.990942 -0.123803 15.119325
2.499138 -1.357899 5.060375
1.179584 -1.394988 8.018163
0.646871 -0.379516 11.323892
2.916766 0.539208 19.043871
3.132585 -0.693706 19.881678
2.138158 1.136473 6.129971
0.430705 1.331974 2.942552
2.459961 0.849449 9.309138
0.312112 1.327828 2.917466
1.125011 -1.897081 9.398323
2.770964 -1.345098 18.151997
0.697631 1.357951 2.831028
1.678228 1.401703 7.649338
3.077983 0.838509 20.051844
3.024102 1.083731 10.966346
0.949336 -1.560189 10.575734
2.062550 1.106724 10.100301
1.901138 1.188689 8.226629
-0.098269 -1.760633 6.609941
3.304474 1.114893 12.285174
3.494660 -1.796375 14.628510
1.320719 2.212680 8.231206
3.372340 -1.258357 13.002152
2.622749 -1.659348 11.072105
1.142518 1.366065 2.303589
2.726374 -1.796981 10.858031
2.040931 -1.553574 7.707481
3.841063 0.028510 14.633749
3.106566 -1.703100 14.449799
1.368159 -1.603013 4.279925
2.208865 -0.499158 6.160336
2.046292 0.869958 8.842662
2.966330 -1.707078 10.833871
1.903131 0.059464 13.074973
3.520041 -0.814105 13.244281
4.595096 0.869637 19.165592
1.584620 1.811245 9.181099
2.269445 -1.606721 7.261127
1.537319 -1.437793 9.782903
1.938406 -0.120063 4.888733
0.473511 1.315236 3.884630
1.841043 -1.745295 11.710960
1.665908 1.948525 9.753250
0.442343 -1.533473 10.177245
3.907485 0.869139 19.400398
2.011409 0.336800 5.283086
-0.421953 -1.517012 5.795849
2.647107 -1.611479 10.952122
2.212716 -1.599096 7.260040
2.628070 -1.766149 10.916102
0.636402 1.344908 2.928847
1.644738 -1.626090 7.605237
2.513651 1.188621 8.385772
2.254993 -1.263902 15.117584
3.465763 -1.850177 15.436154
3.855426 -1.565354 14.501408
2.357846 -1.612637 7.616547
3.588536 -0.954219 15.552794
1.453884 -2.031342 7.253587
0.029529 1.309054 3.002797
5.275778 -1.410446 21.421944
3.614152 -0.187245 18.970856
2.239559 -1.282865 14.912422
0.439566 -1.521405 10.213694
1.233316 -1.447088 3.774193
2.162252 -1.607203 7.284396
2.142533 0.267226 14.908414
1.804473 -1.748178 11.248190
2.396034 -1.634666 7.738193
0.537610 -1.591539 9.965379
1.361505 1.358593 2.868647
2.715759 -1.632568 11.005873
2.032485 -1.555170 7.957661
3.852073 0.992371 14.743477
2.602242 -1.631095 11.009729
2.015179 0.985162 5.302401
2.164509 0.241314 15.182030
1.496319 1.205256 8.269480
2.087883 -1.545013 7.908750
0.643640 1.118704 7.268452
0.887617 -1.633814 12.429347
0.747222 -2.023610 8.550524
2.174895 0.149061 15.112339
1.527679 -1.783999 11.341919
4.005154 0.369465 17.530285
5.200998 -1.588842 22.056444
1.531169 -1.795201 11.349697
3.021593 0.574425 22.160152
2.124538 0.216977 14.667735
2.776093 -1.619723 15.243834
2.847020 -1.702340 11.782512
1.932578 0.184800 14.504572
2.067824 -0.728391 5.202271
3.659060 0.866170 19.396215
2.027139 -0.288102 5.180446
0.613313 -1.570365 9.101667
4.193169 -1.244572 22.515436
3.854411 0.852621 19.768286
1.112226 1.348562 2.734277
4.264382 -0.501630 17.403561
2.353112 -0.711035 11.661057
1.064757 1.363045 2.405050
2.126354 -1.360814 5.394134
2.055439 -1.577124 7.990214
0.868474 1.341569 2.487347
2.919964 -0.057266 14.720444
1.395452 1.538706 6.262704
0.857727 -2.009703 7.958799
2.775448 1.034682 13.048064
4.121204 -1.344944 17.351084
5.193934 0.234910 22.435434
-0.351745 1.283672 3.602464
3.540797 -1.359255 13.542027
2.324825 -1.182046 6.599533
3.533549 -0.234888 13.392364
1.416109 -1.485603 3.364960
1.766152 1.284502 3.928099
0.039814 1.283150 3.713685
1.909659 -1.493640 5.018253
0.819337 -1.543980 9.918253
3.391665 0.836922 20.221481
3.285787 -0.982911 13.766891
2.495622 0.018915 12.527178
2.882533 -1.743809 11.886259
1.886768 -0.706805 4.174876
0.660243 1.063418 7.147373
2.722862 -1.186888 11.208392
3.576320 -1.043092 15.172265
-0.215184 -1.505258 4.660792
-0.064094 -1.418888 6.822701
3.257393 0.427423 13.807189
2.173718 -1.734534 14.788220
2.714914 -1.362750 13.969952
3.065362 -1.768816 12.753396
3.463742 -1.726873 20.340771
2.906034 1.129974 10.232171
5.303912 -1.478750 21.449356
0.893407 -1.974130 4.786608
4.819249 0.848144 20.785946
2.019168 1.638090 10.379084
1.932685 -0.132417 4.532058
1.224562 1.629874 6.685995
3.170885 -0.808007 13.884527
0.715182 1.291881 4.706850
2.150236 -2.032118 14.261619
3.211763 -1.428949 13.517754
3.183214 -1.402075 14.449263
1.940380 -1.185481 4.729043
2.157130 1.077374 4.652880
4.518461 -1.873061 21.018570
1.905128 0.285123 5.003628
-0.101004 -1.533866 7.131902
1.846964 -0.134230 12.865196
1.286868 -1.484363 8.520608
0.901706 -1.951862 4.757875
3.527368 -1.569082 14.459496
2.048610 0.475965 14.468852
2.404058 0.843488 8.605817
1.489666 0.072694 2.567585
2.197941 -1.419353 5.543314
2.129857 -1.580138 7.432658
4.086233 0.882396 21.822582
2.014397 -0.520267 5.110958
2.049650 0.273206 14.758971
1.741249 -1.873152 12.950253
2.092436 -1.578830 7.245990
1.292080 1.161584 7.770554
1.327968 1.384209 2.314091
2.689159 -1.772327 10.979536
1.336389 1.216584 7.119785
3.062506 -1.496904 14.418990
1.842054 1.320189 4.600835
3.088288 0.778187 19.844351
2.243372 1.232120 6.980445
3.282638 -1.498550 21.079807
2.416662 -1.563872 7.649002
2.034344 -1.566439 7.646940
2.411471 -1.672830 14.797052
0.155824 1.318169 2.677767
3.104945 0.788408 21.011173
3.491190 -1.481987 21.667690
3.748676 0.776289 22.021328
2.872305 -1.561051 14.613574
0.448548 1.340080 2.482425
2.401242 -1.560967 7.549021
3.207373 -1.581110 14.520499
4.511593 -1.158618 18.710466
2.897992 -1.803207 10.863388
1.752283 1.282260 5.308322
1.982528 0.202003 5.147030
3.199480 0.802131 20.953085
2.867842 -1.635021 15.784205
3.190237 -1.537426 14.436289
2.871772 -1.541748 14.567863
2.267930 1.183655 4.810935
3.445356 -0.785527 12.732366
3.805674 -1.761045 14.582273
2.050995 -1.180143 5.116293
2.919479 0.400132 22.229538
1.938779 0.395002 4.584599
2.786890 -1.784253 10.948536
2.869788 -1.555832 14.600003
3.117851 -1.452583 20.008276
1.926078 -0.268542 4.869734
0.505623 -1.879953 10.101577
1.977772 -1.382816 4.733776
3.207511 1.081220 12.107644
2.957872 -1.803966 13.522293
2.799413 -1.617531 10.960403
2.065023 -0.714096 5.187647
2.447479 -1.230567 6.963373
3.188624 -1.388660 14.443285
5.155983 -1.555922 21.916883
1.335025 1.402630 2.323799
2.012051 1.192174 7.678297
2.191067 0.800682 15.395333
0.316135 1.310271 2.699465
1.993172 -1.502988 7.289990
3.149030 -1.403236 14.232090
3.071982 -1.849370 10.768806
2.057575 0.191848 14.554403
2.413387 -1.668244 14.789310
3.206253 1.055328 12.078230
4.226197 0.771999 22.556467
-0.309018 -1.469253 6.433477
3.682589 0.762648 22.351751
2.015099 0.059483 4.766910
3.920925 -1.520339 14.671590
3.118140 -1.063533 20.030994
0.161813 1.348273 2.731515
1.745069 1.274207 5.293800
2.874872 -1.547245 14.582713
2.830569 -1.687509 10.921867
1.964336 -0.192426 5.013487
4.252511 -1.837000 17.937521
2.513832 -1.272771 7.175723
5.126327 -0.993641 22.041958
1.877454 1.366735 4.667756
2.183859 -1.386948 5.426270
5.233848 -1.102221 22.319614
3.186414 -1.541797 14.436105
2.549168 0.937091 15.211473
4.513071 -1.158252 18.710211
2.729508 -1.854483 10.928528
1.774140 1.290569 3.948123
2.681474 -1.669301 11.003001
2.902900 0.581212 19.098177
0.470353 -1.988748 4.647680
2.040036 -0.254738 5.078323
2.873640 -1.555851 14.598810
2.085793 -0.736917 5.230430
3.098771 -0.381062 20.015703
2.904197 -1.713929 14.917523
0.473598 -2.006694 4.683906
2.064207 -1.360026 14.295259
3.197008 -1.502174 14.443748
3.566454 -1.635997 14.578296
-0.776668 1.155203 4.394581
3.620474 -1.744048 14.450793
2.146075 1.143173 10.266985
1.985439 -0.132026 5.112856
0.652067 1.191145 7.285435
-0.388219 -1.432519 5.469261
1.880517 0.367344 4.305265
1.994910 0.325168 5.235032
4.467470 -0.295086 20.084837
1.210861 1.397032 4.113235
1.894035 0.411992 4.335965
0.700796 -1.962562 4.500709
2.711701 0.946757 13.223450
3.358366 -0.205329 12.779095
4.354056 -0.591096 18.633757
2.934279 -1.286056 12.202394
3.024033 -0.166335 11.493308
1.843919 -0.144507 12.810906
1.368380 1.205743 7.468440
0.636825 -1.530667 5.162178
1.631079 1.199387 7.393946
2.430132 0.970914 11.283943
0.086623 1.282451 4.129723
3.152022 0.873537 15.568751
1.657616 0.626214 3.037917
1.935751 1.212300 7.463066
0.672664 1.184135 7.541460
4.648986 0.733956 19.930706
1.389806 -1.470112 3.488357
1.995593 -1.403508 9.443274
4.241527 -0.569675 17.305592
0.987555 -1.612309 10.740575
1.649119 0.614234 3.024647
0.256244 -1.612111 9.689745
2.073780 -0.671567 5.233044
2.327979 1.028357 12.952227
1.917137 1.299590 7.277775
2.950442 -1.587308 10.810216
0.844913 -1.932908 4.172020
1.568665 1.134758 10.075063
1.887257 -0.716904 4.149753
3.842227 0.815949 21.006254
2.039343 -1.385818 4.739630
-0.306596 1.257396 4.718199
2.008575 0.321923 9.959702
2.017058 -1.365448 4.688199
1.601601 -1.320308 6.749876
1.838222 -1.338949 3.993120
3.683903 -0.952269 18.367683
1.867318 -0.676329 4.118217
0.476930 -2.012158 4.657576
2.329069 -0.031218 10.997660
1.997568 -1.414499 8.605514
1.502837 1.343711 4.052071
2.194256 1.186777 8.050703
0.266918 1.302058 4.172820
4.734946 0.828169 20.190783
2.902439 0.995383 14.108577
4.000887 -0.978488 16.426949
3.044557 1.082375 11.040510
3.206565 -1.551657 20.844734
2.333539 -1.965641 13.351795
1.183218 -1.610181 8.112667
1.698293 0.123145 3.214596
1.697665 -0.023509 3.272045
2.066123 -1.459467 8.392754
1.538675 -1.447338 3.211043
1.710615 1.172907 8.547813
3.691499 1.136135 19.702110
5.064522 0.774098 21.436256
0.951523 1.301511 3.886079
2.774266 -1.673451 11.603967
2.889953 -1.033165 17.577511
0.568878 1.157219 8.296801
1.747520 1.308531 3.745950
1.981922 0.125310 14.216412
2.540707 -0.684895 13.274502
1.617651 -0.283821 2.885184
1.602332 -0.281413 2.794402
4.164069 -1.833123 17.200853
2.813293 -1.676896 11.670596
3.842452 -1.825079 15.882621
3.088817 -1.890998 15.816400
2.124578 1.066705 11.892002
1.374263 -1.450277 3.237937
3.282351 -1.549635 18.789640
1.653427 1.165722 8.168382
0.598951 -1.743402 8.229296
3.244882 -1.511934 20.752754
0.833848 -2.017633 9.109735
1.733209 -0.339426 3.276169
2.557634 1.009772 14.269179
3.052606 -1.441468 20.960842
4.493083 0.825359 21.747683
1.755470 1.224898 4.013677
1.983884 -1.450702 3.690990
2.942072 -1.510366 10.973248
2.122880 1.111383 9.626575
2.506725 -2.116800 15.961872
1.700131 0.155871 3.324265
1.774234 0.239989 3.693308
4.262095 -1.418987 17.893179
2.827731 0.811820 10.954834
4.850255 0.774955 22.592497
1.642757 0.043768 3.406909
2.708232 -0.197485 18.575371
3.135952 -1.841622 15.706820
0.847212 -1.945149 8.959719
1.625540 0.075065 2.919461
0.545518 -2.050905 9.197791
2.318105 -1.854755 17.768831
2.196564 -1.497805 9.431087
0.577366 1.277938 3.990150
1.626224 -0.195589 2.871064
1.635863 -0.326064 2.905198
1.341661 -1.457436 3.596956
1.567196 -1.469208 3.543165
2.638546 -1.694902 11.724286
1.697279 0.154556 3.320524
1.275136 -0.188978 12.417769
4.502444 0.832224 21.777948
1.814982 0.248375 3.766072
2.842101 1.071775 11.717330
1.707319 -0.021082 3.284253
0.578354 1.293791 4.022875
3.053215 1.051727 11.168154
1.376362 -1.500652 3.676450
1.619202 0.255951 2.920127
3.641036 0.763449 21.594803
2.086397 0.353806 10.423011
4.171196 -1.342517 17.328787
-0.076991 -0.957405 7.168252
4.970178 -1.760247 20.684942
2.882955 -1.691677 12.283175
1.616580 -1.450622 3.720687
1.765236 1.323114 3.805669
2.116576 1.049958 11.849391
5.158656 -0.226925 21.545149
2.872575 -0.566710 14.453954
4.132040 0.855901 20.349596
0.948218 -1.638111 8.192218
1.362023 -1.403214 3.150769
0.669734 0.419172 7.281856
3.841368 -1.830665 15.388916
1.679265 -0.109054 3.026636
1.189261 -1.632191 8.165589
2.506413 -2.114857 15.962326
3.414108 -0.256693 12.928876
2.172863 -1.463850 11.122235
0.553295 -2.053022 9.187762
3.847476 -1.809320 15.918730
2.051150 -1.434359 8.333866
3.735332 -1.807364 16.146666
5.287223 -1.308380 22.393976
3.863358 0.961596 15.533724
1.650441 -0.200392 2.980996
3.070499 -0.369861 11.934173
1.600904 0.217852 2.827187
0.606344 -1.734695 8.214561
2.505358 -2.117411 15.963134
4.704887 -1.946133 20.534678
3.054270 -0.155745 19.871605
4.208109 0.861541 20.121990
1.661310 -0.110061 3.002258
2.186608 1.350565 3.730329
5.254223 -1.820899 21.300835
5.282899 -1.333200 22.688301
1.799019 -1.315420 12.882191
2.331073 0.901929 15.850984
4.742352 0.827679 20.209841
3.053350 -0.107401 19.891851
3.061280 0.831999 16.937046
3.271287 -1.600388 15.696600
1.645104 0.251357 3.035652
3.273890 -1.608635 15.707541
4.756911 0.844434 20.255867
3.540436 -0.846671 12.950884
1.582815 1.025644 12.633722
4.037784 -0.905579 16.119820
2.363548 -1.620190 9.110307
0.084277 1.292389 4.148707
3.255493 -1.684702 13.085676
3.085615 1.068825 11.341115
0.402071 -1.959872 6.404916
-0.122851 1.024784 7.248825
1.792481 1.419972 7.978436
1.652130 -1.471063 5.805015
-0.431971 0.796807 5.960716
0.888306 -1.907687 4.671842
0.934090 -1.717948 8.347421
3.581275 0.842755 20.100397
1.814526 -1.515507 4.383504
1.997046 1.232682 4.644222
4.826847 0.706729 20.413298
4.728213 -0.148390 19.654305
1.201372 1.512014 7.077902
1.851419 -0.661719 4.099659
3.822369 -1.071766 18.723463
2.752318 -0.793064 11.145081
1.820114 -1.366568 3.890589
3.432222 -0.968741 5.599078
1.621035 -1.400251 10.132532
3.104093 1.076188 11.491050
4.709286 -0.100763 19.635107
1.788073 0.548326 3.733677
2.185812 -1.855798 13.005847
1.084072 1.311635 6.288965
4.379287 -1.266570 17.060978
2.110829 0.754023 7.968179
2.552323 1.171886 8.600224
4.870006 0.756039 20.524380
-0.194663 -1.113294 8.034540
1.835244 -1.743023 6.910844
-0.287892 1.233251 4.650684
3.504442 -0.236532 13.323393
2.404519 -1.496493 8.196312
1.677137 -0.329968 3.185755
4.481876 0.828430 21.771383
1.462950 1.316098 3.882294
0.693054 -1.588941 11.965038
4.323332 0.882580 20.814560
2.962681 -1.516160 11.070188
1.857998 1.173286 8.363482
1.419499 1.198457 7.694767
1.166760 1.344575 3.944864
0.012416 1.296889 4.447887
2.381168 -2.158245 13.943056
2.312848 0.282612 13.937427
4.706362 -0.032198 19.652805
3.106030 1.070891 11.595600
2.192068 1.168006 8.054739
5.090840 0.586951 21.018881
1.761377 0.547499 3.546998
1.805150 0.419625 3.903395
3.665903 -1.816919 15.991373
1.174946 -1.475823 3.398339
2.188597 1.181335 8.037930
1.607207 0.446006 2.839731
1.201041 -1.598169 8.092648
1.423805 -1.470118 3.268090
3.021891 -1.586168 11.105258
2.493419 1.063548 11.668645
2.366259 -1.430184 3.609054
2.565835 -1.580191 10.858592
2.196833 0.821672 15.401806
1.133709 1.286281 3.831129
1.015893 1.312021 4.086975
1.996177 1.094354 9.778435
0.305366 -1.656518 9.245946
5.173187 -1.034551 22.117453
2.234823 0.761019 8.304005
1.863440 -1.445253 8.401585
1.618726 0.036360 2.907070
1.768735 0.554065 3.557185
1.628499 0.255937 2.940800
3.662106 -1.811316 15.987694
1.835733 -1.301678 12.760680
2.368548 -1.434507 3.615373
1.596834 -0.409854 2.660318
3.177187 0.819800 12.353561
2.813071 1.091107 11.308085
0.572742 1.149668 8.287069
2.899561 -1.645545 17.247259
5.114152 -0.257462 22.215191
1.780026 1.344580 3.810190
1.156114 1.324035 3.907156
1.859798 1.180108 8.388049
2.674353 1.035703 12.875753
0.725160 1.297044 4.039549
1.133436 -1.591032 8.165250
2.445824 -0.921449 13.209324
3.545528 -1.813291 15.773812
2.071663 -1.519197 7.873570
1.729794 -0.021663 3.326181
4.327756 0.846867 20.763014
1.629738 -0.284993 2.902934
1.323968 -1.487536 3.924069
4.077686 -0.484605 16.359825
5.004257 0.730594 21.284012
1.735067 0.620654 3.292812
2.805280 -1.582807 9.917399
3.806115 -0.902741 14.794547
3.968541 0.826001 20.851027
1.799079 0.441388 3.892880
2.522498 -1.675524 11.729693
1.621155 0.256266 2.925087
4.730320 -0.555231 19.677998
2.596625 -1.642127 11.628893
-0.108924 1.277673 4.360251
2.071995 -1.517540 7.866910
4.701848 -0.556098 19.844746
2.296100 -1.379800 3.601497
0.702852 -1.559016 11.878836
1.378627 -1.465322 3.495311
2.823238 -1.654456 11.757548
4.718577 -0.151652 19.638058
2.423009 0.596812 16.225689
1.639127 0.163955 2.985099
5.224277 -1.354316 21.170145
1.711381 1.210866 7.545750
1.428478 -1.794474 3.969068
4.702250 -0.066884 19.747536
1.202727 -1.452720 3.576655
3.968473 0.828945 20.861172
0.662491 1.157037 8.352760
1.784894 0.566826 3.587076
1.713998 0.340892 3.365850
1.653631 0.372582 3.014777
3.000910 1.102355 10.847994
4.700495 -0.556135 19.844860
3.060552 1.102162 11.083339
1.636209 0.068198 3.012557
0.555520 1.155378 8.051427
2.584846 -1.124568 12.188658
3.781689 -1.820720 15.284150
1.855314 1.167389 8.345972
3.073006 -1.639890 11.186950
4.163519 -1.320744 17.435978
3.261924 0.819836 20.468006
0.575131 1.143092 8.275785
0.836388 0.085864 12.553852
1.534031 -1.456390 3.255132
1.775953 0.567028 3.569394
2.230426 1.222944 8.158978
4.771918 0.808443 20.275055
0.879582 -2.039603 8.949096
0.640702 -1.362033 5.256783
2.344553 -1.294695 4.250664
1.367123 -1.650823 9.490326
0.936775 -1.993352 4.122194
1.461079 -1.347498 6.839551
1.220230 1.347386 4.829116
2.498769 -2.158388 16.131872
1.510784 1.351715 4.064668
-0.066359 -0.964134 6.736657
4.712520 -1.910537 21.068878
1.545232 1.868154 6.250330
0.848381 -2.076838 8.960441
0.390287 -1.767796 5.829331
1.734282 1.205225 3.979415
1.928667 1.097170 4.055852
0.955143 1.309050 3.901053
1.020310 1.328155 4.228815
2.955701 -0.919927 13.423164
3.003202 -1.640620 10.834708
1.489250 1.318843 3.999780
2.139026 1.059277 11.932470
2.112264 0.770973 8.134252
0.305932 1.275549 4.339676
4.702696 -0.967129 19.774595
0.724341 1.282673 4.014699
0.827021 1.308821 4.331359
0.707104 1.327053 4.427332
3.993541 -0.731474 19.418570
3.127006 1.090110 11.559264
3.852225 -0.177496 20.219553
1.650170 -0.327999 3.036587
1.619452 1.320647 3.821834
4.700158 -0.967767 19.795807
3.110993 1.021235 11.215991
4.700681 0.863563 19.706314
1.652959 0.033130 3.031150
0.526968 -2.082834 9.124086
2.823509 0.636065 9.604013
3.648510 0.597874 18.524191
1.609795 0.218336 2.834549
4.029754 0.845309 20.342197
1.662539 0.534527 3.064514
2.343030 -1.655914 9.013292
2.968130 1.042756 12.906315
3.318945 1.069801 12.476517
3.639325 -1.685395 14.901866
1.822985 -1.383638 3.906262
1.129726 -2.031012 9.776939
4.643656 0.888589 19.757042
2.322211 -1.439867 8.086620
4.864035 -0.562054 20.366461
4.700934 -0.969046 19.774982
1.897895 1.058229 11.464394
2.591120 0.627128 13.116222
1.274389 1.316362 3.751215
1.491997 1.321348 4.006908
3.338370 -1.138457 18.537354
2.050627 -1.580748 7.989919
1.716365 0.062178 3.379244
1.627850 1.331494 3.843610
3.116689 1.044080 11.849776
1.673345 -0.332018 3.073420
1.614742 0.309336 2.883646
2.987993 -1.680274 11.768031
1.661950 0.535619 3.063909
1.602646 1.158815 8.752831
2.538063 0.976354 14.198012
4.695733 -0.971872 19.775858
1.342853 -1.482781 3.842675
0.582521 1.307741 4.054879
3.601888 -1.667270 13.664955
2.673133 1.023044 12.878708
2.405557 -1.593339 8.088163
1.668057 -0.331136 3.066102
3.044810 -1.393012 20.611416
4.678523 0.850028 19.863195
1.731836 0.208199 3.450031
1.626912 -1.451131 3.801353
1.618180 -1.481612 3.855523
3.112989 1.084576 11.488934
3.285583 -1.481917 21.001167
1.389447 -1.478340 3.530017
3.602048 0.562166 18.136999
4.654179 0.880626 19.810156
2.908118 -1.710581 11.669644
3.055939 1.004113 11.369615
1.617054 -1.923195 12.033771
4.708249 -0.055810 19.581024
1.703768 0.323739 3.473386
3.013845 -1.662769 11.686122
4.869513 0.757168 20.511642
3.294410 -1.723111 16.146120
2.957311 1.036151 12.849291
3.492647 -1.736146 12.605230
2.708933 1.083560 11.412046
1.879671 -0.047053 12.698361
1.294358 -1.533909 3.997883
1.787172 0.440498 3.877672
3.393269 -1.951994 20.689293
4.057883 0.385766 17.753950
2.409390 0.712164 8.318465
2.588520 -0.179724 16.403896
1.644302 0.076820 2.952359
1.666915 -0.024446 3.122767
1.689656 0.450130 3.150730
2.410528 -1.193342 13.642751
1.670851 0.213663 3.142997
2.598158 0.512188 8.400158
4.732206 -0.587992 19.674835
0.308126 -1.486360 9.459612
1.660617 1.189213 8.228323
0.663438 0.982080 11.712990
2.487299 1.072560 11.856277
1.850948 0.578634 3.849131
1.960781 1.156245 8.732716
0.301373 1.283248 4.356541
1.942254 0.590677 3.929927
-0.067372 1.302427 4.579648
3.348156 0.554593 13.666078
3.084084 0.602029 20.068953
2.494311 1.068989 11.654762
3.131454 1.099332 11.644073
4.964932 -1.746922 20.553030
3.421753 -0.051576 12.971397
4.111199 0.808690 16.748251
3.411484 -0.232198 13.092217
2.300258 -0.728746 5.780672
2.131433 -0.275593 5.379197
-0.159830 -1.501461 6.357542
1.845956 -1.367633 5.223900
1.325976 -1.454350 4.275944
1.773933 -1.424199 10.871675
2.048133 0.324742 10.188565
3.969267 0.827039 20.880669
2.022337 1.257308 4.700832
-0.060299 -1.473635 7.068635
-0.182340 -1.498134 6.391725
1.879133 0.582390 4.226447
2.190070 -1.492678 6.681687
2.798749 0.631435 21.043749
1.419985 1.180222 5.894796
3.613156 -0.023288 13.859675
3.360032 -1.472507 21.979069
2.180122 -1.487993 6.673003
0.778850 0.602672 8.824265
2.863132 -2.022071 13.008848
1.290192 -1.803324 3.843017
2.011761 1.218605 4.005801
1.994520 -0.726660 4.375944
3.193109 1.044038 11.940419
2.120480 1.208790 7.531781
2.171720 -0.753613 4.773564
3.657102 0.860703 14.118783
2.038102 1.153335 8.177328
2.944173 -1.671591 17.357843
0.649805 0.502853 7.353657
3.008186 -1.650979 11.690316
2.851150 -1.697024 11.768794
3.792469 0.863441 19.819698
1.696180 -0.293126 3.216208
2.757777 -1.454062 10.985193
2.500995 1.060730 11.868351
-0.053428 1.238460 4.604422
1.573592 1.019439 12.618538
0.580977 1.286609 4.014732
0.570087 1.154763 8.291402
1.829635 1.296393 4.160074
2.893012 0.980019 14.104254
1.803247 -1.315704 3.921027
1.759488 0.145641 3.658205
1.682542 0.562629 3.295769
2.306436 -1.580979 8.422285
2.017443 -0.046631 13.720075
1.626150 -0.283977 2.824421
3.024001 -1.268700 12.523715
1.722319 0.529657 3.483066
1.787922 0.243025 3.714002
1.909553 -1.691230 12.008875
4.689909 0.795134 20.041077
1.883510 -1.473669 11.159194
2.302737 0.759258 8.193233
0.838882 0.006611 12.454798
4.159985 0.875082 19.741980
3.422692 0.816397 20.517612
2.940779 0.797795 21.007915
4.116982 0.780636 22.386971
3.040445 0.756346 20.948366
3.791682 0.860661 19.820045
1.701848 -0.243420 3.228987
2.035145 -1.457122 3.711504
1.860381 -1.356756 3.844539
3.308255 -1.609604 21.797213
2.011097 -1.473686 11.112669
1.783659 0.149627 3.706483
1.643961 -1.473230 3.835049
2.233542 1.175304 8.179259
3.769603 0.790030 21.919783
2.920640 -1.475496 10.983044
3.090737 1.079609 11.322289
2.126075 0.683967 10.231844
5.010686 0.747752 21.421591
1.452726 1.321637 3.976931
3.075873 -1.449590 11.920286
4.705678 -0.973047 19.806480
3.022005 -1.669052 11.567738
2.400040 -1.489487 8.249405
1.943354 0.400363 3.891439
1.576867 -1.480806 3.556939
1.901170 1.049646 11.476789
2.575963 -1.435883 10.992068
2.018050 1.200425 7.691614
2.502678 0.344940 8.336781
2.498623 1.061527 11.868975
-0.064820 1.263814 4.671464
2.249713 1.195700 8.171117
1.775570 0.148710 3.692969
2.828465 -1.682925 11.720455
2.343694 1.023597 13.045654
2.474669 0.257664 15.126214
1.652171 -0.235784 2.972033
0.689456 -2.135870 8.942627
1.772772 1.254383 3.872176
1.699542 0.338141 3.333623
1.792682 0.426014 3.773546
2.599579 -1.471792 11.023737
1.915686 0.637865 10.207785
1.650882 0.436861 3.086109
2.741688 -1.704888 11.627424
1.640049 0.165912 2.978559
4.718833 -0.177811 19.655407
3.648163 0.834201 20.297403
2.129005 -1.574831 8.940853
2.901567 -1.467125 10.893869
1.828826 1.114897 9.881743
2.549028 -1.757734 11.818694
1.684763 1.064667 11.800329
0.691341 -0.955798 7.107235
1.438507 1.304213 3.942015
2.506403 -1.409922 3.818138
1.660900 0.688159 10.233411
5.112138 -0.464168 21.592392
2.142936 1.060469 11.954742
1.717490 1.148633 8.176809
1.630023 -0.231456 2.829001
2.097915 -1.578038 8.945204
4.160905 0.871345 19.742195
3.646676 0.833915 20.297619
2.791713 -1.695720 11.603094
1.650016 0.161933 3.066773
3.173825 -0.408707 13.465632
2.693774 -1.525612 12.546230
1.253034 1.194314 7.782638
2.843336 -1.699788 11.770701
2.450987 -1.373030 3.741926
1.279263 -0.188919 12.415230
1.687415 0.585358 3.132523
2.796539 -1.444221 10.965151
3.056699 1.086464 11.098848
3.060948 -1.447438 11.915915
2.636439 -1.714872 11.763821
1.839168 1.169158 8.299365
1.630982 -0.015206 2.891498
4.200731 0.435670 18.190262
1.373159 -1.378281 3.614220
0.698492 1.191541 7.680003
0.779661 1.282631 4.284025
0.499787 1.163197 8.208587
2.473875 -1.391461 3.778019
2.788044 -1.693255 11.642990
3.792527 0.869001 19.829353
3.263483 0.833214 20.161001
3.036214 -0.831216 10.766962
1.723829 0.618190 3.423762
1.523104 1.063622 11.728177
1.402044 -1.731131 3.954785
3.649347 0.832058 20.297443
1.821872 -1.435017 4.872753
3.240192 -1.459593 20.524704
1.832194 -1.317403 3.781442
2.128223 -1.054318 4.284645
1.747559 0.477408 3.436676
3.564293 0.850596 19.884071
3.853441 0.866936 19.799723
1.731330 -1.731475 11.711967
0.297182 1.110408 9.786842
3.059698 1.078991 11.135738
2.836329 -1.693896 11.748242
1.660839 -0.146853 3.035178
2.218452 1.281274 6.512706
2.100963 0.355405 5.510377
0.640508 -0.473759 11.385993
2.048712 -1.386596 9.217707
3.358902 -1.479762 17.276197
0.792865 -1.095483 8.324984
1.865165 1.177719 8.381746
4.720983 -0.447611 19.665226
1.474179 1.351217 6.559341
3.577250 0.564218 18.070965
1.613645 1.175479 8.759233
0.678958 -1.260988 7.281323
1.599820 -1.323834 6.803615
1.744242 -1.466214 4.269913
1.595053 -1.468898 7.474419
1.960845 0.647866 4.014792
3.568820 0.849800 19.871204
3.205505 -1.253825 17.826305
0.756788 0.596855 9.279676
1.957429 -0.535707 3.976696
0.710076 -1.779333 10.646317
4.161999 0.876582 19.749235
1.848994 -0.624343 4.092449
3.794135 0.860695 19.829943
-0.254706 1.191324 5.955956
0.658197 1.168322 8.374808
1.890254 -0.660081 4.149396
3.533033 -1.649286 15.704564
2.796815 -1.666733 11.787117
4.116319 -1.332353 17.334085
3.850550 -1.224592 15.950882
1.853643 -0.623705 4.082695
0.531775 -1.954094 8.632689
4.720128 -0.048917 19.697851
2.193588 -1.408375 10.055154
1.885196 -0.507445 3.875043
1.697654 0.024950 3.277554
4.708686 -0.723896 19.977432
3.029149 -1.636467 11.718869
1.516963 1.025511 12.581983
5.004906 0.144848 20.789841
1.484824 1.360478 4.056235
4.336114 0.845556 20.806026
2.030220 1.246176 4.045104
3.256685 1.048440 12.190923
1.914972 -1.407400 9.271773
2.190457 -0.178765 13.358642
2.561834 -1.609842 8.789178
3.401929 1.072354 12.861086
3.609937 -1.714165 13.604198
3.787910 0.860231 19.835941
3.852486 0.862365 19.793543
4.691544 -0.554416 19.804834
1.682320 -1.478538 4.034877
2.516493 1.158021 8.256405
2.786708 -1.691053 11.889220
4.737943 -0.884925 19.655561
2.265900 -1.463173 8.188498
1.430061 -1.438868 3.854580
1.874466 -0.927834 3.860819
1.712559 0.027566 3.301600
1.784583 0.023663 3.667604
4.172653 -1.009998 16.530134
4.846542 0.737198 20.453373
3.081155 -1.616316 11.448245
1.090030 1.318270 4.121421
3.543541 -1.679030 14.456617
1.360455 1.310984 4.348704
3.939433 -0.010614 15.932295
2.762417 0.614987 9.450218
1.619185 0.432652 2.965853
1.648696 0.216046 3.037894
1.787113 0.299314 3.689191
2.145806 1.056553 11.955910
0.497660 1.160533 8.211454
1.322900 -1.455914 3.944160
1.359288 -1.482420 3.648716
4.697103 -0.706942 19.817888
1.855499 -0.646661 4.081396
4.473318 0.868260 20.341461
2.569433 -1.574192 11.362127
3.425235 -1.728140 13.451916
2.021526 1.202619 7.695975
0.821629 -1.953641 8.945410
1.620539 -0.143059 2.826119
1.678360 -0.291006 3.085594
2.790750 -1.457884 10.988770
1.635366 0.262185 2.943905
3.989203 -0.804291 17.243700
5.275969 -1.305132 22.661728
1.657819 0.217891 3.050508
0.577566 -1.961731 9.019200
2.465559 1.079882 11.605725
1.387777 -1.481561 3.388635
1.328897 -1.465013 3.967396
2.423309 -1.563570 14.520127
2.960487 -1.818280 12.165216
2.586840 -1.622921 11.537878
4.506389 0.811301 21.751595
0.429461 1.112448 8.090734
4.725504 -0.621223 19.658072
3.027473 -1.591411 11.386364
1.841028 -0.640233 4.056462
3.798024 0.030549 14.396421
4.210457 0.868506 20.131689
0.314883 -1.478647 9.418498
1.644727 0.623324 2.995605
4.660112 0.888881 19.734121
4.150429 0.871858 19.761484
2.431613 -1.704246 9.423261
2.330835 1.236398 3.970498
1.764074 1.235270 4.034848
0.428942 1.114725 8.092086
1.860292 -0.615009 4.099900
2.020842 -1.024738 4.107429
1.858106 0.568261 3.911757
3.552914 -1.547226 16.826820
1.350550 -1.482244 4.108335
2.411094 -1.500673 8.222121
1.651121 0.168050 3.003256
2.045704 -1.544728 7.918332
1.730180 0.160052 3.377892
1.606332 -1.473976 3.848220
1.539963 -1.444207 3.315453
2.912016 -1.750666 11.966633
1.629635 0.257145 2.939812
0.780698 1.141661 8.405045
1.217762 -2.024293 12.274674
2.719060 1.096845 11.437642
0.430601 1.115723 8.094711
2.540740 -1.478867 11.090088
4.007825 0.873061 19.708839
2.786195 -1.633992 11.613494
4.701478 0.348386 19.691502
2.508172 -1.649744 9.626602
5.284870 -1.305236 22.683746
1.964611 -0.985879 4.005353
1.426157 -1.449932 3.740089
1.315256 -1.527485 3.810056
4.267944 0.490489 18.589638
0.295829 1.101918 9.755914
4.660245 0.864377 19.526646
3.789576 -1.229050 17.595226
2.485271 -0.678351 5.553678
1.308838 -1.529889 4.234051
1.733922 -1.515066 4.131543
2.033349 -0.264750 5.146032
4.700552 -0.953968 19.767822
1.897039 0.590701 4.257267
1.965191 -1.379508 4.726398
1.713109 1.232136 8.488019
0.366247 1.228572 6.597713
2.705175 1.076022 11.417716
0.626399 -1.308937 5.065487
1.612349 1.154345 8.215548
2.128385 0.898414 8.516464
1.733675 -1.274594 4.913256
2.981751 -1.241053 10.116744
3.430059 -0.679862 17.432171
1.768096 -1.250287 6.865607
0.907214 -1.960156 4.779801
3.697324 -1.646327 22.904373
1.257991 -1.493760 8.591849
1.709460 1.189091 8.357218
2.483465 1.118531 8.152210
2.213108 1.197226 6.331942
2.545123 -1.582244 8.323932
0.578310 1.194407 7.015620
2.810426 1.078620 11.876890
4.402982 0.878646 19.768795
1.761433 -1.253250 6.867393
4.715611 0.267125 19.707556
2.558920 -0.529751 13.280921
-0.100151 1.105214 6.947929
2.074936 2.005828 9.074200
1.704524 -1.421877 4.149351
1.041167 -1.885827 9.074276
0.506155 1.149757 8.187210
2.560314 -1.392880 4.375246
1.066347 -1.996008 9.546537
0.768135 0.667555 9.100533
1.593055 1.424220 6.853792
2.083662 1.278106 4.133414
2.064800 -1.867457 13.149809
0.828121 0.761575 10.824194
2.480094 -1.524650 8.202568
1.222272 -1.455419 8.400815
-0.087640 -1.581091 5.899656
3.789625 0.861562 19.841080
2.879242 -1.715396 11.922710
0.685752 0.426085 7.231169
2.236338 0.727099 8.329458
0.216887 1.229218 6.980129
0.829361 0.753733 10.234078
2.613732 -1.647554 11.500255
2.401612 -1.858672 14.269971
2.970125 -1.683021 12.411674
3.400433 -0.800916 12.644748
2.479062 -1.629980 8.011824
1.807578 1.268833 4.111951
2.130947 -1.527184 8.310349
1.803146 -1.504883 11.150284
2.185358 1.189608 8.045241
1.799443 -1.347268 3.829462
3.014917 -1.629706 11.734986
1.867082 -1.357954 3.851292
2.250828 -1.611956 11.441177
0.694127 -1.472972 10.687516
1.826024 0.428091 3.937725
4.614294 0.858660 20.740465
5.179272 0.166724 21.563255
0.608342 -1.556524 9.051134
1.398464 -1.856308 8.562898
2.486238 -1.622167 8.022158
1.718573 0.592466 3.371161
0.854153 1.158613 9.780169
0.558062 -1.591137 11.138666
0.302662 1.061393 9.569063
2.164169 -1.583436 7.963159
1.912713 -1.266572 4.144753
1.486367 1.053997 11.771417
2.565579 -1.577201 10.931713
1.769069 1.290003 3.940033
1.853753 1.167354 8.354299
4.611078 0.856230 20.740759
2.982623 -1.041625 13.448731
1.738268 -0.113416 3.251000
2.194717 -0.100639 14.977072
2.919979 -1.198947 10.341716
3.539892 -1.717650 16.006712
2.390520 -1.506698 8.063261
2.045532 -1.570460 7.972169
0.815311 1.296071 4.303404
3.123095 1.091041 11.567040
4.017348 0.052373 22.363249
1.698699 -0.381928 3.324707
2.246394 -1.626127 11.465955
2.044523 -2.221938 10.311312
1.659639 0.164136 3.078619
3.940675 -1.686741 16.399918
1.573995 -1.457918 3.615219
1.351134 -1.461457 3.613483
2.849583 -1.591941 10.377375
3.212584 -0.434501 13.341249
0.766211 -1.921564 8.569817
2.519433 -1.559221 8.365329
3.532402 -1.640294 18.478453
1.910968 0.715489 8.278959
0.971825 -1.738390 11.225861
1.552877 -1.451023 3.515593
3.287016 -1.735793 16.034998
1.535580 1.016711 11.661141
3.562107 -1.719245 14.513448
2.363936 -1.459484 8.064360
0.483114 -1.517280 7.975316
2.573876 -1.602147 11.526731
1.387310 -1.523475 4.481146
2.147653 0.401729 10.735241
3.190962 -1.891634 14.543811
1.401262 -1.819238 8.494164
0.314843 1.075048 9.631680
2.905878 1.020750 10.515082
3.028200 -0.560765 15.053080
1.395755 -1.410265 3.678203
0.625687 -1.250728 7.497355
2.580367 -1.612902 11.516479
0.807425 -1.546139 9.894945
1.735230 0.521089 3.651246
1.774102 0.059455 3.580610
0.665122 -0.484332 11.133846
2.258412 -1.608925 11.441216
-0.073293 1.286129 4.741743
3.182885 1.000146 11.633985
1.814480 -1.402891 8.067143
3.432654 -1.194041 17.579910
2.713075 0.666114 17.397047
1.709416 0.452822 3.388581
3.960297 -1.484015 14.667480
-0.088952 1.320723 4.825423
1.598076 -1.466115 3.840377
1.871676 -0.614472 4.149322
1.639960 0.688336 10.176826
2.977351 1.027602 12.930314
1.198801 -1.391248 3.615459
3.352152 -1.476905 21.281908
1.852906 1.177720 8.366974
1.851138 -0.590677 4.084829
1.630587 -1.492091 3.899577
0.820468 0.704239 12.499352
1.979839 -0.641448 4.355821
2.339231 -1.181198 4.353574
2.533527 -1.727968 11.749949
0.417183 -2.051218 4.500757
1.821000 -1.473665 11.118320
2.749689 1.094810 11.425441
1.910025 -0.024806 4.351331
2.094196 -1.781082 8.703821
2.672318 -1.454268 4.520358
2.769933 -1.187700 12.638739
1.260211 1.320553 4.534678
3.046764 -1.648892 12.563811
1.900816 -1.604401 8.525623
2.738943 -0.555821 14.357085
3.011040 -1.535392 11.315601
1.795030 -1.397129 4.797297
1.412570 -1.441783 4.970850
2.853743 -1.699861 12.053873
0.474578 0.992699 10.070244
1.407879 1.326987 4.097708
3.106300 1.085217 11.348823
2.968729 -1.665375 11.839906
2.170548 1.160434 8.669876
2.616271 -1.635786 11.677550
3.116085 1.063596 11.736175
1.817046 -0.407830 3.898054
1.882411 0.009870 4.230121
1.846548 0.568450 3.864078
1.756385 1.062469 11.652565
3.529170 -0.090857 13.244947
0.419699 1.131502 8.130323
2.984652 -1.707799 12.702328
0.508866 -1.755735 9.539290
2.514251 1.063981 11.951632
3.627432 -1.746071 13.658737
4.001345 -0.850655 21.374826
2.506446 1.188744 8.094875
0.984825 -1.554373 10.715355
1.646279 -1.475295 3.832881
2.203575 0.644755 8.361742
1.544577 -1.453372 3.417725
2.300236 -2.021620 14.688350
1.742958 1.002536 12.641806
1.261746 -1.487518 3.888268
4.277740 -1.459001 19.944134
0.926620 -1.478122 10.195415
1.808657 -1.525799 7.675808
1.732115 -1.440535 3.518035
1.688946 -0.333871 3.206579
3.161396 1.032179 15.539430
1.739853 0.538135 3.512986
2.354625 1.023785 13.072020
1.530085 1.021809 11.680323
4.213320 -1.128770 16.644278
0.577103 1.136744 8.260097
3.490985 -0.330134 13.314283
2.560120 1.090258 11.427066
1.201793 -1.499792 3.439666
1.341751 -1.457796 4.047582
1.392961 -1.449799 4.239671
1.623378 -1.447305 3.791694
0.981828 1.143062 8.614430
4.242532 -1.336421 20.126389
4.681941 -0.605541 19.876587
0.465733 -2.016179 4.677068
3.069219 1.090860 11.192966
1.802069 1.174461 4.094174
1.911905 -0.943253 3.921054
2.136405 0.915636 13.730392
1.721037 -1.497273 4.125826
3.840295 -1.555203 14.807416
2.384282 -1.578524 8.447710
1.482804 1.058109 11.781851
1.637390 -1.465467 3.819185
3.012708 -1.618268 11.479614
1.878850 0.588506 3.908862
2.970968 -1.537727 10.998882
2.690600 1.027045 9.765433
3.109432 1.059948 11.729127
2.023949 -0.282668 5.176331
3.182679 -1.687802 12.299619
1.331806 -1.447509 4.043551
2.186694 1.188391 8.046536
1.273200 -1.474772 3.894088
1.755129 1.059687 11.620029
4.237130 -0.515427 17.334831
1.566756 -1.426935 9.846568
1.709317 -0.208988 3.317311
2.503811 1.181629 8.396472
2.979739 -1.625950 11.492101
2.558806 -1.600643 8.676304
3.070958 -1.699516 11.885736
3.490164 1.063939 13.362494
0.558948 1.149685 8.043453
1.731881 0.208901 3.458323
3.350305 0.974573 14.973701
2.586257 -1.612435 8.591022
2.061312 1.174490 4.612231
2.498003 1.166176 8.355180
1.909621 1.062894 4.310402
2.811163 1.076317 11.874396
0.929931 -1.573781 12.087694
1.827763 0.485029 3.833287
2.765764 0.466206 17.825491
2.995003 1.084898 10.820429
3.137271 1.136465 11.351420
2.021222 0.717584 10.217514
0.642081 1.119199 7.260614
0.968629 -1.579415 10.760261
-0.306672 -1.426931 6.374887
2.053199 -0.266998 5.194925
1.681302 -1.234137 4.790616
0.716012 1.305028 4.720368
2.132651 -0.778343 4.913429
-0.156179 1.033824 7.095259
2.324138 -1.181021 4.326988
1.742650 0.755063 10.363295
2.621611 -1.673181 11.721611
0.747305 0.583320 8.404101
2.887749 -1.690993 11.630500
2.102215 -1.653645 14.024831
3.106525 -1.673064 11.290871
1.523336 1.062818 11.722352
1.506090 -1.415772 7.994766
2.980898 0.815323 19.481100
2.738983 0.334072 11.492887
2.932208 -1.690539 11.832106
1.903913 -0.067130 4.342626
4.684929 -1.372034 20.649805
1.799756 -1.468505 11.078248
1.750850 0.540057 3.530120
2.090224 -1.283193 4.166945
1.923267 -0.803864 4.050698
1.735403 0.207410 3.456388
1.654155 -1.984032 9.878599
1.685233 1.059306 11.797421
1.694943 -2.190947 10.381973
3.458793 1.033358 13.249292
4.350062 -0.026012 20.606867
1.407690 -1.475767 4.289586
3.489522 -1.763340 14.174815
2.735154 -1.661467 11.970256
4.193582 -0.048485 17.293661
2.447827 -1.612535 8.564881
1.710880 -0.247547 3.241394
1.725235 -0.298126 3.371305
1.721019 -0.334858 3.426588
2.786228 -1.691518 11.585754
1.272898 -0.191699 12.596356
1.722599 0.064249 3.386490
3.206975 1.024644 12.660214
1.709123 -1.584779 3.549433
0.897875 -2.028660 8.951382
2.597725 -1.652991 11.589689
1.526983 -1.380112 9.574730
1.301898 -1.497598 4.097477
3.842457 -0.184664 21.446613
2.188869 1.195775 8.055745
0.410472 1.328009 4.560784
1.576607 -1.577250 10.244991
1.765897 -0.305070 3.501700
3.078944 -1.647124 11.250273
2.308271 -1.593485 8.965096
3.039514 -1.646448 11.521696
3.534230 -1.861691 15.747596
1.583802 -1.438518 4.229710
1.406909 -1.527565 3.514157
2.600529 1.173137 8.602921
2.481655 0.369550 8.298934
2.833404 -1.690298 11.756766
3.002333 -1.664722 11.355886
1.801385 -0.581497 3.979982
3.134660 -1.656894 11.678982
0.981492 -1.634958 10.829539
2.854261 1.069382 11.697430
0.978424 1.151618 8.620457
1.775690 0.151722 3.622825
2.308297 1.120968 8.442138
1.612792 -1.475183 4.295580
2.758069 -1.650420 11.514736
3.206451 0.252846 13.816731
2.859130 -1.696437 11.864473
2.880978 -1.283103 18.209572
2.374107 -1.660395 9.124772
1.621331 -1.489280 4.321598
2.017938 0.746514 10.173828
1.750082 0.067338 3.433652
2.420757 0.579036 16.320358
1.893579 0.896994 13.538029
1.767983 0.332503 3.659953
2.505969 1.068343 11.983007
1.429999 -1.461560 3.782762
1.668917 -1.717477 3.991721
3.127860 -1.252526 13.540097
2.143597 -1.576656 8.640625
2.558027 1.081329 11.442150
2.021959 -1.488127 3.738345
2.813280 -1.680421 11.845803
3.328858 -0.248451 12.619504
2.495958 1.072653 11.659125
2.531258 -1.668682 11.710219
2.735372 -1.751476 12.167539
0.574442 0.066718 10.982957
3.221216 -1.743016 14.123294
1.449152 -1.458456 3.936576
0.622522 1.090683 7.136846
1.337082 1.147991 8.802649
4.416371 -0.595345 18.869934
1.732439 0.443045 3.654339
2.631896 -1.666745 11.709351
1.376905 -1.666031 4.246457
2.002470 -0.524264 4.660600
1.861136 1.344475 4.631095
2.491853 0.349793 8.346016
1.077746 -1.956237 9.412513
-0.152490 -1.426012 6.145541
1.541607 -1.490176 5.032049
1.180450 -1.387348 8.001428
3.526335 0.928389 13.627579
1.774582 1.277793 7.648127
2.407620 -1.571007 7.900939
2.664372 -0.181377 10.012572
1.185300 -1.386825 7.994864
0.497774 -1.793282 9.670286
-0.037591 -1.509581 5.505230
1.488202 -1.294248 5.162285
1.858968 1.498435 10.374007
2.772078 -1.189535 8.928918
1.721630 1.179059 8.230418
2.148952 -1.170548 3.944192
1.854116 -1.499044 11.255504
2.352536 0.772791 8.353191
1.965141 -1.260733 4.765863
2.064239 -0.272928 5.228855
1.185927 -1.658917 5.549505
0.489535 -2.018973 4.649994
2.423960 1.154311 8.122582
1.985163 1.904255 8.741582
0.565855 -2.048746 4.439823
3.520341 -1.963457 17.266865
1.707994 -0.247494 3.313504
1.728291 0.024784 3.395447
1.895767 0.410937 4.333170
3.028647 -1.688230 11.959617
2.709878 1.087516 11.412071
1.836485 -0.486008 4.043680
1.900508 -0.513555 3.900095
2.904326 -1.457289 10.953367
0.720051 -1.964384 4.550800
3.922596 -0.591438 14.419474
1.903975 -0.070259 4.342249
1.898428 -0.109512 4.262263
2.834426 -0.117212 14.099416
2.768036 -1.693947 12.081878
2.877057 -1.434992 10.883855
1.585868 -1.668293 10.534356
2.813970 1.088853 11.306830
1.779596 0.339788 3.670815
1.941242 -1.269672 4.169393
2.256787 -1.589273 8.620343
1.261753 -1.497146 3.901713
1.912088 0.577921 12.673217
4.166193 0.659121 17.750719
2.753011 -1.596287 9.715227
1.731782 -1.442328 4.180465
0.572832 -0.051139 11.044501
2.212349 1.056275 12.085792
2.652678 1.084730 11.486087
1.516462 -1.487487 4.301553
3.663865 -1.767667 14.509049
4.295764 -1.359859 20.275120
1.769979 -0.436548 3.535298
0.564776 -1.957029 4.304382
2.622072 -1.681912 11.634683
0.703974 -1.996186 4.557137
0.978447 -1.560483 10.717261
0.880760 -1.965147 8.708917
2.546468 1.066522 11.990687
1.741153 0.200023 3.537727
2.159112 0.639923 8.113006
1.710892 -1.421346 4.145014
3.150258 -1.659491 12.028233
3.126470 1.079915 11.521271
3.925861 -1.537384 14.685918
2.081049 -2.039791 9.884957
3.111120 1.080503 11.501914
2.694740 1.052266 13.059528
1.744629 0.203275 3.542155
3.522199 1.023089 13.570451
2.527929 -1.583379 8.396775
1.335773 -1.473267 3.829020
1.129202 -1.843079 9.324884
1.491561 -1.475516 3.815499
2.072014 -1.511611 8.436310
1.874173 0.399673 4.295162
1.396844 1.302402 4.429058
4.247104 -1.271213 20.386541
3.699154 -0.333998 13.833383
0.484945 -1.915385 9.793268
2.379298 -1.565464 8.428525
1.827982 0.630332 3.843930
1.843726 0.491838 3.868237
1.727574 0.205532 3.441194
2.512106 -1.563879 8.363187
1.413036 -1.498132 4.417388
1.800759 -1.310954 3.918335
2.108367 -1.575698 7.972179
1.708407 -0.245363 3.314599
2.484429 -1.618478 16.484695
1.824023 0.634844 3.843884
1.342076 -1.478560 3.829403
3.160517 1.085077 11.744681
2.620746 -1.678561 11.639281
1.813210 -0.028131 4.169748
1.950074 0.616162 4.364009
2.013531 -1.451139 8.196889
1.830773 0.571998 3.741748
1.403627 -1.836801 8.541108
1.847320 0.573372 3.849368
1.861101 0.566475 4.184506
1.348971 -1.486503 3.730383
1.910845 0.008308 4.297062
2.096349 -1.034980 4.197458
1.581514 -1.664867 10.530312
1.756007 0.023307 3.553556
1.900426 1.066923 11.503996
1.592925 -1.488642 3.686589
2.983871 -1.085836 12.852974
-0.261956 1.191572 6.942780
-0.058961 -1.493315 5.623134
1.456574 1.031615 9.231202
1.883854 -1.409393 5.159544
1.809817 -0.060533 12.020802
0.849643 -1.306698 9.912171
-0.057324 -1.549680 5.625289
1.459020 -1.349013 6.843899
1.219353 1.350680 6.938761
3.963335 -1.220243 14.620159
-0.025133 -1.372588 6.678256
2.773375 -1.518253 4.657759
0.002520 -2.021451 6.474666
2.234273 -1.614806 8.005357
0.934006 1.363867 5.358007
0.989159 1.528607 5.812717
1.260939 1.419956 7.198581
3.424533 1.029796 13.091722
2.233784 1.302117 6.118377
1.933508 0.709066 9.714444
3.394007 -1.669122 13.003987
2.022611 -0.263663 5.121204
2.187380 -0.896222 5.470238
2.211150 0.720590 8.623168
1.982228 0.430648 4.816813
2.472955 -1.571375 7.948746
0.634418 -1.514981 5.112885
1.962751 -0.992064 14.179172
0.705354 -2.030208 4.611455
2.464482 -2.250551 12.617877
3.817203 -1.671353 14.372384
0.730647 -1.497149 11.430143
1.870958 0.576854 4.217917
3.135529 -1.854558 11.661730
1.739372 -0.251250 3.433657
3.370303 -1.670632 13.014561
1.787545 0.291411 3.758852
1.879791 0.411011 4.270296
2.305123 1.217238 8.405910
1.946867 0.366647 4.585987
2.827725 -1.739482 11.911025
3.127108 1.082458 11.456838
2.030679 1.266847 4.717362
2.880193 -1.766147 11.847119
3.167321 1.087378 11.750431
2.041917 -1.425809 8.109777
2.054486 1.152147 4.229150
1.774970 -1.290431 3.875421
1.735073 0.196975 3.529656
2.140601 -0.048992 14.799851
3.261442 -1.766747 13.939784
4.257935 -1.121372 17.732750
1.338914 -1.456367 3.611987
2.332186 -1.636417 7.990775
2.927274 -1.712592 11.924892
1.680514 1.059371 11.686469
1.804885 0.517952 4.054286
0.719557 -1.517390 11.566605
0.275626 -1.524365 8.788145
2.914105 -1.739804 11.791759
2.875199 -1.757431 11.817276
1.832873 0.243435 3.898626
1.939164 0.365469 4.571833
1.833687 1.211351 4.146405
2.264637 1.184605 8.283901
2.871298 -1.551173 14.482934
1.775159 -1.672875 12.532564
0.779921 1.150337 8.425761
2.567695 1.148740 8.558494
1.731772 -0.068545 3.435512
1.929379 0.758884 8.338902
1.870917 0.663578 3.929187
1.437576 1.057120 11.747199
1.644223 -1.450766 3.596979
0.865074 -1.981126 8.745309
2.557153 -1.569723 8.553261
1.322694 -1.461375 3.811438
3.763463 -1.235321 17.804890
3.118783 1.007272 13.403925
2.670440 1.138806 14.957006
2.225592 0.755999 15.175047
1.231198 1.274598 4.437461
2.569929 -1.595173 8.567548
1.661178 0.642752 10.172377
2.189682 1.052686 8.081122
0.979219 1.145982 8.610960
-0.269143 1.203232 6.985627
2.868907 -1.803229 11.787304
2.319064 1.174081 8.472445
1.924618 0.359814 4.549504
0.774403 1.151611 8.427670
1.525717 -1.422871 8.161700
3.018424 1.053958 13.060819
3.247967 0.971924 12.388779
1.446589 1.052940 11.760846
0.423255 -1.540724 9.518851
2.330322 -1.601298 8.984440
1.369677 -1.470451 4.016155
1.578553 1.047317 11.849116
1.337576 -1.442855 4.235673
2.443676 -1.544543 15.970034
1.179641 1.155170 8.414302
2.026847 0.459245 4.776720
2.420598 1.032068 12.253386
3.960094 -1.771483 22.891769
2.375534 1.036119 13.136037
0.870673 -1.971055 8.717840
1.394972 -1.487795 3.549968
2.695771 -1.466828 4.546295
0.469805 -2.028467 4.698663
1.480560 -1.388576 4.870615
2.162059 -1.676968 8.130431
2.022674 1.252856 4.702372
2.364872 1.013589 13.085424
1.711479 0.332415 3.430001
1.768141 0.233947 3.690881
3.498994 -1.807447 15.520490
1.761238 0.553139 3.546001
1.938848 -1.340278 8.346198
1.720311 0.450414 3.459550
2.711052 -1.082173 11.743170
1.300906 -1.460825 3.872518
0.982895 1.131854 8.577119
1.757562 0.030811 3.444898
1.568380 -1.472400 3.547288
2.052433 -1.521568 8.439342
1.717959 -0.301188 3.366238
4.347338 0.473246 18.966936
2.194880 -0.088202 15.197392
1.942001 0.210268 13.855947
2.004122 0.453739 4.731603
1.794773 0.996932 12.937364
0.775550 1.141853 8.416300
2.018957 1.251624 4.693618
1.698942 -1.475587 4.073706
2.201913 -1.574801 8.573924
1.264665 -1.415023 8.175249
2.120497 1.161055 4.311868
2.418688 -1.252567 4.454517
1.863586 -1.363509 4.047504
1.734358 0.199231 3.534784
2.537097 -1.619259 9.000402
1.927939 -0.943355 3.941199
2.289920 -1.365281 7.939483
2.119481 -1.442769 6.562787
1.867829 -0.205996 13.049996
1.831239 0.549894 4.120441
2.930590 -1.086293 18.229958
3.071983 -1.298149 10.786308
2.167629 -0.208846 12.991211
2.797469 -0.888226 12.586185
2.519463 1.205314 8.131337
4.053207 -1.592749 16.109194
2.228150 0.797693 8.253271
0.661646 -1.777063 5.771166
0.959640 1.447149 5.586378
0.780823 -1.118657 8.629513
1.050945 -1.859440 9.038204
1.943772 -1.193626 4.732629
2.562881 -1.598186 8.704675
0.876478 -1.395104 10.453550
2.477316 -1.564591 8.421250
1.570980 0.635638 9.160992
1.984390 1.213833 4.618675
2.331795 -1.447572 7.945702
2.759367 -0.762318 11.329276
3.350296 0.974537 12.568049
0.224719 1.085189 9.215074
2.135244 -1.449616 4.810526
1.807906 -1.042585 12.211823
0.640726 -1.352498 5.221378
2.058901 -1.403370 9.506537
3.156007 1.038721 11.880599
2.231511 0.829301 8.298082
4.294020 -1.362328 20.530735
1.151143 -1.606925 8.416924
2.003427 -1.399414 8.355092
0.789936 1.293962 4.672986
3.106436 1.076012 11.629591
1.152058 -1.625883 8.441648
0.283880 1.082208 9.030656
1.823920 0.529757 4.086627
2.161813 -1.792531 8.323649
4.572080 -1.746623 20.381618
3.174562 1.035141 12.297544
2.086319 -1.508032 8.478058
1.754884 0.545086 3.532768
2.249349 1.074873 8.939821
3.273350 -1.813169 14.233341
2.073951 -1.402016 9.247580
1.179028 1.152599 8.408689
2.646432 -1.609306 10.903541
2.542923 1.056070 12.025298
1.142076 -1.710832 8.620168
1.777707 0.061056 3.653728
2.833697 -1.852586 11.864140
0.630635 -0.501867 11.465444
3.066674 -0.824417 12.682540
2.904252 -1.706149 11.870475
1.705205 0.623986 3.374280
1.336374 1.144608 8.804626
2.879266 1.004073 14.293763
2.807660 1.077255 11.313458
1.792323 -1.512009 4.296461
1.679386 -2.120207 10.229101
1.355748 -1.467042 4.275127
1.415582 1.326934 4.475905
2.721978 -0.690220 17.898050
2.383931 -1.565134 9.607357
2.862197 -1.806738 11.833852
1.857537 -0.217825 13.139867
2.890035 -1.706818 12.249210
3.132965 1.076491 11.763902
0.618759 0.891284 11.411247
3.142239 0.465861 12.809048
1.742332 0.327556 3.617787
1.524913 1.051739 11.721029
1.704453 -1.484254 4.090963
1.797059 -1.303103 3.756221
1.724216 0.201289 3.521430
1.549629 -1.491687 4.381062
1.275269 -0.190734 12.501324
1.366843 -1.528985 3.906226
2.097815 -2.058089 9.974041
2.942498 -1.707560 12.010929
2.623962 1.038370 14.584645
0.659589 -1.460134 8.816393
1.696797 -1.479689 4.079268
2.337495 1.118252 8.536516
1.882249 0.005636 4.241882
1.534630 -1.441837 8.222458
3.643867 -1.964546 16.069401
1.555314 -1.638910 10.381055
0.305121 -1.588340 9.108594
2.563221 -1.607009 8.378090
1.742649 -1.472678 4.241253
1.987007 -1.380920 8.431828
1.946446 0.405997 4.594341
1.945422 0.205368 5.116013
2.003511 1.181969 8.840783
2.362951 -1.156337 6.702764
1.969098 -0.260055 4.988179
2.258595 -1.409269 5.966117
1.914742 0.069555 13.108885
2.188617 1.188671 6.268576
1.140242 1.179099 6.332952
2.401466 -1.220204 4.435511
2.086636 0.230191 5.415191
0.842584 -1.315296 9.894985
0.286153 1.096414 9.715678
1.799880 0.798702 10.496516
1.859624 -0.801969 3.932351
0.857972 -1.310408 12.422965
2.392662 1.175926 8.774821
2.188714 1.237257 4.417591
1.758269 -0.029852 3.551226
4.414421 -1.064486 17.354385
0.383992 -1.535727 8.968776
1.796089 -1.380097 8.031222
1.808226 0.058211 4.031919
2.216006 1.075214 12.224131
1.941014 0.707372 9.757885
2.308140 1.138720 8.435521
2.957762 -1.665124 14.314509
0.825638 0.763932 10.901500
0.585611 -1.522243 10.856585
1.243941 -2.090575 7.626947
1.911769 -1.560663 8.604467
2.891292 1.084960 11.436735
2.427973 1.043283 12.276415
2.795689 1.054706 11.825079
1.692195 -2.172866 10.342472
2.086512 1.017082 8.985228
1.772036 0.244127 3.691981
2.529173 -1.570119 8.598341
2.493527 1.060102 11.658167
4.445250 -1.212210 19.975044
2.327052 -0.764807 13.445505
2.590511 -1.405442 4.418357
3.129956 1.072874 11.758808
2.370647 -1.201820 4.391400
2.224247 0.783959 10.762881
1.424837 -1.494387 8.341595
1.762864 0.239335 3.680873
2.088681 -1.363116 9.520569
1.611278 -1.471558 4.296998
2.501997 0.658320 12.930935
2.915111 0.889849 16.111994
1.417959 -1.390538 8.133720
1.666661 1.061513 11.705627
2.513229 0.956711 8.722627
0.939623 -1.952800 9.103939
1.483475 -1.451805 5.026376
1.338645 1.160557 8.320185
0.618376 -0.425582 11.534892
1.957262 -1.730512 5.039816
2.644916 1.080705 11.566630
2.450362 0.920890 11.233427
1.995485 0.452588 4.719388
4.398458 0.531060 19.104193
2.515603 0.975900 11.699219
2.343524 -1.257680 4.843052
1.692683 -1.418563 4.139412
2.000980 -1.446712 8.268605
1.406575 -1.382338 8.107891
2.964896 -0.071947 14.891123
1.889339 1.133229 10.050596
1.947453 -1.650645 8.790277
1.690706 -1.406612 4.123658
2.269118 -1.216419 4.723341
2.498461 1.170079 8.355232
2.953143 0.993055 14.360632
2.265202 -1.127152 4.398090
0.092411 -1.594513 6.588686
2.021848 1.217860 5.320174
1.566925 -1.214896 9.466936
1.912159 -1.386439 9.219926
2.024101 -0.525777 4.712488
2.001002 -0.281875 5.124662
2.347741 -1.037368 13.035147
3.382506 -1.223490 13.182953
3.205525 1.059975 11.986817
1.882599 1.097210 9.519960
2.555059 1.090837 11.424566
0.635820 -1.335385 5.154932
2.063246 1.060410 11.682323
1.904567 -1.498173 5.030780
1.905551 -1.335749 8.172385
1.979925 1.182204 5.261190
0.739676 -1.338124 11.750419
2.379907 -1.586492 8.517322
2.653207 1.094220 11.593900
3.285509 -1.326446 18.640394
0.708677 1.265587 4.650003
1.085737 1.300895 4.802443
2.569260 -1.258102 13.698118
2.974704 -2.040953 13.336431
0.704887 0.119833 11.675065
3.160630 -1.670679 12.042940
1.867848 0.595546 12.346415
3.194551 -1.985255 15.463046
0.698826 0.061677 11.728160
1.916398 0.414773 4.371328
1.941098 0.602760 13.923017
2.458931 -1.800835 16.353630
1.304088 -1.976674 12.131245
3.136992 1.074003 11.554003
3.039351 -1.684865 12.180787
4.649500 0.859532 19.598183
1.979776 -0.510054 4.723581
3.844969 0.021528 21.105579
3.020378 -1.675957 12.181330
5.126317 -1.283493 21.566704
2.142686 0.094552 15.005474
2.462756 0.668276 16.712122
1.997127 -1.398176 8.345537
1.869891 0.576083 3.897409
3.005820 -1.702594 11.806959
4.219954 -1.157254 15.998665
3.309808 -1.739177 13.242944
3.131485 1.094341 11.783701
2.413183 1.018577 13.185485
0.707478 1.244902 4.611951
4.113220 -2.039056 16.322130
2.450820 -1.802909 16.342730
1.697747 0.866895 11.045381
0.647721 -0.565567 11.409874
2.343986 -1.042439 6.474753
3.792443 -1.715994 17.892242
2.355958 -2.295105 13.719319
3.073601 -1.704335 11.873149
2.501390 -1.607084 8.402548
1.867136 0.006817 4.196876
1.898334 -0.135063 4.260760
2.731969 -1.913013 12.129468
2.075700 -1.715918 14.083405
3.134166 -1.775727 13.355296
1.683607 1.064070 11.821531
3.076934 -1.689467 12.227654
3.119474 -1.755552 13.355518
1.969170 -0.687336 4.614462
2.473395 0.402336 8.320163
2.861955 -1.755828 11.961728
3.446259 -1.754831 13.799645
3.170579 -1.692091 11.748984
1.337152 1.153424 8.822252
1.135190 -2.070571 9.754174
1.487599 -1.622244 4.503172
0.699051 0.067658 11.794135
2.029775 -2.169039 10.201951
1.849519 0.649330 3.891192
1.871912 0.499168 3.916189
2.057634 1.008938 5.390004
4.771872 -2.177814 20.263552
2.421020 -0.772209 5.031198
3.186891 -1.705573 11.629653
1.728087 1.185981 7.448850
3.823813 -1.687669 22.198439
2.453743 1.073088 11.622721
2.297546 -1.387941 7.919289
3.114159 -1.713627 11.666195
2.872924 -1.650946 13.125340
3.030917 -1.693267 12.108197
2.037590 -0.532922 4.718591
3.031329 -1.691812 11.972796
3.084584 -1.691271 11.930234
2.823463 -1.796441 11.943731
4.116019 -0.002037 17.021389
1.593088 -1.740236 4.370914
3.542483 -0.511145 13.502491
1.787762 0.114319 3.633957
1.931179 -0.012493 13.604100
2.382314 1.052595 12.210620
1.962687 -1.372882 4.713980
3.725680 -1.481423 13.970389
1.524881 -1.378401 8.112965
2.177764 1.214199 4.397097
2.611679 -0.841506 5.376932
1.426459 -1.389014 8.121941
3.082568 0.924208 15.063786
1.772176 1.461928 7.566237
2.407261 -0.768734 5.037783
2.518420 1.169043 8.216820
1.503514 -1.432454 4.945118
2.950783 -0.789210 14.397807
1.237799 -0.224972 12.721780
1.631873 -1.839972 4.634827
2.001096 0.329012 5.189198
2.078484 0.262588 12.559709
1.257691 -0.178125 12.575835
2.730869 -1.940457 12.288326
2.406405 -0.787028 13.813041
1.855495 1.175130 8.370964
1.477676 -2.081252 7.376572
2.742460 -1.956997 12.321014
2.667187 -1.877059 8.040539
-0.057490 -1.471420 7.092217
2.668348 -1.985886 12.313154
1.993603 0.969199 5.236001
1.549305 -2.232776 7.804098
1.817806 -1.370880 7.999896
0.748321 -1.987861 8.412868
4.000070 0.675353 22.557734
1.810748 1.150611 8.189516
1.957606 1.163835 8.652452
2.564328 -1.508606 7.991777
1.719687 0.714812 10.106781
2.667042 -1.492496 9.554934
1.881435 -1.472942 4.953390
2.003173 0.612805 10.053848
2.368243 -1.272633 4.878956
0.633514 -1.319716 5.104394
0.853436 -1.937937 8.572047
1.774425 -1.104894 12.610655
2.002783 0.635842 10.316859
2.549861 0.875707 9.044467
2.326077 0.761804 8.235106
2.266295 1.194180 6.662931
2.523794 -1.391255 9.120710
0.781582 -1.207533 9.510848
1.891980 0.972211 13.460666
2.894243 -0.606084 15.072165
1.088227 1.805677 6.538743
2.024337 -0.736014 4.989734
0.500586 -1.652366 10.141300
2.608701 0.981697 14.381712
1.942582 0.678114 10.444709
2.619471 0.398862 8.596655
1.854681 1.181447 8.377173
2.850220 -0.213562 18.549391
3.165859 -1.677171 12.076913
2.161207 -1.573940 8.411963
3.115419 1.085481 11.506363
2.718391 1.094106 11.447609
1.306853 -0.125158 12.641759
2.515172 1.189432 8.387782
3.265734 0.998216 14.405769
2.207901 -1.557705 8.343614
3.511684 -1.751916 13.877378
2.420060 -1.523295 8.220841
3.477598 1.048245 13.313874
2.504116 1.173448 8.362103
2.950554 -0.734925 13.980660
1.953232 0.418002 13.977717
3.456330 -1.883470 16.070574
0.216201 1.223034 6.945396
2.178435 0.787570 8.252765
3.197354 -1.408635 13.129619
2.556429 -1.584550 8.808901
2.527352 1.056264 8.515700
2.943924 -1.736232 11.958206
2.454281 -1.560072 8.297318
3.653826 -1.791402 14.187630
2.161233 -1.296629 15.047196
3.358773 -1.197702 18.745081
3.539115 -1.890161 15.795935
1.936916 1.082023 8.501358
3.182671 -1.705398 11.758709
2.131647 -1.576049 8.393812
1.746710 -1.478571 7.725624
2.589026 -1.600122 8.954179
2.762836 1.040565 13.249045
2.906082 -1.728877 12.057297
1.894392 0.330187 13.028686
2.882643 -1.744472 12.164937
2.910985 -1.737047 13.383017
2.190292 -1.537402 8.325037
3.114650 1.082564 11.593210
1.967332 -0.011282 4.533954
4.145949 -1.367836 15.757786
3.875245 -1.700913 14.403543
1.983172 -0.056879 14.950390
2.414694 -1.590620 8.663936
1.925289 0.757228 8.322931
2.190510 -0.203683 13.203412
1.826603 0.523378 4.088717
1.799902 1.014779 13.040912
1.139221 -2.008314 9.731221
3.191544 1.044889 11.914179
2.395740 1.063918 10.773894
2.337932 1.029966 10.632882
1.476671 -2.094421 7.398493
3.105105 1.080350 11.640807
3.095116 -1.751873 11.724483
4.002822 -1.424464 17.923506
2.372688 -1.574739 8.637464
3.233609 1.124008 11.927179
2.452224 -1.299629 14.031975
2.153468 -2.186815 10.277777
3.179972 1.074199 11.911535
2.630945 -1.628352 9.093236
2.241514 1.065930 12.275919
2.156127 0.716007 8.534039
2.588665 1.060873 12.145862
3.461366 -1.740016 13.585480
2.146434 0.756586 8.131001
0.426515 1.042989 10.314728
1.186152 -1.466183 8.206708
2.032243 1.084293 4.117424
2.121594 -1.837410 10.494639
2.608924 1.084003 12.217484
1.940512 0.365241 4.573543
1.995792 0.428368 4.823503
2.260089 -1.576619 8.962749
1.850912 0.569185 4.185763
1.891058 1.313077 4.424921
1.988731 1.214391 4.590685
1.918447 1.239865 4.726407
1.906050 0.360610 13.250521
3.129578 -1.703055 12.010401
2.268981 -2.156770 13.791796
2.055758 1.119008 10.055094
1.933625 0.983933 3.951220
3.018013 -1.692622 12.070886
4.352204 -1.460634 17.608892
1.995839 0.435601 4.481653
3.816020 -1.828371 17.230185
0.688280 0.776160 11.843695
2.858983 -1.748426 11.954764
1.878947 0.575568 4.209117
1.838633 1.215205 4.257267
4.008628 0.767404 16.422638
3.241051 0.263473 13.921576
2.001094 1.226343 4.617581
2.018782 0.680714 10.004811
2.985921 -1.684354 12.194288
2.617444 1.073684 12.215873
3.135675 -1.705719 12.032535
2.912842 -1.692815 12.029877
2.499505 -1.565252 8.514303
2.555667 -1.579803 8.817693
3.187518 1.078928 11.952168
2.534131 1.162396 8.637515
2.894214 -1.711078 12.258948
4.799658 -1.532528 22.612366
3.945369 1.031119 16.226065
1.890098 0.413596 4.286641
2.474038 -1.612693 9.712430
1.869879 0.558888 4.164719
3.077319 -1.688922 12.131608
2.008392 0.010447 4.416853
0.840402 -1.367522 12.710791
1.929472 0.612461 10.033991
1.918838 1.256839 4.769086
3.445017 -0.617011 12.749940
1.867868 0.576607 4.211121
2.429224 -1.534088 9.805486
3.217704 -1.683850 11.934238
1.925761 0.424606 4.348845
0.588905 0.616603 11.702713
2.116495 0.483343 4.918469
1.830099 0.849966 4.066486
4.151656 -1.766936 17.407309
1.842737 0.838048 4.050915
2.835267 -1.837222 12.264477
1.996500 1.216422 4.607707
1.868922 0.558394 4.163406
3.224124 1.127716 11.990696
2.144341 0.747611 8.123224
1.943575 -1.312602 8.877078
2.026981 1.240150 4.651169
1.852616 0.547791 4.133894
1.941777 0.012779 4.333569
2.024444 1.229286 4.627562
3.575784 -0.552953 13.596412
1.916064 1.235953 4.701843
4.288257 -1.100255 16.976780
2.032678 1.222647 4.632353
1.825830 -0.335491 3.905383
0.818028 0.710994 12.512202
2.117084 0.905094 8.483785
2.844936 -1.688403 12.054904
3.161124 -1.696928 12.144500
2.143156 1.227366 8.600513
2.204297 1.028322 8.793462
1.882525 0.540476 3.822609
1.890507 0.548343 3.831245
3.197662 1.051490 11.982190
2.202443 1.027625 8.787057
2.469771 -1.522957 8.195982
1.904808 0.895724 13.815084
0.699009 0.767091 11.990684
1.917359 0.747691 8.302195
1.697621 1.326221 7.121926
0.743091 0.592712 10.557341
1.602490 1.412297 8.944487
2.903713 -1.248255 12.882982
3.073521 0.378778 19.461494
2.727613 -1.128266 11.951235
0.772088 0.623300 11.110617
2.113451 0.895008 7.059960
2.572278 2.013797 11.557758
2.332810 -1.088591 10.604161
0.732035 -1.822889 7.830290
1.955888 0.770005 10.168250
2.194664 0.366435 5.628370
0.083511 -1.491842 6.410285
2.519111 -1.566451 8.289343
2.244632 1.223935 6.408916
2.098418 -0.782359 5.143678
3.117904 1.082505 11.505887
2.036781 -1.475966 8.624979
2.168482 1.137531 8.661728
1.531840 1.360638 8.593882
2.477681 1.119030 8.503337
2.335936 0.705736 8.175652
2.367538 0.035988 11.917642
2.219384 -1.380173 6.102367
2.214707 -1.324959 7.644785
0.648988 1.300600 7.108528
2.014252 -1.365894 9.109105
2.180563 -1.381783 6.198400
2.296458 1.053368 12.459077
1.938994 0.408283 4.577213
1.977230 -1.242280 4.773831
3.198966 1.084346 11.956060
1.892463 0.594759 4.245790
1.843086 0.373560 4.110690
2.654655 1.065215 12.434552
1.826607 1.305487 4.555071
2.949545 -1.786332 12.489783
1.888251 0.591901 4.236970
1.957384 0.406871 4.610858
1.922914 -0.178260 4.366697
1.882735 0.415158 4.282076
2.730415 -0.778288 11.300738
2.571065 -1.074082 10.525383
0.362492 1.247591 6.659552
2.698041 -0.004058 13.672090
2.230132 1.297911 6.546694
1.949458 -0.057887 4.586628
1.949039 -0.139656 4.579761
2.911196 -1.610615 14.674336
1.826799 1.318879 4.482072
4.153782 0.649215 17.728207
4.151863 -1.829329 17.125284
3.869777 -1.580282 14.893867
0.749896 -1.834814 8.505927
2.767471 1.021595 13.016129
2.465003 -1.522693 8.448314
1.744432 -1.221010 6.748662
2.878598 0.453013 11.745052
0.810271 -1.587843 9.849674
2.186545 -0.772292 5.873920
2.871248 -1.185639 10.171940
1.902135 -0.070630 4.337751
1.863401 -1.509179 6.763716
2.302842 1.047177 12.514492
0.738602 -2.024375 8.543387
2.446220 0.905466 8.529051
2.576152 -1.585730 8.909857
2.507781 1.180481 8.375644
1.232613 1.151845 8.595166
2.589888 -1.595674 8.937900
1.885488 1.139596 9.460581
1.993266 -1.402287 8.456272
2.493765 -1.627532 8.290306
2.352965 -1.594488 8.349301
2.578570 -0.855930 13.680596
3.336323 0.530766 13.664426
1.237028 -1.934405 9.123325
1.999628 -1.598549 8.406158
3.332359 -1.627654 12.914342
3.109357 -1.315058 12.903083
3.193255 -1.538842 12.456457
2.591285 -1.584033 8.995711
2.436865 -1.599750 8.956714
2.312060 -1.601100 8.977194
2.633657 -1.568664 8.155922
1.359626 -1.658120 12.495583
2.514858 1.077557 8.573418
2.726139 -1.535687 8.769258
2.062638 -2.016223 9.733176
2.520764 -1.618434 8.201178
2.530824 -1.608713 8.476139
2.045724 -1.337465 9.333454
3.190692 -1.050736 14.106029
2.354929 -1.586637 8.978170
2.503244 1.174331 8.367642
1.985613 -1.564111 8.345020
2.325382 -1.587237 9.321904
1.421265 1.124418 9.502705
0.937090 -1.962618 9.179363
1.491260 -1.917275 9.181859
0.955023 -1.957588 9.161283
0.818360 -1.936074 8.840820
2.612854 1.085073 8.895290
2.029330 -1.858070 9.165421
2.526487 -1.598762 8.583927
2.451538 0.744922 8.395322
2.219382 -1.580744 8.410334
1.953276 0.781274 8.502603
2.990485 -1.556876 11.368303
2.263860 0.383761 13.328730
3.471260 -1.330185 13.167026
0.934883 -1.890388 8.742733
1.953445 0.522603 13.982985
2.085761 -0.123591 13.637367
2.079040 1.064430 9.057314
2.966368 1.030452 10.807752
3.215485 -1.216098 12.248558
1.624662 -1.415661 10.173687
2.076882 1.068099 9.057739
2.087536 -2.087811 9.888046
0.687176 -1.541308 10.929894
2.582360 -1.642177 8.383820
2.724170 -1.613743 11.033543
2.275244 -1.350935 13.190585
1.463292 -1.866144 9.068720
1.900832 0.428492 13.112643
2.598721 -1.614301 8.989454
2.347030 -1.587815 8.330710
3.239734 -1.575364 12.696376
1.472503 -1.888356 9.109848
1.891493 0.348919 12.895896
1.972265 -1.487741 9.520662
2.423134 0.350452 8.177238
0.688450 -1.743210 10.446514
0.867509 -1.797365 8.622671
1.953527 0.774864 8.347908
0.733533 -1.341892 11.748625
3.610536 -1.672107 13.708130
2.369804 -1.594113 8.575640
0.407306 1.074804 10.346148
0.703425 -1.599370 10.771060
2.417511 -1.585533 8.342069
1.802735 -1.644320 11.043563
2.099163 -1.638019 8.596238
2.480963 -1.589022 8.361729
2.009121 -1.478342 8.738576
2.082410 1.084207 9.106268
3.019822 1.057481 10.983998
2.280951 -1.607603 9.010649
2.582542 -1.573975 8.989892
0.797057 0.925940 12.433698
3.292668 -1.447802 12.647696
2.317863 -1.640639 9.170784
2.570786 -1.587027 8.929749
2.273363 -1.605316 8.726632
1.242993 -1.900261 9.152926
1.695804 0.704448 9.945998
2.381737 0.678943 8.276516
2.260058 -1.602869 8.515120
1.560145 1.093898 9.953918
0.860779 -1.389320 12.409693
1.860819 -1.509495 8.232314
2.286754 -0.206692 13.919247
2.485408 -1.593716 8.367779
2.997808 -1.290952 10.563703
2.329036 -1.614820 9.046191
2.961150 1.071979 10.682981
0.568158 -0.053391 11.038923
2.037521 -1.405522 9.434250
3.249438 -0.940078 13.659121
2.057620 -1.936065 9.738548
2.295479 -1.611658 8.848339
3.215442 0.821924 12.520495
3.008543 -0.088278 15.051297
2.511636 -1.294697 9.108356
2.552207 1.083720 9.700768
2.259267 1.131999 10.130601
1.909690 0.647808 12.811181
3.442207 -0.095007 13.026593
2.025161 0.952181 10.760508
2.252529 0.108027 13.040199
2.598219 0.978614 12.065728
2.202263 -1.606024 8.531863
2.419702 -1.594789 8.574283
2.378969 -1.590305 8.809338
1.149387 -1.566446 8.278986
0.680154 -0.018754 11.714506
3.053889 -1.004373 13.514504
1.948935 -1.248354 13.496410
3.062563 0.938591 11.652448
2.643358 0.621202 8.996456
3.206267 0.828440 12.511940
3.073723 -1.297135 10.797751
2.501366 -1.590083 8.458541
2.172384 -1.583182 8.338083
2.643451 0.617946 8.997671
0.881080 0.785152 12.159623
2.570289 -1.495362 8.090706
2.419144 -1.596518 8.716364
2.301771 -1.495607 9.306301
2.390339 -1.597869 8.533636
2.418301 -1.595217 8.422182
2.044052 -1.434619 8.352120
2.901282 -0.717926 13.855143
2.282537 -1.609800 8.770195
0.966435 1.141129 9.284142
2.433828 0.711618 8.372335
1.718956 1.005946 12.545654
2.604119 0.393552 8.538946
1.885692 -1.576038 8.340575
1.628816 -1.969476 9.264803
2.668898 -1.501588 8.634657
0.659544 -1.912117 10.974650
0.671657 0.794719 11.931207
2.120539 1.088726 10.172129
1.998452 0.713879 10.004085
1.918019 0.653812 12.879597
2.296423 0.128776 13.414514
2.264308 -1.625638 8.942221
2.630149 0.623300 8.993524
2.477772 0.873736 8.997869
2.554736 1.087530 9.697744
0.713370 -0.015352 11.504358
2.148119 -1.679593 13.128003
2.177386 -1.387352 9.995475
3.242787 0.856521 12.613096
2.426849 -1.606867 9.020979
2.334598 -1.593150 8.546231
2.452180 0.740253 8.381219
0.711080 -1.533337 11.579105
1.707531 0.724057 10.045797
2.604055 -1.622426 9.009333
2.738360 1.127997 9.725799
2.637736 0.611533 8.993487
1.889869 1.168015 9.541227
2.480784 -1.588116 8.368846
2.355643 -1.599006 9.159779
0.715446 -1.388099 12.074033
2.286192 0.797164 8.869373
2.262799 -1.598475 8.659200
2.386306 -1.598373 8.958897
2.874294 -1.586219 10.319794
1.629264 -1.976380 9.274836
1.139811 -2.034386 9.679358
2.594566 -1.492970 8.152052
2.714356 -1.599802 10.002281
2.339452 -1.639033 9.257469
0.619615 0.292510 11.372786
1.243840 -1.971568 9.279066
2.236174 0.826850 8.291241
0.625048 0.879697 11.112554
2.481954 1.058660 11.271434
2.024502 -1.858794 9.083149
2.276843 -1.605543 8.887045
2.317698 -1.617032 8.535206
2.464657 -1.615805 8.942890
2.592447 -1.635181 10.113220
2.429637 0.709963 8.362248
1.920073 1.095196 8.459246
2.086543 1.099539 9.215010
2.512861 1.186235 8.386221
2.860204 -1.420951 10.820774
0.969366 1.133484 9.266470
2.598403 -1.647126 10.144343
1.469609 -1.982333 9.200335
1.272745 -0.193468 12.722062
2.301338 -1.694285 13.477943
2.482022 -1.597905 8.527494
0.467541 1.109097 11.195911
1.948928 0.774537 8.339853
2.114486 1.109642 10.204965
2.121469 1.106361 10.120819
3.070654 -0.617017 15.600916
0.850591 -1.335274 12.451138
2.333790 -1.598543 9.998878
2.370533 -1.598396 8.866398
2.276197 -1.603155 8.607799
2.324727 -1.605340 9.030792
1.369390 1.131022 9.365350
0.607963 0.328627 11.506013
1.625132 0.603758 10.008926
2.242158 0.832407 8.297012
3.190814 -0.609194 15.951260
0.515945 1.059115 10.524408
2.465166 1.014830 11.150573
2.067684 -1.424745 10.196436
2.044565 -1.558322 9.286124
1.981299 -1.375464 8.398602
2.947896 -0.897636 13.358135
2.777280 0.276672 14.812681
3.066576 -1.119897 12.002035
3.100107 -1.303955 12.864417
0.972416 1.121765 9.247289
2.041337 1.130415 9.311936
2.384356 0.799924 8.298394
3.523395 -1.706111 14.366403
1.974420 -1.431148 8.566868
2.820675 -1.410539 10.756480
2.913073 -1.469687 12.949749
2.326561 0.102523 13.460865
2.954822 -1.576690 11.044306
2.630946 -1.625949 9.303092
2.361902 -1.609843 9.209086
1.134982 -2.038836 9.794747
1.207713 -2.072788 12.370067
1.933552 1.155622 8.612274
2.156579 0.657857 8.128034
2.127684 1.096001 8.556922
3.315284 -0.234807 12.782361
2.106506 1.047250 8.499256
1.996012 -1.600718 9.775680
0.586870 -1.557717 10.809103
2.559031 -1.560005 10.759381
2.419720 -1.592750 8.980773
2.116160 -1.724309 9.136331
3.173238 0.785820 12.386676
1.934615 1.143983 9.432203
2.693298 1.070674 9.597362
2.151706 1.138484 10.225586
2.854001 -1.603478 10.826378
2.607549 -1.588685 9.093904
2.450291 -1.619643 9.735709
1.337949 1.148853 8.807030
2.035923 0.797836 8.261177
1.937142 1.156899 8.619080
2.541837 0.363200 8.407056
2.576509 0.757478 13.274145
2.838381 -1.605436 9.976945
2.347972 -1.610914 9.035721
2.379617 -1.632322 9.254901
0.590190 0.594806 11.560217
3.267869 0.602340 13.165338
2.576808 -1.589064 8.920156
2.045317 1.130764 9.354454
3.198948 -1.360363 13.266725
0.907454 -1.874023 12.138885
2.621726 0.947032 15.267102
3.381389 0.276727 14.545446
3.248147 -1.393887 13.479033
2.483851 -0.802172 14.281438
0.667675 0.799639 12.091528
0.670194 0.042594 11.911863
2.005859 -1.460923 8.545475
2.205921 1.080726 8.800989
2.205921 1.080727 8.800989
2.359628 0.659292 8.222605
1.869085 1.130158 9.456467
2.333875 0.351657 8.071562
3.004349 -1.310906 13.771262
2.209462 1.096413 8.820294
2.552339 -1.643670 10.409714
2.407668 -1.580964 10.473145
1.758650 1.210850 9.029505
1.631244 1.146582 9.055825
1.765337 -1.942994 10.067176
2.628401 0.408056 8.580430
2.157456 1.152385 8.660655
2.312114 -1.623575 9.122699
1.746461 1.147168 8.907476
1.336280 1.147651 8.807083
2.599782 1.172182 8.604897
2.691493 -1.230323 13.347632
2.599231 1.168941 8.616961
3.304369 -0.591376 15.382245
2.350035 0.795991 8.285440
2.507982 1.185903 8.408451
2.575127 1.037881 8.506005
2.863429 -1.554514 14.501064
2.004369 -1.423498 8.481845
2.094292 -1.432948 9.318341
2.427164 -1.589967 9.483254
3.148565 -0.978558 13.521215
1.370874 1.130725 9.379054
2.090229 -1.431921 9.319159
1.490235 -1.963372 12.037792
2.088216 -1.430513 9.321559
2.308107 -1.629506 8.876394
1.954760 0.785922 8.368421
2.062630 1.110456 10.099950
2.858130 -1.595645 15.690247
2.407973 -1.712623 9.615905
2.085555 -1.432104 9.322086
2.373352 -1.705390 9.424943
2.036590 -1.505649 8.877462
2.950100 -1.578504 10.969605
2.445234 0.726333 8.386501
2.131815 1.137474 9.341130
2.719770 -1.533138 8.799145
0.976913 1.119021 9.232505
2.132585 1.135625 9.340116
2.133265 1.139587 9.339994
2.657287 -1.619063 10.947910
1.793493 0.687364 13.004158
2.251798 -1.612653 8.909542
3.078855 -0.757909 14.864726
2.180078 1.179707 8.699691
1.479419 -1.815673 11.532839
2.575382 0.977330 9.197719
2.551263 1.167504 8.601782
2.054931 -1.361543 9.268766
1.830731 -0.142365 12.775080
2.570700 1.128534 8.564631
2.129668 -1.728055 9.219241
1.421227 1.122772 9.500448
2.508360 1.178710 8.380649
2.439718 0.853955 8.415214
2.058843 -1.620749 9.369412
1.959971 -1.420816 9.427972
2.120744 -1.567979 11.646220
1.934613 0.363139 13.543885
2.060887 -1.616503 9.377003
3.422993 -0.016970 13.295431
2.512720 -1.620240 10.079194
2.428529 -1.643135 10.500990
0.700396 0.752636 11.859388
0.730760 -1.350167 11.862035
2.539350 -1.653868 8.993484
2.018261 -1.857979 9.485302
2.976367 -1.550510 10.961031
0.588528 0.063846 11.071022
2.439842 -1.674375 9.088019
2.455168 -1.570282 9.911566
3.162157 -1.687995 11.709169
2.814914 0.875006 13.206026
2.538993 -1.247766 14.368643
3.480116 0.573685 14.280683
3.839944 0.006421 14.711075
2.915855 -1.727986 12.384020
0.969213 1.130063 9.263688
3.064851 1.082040 11.167978
3.265558 1.049949 12.543657
2.021840 0.923987 8.614895
2.132517 -2.216619 10.154893
1.909539 -0.984861 12.693494
0.971986 1.122992 9.247992
0.838338 -0.706878 12.536461
2.851834 -1.020015 9.366435
1.986637 -1.598405 9.718670
3.393202 -0.135485 16.163700
2.740415 1.159600 9.654977
2.841534 0.202263 17.492022
2.223445 1.136305 8.837809
2.507788 -1.653089 9.100382
2.423402 -1.679670 9.166244
2.541483 -1.633315 9.328542
2.384637 0.373629 8.170725
2.769137 -1.547474 9.072473
2.577305 -1.306817 14.782693
2.260520 -1.695425 9.422952
1.131479 -2.092937 9.799826
2.160277 1.156294 8.664533
2.138184 0.710259 8.186520
1.920956 0.081963 13.191337
0.567051 -0.052652 11.012912
1.629009 1.152748 9.064027
1.336509 1.156118 8.817666
1.970848 0.819083 8.421287
2.133093 0.793034 8.149806
2.022929 -1.787515 9.523376
2.158176 -1.773347 9.289908
2.695551 -1.141430 14.885863
2.415859 0.373210 8.187476
2.365818 -1.702480 9.100609
2.538791 1.094520 11.081175
2.082336 -1.369924 9.530289
2.097565 -1.657426 11.968472
2.583177 0.603947 8.811226
1.701677 1.078397 10.192601
2.026570 0.966787 8.668082
2.614646 -1.632727 8.989786
2.456082 -1.628266 9.283524
2.401756 -1.646241 9.376392
2.391885 -1.676097 9.486205
1.785716 -2.029532 10.294636
1.264433 -0.185966 12.672182
0.892371 -1.628430 12.383148
2.623675 -1.648349 8.921574
3.301653 0.941955 16.272305
2.309200 0.589704 11.819355
2.570744 -1.651549 10.335536
2.507840 -1.612160 9.467998
2.071227 1.142414 9.473798
2.006244 -1.818115 9.429052
0.685300 0.075984 11.818069
3.496954 -1.277864 14.121062
2.154984 -1.750119 9.257025
1.952672 -1.240416 13.516513
2.070310 1.141862 9.474005
2.069951 0.730314 8.174284
0.730354 0.808760 12.558153
1.278554 -0.147542 12.548280
1.955089 -1.225226 13.494128
2.008485 0.603239 9.972944
2.061252 -0.112071 13.505645
3.465629 -0.322014 13.245170
2.742996 -1.550641 9.839374
2.643984 -1.596676 9.307336
1.989557 0.860914 8.493557
2.071182 1.146817 9.472322
2.396772 0.097636 13.920900
2.261907 -0.184392 13.705479
2.382099 -1.697322 9.200014
2.529275 -1.638734 9.254671
2.381532 -1.713410 9.585588
1.498526 1.113799 9.556965
1.949671 0.776206 8.331748
2.771415 -1.514036 9.203312
2.607181 -1.644697 8.914323
2.829880 1.111020 10.014180
2.568444 1.030175 8.498797
2.162290 0.839506 8.219764
2.554159 0.179554 14.682566
2.058598 -1.356187 9.385497
2.442542 -1.966385 14.686684
3.828124 -0.697196 18.670919
2.108562 -1.459036 9.391756
1.096691 -2.096882 9.900166
1.620153 -1.409092 10.156464
2.973261 -1.240620 10.183595
2.232343 1.158896 8.880552
1.945757 -1.042024 13.335451
2.333155 0.795197 8.259785
1.365121 1.158757 9.426214
3.344758 -0.779729 12.503799
2.597061 1.003339 9.199925
1.974020 0.697332 9.881662
2.644791 -1.591740 9.287084
3.163343 -1.335850 10.605718
1.939319 -1.836834 9.582891
1.639431 0.615117 10.146065
0.979719 -1.562580 10.732203
2.439887 -1.739883 9.754739
2.141561 -1.723736 9.222020
2.743695 0.730277 9.125004
2.433772 1.136532 8.755451
0.642551 0.266222 11.240324
2.773010 -1.620468 9.799499
2.429522 -1.627772 9.488972
2.054025 -1.548979 11.522970
1.953058 -1.020344 13.238564
3.496917 0.520523 14.365463
2.572331 -1.582934 10.879854
2.411084 -1.586322 9.694440
2.889008 -1.626530 10.511113
2.536662 -1.605149 9.362320
2.586187 1.155285 8.580439
0.717440 -1.523973 11.521527
2.757666 -1.520403 9.094206
2.021666 1.091053 8.709688
0.538423 -1.585126 11.075798
1.686764 1.075709 10.299652
2.145712 -1.535842 9.562758
2.572805 -1.633905 10.373723
1.558734 1.206553 10.221116
0.833163 0.002296 12.514305
1.219354 -2.033221 12.271733
1.899135 0.785046 13.281852
2.058360 0.355032 14.599508
2.516255 0.157402 14.446527
2.425565 -1.644427 9.798945
2.255515 -1.686862 9.396806
2.824165 -1.348996 14.087543
2.152857 0.413861 13.426122
2.567540 1.167035 9.738206
3.143977 -1.925995 13.419224
3.380283 -0.731180 15.005798
1.419364 1.129838 9.516403
1.118742 -1.977109 9.681685
0.927985 1.107641 9.690624
2.152694 0.717383 8.175805
2.570375 0.979624 9.114695
3.469745 -1.056794 14.362815
3.187336 -0.902193 14.760071
2.392926 0.678900 8.273561
0.694726 0.115320 11.756266
3.486255 -0.046873 13.120554
2.999589 1.072072 10.848613
3.035111 1.058883 11.053873
2.987613 -1.613474 12.775518
1.960829 1.142452 9.559168
2.830026 -1.583839 9.282097
3.312159 -0.148596 16.804384
2.808817 -0.981544 9.265779
2.404651 -1.694300 9.550710
3.395683 -0.025039 13.226230
2.669111 -1.588902 9.483824
1.883157 1.141867 9.485285
1.913160 1.161874 9.626768
2.206001 1.123476 8.793365
2.489501 0.982719 8.577955
3.391991 -0.235040 12.910016
0.781686 -1.267979 11.457556
1.625992 1.120120 9.559204
2.830369 -1.006611 9.331386
2.218784 0.773981 8.236925
1.751053 1.134734 9.241593
1.947591 -1.848377 9.616695
2.522067 1.083408 11.031338
2.046301 0.987043 8.712650
1.918461 1.140805 9.580461
2.001784 1.105212 9.819328
2.099291 -1.384076 9.573061
2.458385 -0.814087 14.324311
2.591362 -1.594107 10.970127
1.946541 -1.847452 9.618099
1.636665 0.553720 9.904840
2.065339 0.648413 9.989978
2.160317 -1.356881 9.916255
2.366991 -1.754331 9.242634
2.207180 1.112560 8.766714
2.187485 1.137927 9.542232
2.975147 -1.583365 11.105655
2.067428 -1.382743 9.322475
1.612162 0.997697 12.499075
2.070609 -1.396222 9.347071
2.367755 -1.752271 9.242512
2.202590 -1.803690 9.527742
2.414237 -1.674102 9.362844
2.031175 0.790858 8.238990
2.693962 1.108412 9.433431
3.365313 -0.146999 16.128181
2.507323 -1.612565 9.469472
2.440911 -1.728696 9.436928
2.372944 0.354520 8.124168
2.028602 -1.384480 9.355461
2.941069 -1.444356 14.877102
2.217318 -1.876060 9.509473
3.675252 -1.120086 15.472648
2.999622 -1.741744 10.813143
1.206185 -2.087720 12.432570
2.548765 1.141519 9.659709
0.612070 -1.941536 10.912677
2.169364 -1.854015 12.712734
1.964538 -1.833391 9.757802
2.084053 -1.444353 9.323363
1.964211 1.137585 9.563454
0.899444 -1.886235 12.157082
1.652798 0.931076 12.895474
3.278839 -0.074461 16.600359
2.306682 0.825606 8.933432
2.831870 -1.202240 15.493837
1.928833 0.795559 8.480350
2.657654 1.066306 9.363930
1.936552 -1.031144 13.228749
0.539373 1.054598 11.066352
0.767468 0.356579 12.332625
2.501769 1.086117 9.506660
1.959103 -1.792166 9.700547
2.772573 -1.498962 9.200059
2.098982 -1.387485 9.570163
3.046629 1.056401 11.133368
2.194734 0.677446 8.178317
1.961231 -1.798303 9.698296
4.780367 0.593460 20.682295
2.691844 -1.581110 9.611553
2.501391 1.088159 9.506687
2.376638 0.367760 8.132759
2.551643 -1.563587 9.219286
2.528259 0.371314 8.374208
0.853399 -1.873789 11.623251
2.509852 -1.663531 9.389987
3.473552 -0.914698 14.708359
1.420341 1.115599 9.476647
0.497741 -2.153565 11.423975
2.179611 -1.387238 10.007822
2.378943 0.146065 13.964356
2.122262 1.110108 10.216516
1.732904 0.754866 10.083966
2.909837 -1.647906 17.238644
2.955392 -1.728863 13.586396
1.531628 -2.223980 11.725216
2.578905 1.100620 11.677247
2.382528 0.369778 8.146259
2.459791 -1.662893 9.569181
2.065435 1.152829 9.114035
0.676799 0.170877 11.676163
1.886473 1.065266 9.411908
2.364058 -1.843080 9.574545
2.780243 -1.593780 9.986157
1.930592 -0.142859 13.371914
2.689122 -1.573966 9.600333
2.531421 -1.634004 10.107678
0.603869 0.335498 11.513254
2.429302 -1.692915 9.441962
2.638291 -1.600987 10.924097
2.284757 0.687970 8.457872
1.953727 -1.871427 9.683801
1.192140 1.094857 10.989683
2.242630 -1.867751 9.685508
1.210706 1.019706 10.729264
2.031942 -1.796302 9.583788
2.722433 -1.643037 11.904791
2.674949 -1.600951 9.480858
0.660009 0.050562 11.960043
3.229980 -0.158340 15.433470
2.579593 -1.712135 9.513005
3.435674 -0.260779 12.983827
3.376787 -0.792372 12.602026
2.708585 -1.713328 9.308364
2.549005 1.148677 9.604215
2.417646 0.705952 8.316443
2.841016 1.178805 9.842307
1.871149 -1.799591 12.232546
2.706987 -1.710539 9.308572
1.926503 1.122863 9.597241
2.191307 -1.911523 12.938454
2.788166 1.086600 9.762758
2.008740 0.596638 9.965091
2.763700 -1.627220 10.256825
2.623096 -1.591492 9.533804
3.482709 0.556972 14.268106
2.533972 -1.644173 9.778425
3.431040 -0.242819 13.005461
2.541417 1.151563 9.605549
1.605234 0.905076 11.879502
3.089397 1.115328 11.220603
2.294345 0.399179 8.190924
1.533911 -2.108067 11.348848
2.740525 -1.664044 9.557611
3.056675 0.940413 11.597467
0.791705 -0.952171 12.288656
1.982274 -1.630086 9.713853
3.363010 0.893720 13.086944
0.769528 -0.484828 12.427859
0.790918 -0.965473 12.286913
2.085258 1.138627 9.609742
2.425563 0.917719 8.431935
0.890719 -1.921360 12.281489
1.919804 0.084005 13.201982
2.004040 -1.692884 9.836867
2.049204 0.592789 13.335032
2.442203 -1.632894 9.668621
2.546686 1.096722 11.093973
2.194904 1.147401 9.645753
2.087533 1.136002 9.607399
0.626552 1.008446 11.825994
3.496505 0.256520 15.267387
1.634225 1.146370 9.611990
2.740450 0.082066 15.379255
1.924270 -0.141246 13.150500
2.646390 -1.710217 9.464516
2.569641 -1.638426 9.785359
2.477086 -1.761262 9.609645
1.420884 1.131696 9.517760
0.564631 0.606094 11.740324
1.959768 -1.429671 9.420709
2.010823 0.600684 9.964610
2.555882 -1.705684 9.553561
2.427908 -1.619584 9.550457
3.392438 -0.797116 12.651771
2.008493 1.120503 9.869188
1.807042 -1.829799 13.181420
2.962416 1.082258 12.736918
2.028884 0.556535 13.264455
2.914211 1.160912 10.206683
2.246491 -1.775180 10.023039
2.741002 -1.156856 15.105025
0.670802 0.781758 12.007462
2.103890 1.146979 9.655195
1.922537 0.758088 8.325903
2.014819 -1.396193 9.437603
2.920791 -1.595187 9.810946
2.068291 -1.390273 9.444156
2.436245 -1.735741 9.723100
1.913025 0.810685 8.474726
1.947305 0.067921 13.538446
2.725126 -1.663182 9.607634
2.712097 1.093561 9.251411
2.576991 1.158092 9.580528
3.441878 -1.540470 13.228243
2.647321 -1.617985 10.914228
2.540576 -1.731541 9.547803
3.312364 -0.905180 15.505552
2.383589 0.680132 8.249538
0.804732 0.721215 12.631121
2.371609 0.140171 13.919869
0.823313 0.008041 12.563510
1.949590 0.794108 8.348130
0.891610 -1.879564 11.481881
2.786651 -1.613721 10.123223
1.500564 1.137862 9.618236
1.671060 1.075824 10.271852
3.521862 0.580812 14.448281
0.688340 0.034864 11.782255
2.418417 -1.607459 9.991125
2.704800 -1.134759 14.955073
3.994344 -1.640700 17.171152
2.511281 -1.665540 9.804519
2.588197 -1.706363 9.741755
2.497209 -1.794859 9.771582
1.420063 1.128294 9.514848
0.774162 -0.328213 12.386594
1.557043 1.072317 9.877354
2.610484 1.120387 10.059604
0.748429 0.799271 12.426924
3.392625 -0.797990 12.621000
1.982995 0.689746 9.877127
2.705421 1.131185 9.291203
2.866739 1.204684 9.852961
2.774175 1.111463 9.679764
1.920847 0.080520 13.163092
2.348989 1.134035 9.639399
2.169962 -1.605830 9.643414
2.638286 -1.680854 9.765809
2.043432 1.154789 8.995469
2.059983 0.634943 9.966741
2.700529 1.127189 9.296271
2.933050 -1.581051 10.621944
2.025576 -1.378349 9.406468
1.415182 1.142072 9.539736
2.618324 -1.627736 9.732205
2.689624 1.068706 9.145535
0.668622 0.787880 12.018072
0.672572 -1.433294 12.219356
1.530167 -1.954602 10.939614
0.676423 -0.068051 11.726317
2.750443 -1.653385 9.649203
3.322054 -1.745565 14.621964
2.357228 1.139971 9.660326
0.962764 -1.601583 10.846556
2.743622 1.130039 9.480282
0.968863 1.137329 9.280432
2.601438 -1.613186 9.723672
0.551672 -0.571571 11.910900
2.863683 -1.373447 14.294773
2.757453 1.126314 9.530379
2.500063 -1.005301 14.991962
2.549102 1.144073 9.475636
2.564419 -1.720271 9.711517
2.490546 -1.728882 9.743231
1.752261 1.148571 9.263389
2.461071 -1.778016 9.802387
2.516850 -1.604600 10.492103
2.558465 -1.714868 9.711953
1.293907 -0.126949 12.651833
1.786883 -1.734188 12.779793
0.572395 -1.821927 11.384017
2.174011 -1.552173 10.787301
2.362261 1.124687 10.652258
2.118483 1.092333 10.185293
2.631371 -1.673179 9.757484
2.190751 1.132803 9.687004
2.737666 1.081227 9.522678
2.581736 -1.621182 10.616698
1.748976 1.143908 9.261863
1.664961 0.914304 12.747360
1.037230 1.099910 10.159424
1.523882 -2.082959 11.209295
2.350942 1.118022 10.656834
2.108562 -2.017799 10.475253
2.802340 -1.506624 13.508130
2.746496 -1.647595 9.753104
2.079516 0.628373 13.845711
2.841820 -1.466353 13.491824
3.285647 -1.112199 14.816883
2.686163 -1.460586 13.671519
2.019984 -1.717575 9.890183
2.685155 -1.482010 13.666296
2.528646 -1.745771 9.770164
2.657686 1.181965 9.453274
1.846371 1.150340 9.405566
2.085631 -1.653574 12.025329
0.728037 -1.348625 11.761421
2.051908 0.760401 10.087823
3.467012 0.562507 14.252526
3.254110 -0.994295 14.793162
2.613071 0.986101 8.936294
0.782758 -1.109843 12.362809
3.468569 -0.529578 13.243855
2.949275 -1.630596 10.565804
1.644355 1.002247 12.529613
2.990488 -1.623415 10.882921
2.021149 -0.116821 13.020262
2.018006 -1.419668 9.482594
0.604419 0.577993 11.471425
4.124488 -1.315516 17.324232
2.576168 1.175460 9.537488
1.903234 -0.042062 12.923597
2.811971 -0.944932 15.165508
2.725059 -1.667450 9.738808
2.537826 -1.669128 10.276826
1.548895 -2.109973 12.380672
2.850315 -1.360333 14.317689
2.102004 -1.399721 9.575600
2.861535 -1.641563 13.118278
2.551665 -1.777432 9.683121
1.840983 1.124223 9.840564
2.206759 1.142350 9.742026
2.765378 1.155922 9.527288
2.031289 0.535704 13.204243
2.785854 -0.903302 14.920342
2.873701 -1.745472 12.157943
3.284465 -0.890103 15.374824
1.762496 -2.368045 10.937090
2.197448 1.146391 9.743639
2.543393 1.171615 9.491558
2.530430 -1.638447 10.129529
2.724484 1.092290 9.442511
3.483716 -1.043293 14.720804
2.015297 -1.479025 9.645285
2.455824 -1.714926 9.878594
2.671771 1.018935 12.632531
2.190719 1.146293 9.744896
1.546806 1.115694 9.927169
1.478413 -2.138489 12.551457
2.360805 1.147312 9.705215
3.203820 -1.833275 12.518708
2.454931 -1.739485 9.954802
1.419282 1.129988 9.499968
3.416378 0.945450 13.274895
1.544034 1.092934 9.879629
1.247843 -0.130545 12.797625
1.957935 0.798988 10.136479
1.841093 1.124862 9.870752
1.512888 -2.340595 11.744357
1.878414 -1.863014 12.357375
1.839856 -1.373602 9.706820
1.945770 0.777217 10.068136
2.790590 1.111818 9.706439
0.896829 -2.027870 12.489961
2.801055 1.109434 9.766165
3.368505 0.936240 13.058833
2.904805 -1.719226 12.044648
2.105142 1.130031 9.739465
2.670278 1.051076 9.052667
2.599063 0.169381 15.421363
2.261540 -0.199580 13.356477
2.350167 1.132590 9.709296
0.671839 0.781090 12.004869
2.330516 1.102841 10.704234
3.403939 -1.448258 13.164093
2.454113 -1.556973 11.467299
2.178571 -1.383010 10.009261
1.624432 0.575443 9.921789
2.499533 0.296774 15.347439
3.510386 -1.765892 13.403704
2.810523 -1.612194 10.106538
2.620732 -1.659875 11.054600
0.928176 1.112465 9.711338
2.177786 -1.383065 10.009417
1.825655 -1.393318 9.755873
2.558839 1.061615 11.751980
2.812842 0.941902 13.331647
3.599446 0.618151 14.759682
2.843371 0.889198 13.555359
3.627320 0.351927 15.696775
1.754568 -2.257541 10.735716
2.752364 1.140229 9.498115
0.860121 -1.743459 12.844460
2.448767 -1.557072 11.454771
2.139112 -2.102757 10.604721
2.833421 1.150775 9.827336
2.838321 1.118884 9.921923
1.692189 0.662596 9.818911
3.627526 -0.481082 14.999254
3.434982 -0.342619 13.167101
3.221701 1.036126 12.404340
1.258668 -0.170192 12.770588
2.010179 -1.371314 9.388254
1.882631 0.829939 13.097516
2.824281 -1.591922 9.933962
2.716229 0.975034 12.742360
1.850410 1.134666 9.903856
2.057348 -1.365119 9.384638
2.560798 1.091417 11.871108
1.999966 0.747346 10.045505
4.063518 -0.517917 17.391811
2.696747 -1.130143 16.831141
2.862875 -1.610561 10.831100
0.632833 -0.496034 11.496249
3.543784 -0.819507 16.107056
1.957991 0.623622 13.040295
2.321832 -1.631128 9.904939
2.841548 -1.661706 10.331610
1.621314 -1.409709 10.146696
2.482653 -1.610424 9.991304
1.919455 -0.961479 12.993468
2.859311 -1.633700 10.353350
2.753901 -1.659543 9.759441
1.565352 1.121874 9.987873
1.276819 -0.198219 12.646948
2.593778 1.099610 10.014370
1.995656 1.134802 9.811766
2.466824 -1.650661 9.682133
3.087025 -1.169308 14.354584
2.636000 -1.615951 9.984670
1.515015 -1.456746 9.717695
1.507236 -1.455091 9.738871
2.422602 -1.639133 9.810186
1.619964 1.086314 10.159245
2.565232 0.891143 13.156803
1.643961 0.915515 12.697875
2.017205 0.744632 10.075103
2.504320 1.136915 9.359296
2.682067 -1.613540 9.982379
2.548422 -1.627963 10.031718
2.638580 1.026832 8.956468
1.850267 1.128070 9.920312
1.788787 -1.461801 11.017728
2.147660 0.108365 15.023175
2.419030 -1.642435 9.768365
2.865097 -1.671142 10.257990
2.655304 -1.632694 10.460189
2.657874 1.050234 8.994990
1.514255 -1.437347 9.691813
2.697835 1.152111 9.211458
2.188755 -1.585242 10.927427
2.011710 1.132604 9.870734
2.563502 0.892655 13.157117
2.129180 1.061683 10.641960
3.092221 -0.101909 15.633151
2.706417 1.157510 9.209205
1.511491 -1.440598 9.705547
1.932435 0.774537 10.020584
0.878321 -1.660413 12.559040
2.975395 -1.619786 10.919453
3.254276 -1.167560 11.745301
0.834926 -0.617379 12.508135
2.655445 -1.430292 13.625443
2.951117 -1.636582 12.855862
2.502299 -1.652976 9.936934
2.518994 -1.677094 9.822592
3.378639 -1.666414 12.972012
3.287858 -0.700821 16.997629
2.557992 -1.638219 10.054367
2.272163 -2.133022 13.754645
2.120205 1.089264 10.189192
1.417648 1.134485 9.510556
2.603302 0.777831 13.842920
0.827909 0.096782 12.548473
0.689501 0.010188 11.683403
2.664441 -1.648204 10.065758
2.341685 1.133728 9.948000
2.565487 0.163866 15.476211
1.686297 0.783461 12.829389
2.549517 -1.629480 10.096863
2.632760 0.789369 13.966153
2.827816 -1.639327 10.027008
2.603850 -1.654806 10.524775
2.822534 1.102774 10.001809
3.490923 -1.343920 13.218495
1.971756 1.132192 9.917947
2.136691 1.086727 10.737257
3.695472 -1.429644 13.814966
1.962210 1.140239 9.918470
3.032993 -0.397604 17.101603
2.183808 -1.389678 10.021945
3.677053 -0.123798 15.576526
2.859561 -1.532575 9.593761
1.418677 1.134861 9.516784
2.899710 1.100674 10.366428
2.663395 -1.652869 10.134521
1.563128 -1.390712 9.852494
2.056434 1.096423 10.749370
1.916244 -0.036469 13.136302
1.963949 0.710799 9.928198
2.176022 -1.385314 10.005260
3.619308 0.609740 14.861015
1.807157 -1.322215 12.976275
3.155747 1.062147 11.951881
1.977341 -1.463222 9.484821
1.865373 -0.205527 13.036323
1.837490 -1.367515 9.692442
1.804479 -1.616866 10.972840
2.476614 -1.621821 10.820467
0.898551 -1.672391 12.557221
3.507867 -0.330708 13.350056
2.787253 1.081164 9.808758
2.625977 -1.666349 10.803753
3.038433 -1.642851 11.290601
2.944448 -1.136609 16.322147
1.801149 -1.605738 10.947515
3.803237 0.683015 15.601281
2.869998 1.132035 10.053618
2.511269 -1.630550 10.197214
2.739583 1.093701 9.511301
1.977715 1.142281 9.947304
2.395809 -1.506885 11.274851
2.213818 1.145632 9.831190
2.513016 1.151437 9.356696
3.524445 -0.819201 13.237953
3.483614 -1.552500 14.388249
2.541404 0.905828 13.194764
2.968596 -1.644647 10.770866
2.859652 -1.631957 13.080790
2.510650 -1.643560 9.836834
4.115029 -1.143156 16.840391
2.657894 -1.599303 10.974402
2.548673 -1.622949 10.629977
3.401283 -0.887985 16.108568
1.887200 -1.386512 9.699107
3.630934 -1.428304 13.746155
1.618672 0.659829 10.018264
2.768542 -1.640429 13.090983
3.129433 -1.505147 14.778717
2.392742 1.155876 9.871342
0.703729 0.760976 11.758540
3.464565 -1.549287 13.976287
0.894412 -1.681414 12.581391
1.887959 -0.206668 13.307519
2.219640 1.151824 9.868889
2.909684 1.195127 10.091189
2.396206 -0.887186 14.257762
2.923987 1.208689 10.146521
2.197012 -1.605013 10.979627
2.847951 -1.634682 10.698616
2.062011 -1.356590 9.321157
2.523701 -1.646550 10.226068
2.813362 -1.634111 10.057798
1.688587 1.075874 10.287274
2.166569 -0.021260 15.422083
3.091070 -1.004958 16.803205
2.479552 -1.627213 10.829900
0.974180 0.956130 12.555381
2.109084 1.074549 10.142741
1.545571 1.114278 9.894456
1.688632 1.067705 10.266932
0.855218 1.022321 11.513961
3.447758 -0.460533 14.474148
1.688992 1.064135 10.274345
2.856541 1.073217 11.737967
2.738737 1.158602 9.340500
1.946027 -1.362952 9.299024
3.215197 -1.383206 13.211205
1.676473 1.066947 10.206631
2.812626 1.202189 9.602824
3.500967 0.674215 14.043393
2.611875 1.120290 10.056393
2.756172 1.144080 9.484997
0.771752 0.736108 12.225451
2.983808 -1.647677 13.042771
2.947763 -1.608495 11.021246
1.049361 1.085409 10.448013
1.727965 0.774851 10.089499
2.608743 1.151039 10.074759
1.625910 0.608576 10.017716
2.091695 0.632629 10.105533
2.777376 1.114611 9.685680
2.850816 1.141012 10.056255
0.626611 0.317448 11.436668
1.928231 0.742484 9.934073
4.133914 -1.508398 16.323484
3.170520 -1.369055 14.353129
2.313689 -1.614617 9.876680
2.770778 -1.630564 9.788440
2.521622 -1.679997 9.816106
3.012066 -1.634029 10.927444
2.638462 1.146097 10.100613
1.548525 1.101397 9.886062
1.627057 0.618807 10.040798
2.075414 -0.058466 14.066648
2.877905 -1.663018 13.217810
3.417198 -0.803814 12.718805
1.907791 0.889018 13.317147
2.820027 1.143191 13.467587
0.731043 -0.031539 11.470467
1.738126 0.780199 10.062124
2.000874 1.143224 9.847948
2.208062 -1.620905 11.050438
2.114596 -1.666948 13.870126
3.493552 -0.348502 13.359260
2.061456 0.609389 9.955299
1.774077 -1.363384 9.664321
0.840442 1.058494 11.625152
2.572557 -1.635841 10.330474
1.808594 -1.518631 11.219264
2.412915 -1.517137 14.246816
2.055620 0.608775 9.934580
3.416174 -1.782462 13.051453
2.106700 -1.484496 9.606240
3.468262 -1.083607 15.839690
2.744288 -1.609806 9.714005
2.590170 -1.622289 10.000878
1.724950 0.756482 10.036023
1.724521 0.769186 10.041315
1.938899 0.776971 10.030869
2.850200 1.136568 10.062020
2.104602 -1.488143 9.604795
2.108069 1.099687 10.194455
3.475873 -1.180907 15.534504
2.643301 -1.625390 10.013716
2.995068 1.128489 10.695536
2.614005 -1.645140 10.220675
2.792478 -1.607315 9.961376
2.539421 -1.696156 10.148471
2.585828 -1.686221 10.129510
3.048371 -1.676922 13.061514
3.610600 -1.110170 15.304499
2.878576 -1.619489 10.481374
2.469548 -0.217681 15.509091
0.842570 -1.329972 12.551543
0.782019 -0.303190 12.321652
1.634419 0.563146 9.929128
1.617594 -1.492434 10.352413
2.121170 0.681785 10.251539
0.651875 0.983686 11.660526
1.968628 -1.380577 10.035716
2.675524 -1.733330 12.041307
2.860679 -1.634638 10.002652
1.041878 1.095081 10.131071
2.232569 -1.670069 11.204952
3.225850 0.549533 15.887261
2.901337 -1.773658 12.235354
2.684720 -1.680081 10.110969
1.036834 1.105828 10.158471
2.395973 -2.182823 13.952274
2.949107 -1.762937 12.157951
3.031320 -1.589965 11.665251
2.138041 1.127765 9.982065
1.874201 -1.367720 9.671110
1.941525 0.443557 13.665154
2.850394 -1.632238 10.019571
2.146322 1.137025 10.007931
2.914546 -1.100855 9.862191
2.477217 -1.667475 9.799536
2.647607 -1.633668 10.075360
2.636476 -1.643303 10.285367
2.552656 -1.662695 10.240849
2.728968 1.162508 9.331758
3.110304 1.077468 11.506429
2.764708 1.140745 9.566566
2.834377 1.154397 9.850250
2.302801 0.500597 14.945486
3.182015 -1.383718 14.421438
2.537798 -1.647962 10.163098
2.167757 -0.111426 14.557441
2.896927 0.990844 10.255586
1.810596 -1.431416 13.318685
2.371313 -1.444027 11.100963
3.303281 1.033561 12.483969
1.616465 1.105918 10.264111
3.023734 1.091146 10.931828
2.813831 -1.637808 10.290278
2.138041 1.126903 10.006582
0.796802 -0.870713 12.248231
2.725740 1.161155 9.332497
2.001256 1.123307 10.012323
1.537776 -1.403880 9.756912
2.796236 -1.628999 10.435745
2.828571 -1.641705 10.022565
3.687617 -1.829183 14.912529
2.773185 1.120073 9.602708
2.719505 -1.866764 11.023424
2.968330 -1.717639 10.850845
2.115034 1.117634 10.223758
2.817825 -1.643133 10.288459
2.749918 -1.623399 10.256977
1.980906 1.138313 10.022081
0.823078 -1.385918 12.655170
2.103218 -1.484102 9.595259
2.938580 -1.203170 14.991781
2.541567 -1.652823 10.313761
2.788543 -1.652269 10.286593
1.890901 -1.374788 9.682931
2.299342 -1.927009 13.141956
3.839371 -1.683023 14.446457
1.990159 0.688833 9.883786
1.563810 1.125580 9.947258
2.660893 1.143882 9.904661
2.925481 -1.595890 10.817737
2.840627 1.060983 11.700389
1.771774 -1.668589 12.524947
2.646842 -1.639630 10.856775
2.638857 1.115096 9.846309
2.661605 1.145220 9.907267
0.776105 0.991081 12.667626
0.727462 0.103833 11.599259
2.309319 -1.930610 13.190776
2.181294 -1.391800 10.020344
2.152278 1.131742 10.018320
0.705841 0.063782 11.714390
1.709466 1.096213 10.166162
2.368203 -1.466990 11.146708
0.776919 0.993053 12.672757
1.699139 0.709180 9.944979
1.943915 0.793544 10.071036
0.785480 0.956958 12.559587
2.815940 -1.640767 10.283025
3.202129 -1.403493 10.790974
0.935127 -1.933385 12.194921
3.394378 -1.759926 12.987538
4.618905 -1.792077 20.709051
3.491182 -1.574939 14.342729
3.282738 -0.866999 17.307848
2.930143 1.076326 10.547114
1.671902 1.085028 10.291742
2.642151 0.954040 12.677471
2.854218 -1.607306 10.937733
2.556352 -1.651896 10.404572
2.166172 -1.354823 9.945457
2.593332 1.093612 10.026543
0.783838 0.987102 12.616380
3.215368 0.533167 15.754341
3.688166 -1.679507 15.073105
2.452017 -1.665485 10.101265
2.690539 -1.646704 11.095178
1.175652 1.105147 10.405429
2.582860 1.073698 11.032427
2.152869 -1.333999 9.893834
2.084808 0.632763 10.088795
2.961170 -1.785013 15.310525
2.414850 1.136199 9.973894
2.561793 -1.748492 15.377500
1.600117 1.110643 10.158819
2.093622 0.919816 10.400169
2.578993 -1.661955 10.373401
2.655359 -1.665983 10.205601
1.048005 1.086634 10.453743
2.002980 1.136147 9.795248
2.005784 1.130745 9.837913
2.184515 -1.391344 10.024212
2.573802 -1.609969 10.423382
2.428659 1.144649 10.017237
2.869609 1.107293 10.170391
2.007719 1.135996 9.839427
1.811790 -1.377758 13.290039
0.850466 -2.023179 12.564287
0.769771 -2.123397 12.769678
3.147324 1.111616 11.610969
1.934906 0.357001 13.474105
2.867270 -1.624557 10.405580
2.130635 1.120649 10.231582
2.712552 -1.471925 11.171579
2.794532 -1.645309 10.366343
1.836275 -1.364640 9.691244
3.393820 -0.686163 17.431410
1.934753 0.745073 9.988575
2.905275 -1.610547 10.348987
2.940836 -1.625919 10.550899
3.446106 -0.139145 17.961859
3.004444 -1.600272 10.322278
1.840208 -1.367824 9.762288
2.002456 1.112743 10.051992
2.747122 -1.656601 10.160572
4.424591 -1.135236 18.373695
1.838588 -1.348430 9.728968
3.690067 0.301868 16.042294
2.829728 -1.626106 10.341712
3.617959 -0.040468 13.510104
1.618305 -1.340708 10.003500
2.846824 1.125481 10.048004
0.727643 0.100569 11.620570
3.150618 0.361288 17.050642
2.781328 -1.624465 10.320001
2.753689 1.137326 9.510858
2.147865 1.120553 10.056359
3.373273 -0.259718 12.836151
0.829182 0.002850 12.530841
2.100102 1.082543 10.152621
2.661353 -1.676510 10.204002
2.241053 1.126389 10.034477
2.005805 1.118549 10.055937
0.861908 -1.949164 12.530272
2.528954 -1.642461 10.308749
2.482867 -1.496690 11.258413
2.370150 -2.125371 13.773837
2.254262 1.129705 10.059319
2.188695 -1.408408 10.051670
2.483677 1.155309 9.537230
1.888834 1.105899 10.059734
0.793571 0.988977 12.538126
2.793893 1.084532 9.855854
3.378099 -0.239614 12.974952
2.646031 -1.871435 10.445480
3.412106 -0.982866 15.949223
2.013227 1.131949 9.785461
1.250487 -1.966865 12.082875
2.260779 -2.113005 13.692420
1.649168 0.603078 10.047681
2.005234 1.125085 9.833429
1.890139 1.106651 10.059432
2.853276 1.133718 10.063685
2.643473 -1.595827 10.940237
2.394472 1.101360 10.908192
1.554599 1.119197 9.959525
1.889379 1.105789 10.059628
2.508970 -1.697171 11.846252
3.655051 -0.484695 15.639070
2.647696 -1.604445 10.956351
2.750669 -1.632103 10.430306
2.883737 0.863142 13.723747
2.940563 -1.660226 14.963924
2.075986 0.604470 10.010254
3.014989 0.997811 14.512543
2.580894 -1.572113 11.452024
2.641222 -1.759525 10.529243
1.993034 1.109625 10.058086
2.865513 0.862247 13.718473
2.157643 1.119838 10.075651
2.070131 0.607473 10.004803
2.072096 0.868347 10.266264
1.565034 0.975011 12.396263
2.823279 1.137762 9.806031
2.642555 -1.805405 10.462195
2.837835 -1.653642 10.554715
1.615347 -1.434177 10.208559
1.597805 0.560017 9.968668
2.779692 1.143290 9.612204
2.722919 -1.740274 10.414812
2.781464 -1.660465 10.495418
1.896281 0.991834 13.540407
2.658278 1.141476 9.890416
3.705755 -0.573998 13.930523
2.790934 1.051659 12.013943
2.486791 1.162830 9.543909
2.788106 1.128947 9.711451
2.608877 -0.930353 14.044743
2.905536 -1.648665 10.553301
2.915401 1.120142 10.314416
2.877306 1.200578 9.908615
2.882171 1.132142 10.126991
2.652619 -1.651761 10.872826
1.194885 -2.112595 12.460838
2.808305 0.741783 14.960489
2.459334 -1.561248 11.489470
0.818383 -1.761899 12.845551
0.676991 0.786123 11.902334
1.799710 -1.902440 13.313601
2.603817 0.908449 13.957278
2.935500 -1.493035 11.023527
2.933610 0.889886 13.911414
3.764399 -0.485197 15.601218
3.115706 -1.324490 10.897044
2.081647 -0.043925 14.173704
2.877448 -1.692304 13.294750
3.196022 1.051263 12.023521
2.768799 -0.962486 16.421436
0.829172 1.058472 11.645901
3.701746 -1.307640 14.807559
3.048139 -1.069298 16.888304
1.686603 1.050933 10.249863
2.644094 1.142557 10.119320
0.841918 -0.701216 12.513797
0.924480 -1.957880 12.270168
2.091254 0.631678 10.094441
2.879682 1.121227 10.196465
3.205386 1.046717 11.961901
2.275402 -1.577474 10.403363
3.345847 -0.665162 17.055452
2.432481 1.143468 10.084525
2.146891 0.821241 10.323099
2.882549 -1.723869 10.431742
3.427970 -1.103942 17.210400
2.931867 -1.700616 10.541283
1.813545 -1.666899 11.582401
2.156257 0.736225 10.404565
1.862252 1.116785 9.951736
2.925972 1.125959 10.424562
1.893456 1.107292 10.219169
2.039601 0.750260 9.987896
2.615057 -1.799915 10.487440
2.870613 -1.732137 10.524462
2.826724 -1.762874 10.489007
2.995433 -1.651201 10.780669
1.817459 -1.416427 13.584089
1.895458 1.108791 10.218685
2.802851 1.144131 9.731268
2.926457 -1.748086 10.359770
3.349621 -2.206233 15.350475
1.750169 0.982122 10.574088
2.886098 1.073912 10.325375
3.998157 -2.175983 14.946282
3.794527 -1.353576 17.026476
1.819485 -1.415127 13.532702
3.067886 -1.092572 11.949911
3.022256 1.013257 11.116289
2.847295 0.862603 13.972631
2.072279 0.610960 10.012726
2.477496 -1.639551 16.361057
1.803740 -1.367692 13.199677
2.153470 0.256925 15.186542
3.616712 -1.447120 15.294543
2.885815 -1.726190 10.452044
3.594659 -0.550093 13.651634
2.752051 -1.875349 10.555613
2.826120 -1.829357 10.459915
2.861665 1.134950 10.082510
1.568289 1.015992 12.628972
2.907766 -1.757903 10.380701
2.016429 1.004656 10.545833
2.013191 1.003394 10.545964
2.623953 -1.737543 10.677479
3.385238 -1.702787 15.193389
2.010890 1.168141 10.177321
1.935804 0.744367 9.970870
2.969748 -1.710634 15.172653
2.428058 1.141868 10.120337
2.329603 -1.601631 15.162807
2.855678 -1.627655 10.910758
2.582465 -1.721375 10.432023
2.557567 -1.778257 10.445942
2.897453 -1.681255 10.406973
2.788695 -1.732774 10.200525
2.010581 1.073191 10.571527
2.831747 1.111657 10.017194
2.652285 1.133803 9.872183
2.658773 -1.721479 10.378720
2.556122 -1.631082 10.663119
2.579705 -1.641371 10.556971
1.817935 -2.072308 13.876456
2.056924 0.791143 10.082596
3.580766 0.004532 13.820697
2.607809 -1.708177 10.447457
2.849044 -1.693306 10.293686
1.855356 -0.132894 13.331968
1.611437 -1.459093 10.254294
2.340829 -1.920235 13.480244
2.472239 -1.497950 15.602239
2.628971 -1.638119 11.636416
2.581198 -1.694957 10.487532
1.994415 1.092300 10.072989
1.566919 1.037714 12.682119
2.955061 1.114787 10.509706
2.823640 1.104436 9.996696
2.582097 -1.720334 10.450163
3.649047 -1.662130 14.898725
3.142105 1.087250 11.512793
2.867864 1.126606 10.058218
2.865889 -1.677974 10.432092
2.894495 -1.054400 9.826858
1.596040 0.928638 10.663866
2.793277 1.061175 11.262804
2.932816 -1.669603 10.778934
2.528780 1.053762 12.317935
2.689258 -1.655763 10.706931
2.830656 -1.686072 10.422507
2.808541 -1.692818 10.411101
2.774944 -1.715326 10.299321
2.912964 -1.658582 10.555963
2.336263 1.128798 9.925374
2.193664 -1.411507 10.062310
2.587180 -1.677717 10.545197
2.674389 -1.768453 10.372124
2.628119 -1.687869 10.590965
1.463540 -2.051615 12.270738
2.337629 1.133861 9.927936
2.366576 -1.987844 13.733128
1.937930 0.769035 10.004379
2.901590 1.129805 10.261208
2.606659 -1.727505 10.550332
2.920326 -1.669356 10.575425
1.465747 -2.018011 12.186003
2.338709 1.137694 9.932755
1.713395 0.804533 10.142919
1.866263 1.097597 10.233290
2.110885 1.082910 10.156188
3.564242 -0.696884 13.349703
2.068360 0.591180 9.980343
2.598167 -1.670557 10.632361
2.022636 0.754923 10.041701
2.304126 -1.357902 13.411205
2.820799 -1.672223 10.496258
1.816931 -1.761039 11.284059
2.005934 0.723280 9.955583
2.146957 1.109600 10.173194
1.999399 1.102403 10.200912
1.816782 -1.787688 11.366043
2.141451 -0.106890 14.398130
3.893060 -0.522731 16.052422
3.905054 -1.092162 16.769499
2.877986 -1.621991 14.747607
1.756716 -1.614278 12.346629
1.999678 1.103745 10.200801
2.156643 -0.117025 14.390247
2.887785 -1.054275 17.891327
2.858037 -1.692377 10.238523
2.909632 -1.645656 10.572451
0.796955 -1.392434 12.840211
0.830588 -1.748463 12.793010
0.788300 0.741364 12.738951
2.796329 1.138035 9.718954
1.177948 1.104476 10.397703
2.613331 -1.692646 10.514235
2.904695 -1.641298 10.699786
2.157728 -1.777449 14.372204
2.837873 1.116670 10.026883
3.115649 -1.688190 11.836695
2.620953 -1.670342 10.549860
2.881624 -1.047197 9.802105
4.156678 -1.328428 17.414101
0.793992 0.012350 12.765567
3.230496 1.074366 12.023593
3.125375 -1.675418 11.897477
1.294439 -0.124497 12.692943
2.560444 -1.718555 11.886456
3.470545 1.078587 13.196960
3.174044 -1.796612 13.496542
1.828089 -1.922027 11.667382
3.329934 1.407551 11.621259
3.043603 -1.852028 13.937328
2.571055 -0.203205 15.900167
2.957323 -1.589465 10.972651
1.227330 -2.030678 12.255659
3.069124 1.057839 11.301741
3.182261 1.131748 11.816438
3.360454 -1.584302 13.739952
2.974701 -1.173847 16.545147
3.177370 -0.788493 15.744364
2.156916 -2.083618 13.255845
2.975363 -1.728795 10.678062
1.984881 -1.297997 13.978259
3.079375 -1.576235 10.710311
1.943671 0.757562 9.968233
1.960415 -0.021471 13.745899
2.729163 -1.827807 10.833329
1.999375 1.108006 10.460115
1.864920 1.106378 10.508209
1.997250 1.105618 10.460817
1.236322 -0.127771 12.814793
2.458377 -0.227935 15.047643
2.563177 1.117373 11.099813
3.612181 -1.775506 14.214907
2.185681 -1.878888 13.017537
1.722788 0.907489 12.600337
3.902869 -1.554870 14.639533
1.214639 -2.076137 12.375059
4.165685 -1.338912 17.343945
1.253913 -0.189901 12.822134
3.592947 -1.626181 18.762939
1.621693 0.605540 10.018613
2.534125 -1.675814 11.780580
1.616170 0.690394 10.048964
3.194149 1.064756 11.960935
3.197961 -0.647716 17.029594
2.940296 -1.790975 10.672106
1.793690 -1.530368 11.171220
3.781685 0.346058 16.545128
2.582080 -1.704093 10.976289
2.673988 -1.768001 10.903189
3.075716 0.455945 16.718346
1.827841 -1.569919 11.331769
1.700780 0.358141 10.014487
1.603847 0.426211 10.325233
1.628610 0.601342 10.010463
2.983285 1.033370 10.625151
2.947506 1.097969 10.599558
2.022759 0.595912 9.915084
1.595649 0.592825 10.047945
1.723841 1.007365 12.585458
1.783525 -1.736846 12.711404
2.280431 1.019358 12.692554
2.489857 -1.639459 11.030898
2.281966 1.013859 12.692207
2.096878 -0.047032 14.415644
2.607271 -1.681202 10.934133
2.308557 -1.671016 13.559313
2.909103 -1.709161 10.836495
1.901899 0.327843 9.853262
3.391885 -1.686272 13.054152
3.548043 -1.729464 14.404387
3.655500 -0.304370 19.241154
3.817253 -1.245085 17.852261
3.084542 -1.551260 15.254494
2.829575 -1.795812 10.843680
2.492583 -1.469427 11.122797
2.826803 1.097786 11.342161
2.532747 -1.526119 11.263945
2.858607 -1.639601 10.965145
3.454745 -0.745177 18.472719
2.698134 -1.725255 10.998636
3.436578 -1.767367 15.324048
3.435730 -1.663117 15.799604
3.806357 -0.014409 14.610825
3.258063 1.040363 12.447727
1.755599 1.026916 12.762112
2.871019 0.963220 13.988788
2.968616 -1.743357 13.024405
2.960512 -1.613969 10.982715
2.643892 -1.834840 11.348624
3.781975 -0.243418 14.023397
2.912432 -1.643629 17.159199
2.671346 -1.900778 12.316586
1.959334 0.435811 14.050209
3.104281 1.089673 11.366567
3.856879 0.753160 15.664450
2.914351 0.547632 19.043446
3.198374 1.055956 12.034271
2.947857 0.285351 18.602779
4.522587 -1.702763 20.119030
2.168214 -1.469843 11.112045
3.491949 1.127584 13.079734
2.142306 -1.468492 11.096554
3.157557 0.987363 11.885883
2.906417 -1.676331 10.959656
3.108172 -1.652047 11.506412
3.379768 1.018241 12.837982
3.547170 -1.614133 13.558681
1.795048 -1.617433 11.318018
3.073463 -1.617506 11.425194
1.579768 1.038610 11.830342
3.053527 1.062217 11.260064
2.191707 -1.521989 11.207531
2.707811 1.068512 13.080915
3.097100 1.084644 11.342717
4.151566 -1.831627 17.153845
3.324995 -1.670446 15.628751
3.630987 0.693208 13.950920
2.823070 -1.730917 11.718556
2.584433 -0.546437 15.888326
3.101555 -1.736713 11.050130
3.579684 -1.702878 14.242516
1.780649 -1.740974 12.718236
1.798101 -1.693090 11.469266
3.359990 0.442583 18.801790
1.805580 -1.484078 11.116599
3.085753 1.094923 11.325200
2.175066 -1.434046 11.055212
2.631689 1.119869 11.110729
2.954304 1.039817 12.812102
3.495318 -1.786699 15.438623
3.895120 -0.572155 18.148418
2.123684 1.059965 11.881970
2.829505 -1.930279 12.974073
2.136575 1.066632 11.878337
3.139717 0.877772 15.473759
2.973969 -1.675137 13.028631
3.691786 0.823193 14.673792
2.576706 -1.780185 11.938595
2.530259 -0.183763 16.007338
1.534091 1.015647 11.658683
1.796541 -1.750419 11.538407
1.776220 -0.967950 12.737742
2.489021 1.056236 11.651810
4.085355 -1.405401 17.404949
2.818537 1.100138 11.328849
3.992507 -1.852293 15.166933
2.876823 -1.690514 12.233565
2.541538 -1.780448 15.454144
1.672411 1.007470 12.543365
3.034261 -1.767912 15.423699
2.336096 1.040443 13.014729
3.760809 -1.495232 14.565354
3.802684 -0.816987 20.428621
3.189808 -1.735693 14.665332
4.683584 -0.590584 19.843901
3.939487 -1.217180 15.792755
3.660977 -1.401611 13.925840
3.212362 1.088032 11.896652
2.982722 -1.624874 11.482201
2.747274 -1.634205 11.483574
2.265081 -1.692618 11.589215
3.059341 -1.601921 11.386941
3.114251 1.086054 11.488650
2.562399 1.092933 11.432734
3.792728 0.760646 14.521626
2.838120 1.064114 11.696265
3.203855 1.057669 12.159062
2.567526 -1.787232 11.892704
3.991040 -1.670993 17.309370
3.849566 -1.684202 14.469314
3.039093 -1.641562 13.077714
2.653206 -0.583555 16.671562
2.552556 0.976781 14.171873
1.504984 -1.858667 11.911071
1.628772 -1.762133 11.733738
1.690105 1.047031 11.788832
2.085223 0.165200 14.029113
2.514033 -1.692152 11.686474
3.108150 1.052016 11.722539
3.573521 -1.642816 18.506336
4.148282 -0.845562 21.732952
3.194247 1.046334 12.133926
3.004953 1.052288 13.015793
2.355320 -1.953198 13.765933
2.974679 -1.744482 12.810014
2.431683 0.598191 16.314161
2.426684 0.584739 16.384098
4.114856 -0.499948 16.901167
4.112182 -1.550903 15.063011
3.972144 -1.435663 20.003656
1.213548 -2.177366 12.647663
3.620518 -0.193538 13.555003
3.669904 -1.418603 13.740912
2.817397 -1.918733 12.915974
3.190507 1.038077 12.134694
2.848358 -1.703348 12.078117
2.496756 -1.699630 15.080665
1.950220 0.509191 14.064101
3.192903 1.061386 11.895638
3.223496 1.071710 12.029973
2.653538 1.087117 11.511491
2.898637 -1.693132 12.315167
3.198782 -1.704593 11.709026
2.886399 -1.748540 11.900996
1.689919 1.049708 11.791059
3.785126 -1.842014 19.819933
2.194562 1.062920 12.121597
1.969929 -0.982094 14.303426
3.459305 -0.820725 12.772091
2.464689 1.094154 11.678459
3.283460 -1.951924 16.133598
3.632054 -0.711901 13.513874
4.321620 -1.096712 21.412502
2.414857 -1.891114 14.410755
3.166139 -1.457519 18.125196
2.947462 -1.712722 12.025559
2.934533 -1.724479 11.950121
2.063299 1.061567 11.682246
3.325612 -1.632254 12.021239
3.567039 -0.685228 13.372008
3.166306 -1.681532 11.742452
2.062049 1.060159 11.679826
1.688322 1.054571 11.805733
3.685536 -1.791172 14.909552
3.541045 1.019936 13.677973
3.065798 -1.697738 12.155524
3.743481 -0.571603 14.026372
2.984861 -1.651104 13.058501
2.866356 -1.726637 12.079869
3.585685 1.061009 13.790507
2.383146 1.065209 12.219940
2.648241 -1.948027 12.221778
2.648383 -1.941832 12.227960
2.869647 -1.748815 11.810985
3.174855 1.062518 11.976270
2.918236 -1.693994 12.169931
2.641934 1.075253 11.559991
2.381843 1.049046 12.203957
2.749566 -1.778119 12.216133
2.755579 -1.786292 12.233508
3.121358 1.094115 11.609190
1.951996 0.532996 14.001150
1.736218 0.643288 12.618937
2.947057 -1.710489 12.556243
2.733020 -1.939996 12.286242
1.991090 -0.157598 15.344039
2.935893 0.880158 16.089602
3.369243 1.087320 12.644835
4.437176 -0.088571 18.695984
3.487542 -1.585995 18.091709
2.051290 0.268937 14.642029
4.202793 -1.011025 16.671671
2.976800 0.988280 14.332067
2.853146 -0.181529 18.251982
3.076317 -1.726732 11.845527
3.287959 -1.765098 12.050611
2.918436 -1.719064 11.986428
4.170925 -0.986484 16.579454
1.428109 1.014539 12.582682
3.213076 1.057082 11.974659
2.817681 1.036845 11.650602
2.863747 -1.758404 11.979604
2.430005 1.049065 12.285329
3.341498 -1.676234 13.016686
3.497823 -0.816673 13.179770
3.053478 -1.025225 16.800262
2.248009 1.043833 12.286114
2.186887 -2.005578 15.137542
2.853671 -1.964575 12.576535
1.769242 -1.165910 12.715315
2.874636 -1.811858 12.411227
3.300344 -1.683825 13.048732
4.241519 -1.820307 17.695028
3.367647 -1.085916 18.558733
3.108913 -1.692438 12.409933
2.893210 -1.700286 12.417840
2.524232 -2.228367 15.487507
4.223583 0.467708 18.429945
4.324489 -1.069372 17.490040
2.959648 -1.675540 12.381941
4.319770 -1.131057 19.107462
3.032370 -1.698972 12.253048
2.274574 1.083433 12.453528
3.041861 -1.691954 12.201889
1.937640 -1.340255 15.014756
2.267290 1.061568 12.379646
3.631150 -1.754140 14.425578
2.774080 -1.827160 12.310009
2.266551 1.062572 12.377883
2.548723 -1.933063 15.927361
2.921623 -1.726282 12.409986
2.929407 -1.714274 12.181624
3.194836 1.047719 12.153634
1.914491 0.806821 13.543615
3.775301 -2.126823 16.714476
3.267236 1.049334 12.464321
2.036023 0.482240 14.488369
3.754540 -1.738956 14.335142
2.980179 -1.743319 13.042735
3.777200 -1.765843 15.086553
4.218111 -1.240138 17.944366
3.022257 0.958854 14.457380
3.297020 0.999689 12.581642
4.011147 -0.480783 16.526617
2.491713 1.019604 13.389021
3.081954 1.023499 13.258216
2.136395 0.156675 14.820429
3.174517 1.071454 11.957564
2.964185 -1.897080 16.520391
3.000916 -1.688075 12.850397
3.251375 -1.678390 14.413369
3.556370 0.652157 17.777414
2.931190 -1.771214 12.419687
2.089900 -1.286993 14.240216
1.719132 0.764059 12.757587
3.261781 1.060007 12.231198
3.287301 1.031968 12.441118
3.157782 -1.728465 12.028532
3.069862 -1.706233 12.308996
2.817004 -1.925467 12.489485
3.482642 -0.527131 13.270377
2.941077 -1.031417 18.008711
4.222219 -1.384860 17.300320
3.819668 -1.654159 14.251826
3.126650 1.037461 13.398517
2.835704 1.027496 13.388407
2.443743 -1.515170 15.975609
4.184268 -1.373903 17.191971
3.190619 1.081876 11.917490
4.045326 -0.794279 20.903786
3.455342 -1.551452 17.803083
3.022684 -1.849208 12.459040
3.079605 -1.740466 12.560078
3.578593 -1.717659 13.952941
3.057606 -1.733808 12.463272
4.152377 -1.412164 15.772121
1.836299 -0.134146 13.072532
1.269071 -1.841444 12.941001
2.293997 1.038608 12.476505
3.267920 0.994331 12.409296
3.324616 -1.691690 12.517730
3.069013 -1.694668 13.084888
2.649488 1.058834 12.413918
3.232755 -1.726541 12.356219
3.398770 -0.368070 12.661006
1.736222 0.712344 12.604847
1.064516 0.983261 12.661501
1.055310 0.995010 12.683409
3.076328 -1.709320 12.724813
2.506266 -1.511464 15.985513
3.067950 -1.702507 12.696418
3.473011 -0.089498 13.099190
2.399812 -1.527486 14.378263
2.482203 -1.738398 15.191937
3.955959 0.074734 14.826014
2.766031 -1.630638 15.255517
3.565074 -1.696948 14.519125
1.333936 -1.818647 12.855742
3.148265 1.055229 12.842381
3.289748 1.051975 12.549240
3.558399 -0.332841 13.583047
3.138276 1.043262 12.816107
3.233313 0.993892 12.419906
3.200310 -1.722708 12.566302
3.112866 1.059503 12.745384
3.352615 -1.699474 12.637582
3.105820 1.052348 12.728438
3.707437 0.960942 14.736987
3.212949 1.072575 12.149013
3.995079 0.832870 16.177572
3.632471 -1.770349 14.051807
2.255762 -0.077918 16.057419
3.116797 -1.754547 13.310806
1.751234 1.026638 12.720503
3.136279 -1.692821 12.747919
3.444113 -1.759433 13.805627
1.140679 1.031226 12.713043
3.560267 -1.731344 13.746306
3.155013 -1.744863 12.656677
0.993099 1.019230 12.711587
2.723879 1.054805 12.540264
3.242868 -1.679442 12.643222
3.128462 -1.723856 13.375978
2.724915 1.053816 12.540243
2.359180 1.051722 12.657454
3.799618 -0.186926 20.874403
2.725614 1.061980 12.563454
1.511951 1.032926 12.561340
1.701936 -1.970450 13.083157
3.447287 -0.245662 13.134096
3.442939 -1.718073 13.096245
2.725962 -0.701343 17.870155
4.144038 -1.823387 17.173573
1.892871 0.193426 14.213655
3.143625 1.050987 12.830642
3.179950 1.019260 13.552392
2.641906 -1.702031 17.229780
2.499322 -1.833899 15.508118
1.226759 -0.179728 12.759300
3.401812 -0.766045 12.648273
2.156318 -2.086647 15.295485
3.111032 1.061710 12.742408
3.439181 -0.045870 12.999182
1.789101 1.009508 12.950403
4.021949 0.859475 16.281179
3.408311 -1.730413 13.966327
3.112472 1.061684 12.743793
3.400018 -0.803291 12.638602
3.298285 1.037422 12.727458
3.451763 -0.257534 12.975582
3.780534 -1.009693 17.937586
1.567819 1.029952 12.644620
3.862820 -0.019525 14.673456
3.784673 0.945822 14.529625
3.745459 0.984755 14.769442
3.217201 1.058796 12.305096
3.449337 -1.643242 15.698865
1.953428 -1.260900 13.537925
4.047778 0.787900 16.561249
4.356350 -0.110310 18.483027
3.711563 -1.407976 13.843914
3.611534 0.684820 13.920568
2.283467 1.047065 12.515706
2.749863 1.005459 13.728894
1.897481 0.986096 13.524813
1.715121 0.744271 12.694724
2.285247 1.010114 13.774905
2.582808 -1.510671 16.118986
2.991817 -1.590473 14.061699
2.946689 -1.669333 14.358801
2.776650 1.047591 13.068413
1.915303 0.818976 13.528693
1.991627 -0.159602 15.021752
3.410347 0.977415 13.187321
3.105943 1.076320 12.257217
2.775860 1.033768 13.043319
1.905844 0.859702 13.646876
3.052715 -1.827448 12.917825
1.707394 0.762589 12.733302
3.420576 -0.810009 12.700973
3.417890 0.913827 13.353163
3.514420 -0.822658 13.237343
2.448176 -2.000412 14.744637
4.068254 0.869073 16.429317
3.717279 -1.744832 15.066641
3.033961 -1.936201 18.734972
2.620299 0.977969 15.426003
3.308242 -1.221285 20.284395
1.930464 -1.258569 13.415965
2.047147 0.246184 14.336629
3.172988 -1.783164 12.871552
3.312234 -1.697516 13.066548
3.444526 -0.249823 12.987744
1.828299 0.994789 13.154751
3.576197 -1.814324 16.141582
2.842556 -1.828288 13.516210
2.757638 -0.090822 17.947744
1.852322 -0.190457 13.209103
1.827338 -0.122549 13.145840
3.227319 -1.712465 13.101334
4.101700 -0.865725 18.125029
2.614592 0.934695 15.218446
3.442406 -0.267540 12.939173
4.493306 -1.103504 20.178267
4.197936 0.001551 17.317526
3.550570 0.865764 16.845894
2.906717 -1.532388 14.379432
3.018570 1.013320 13.991772
2.206231 -0.072734 15.579698
4.237494 -0.682697 17.306948
3.035138 -1.762967 12.878548
3.157109 -1.735247 12.875399
3.116971 -1.757510 12.959331
1.856130 -0.205532 13.163009
3.184893 -1.743505 13.863922
1.960414 -1.216974 13.357681
2.195847 0.822181 15.393397
3.372674 1.028300 12.829242
1.956532 -1.216227 13.358320
2.780583 1.047649 13.067350
2.726496 -0.132734 17.935898
4.321937 -0.064244 17.755325
1.959496 -1.207883 13.357712
3.223569 -1.466714 14.745296
3.412116 -1.687844 13.061850
3.401646 -1.696518 13.065698
3.143034 1.050566 12.827310
3.358157 1.039601 12.724865
1.718804 0.679834 12.686844
2.020957 0.849786 14.323521
3.415168 -0.362848 12.674434
3.407984 1.034995 13.014876
3.149240 0.992255 14.861748
1.945303 -0.896121 13.661837
3.507750 0.337701 21.286428
1.923839 -0.937228 13.268373
4.083089 -0.042123 21.175901
3.440617 -0.164501 13.076386
3.773206 0.668029 18.460863
2.916052 -0.068228 19.015219
4.128881 -1.210871 17.350441
2.802641 0.951878 14.959685
3.439026 -1.711546 13.089457
3.173777 -1.721632 13.159726
3.319170 1.046935 12.612390
2.695889 0.892767 15.852151
2.723988 -1.939038 14.536332
2.449286 -2.154601 14.041179
2.410252 0.821988 16.398640
3.160661 0.977699 14.866170
1.920099 0.518086 13.784833
2.512217 1.039115 12.857685
2.785069 1.040738 12.826546
2.881757 -1.697083 13.208308
3.600167 -1.662471 14.786537
3.009378 1.024665 14.077876
3.161710 -1.744572 12.886843
3.120456 -1.759181 12.918952
3.147007 -1.741422 13.158777
3.579850 -1.966596 17.414921
3.107936 1.050085 12.716251
2.703915 1.041867 12.739511
2.139790 -1.913971 14.749402
2.173479 0.922471 15.403514
2.039437 -1.340735 15.248480
3.423837 -1.697034 13.048321
2.434608 -1.927246 14.540236
2.764055 -1.618657 15.234456
1.903450 -0.122836 15.035533
2.154546 0.232551 15.105818
2.132528 0.184868 14.950459
3.141118 -1.719015 13.646137
2.424671 1.038099 12.879438
2.431176 1.044911 12.877072
3.434250 0.838059 16.569862
4.187591 0.930849 16.896313
3.323387 0.925804 15.852660
3.401364 -1.764416 13.529138
2.147865 0.952391 13.884252
1.926007 0.291896 13.935004
3.350155 -1.682017 13.021874
3.283847 -1.722876 13.115182
3.313960 1.058969 12.773862
1.948810 -1.771022 13.663995
3.014868 -1.808705 13.156333
2.311708 -2.061656 14.263200
2.806523 1.045351 12.863384
3.277289 -1.716810 13.101985
3.626124 -1.655591 18.926748
2.775375 1.039157 13.049765
3.470517 -1.623778 13.005719
1.911961 0.580529 13.550863
1.978302 0.968570 13.952601
3.477006 -1.642100 13.029293
3.415413 0.989871 12.851019
1.848555 -0.203418 13.174450
2.631191 0.950027 15.348071
2.425205 -1.987229 14.683033
3.145655 -1.463488 14.421322
3.096913 -1.544185 14.338526
3.027293 1.010144 14.035073
3.804801 0.752447 14.582659
2.463342 -1.582363 16.492737
4.005482 0.846594 16.227587
4.197039 0.861962 17.079538
2.798112 1.039321 12.840383
4.496408 -1.419381 21.262152
3.827245 0.790216 14.627087
3.416414 1.050350 13.014609
2.090388 0.124366 14.819002
2.818094 1.062665 12.892816
2.913212 -0.022833 18.854530
3.329548 -1.726657 13.122561
3.157791 -1.766839 13.215195
1.835018 -0.198139 13.238615
3.467178 -0.238761 13.000468
3.476447 -1.787600 14.246716
3.186461 0.994610 15.000375
3.545323 0.815133 13.668200
3.909594 0.720767 15.922563
3.473830 -1.723086 20.258661
4.468690 -1.674404 19.939274
3.754137 1.445698 18.226768
2.679042 1.031144 14.161419
3.081394 -1.850143 13.480524
3.238484 -1.737953 13.485185
3.997056 0.720994 16.168577
4.060105 0.756374 16.393127
2.178851 0.922086 15.401967
3.419380 -0.811985 12.649814
2.893483 -0.027399 18.623451
1.957269 -1.240559 13.415564
4.218646 0.885393 16.998940
3.181653 -1.787137 13.432052
3.445309 -1.733307 13.133871
3.410521 1.036937 13.026217
2.671174 1.030069 14.165748
4.600934 -0.826432 21.850779
1.946393 0.610751 13.982441
3.032587 1.039664 14.129711
4.577775 -0.166896 22.653933
1.955228 -1.228093 13.431685
3.453295 -0.794197 12.754327
3.436074 -1.725700 13.117681
3.858697 0.792801 14.726452
3.430856 -0.817242 12.683112
2.417170 0.559530 16.389797
3.407214 -0.805325 12.651074
1.951352 0.187285 14.564134
2.049770 0.241404 14.485760
3.424641 -0.811318 12.673021
3.431516 -0.817440 12.699728
3.116408 -1.721434 13.442638
3.311591 -1.695512 13.055369
1.979753 -1.285243 13.690846
1.921018 -1.328397 14.932959
3.470278 1.007448 13.389133
3.472625 -0.035440 13.156054
2.426409 -1.985839 13.766202
1.928359 0.496883 13.744899
3.860044 -1.700080 14.512118
2.468505 -1.684399 16.952181
3.548417 -0.545335 13.543213
2.915147 -1.664012 14.861168
3.242302 -1.695606 13.894916
3.430559 -1.732285 14.556101
2.761349 1.036771 12.971828
3.415237 -0.810371 12.656419
3.494647 -0.392682 13.114418
3.094018 -1.723975 13.287513
3.491897 -0.391935 13.113955
3.541427 -0.511570 13.490030
2.217597 -0.088635 15.716303
3.400008 1.016478 12.999552
1.821720 -0.131996 15.203264
3.013442 -1.732041 13.248077
3.817504 -1.481938 14.435326
2.279922 -2.126096 14.213728
1.980716 0.966231 13.852979
3.152140 -1.750022 13.620222
3.262777 1.025932 13.494421
3.625701 -1.729658 13.630856
2.287050 -1.912049 13.871470
3.463705 -1.780407 14.427414
2.742205 0.841064 18.149664
2.160009 0.419555 15.186107
2.426934 0.582472 16.553232
2.440368 -1.815584 15.313910
3.675075 0.612600 19.427591
3.198231 -1.672003 13.039396
4.185312 -0.675557 17.115789
2.854903 -2.016765 14.733760
1.952253 0.222240 13.974121
2.795869 -2.008105 14.694190
3.430975 -1.654326 15.680926
1.934667 -1.049366 13.561357
1.891819 0.922463 13.636909
3.256574 1.022311 13.422531
3.141627 -1.734772 13.136694
1.897787 0.992810 13.554983
3.577999 -1.713263 13.579751
3.416009 -1.721657 13.436815
3.290134 -1.741455 13.186316
3.453129 1.013343 13.316053
2.273448 1.009528 13.768494
1.949859 -1.237723 13.464504
3.598205 0.835215 13.868087
4.369401 -0.838567 22.293739
2.304636 -2.037744 14.748462
3.600566 -0.335591 13.684349
2.776849 1.031096 13.083053
3.460403 -0.158648 13.118152
3.317782 -1.704137 13.074404
3.330558 -1.726869 13.104555
3.399827 -1.667151 12.999013
3.422193 1.000760 13.146263
3.483147 -0.607994 13.092631
2.511184 1.030272 13.133167
3.242425 -1.667260 13.013278
3.429123 -0.813847 12.693426
3.440748 -0.813016 12.782514
1.894675 -0.122596 14.954275
1.886851 0.966354 13.383642
3.444137 -1.512168 14.497440
3.164206 -1.735668 13.769546
2.138147 0.986974 13.954585
3.113246 -1.577751 14.507298
2.728706 1.028011 14.332071
3.583174 0.881505 17.213116
1.958176 0.161549 14.282641
2.718961 1.008896 14.301064
2.030247 0.473788 14.422516
3.381188 -1.701499 13.219404
4.029938 -1.042368 19.233471
4.417540 1.693799 21.508411
2.782019 -2.168398 15.093648
2.721470 1.011519 14.303000
3.480687 -1.738013 13.734075
1.967957 0.975600 13.952669
3.533649 1.027524 13.666431
1.912589 0.640731 13.739925
3.551376 0.831454 13.673532
3.648640 -0.977106 13.817678
3.536466 -0.433326 13.447073
1.940567 0.361257 13.895245
3.176537 -1.743454 13.536568
2.176087 -0.040310 15.368537
4.009669 -0.055093 16.192091
3.378226 0.915734 16.012926
2.886805 0.952466 15.219778
3.543216 -0.511282 13.499524
3.535995 -0.836226 13.258424
1.924581 0.226816 13.789469
1.944289 0.227139 13.955059
1.911278 0.532456 13.821817
1.874033 0.955450 13.739618
3.440755 -0.035716 13.017952
3.651049 -1.778435 14.164468
2.282151 1.003042 13.756513
1.918262 0.595800 13.690575
1.953671 0.598391 13.954570
3.544734 -0.543734 13.410629
3.189806 -1.790604 13.446171
3.453413 -0.147767 13.084915
3.562651 -0.841117 13.331604
3.538895 -0.834901 13.272953
3.513098 -0.821354 13.197424
3.674825 -1.396584 13.856603
4.352212 -1.765779 17.317238
3.409720 -0.808092 12.653624
2.068870 -1.730441 14.168092
3.456245 -0.456135 12.837203
2.894550 0.966960 15.339581
4.500516 -1.690519 20.057003
2.694587 0.951965 15.605123
4.171226 0.553136 20.492640
2.735169 -0.565024 18.091877
4.220376 -1.657830 18.999800
3.838639 -1.129361 14.889070
2.932302 -0.638468 18.920572
3.105389 -2.110612 14.311591
2.062497 -0.017140 14.803360
3.892736 -1.163748 15.044408
1.856194 -0.117672 15.573505
1.900958 -0.129464 15.064278
1.883874 -0.119883 15.579152
3.262004 -1.494516 14.814291
2.055504 0.355347 14.603926
2.031129 0.256421 14.269941
2.088933 -1.938149 14.307122
3.596923 0.832108 13.848122
2.124408 -1.944952 14.278389
4.143948 -1.028645 16.495583
3.685531 -0.933229 13.924925
3.672488 -1.390633 13.822895
1.935445 0.225463 13.968678
1.971025 0.960993 13.915299
1.979017 0.864304 14.138022
3.103667 -2.106904 14.306169
2.996346 -1.913034 18.538513
3.997482 0.831870 16.200493
3.240689 -1.902835 17.672737
2.089221 -1.281677 14.260642
2.119514 -1.975895 14.334488
3.189794 -1.778334 13.849067
3.499119 -1.765719 13.715627
1.963613 0.577523 13.915031
3.487272 -1.754096 13.694325
2.090242 -1.782488 14.308452
3.389534 -1.979600 14.356943
2.034079 0.601984 14.511776
2.852926 0.788588 18.626942
3.335527 -1.598675 15.098269
2.157275 0.234101 15.163376
2.416815 -1.804061 15.237122
3.150805 -2.235572 14.526819
2.786366 -1.639164 15.326900
3.613810 -1.761374 13.944916
2.196391 -1.436419 15.519951
2.040042 0.477247 14.466567
2.083624 -1.911344 14.247569
3.205767 -2.026346 14.119226
2.029497 0.543567 14.378120
3.299055 -1.734187 14.161651
3.305253 -1.913702 14.354414
3.241919 -1.752927 14.215562
3.685599 -1.539804 13.874730
4.005136 0.830954 16.187992
3.599674 -1.692644 13.585215
2.711326 -0.220350 17.742836
2.401050 0.814620 16.343275
2.466338 -1.581492 16.610168
1.677954 -0.139423 15.415962
3.480280 -1.148489 18.867222
2.470980 -1.869154 16.318737
3.971692 -1.617530 17.086012
3.128093 -2.159385 14.386851
3.738009 -1.831832 16.407907
2.433627 -1.997071 14.722729
2.046316 0.955909 14.444324
2.479758 -1.855469 16.272223
3.700509 0.000238 14.014754
1.956879 -0.002476 14.212665
3.666684 -1.518932 13.810580
2.011146 0.620598 14.475554
2.039650 0.478304 14.475865
3.622405 -1.755258 14.018579
3.441664 -1.729341 14.219585
3.716301 1.019124 14.326138
2.310751 -2.170141 14.392386
2.034548 1.012880 14.591614
2.019284 0.300278 14.411272
3.277441 -1.802677 13.939430
3.752588 0.016905 14.137003
1.975364 0.885415 14.300241
3.738989 -0.927200 14.022830
1.820215 -1.278874 14.320015
3.736453 -1.582605 14.230700
3.792428 -0.966299 14.155905
3.798718 0.079369 14.252390
1.977801 0.135799 14.269951
3.568544 0.849071 13.724847
2.909586 -1.549144 14.406732
1.953505 0.600525 13.994954
2.420983 0.539695 16.501474
3.549310 -0.512990 13.516366
3.907328 -1.217935 15.066008
1.813978 -1.293708 14.377538
2.037929 0.593498 14.483212
2.054924 0.920813 14.361621
3.450757 -1.691110 14.053067
3.446743 -1.791003 13.773241
3.282488 -1.855744 14.287858
1.951698 0.200273 13.906584
2.465493 -1.513232 16.389042
3.548248 -1.909442 17.254377
4.786607 0.259194 17.059847
3.593535 0.639933 13.814249
3.486700 -0.237794 13.197202
2.031800 0.607089 14.532434
3.486842 -1.759629 14.118956
2.666236 0.973209 14.447898
3.694714 0.738120 14.046274
3.484333 -1.754487 14.106813
3.496484 -0.477071 13.120625
3.489948 -1.761651 14.118940
3.445978 -0.123733 13.072251
3.529711 -0.794702 13.268213
3.679594 0.726654 14.011169
3.443577 -0.137715 13.091827
3.559110 0.605788 13.752865
3.250909 -1.708040 13.915209
4.543712 0.763813 19.091904
3.978655 -0.858834 15.972895
3.664379 -1.765698 14.642619
1.684937 -1.328353 15.438789
2.746667 -1.967208 14.629913
1.685075 -1.333463 15.438647
3.750405 -1.835728 15.917992
2.941109 1.788459 18.948706
3.347451 -1.174797 20.097281
3.712285 -0.011315 14.305883
2.863956 0.488334 18.382700
3.716535 1.019232 14.330139
3.096540 -1.972297 14.589936
3.543398 -0.548674 13.401712
3.837601 -1.544512 14.478508
3.847600 -1.678554 14.473509
3.528760 -0.791108 13.264024
3.058201 -1.477320 14.376000
3.450527 -1.729584 14.535042
2.663959 0.986175 14.479998
3.510028 -0.540132 13.341960
2.125469 -1.834614 14.469756
3.830941 -1.528332 14.462265
3.511509 -0.480316 13.253720
3.060640 -1.480536 14.384020
3.712012 -1.780147 14.548857
3.453726 -1.737568 14.550339
3.086157 -1.925364 14.502436
3.665731 -1.719931 14.469043
3.273902 -1.706855 14.418336
2.066704 0.336451 14.532920
3.480801 -0.086638 13.163073
4.329026 -0.951162 17.077427
1.964319 -1.297841 14.853569
3.723228 0.962319 14.826628
2.226141 0.931718 15.393677
4.301107 -0.960452 17.013596
2.098700 0.106618 14.776779
3.056156 -1.069503 18.979889
3.818574 -1.314040 20.536709
3.913163 -1.391193 14.667450
3.864382 0.794326 14.736712
3.801365 0.791656 14.435772
2.129826 0.268322 14.994327
3.108148 -1.550058 14.376766
3.825027 0.019861 14.614008
2.127421 0.201768 15.006869
3.008214 -1.544279 14.382414
2.918062 -1.585674 14.479486
3.728863 -1.796450 14.676910
3.051023 -1.429849 14.317477
3.233608 0.977059 14.907395
2.999063 -1.874042 14.761246
3.226872 0.966963 14.877816
2.863607 -1.558760 14.536329
3.614834 -1.743482 15.633722
2.403450 0.829579 16.415989
5.125428 0.746476 22.110516
3.491852 -1.864076 15.841058
3.759110 0.991071 14.929996
2.872525 -1.432184 14.554456
2.057239 0.347721 14.610138
3.757818 0.990173 14.926262
2.910529 -1.547818 14.447556
2.168114 0.161420 15.211183
2.922937 -1.388902 14.403981
2.161443 0.247126 15.253885
3.391482 -1.901529 14.762562
3.570076 -0.329608 13.600297
3.074687 -1.439957 14.448065
2.065082 0.238625 14.600472
3.384958 -1.879080 14.754519
3.750475 0.025114 14.060263
3.712805 0.944309 14.794451
3.650946 -1.630828 14.768838
3.697430 -1.750659 15.053564
2.441246 0.917277 16.391090
2.255568 -1.328540 15.364947
2.726089 -0.221503 17.882315
3.225199 0.871462 17.042217
3.561835 0.892984 16.899048
3.059437 0.932640 16.119452
4.518072 -0.090372 19.003206
3.558472 0.893190 16.895741
2.951161 -1.866357 18.208216
3.291785 1.620100 18.291313
2.821196 0.921112 16.167212
2.774055 -1.659798 15.341928
3.350389 0.966005 15.192438
3.843773 -1.103130 14.888105
2.776330 -1.421683 18.376287
3.754077 1.002922 14.869031
3.870480 -1.588866 14.762858
3.860474 -1.110637 14.949914
3.642339 -1.735245 14.758657
3.566786 -1.607812 14.609690
2.171969 -0.041300 15.394665
3.698655 0.014604 13.960722
1.792518 -0.123519 15.420236
3.212155 -1.548960 14.537144
4.023495 -1.661739 17.247532
4.238904 -1.802352 17.643545
3.849145 -1.558738 14.235589
3.792186 -1.660582 14.220093
2.384580 -1.803391 15.062898
2.896124 -1.896764 14.828186
3.072693 -1.438819 14.449889
2.153716 0.425871 15.207133
3.813624 -1.085812 14.813383
3.330904 -1.609733 15.140094
2.845957 0.947802 16.275002
4.520401 -0.074416 19.074474
3.440449 -2.051148 18.034695
4.163631 -0.960177 16.533405
2.864474 -1.648657 15.818435
2.937293 -1.831891 18.019756
3.758533 -1.833478 15.917394
4.442485 -1.477371 18.420040
4.270020 -1.342101 16.840952
4.008469 -1.347159 15.961917
2.858533 0.946391 16.336441
3.697940 -1.752955 14.510732
3.744104 0.019206 14.100391
3.859378 -0.018532 14.644749
3.814751 -1.513815 14.173409
2.072956 0.335102 14.573256
2.061210 0.188618 14.574882
2.197891 0.141645 15.399320
2.124364 0.635845 14.947892
3.521327 -1.552306 14.508072
3.981600 0.816587 16.122442
2.785697 -2.124637 16.481859
4.312708 -0.011673 17.685066
4.706333 0.685963 20.138191
4.146724 -1.813392 17.092749
3.706950 -1.808936 15.520925
2.907623 -0.103033 18.667080
4.978653 -1.283800 20.981493
4.450970 -1.798205 17.390408
4.968302 0.695431 21.417406
3.809586 0.739657 14.625194
2.165868 0.238930 15.211536
2.447716 -1.852213 16.491192
2.450005 -1.818671 16.399801
2.874129 0.823189 18.879391
3.606474 -1.983405 17.541964
3.721120 -1.810523 16.359621
3.353359 0.968576 15.199368
2.114255 0.652505 14.983943
3.756598 1.008320 14.808758
3.799854 0.853819 15.153439
2.113919 0.215688 15.033263
2.116622 0.434510 15.051111
3.112462 -1.555501 14.385341
2.155365 0.363515 15.205989
3.065568 -1.430823 14.428307
2.136010 0.505646 15.157778
3.851605 -0.008215 14.724777
2.115556 0.437634 15.048820
3.657945 -1.723584 14.697477
3.348778 -1.648612 15.201130
3.566731 -1.707467 18.788013
3.571762 0.436564 21.640842
2.410584 0.888988 16.263783
3.878457 -0.161865 14.702647
2.119014 0.650334 14.973655
2.872117 -1.434166 14.557052
3.870106 -1.534903 14.437391
3.756636 0.985446 14.927872
3.800908 0.097830 14.383998
3.877325 -1.588154 14.555251
3.745802 -1.801476 14.684810
2.127933 0.288715 14.966069
3.066755 -1.482060 14.428018
3.060559 -1.488063 14.396112
2.907226 -1.553773 14.407438
2.873196 -1.647170 14.685450
3.819870 0.116098 14.424175
3.778038 0.025428 14.220504
3.334604 -1.556563 14.694812
3.842998 0.023606 14.542466
3.202093 -1.445589 14.525383
2.865365 -1.517703 14.525444
2.931076 -1.417770 14.454832
2.859337 -1.494928 14.475257
3.077347 -1.466702 14.428509
2.722131 -1.832156 17.803940
4.475198 0.919009 18.433449
4.466246 -1.422495 18.543283
2.435508 -1.631366 14.793617
4.443603 0.024369 18.150972
2.381262 0.974341 16.494852
2.892660 0.995236 16.551048
4.282183 -1.346544 16.870895
3.937790 -1.860134 18.542442
2.858655 0.381395 17.757729
2.713674 -0.213596 17.732204
4.254007 -0.929728 16.815849
3.576835 1.159944 16.849125
3.156936 0.979706 16.565266
4.249795 -0.901098 16.818626
3.800405 -1.779553 15.398947
2.233549 0.836482 15.432367
3.855042 0.028294 14.551374
3.196896 -1.547838 14.458970
4.152520 -1.248251 17.331970
2.500763 -2.144130 16.007511
2.190002 0.828504 15.406814
4.130325 -1.226645 16.381413
2.960402 0.965962 15.343554
3.852904 0.027685 14.546466
3.194888 -1.447187 14.507014
3.365070 -1.566255 14.571931
3.060777 -1.460914 14.389450
3.791945 0.031582 14.245772
4.602507 -1.257778 19.075653
3.623768 -1.792597 15.453657
2.446456 -1.601936 14.741219
3.524180 2.365855 20.528778
3.695572 0.959647 17.716805
3.662187 -1.466896 20.667982
2.945051 -0.632760 18.984150
2.453577 -1.955271 16.563965
2.775027 -1.424025 18.408466
2.930908 -0.632060 18.889193
3.897734 0.112995 22.590816
3.280955 0.503918 22.938843
4.310291 -0.652481 17.560614
2.907551 -1.300776 17.848831
4.559821 -0.081769 19.173594
3.856192 -2.013068 16.914146
2.864395 -1.627027 15.756584
4.112138 -1.293822 17.262270
2.775113 -1.564848 18.022840
2.904840 -1.514825 14.385273
3.825753 -1.799806 15.481456
2.762199 -1.780976 15.585264
3.792394 -1.866066 15.492180
3.843820 0.927930 15.513747
3.330295 0.980198 15.337775
3.792598 -1.765827 17.120184
4.302812 -1.482673 18.027411
4.475690 -1.136001 21.272676
4.018672 0.851886 16.217850
2.712999 0.790438 18.107916
3.145187 -1.167560 20.216188
2.178066 -0.044260 15.371565
3.682094 0.928096 17.460518
2.875553 0.782112 18.682940
2.944034 -1.249712 18.799332
4.097354 -1.613896 18.352329
5.289562 -1.228206 22.166922
2.907690 -1.698309 17.446222
2.924452 -1.244512 18.664299
3.780041 -1.799721 17.102863
3.815268 0.978375 18.431223
2.382153 0.631442 17.147589
3.781205 -1.865894 17.059576
4.543105 -1.699139 20.106853
3.835812 0.895228 15.507161
2.860368 -1.603619 15.713668
3.886823 -1.803510 15.728142
2.316909 0.924910 15.720017
3.319306 0.961784 15.357956
3.748786 -1.806528 15.474658
3.812818 0.974205 15.262340
2.622575 0.931837 15.245967
2.407954 0.961958 15.293827
3.822260 -1.561617 14.752382
3.865030 -1.627214 14.563850
2.151497 0.290804 15.275835
3.819032 0.025301 14.384556
3.554059 -1.822113 15.361497
2.327530 0.884814 15.932009
3.662956 0.909302 17.432774
3.645345 0.910517 17.350845
3.358085 0.983766 15.223026
2.186833 0.835372 15.423398
3.711715 -1.812692 15.524127
2.337956 -2.022581 15.460605
3.713067 -1.795325 15.252701
3.650484 -1.801322 15.133011
2.150500 0.306703 15.304054
3.688409 -1.797487 15.182019
3.862525 0.953032 15.535896
2.272364 -1.307917 15.342025
3.907082 -1.451599 14.657477
3.841702 -0.961401 14.875010
2.393210 0.819351 16.384850
3.816059 0.786712 14.520511
2.409069 0.956993 15.276844
3.834442 0.882326 15.263887
3.956165 -1.825414 16.247145
3.995206 0.990700 16.170073
2.328717 0.909193 15.874084
3.954747 -1.815665 16.234377
3.144679 -2.175287 19.913349
3.217141 -1.646928 15.282011
2.147865 0.262692 15.326128
2.937745 -1.646344 15.316195
3.375717 -1.583856 19.462982
3.960063 -1.807429 16.301516
4.190033 -1.145100 17.099899
4.589895 0.534691 19.920847
4.370694 -1.448051 20.335543
2.104996 0.703408 15.369052
4.159008 -1.834569 17.147308
2.122805 0.658310 15.316053
3.862436 -0.005360 14.741961
2.320608 0.912914 15.690780
2.280965 -1.836566 15.588250
3.898047 0.935474 15.476711
2.262503 -1.321378 15.343460
3.818702 -1.836875 15.410613
2.268304 0.938666 15.491257
3.967855 -1.608127 18.844118
3.500441 -1.943932 15.395873
2.939357 -1.668071 15.362576
3.828750 -1.446927 14.779510
2.451433 -1.446337 16.426437
3.867100 -1.812215 15.644838
3.847345 -1.813151 15.549661
3.207442 -1.618528 15.219256
2.281671 0.836995 15.759202
2.407428 0.951598 15.270649
3.855102 -1.569768 14.724627
3.424764 -1.954048 15.414630
3.878527 -1.792857 15.566609
2.312181 0.932133 15.732245
3.536051 -1.801879 15.767967
3.812378 -0.924249 14.808297
2.256162 -1.326867 15.357077
3.499999 -1.814859 15.607515
3.788519 -1.824071 16.383024
3.808402 -0.993260 14.798472
3.838052 -1.539790 14.793470
3.744157 -1.842548 15.362075
3.815396 -1.001945 14.820897
3.912225 -1.247471 15.717264
3.871452 -1.464158 14.756420
3.282333 -1.579727 15.615853
3.457356 0.826305 18.192524
3.867841 -0.015353 14.661254
2.173945 0.233384 15.208388
3.453010 -1.861857 15.582851
3.620860 -1.809623 16.342394
4.139878 -1.859453 19.128479
3.899721 0.965144 15.693064
4.004038 -1.720781 15.926234
3.840096 -1.820473 15.509899
4.200449 -1.192920 16.546785
2.494451 -2.159255 16.040300
3.513124 -1.841222 15.650971
3.454477 -1.940709 15.665525
2.496223 -2.158736 16.042009
4.905588 -0.315927 22.020000
3.889323 -1.811439 15.757608
4.302949 -1.259982 16.827366
3.804238 -1.447139 14.724958
3.810377 -0.927144 14.806571
3.809384 -0.923156 14.807692
3.235446 0.957371 15.521365
2.191738 0.825293 15.395004
4.741096 0.529711 20.689669
3.520287 -1.845341 15.659312
3.503990 -1.954538 15.394631
3.281514 -1.594363 15.663575
3.531584 -1.651100 18.493876
2.194506 0.820464 15.388587
3.447743 -1.863600 15.549180
4.393337 -1.119667 18.230495
3.799998 -1.877933 15.235907
3.818896 -0.999515 14.819162
2.768939 -1.487548 18.874908
3.735657 -1.817514 15.528811
3.819601 -1.008601 14.807010
4.908009 -0.911575 20.792759
4.347344 -1.056683 17.580866
4.165787 -1.470425 17.689739
3.435505 -1.650217 15.775728
4.241863 -1.221239 16.660810
3.437802 -1.894346 15.582908
3.669131 -1.830792 15.993831
4.540870 -1.288488 19.292475
2.728472 -0.127084 17.908766
4.264382 -1.698627 20.328447
3.749480 -1.803224 15.868257
4.298388 -1.201441 17.423103
3.866276 -1.832761 15.625159
3.911834 0.955803 15.802160
3.871444 -1.876404 15.475300
2.504599 -2.108874 15.949032
3.523765 -1.728880 15.717055
3.429994 0.970378 15.668080
3.710857 -1.812966 15.529170
3.600844 -1.894264 15.283175
2.448827 0.918891 15.966122
3.365807 -2.031597 15.539025
4.102306 -1.373079 16.213877
3.292814 -1.598777 15.665427
4.414980 -1.372744 18.764065
3.280079 -1.596786 15.675213
3.273405 -1.593142 15.660790
2.314884 0.916509 15.825356
3.913337 0.973796 15.782176
4.239648 -1.391654 17.322144
3.834626 0.858818 15.327115
3.764009 -1.827060 15.407541
2.242678 -0.105582 15.388339
3.816413 0.978380 15.262341
3.983809 -1.620077 17.091551
3.838160 -1.790118 16.152697
3.082720 1.181289 18.449852
4.357188 -1.360335 18.496435
3.553090 0.854196 18.495747
3.531038 0.864633 18.442106
4.767387 -2.025290 20.313242
3.785732 0.967997 15.846955
3.268307 0.943645 16.115307
4.185292 -1.746259 19.674078
3.402620 -1.870631 16.320658
3.794166 -1.792990 15.881093
2.868638 -1.761954 16.087246
3.885995 1.101991 18.383165
3.385070 -1.875092 17.498524
3.258901 0.941224 16.088987
4.030184 -1.497956 22.599560
3.703075 -1.854131 17.056812
4.981568 -1.736429 20.855211
3.243059 -1.593918 15.663285
4.805136 0.476244 21.209427
2.727565 -2.156901 16.200174
4.694755 -0.162594 19.593170
2.335077 0.952361 16.084026
3.832706 -1.850386 17.351103
3.791885 -1.814440 17.125738
2.325223 -1.780543 15.607605
2.325223 -1.780543 15.607605
3.417555 0.965024 15.630574
2.930844 -0.094851 19.038233
4.518203 0.780991 19.189852
3.907675 -1.807087 15.805190
3.874777 0.961733 16.040123
3.437854 0.972801 15.651973
