ply
format ascii 1.0
element vertex 16458
property float x
property float y
property float z
end_header
-9.543446 -1.718251 21.084082
-9.545425 -1.716068 21.082956
-9.732512 -1.690501 20.786215
-8.245072 -1.663481 21.459261
-9.439891 -3.207800 20.465670
-7.970048 -1.661305 21.535625
-9.292456 -1.608303 20.073610
-9.479341 -4.197369 20.268623
-8.842627 -4.158059 20.308992
-8.462942 -4.091869 20.576138
-9.357074 -3.597743 20.316816
-9.435766 -3.427047 20.400597
-9.444198 -1.595102 20.247034
-9.440031 -3.647812 20.391712
-9.351629 -2.422212 20.210703
-8.870188 -4.178402 20.326008
-9.352659 -4.159690 20.260185
-9.138124 -2.366358 19.934862
-9.507180 -4.150830 20.285778
-8.480207 -4.097938 20.583208
-9.325679 -1.614714 20.146597
-8.913754 -2.820288 19.609520
-8.532979 -4.102009 20.576319
-9.129356 -4.387150 20.361643
-8.075422 -4.312794 21.041735
-9.381938 -4.051598 20.226963
-7.877049 -4.318445 21.015511
-9.325535 -1.616415 20.146473
-8.991727 -2.809013 19.723049
-9.627733 -4.469473 20.116657
-9.305408 -1.654751 20.487114
-9.399725 -2.751657 20.302006
-8.964907 -2.453670 19.662369
-7.879640 -4.324903 21.024780
-7.757077 -4.314037 21.234018
-9.826553 -1.896583 20.888594
-9.733419 -4.360100 19.971277
-9.430044 -1.379172 20.044355
-9.541809 -2.405559 20.420300
-9.184518 -4.381444 20.252890
-9.732909 -4.358291 19.971718
-9.007916 -3.245469 19.717688
-8.998419 -3.289855 19.723005
-8.812340 -2.568112 19.455460
-9.015937 -3.255715 19.727917
-8.863960 -1.518542 19.488861
-8.987420 -3.249498 19.708780
-8.741829 -3.211647 19.375746
-8.843518 -2.581765 19.504219
-8.948615 -2.453945 19.648657
-8.937340 -1.539892 19.594336
-9.008486 -1.546866 19.717583
-9.816339 -3.721737 20.451641
-7.934990 -1.646241 21.377241
-8.861959 -2.295099 19.528137
-7.930938 -4.014498 20.008949
-8.002120 -4.031042 19.961296
-8.832920 -4.396728 20.212132
-8.458898 -3.276022 18.992472
-7.863778 -4.301241 20.983053
-9.571320 -3.251897 20.561686
-9.394301 -4.310493 19.952503
-7.889410 -4.109294 21.004467
-8.708684 -3.330504 19.348213
-8.935001 -2.491157 19.632408
-8.389950 -4.216213 20.417038
-8.552762 -2.732457 19.089945
-8.336926 -4.172158 20.412041
-8.734607 -2.812811 19.361013
-8.811892 -2.797724 19.475988
-9.058997 -2.463527 19.802967
-8.666586 -3.329043 19.257416
-7.984585 -1.727760 21.350969
-9.449093 -3.230619 20.443073
-9.410445 -3.501562 20.283125
-8.537746 -2.786568 19.068916
-9.290165 -4.252958 19.662592
-8.576492 -4.493326 20.072437
-9.791814 -3.311347 20.782619
-9.763255 -3.300709 20.741562
-8.157747 -4.152154 20.642820
-8.003045 -4.178957 20.827568
-8.309736 -4.150473 20.371195
-8.074971 -4.484589 21.014143
-8.876047 -3.163186 19.562532
-9.474801 -1.544342 21.000576
-9.906210 -3.859218 20.623589
-8.731462 -4.381250 19.803118
-9.187540 -4.457770 20.862165
-8.726335 -4.375548 19.806515
-9.157890 -2.648843 19.938877
-8.559430 -4.497845 20.140018
-8.943330 -4.230607 19.741577
-8.885482 -2.285734 19.542133
-8.254106 -4.175180 20.469086
-9.061988 -1.561958 19.773849
-8.916548 -3.142463 19.601328
-9.125916 -2.650380 19.912823
-7.943183 -1.695498 21.410236
-8.160069 -4.161335 20.653246
-9.145929 -1.562853 19.864655
-8.224836 -4.168841 20.477383
-8.200200 -4.155364 20.524551
-8.225377 -4.175596 20.478247
-8.897133 -3.137680 19.583767
-8.854834 -2.289246 19.521673
-7.950405 -1.665520 21.258339
-9.369906 -3.180272 20.258375
-8.630677 -2.446278 19.207886
-8.496283 -2.360959 19.015738
-9.008802 -3.312601 19.730816
-9.171614 -1.572389 19.904924
-8.696145 -4.507066 19.933346
-8.890752 -2.447017 19.584635
-8.839166 -2.292141 19.503048
-8.775840 -3.364738 19.367710
-8.789782 -4.240890 19.484812
-8.826037 -4.525548 19.815805
-7.972007 -1.668255 21.518297
-9.073017 -2.856150 19.828949
-8.821370 -2.582305 19.483770
-8.857851 -2.290601 19.522566
-8.834385 -2.801559 19.490818
-8.952785 -1.649603 20.885918
-9.169190 -4.360209 20.235781
-9.593862 -4.195640 20.591433
-8.159015 -4.167604 20.503031
-8.180811 -4.318990 20.709604
-8.722672 -1.638981 20.882633
-7.756746 -4.297134 21.217329
-9.022642 -1.545857 19.701162
-8.096940 -4.134685 20.125301
-8.984657 -1.524906 19.634098
-9.070642 -2.621391 19.822392
-8.821359 -2.581798 19.486889
-8.516977 -3.288184 19.057552
-8.352242 -2.399005 18.849354
-8.498549 -3.025007 19.022022
-8.698598 -3.330648 19.315647
-8.708692 -1.520218 19.701727
-8.364192 -4.294988 19.808981
-8.816683 -1.494439 19.441000
-8.460116 -2.368582 18.993471
-8.383487 -2.464383 18.889532
-8.885522 -3.137286 19.574453
-8.582569 -2.752820 19.155434
-8.182017 -1.494234 19.878225
-8.391970 -4.293278 19.848274
-8.959064 -2.492733 19.659561
-8.505960 -3.023926 19.032398
-8.896116 -3.138426 19.586641
-9.039569 -1.537533 19.736942
-8.181574 -1.492872 19.878698
-8.232744 -3.135801 18.688124
-8.655260 -1.420043 19.187948
-8.379334 -4.314678 19.713940
-9.458954 -4.201121 20.365725
-9.229507 -3.980893 20.266628
-7.950755 -4.100515 20.691145
-8.833517 -4.145698 20.288664
-7.939587 -1.756944 21.227657
-8.670443 -3.084685 19.279459
-8.124808 -4.222378 19.493427
-8.506886 -1.471181 19.530647
-8.420268 -3.265248 18.930208
-8.562967 -3.314155 19.079723
-8.368728 -1.481138 19.683792
-8.367005 -1.478747 19.685289
-8.537421 -2.733475 19.081144
-8.763144 -1.488724 19.363894
-8.643037 -1.505652 19.392078
-8.537539 -2.732997 19.082712
-8.240795 -2.960624 18.697447
-8.591841 -2.507545 19.099739
-8.388915 -1.466167 19.729866
-8.499985 -2.236308 19.043671
-8.490277 -3.277713 19.033747
-8.580619 -4.226721 19.158756
-7.498477 -4.231139 19.766993
-7.569026 -4.223244 19.919273
-7.273448 -4.221236 19.973440
-7.560758 -4.216313 19.923943
-7.988780 -4.345691 20.796446
-7.908998 -4.204733 19.688858
-8.485615 -3.285973 19.016146
-9.461473 -4.013204 19.743414
-9.478022 -3.198377 20.473211
-9.641347 -2.929079 20.634243
-9.191078 -3.424202 19.936728
-7.743023 -4.251518 19.876272
-8.292130 -3.045447 18.745441
-8.294105 -3.052424 18.743429
-9.245172 -1.454063 19.885628
-8.203526 -4.234842 19.537317
-8.427070 -4.266016 19.329256
-8.860467 -4.322524 20.021843
-8.825396 -2.300673 19.493979
-7.881440 -4.216698 19.686987
-8.864590 -2.295964 19.527073
-8.963224 -1.521490 19.609459
-7.929622 -4.006918 20.020460
-7.595995 -4.189901 19.747250
-8.827788 -1.557366 19.488333
-8.712773 -2.385160 19.341450
-8.575638 -4.350867 19.342022
-8.069378 -4.193251 19.475582
-8.326777 -4.246309 19.590441
-9.098897 -4.309108 20.351168
-7.706961 -4.285427 20.915915
-8.602711 -1.656837 21.084455
-8.198739 -2.967287 18.668018
-8.422666 -4.206374 18.922264
-8.228239 -2.194946 18.717318
-8.147616 -3.217932 18.509939
-8.232955 -2.191861 18.718346
-8.561935 -3.326992 19.034645
-7.895140 -4.109839 19.969757
-9.507407 -2.760435 20.373219
-8.478374 -1.659650 21.040329
-8.039884 -3.154731 18.357695
-7.534213 -4.182493 19.629580
-8.162722 -2.466345 18.565582
-8.247189 -4.184180 19.086626
-7.024066 -4.218057 19.995415
-7.745850 -4.191713 19.770859
-8.023180 -2.232811 18.333879
-7.744143 -4.200916 19.788286
-8.112022 -4.234863 19.460669
-8.288062 -4.175979 19.077307
-8.783761 -1.485489 19.361780
-8.415792 -4.251646 19.420738
-7.129096 -4.234604 20.149555
-8.464489 -4.137988 19.054461
-7.577609 -4.195345 19.876524
-7.914316 -4.339499 19.974371
-7.106149 -4.207304 20.210999
-8.513117 -3.307623 19.007982
-7.795107 -4.207469 19.503262
-7.627751 -4.191612 19.624117
-9.364553 -4.297990 19.913868
-7.106483 -4.239443 19.937727
-7.251170 -4.220558 19.936930
-7.111937 -4.220560 20.234392
-6.944100 -4.189483 20.298237
-8.557660 -2.795407 19.117487
-8.470555 -2.231732 19.029844
-7.976533 -4.210118 19.283091
-9.476979 -4.359714 20.022682
-8.894434 -2.494392 19.598078
-7.908692 -4.347474 21.077324
-8.840402 -1.581447 19.512554
-7.207411 -4.150931 19.924780
-9.573570 -3.626323 20.362606
-9.431555 -4.055962 20.198606
-8.994307 -1.712410 19.925970
-8.054653 -3.919122 18.486095
-8.067120 -3.930942 18.497032
-7.357025 -3.865628 18.931253
-7.339687 -4.333279 19.522324
-8.147934 -1.436244 19.426256
-8.162298 -2.403980 18.551708
-8.081945 -2.277446 18.445763
-8.148670 -1.434812 19.425961
-8.190001 -2.193641 18.678555
-8.230694 -3.706773 18.384604
-8.908793 -1.406537 19.450962
-9.818102 -3.761435 20.368607
-9.836384 -4.260266 20.602619
-8.157188 -4.310838 21.143000
-7.956878 -4.112588 20.718878
-8.523343 -1.646359 21.107773
-8.053455 -2.927979 18.366365
-8.080408 -2.235666 18.445581
-8.043212 -2.232660 18.347704
-7.873338 -2.654056 18.093281
-7.921461 -2.362818 18.159229
-7.918423 -2.365441 18.191149
-7.877681 -2.874531 18.106281
-8.118143 -4.130885 20.422373
-9.474159 -2.369406 20.268776
-7.222855 -4.283058 19.780411
-7.768803 -2.847954 17.941933
-7.429805 -4.362688 19.506519
-7.692533 -2.845629 17.817797
-9.149530 -2.371770 19.943604
-7.751021 -2.075951 17.924809
-7.191310 -4.162860 19.951561
-7.839908 -2.153725 18.052277
-7.777665 -2.848293 17.955376
-6.940255 -4.303371 19.877615
-7.169576 -4.209801 19.984390
-7.889874 -2.896253 18.118525
-7.453127 -4.177474 19.696136
-7.951397 -4.284022 20.683310
-7.972289 -4.305536 20.721933
-8.343503 -3.842222 18.287285
-7.332554 -3.920561 18.962299
-7.797593 -4.214325 18.806787
-8.247490 -2.510250 18.726233
-8.161973 -3.444653 18.511099
-8.114745 -3.468734 18.563480
-6.880857 -1.461189 19.660679
-8.021207 -2.243829 18.330105
-8.274759 -3.761729 18.339771
-8.210871 -3.440793 18.485533
-7.981629 -2.367256 18.300951
-8.027318 -2.238619 18.335165
-7.930692 -2.996211 18.211765
-7.679888 -2.849312 17.802916
-6.899364 -1.408121 19.622547
-7.724362 -2.533232 17.852238
-8.009715 -2.240077 18.319843
-7.683688 -2.845011 17.814564
-7.719099 -2.534665 17.850300
-7.754702 -2.092630 17.889977
-7.916603 -2.365655 18.190439
-8.377557 -1.435045 18.642609
-6.889190 -1.330905 19.713680
-8.190608 -2.150533 18.599390
-7.797910 -2.608033 17.963776
-9.375706 -4.134194 19.731949
-9.681939 -1.400391 20.345743
-7.236791 -4.137780 19.688763
-9.331313 -4.110894 19.696545
-9.408861 -2.756159 20.306091
-7.710574 -2.117077 17.818392
-9.214942 -4.333131 19.801363
-8.987163 -4.411047 20.156681
-8.112269 -4.249857 20.999275
-7.928428 -4.009841 20.006506
-8.140771 -1.384902 18.529179
-8.088714 -2.354264 18.429358
-7.861062 -2.048931 17.986324
-8.022262 -2.140230 18.334879
-7.725636 -2.656970 17.871193
-7.756534 -2.099383 17.908535
-8.096954 -1.373142 18.403852
-8.002669 -2.141737 18.319847
-7.743424 -2.450770 17.911015
-7.788978 -2.670654 17.957619
-7.832436 -2.156024 18.046978
-8.120514 -1.370677 18.480188
-7.868365 -1.296105 18.183189
-8.039577 -2.137140 18.351223
-7.711931 -2.588732 17.843552
-7.719174 -2.534420 17.851532
-7.785633 -2.550560 17.959875
-7.838344 -2.565380 18.061399
-9.201764 -2.732246 20.057617
-8.185318 -4.185731 18.997581
-6.980492 -4.189108 20.258587
-8.503799 -2.508834 19.043787
-9.239121 -3.705624 20.172813
-9.661766 -4.185297 20.425339
-9.106977 -4.364112 20.824158
-7.991131 -1.249443 18.174328
-7.779855 -4.143467 18.877516
-9.517497 -2.915562 20.516582
-8.584322 -2.227805 19.123064
-8.505746 -2.230323 19.052622
-6.895466 -4.076062 20.023483
-6.731509 -3.373650 19.483923
-6.740879 -1.336478 19.560518
-8.115724 -3.216829 18.464491
-7.780111 -4.190918 18.851538
-7.621483 -4.231596 18.792219
-8.460889 -1.669159 21.002836
-7.119170 -4.363503 19.353233
-6.911163 -1.365664 19.675644
-8.469790 -2.238724 19.006554
-7.595285 -4.180859 19.735176
-8.471603 -2.695834 19.007387
-8.221395 -1.459039 18.728153
-9.217488 -4.362443 20.496275
-7.765533 -4.306675 21.028330
-9.052712 -3.669442 20.074720
-7.470951 -3.975851 18.998650
-6.727881 -3.343947 19.472729
-8.218410 -1.431234 18.662081
-8.303453 -2.943652 18.758646
-7.320034 -4.271206 19.717909
-7.991452 -1.362248 18.864927
-7.990762 -1.361449 18.865362
-8.143172 -4.145240 20.466423
-8.332664 -3.838680 18.271751
-7.815068 -2.324603 18.007807
-8.296679 -1.922381 18.615093
-8.344793 -3.871433 18.253202
-8.321151 -3.481144 18.372986
-8.130179 -3.876410 18.547636
-8.173220 -3.493709 18.515400
-8.130556 -3.878353 18.546810
-7.900167 -4.078148 18.409805
-7.818948 -4.116259 18.548836
-8.320004 -3.474225 18.375895
-7.672927 -1.260226 18.043337
-7.175997 -4.195496 19.652164
-7.830372 -1.344600 18.912771
-8.160164 -4.129215 20.632313
-8.376353 -3.268761 18.886120
-8.172717 -4.049766 20.140770
-7.768383 -4.136316 18.859032
-7.970738 -4.187745 19.246576
-7.210516 -1.803021 20.512781
-9.280918 -3.659182 20.041634
-7.828987 -4.121978 18.563448
-8.175447 -3.215635 18.625216
-8.113493 -3.504066 18.563873
-8.184588 -3.418355 18.267012
-7.815617 -4.189216 18.686338
-8.295370 -3.793235 18.345242
-8.204384 -1.344125 18.568468
-6.873127 -1.465728 19.450304
-7.654317 -4.239594 18.837858
-8.108557 -2.265327 18.447639
-8.243340 -3.380685 18.321068
-9.299456 -3.185787 20.170948
-6.243317 -1.299764 19.788273
-6.533848 -1.307580 19.481884
-6.504073 -1.304756 19.401033
-9.273993 -1.648215 20.565073
-8.108325 -3.210288 18.457991
-6.459783 -1.335053 19.503637
-7.930975 -2.195020 18.195230
-8.202976 -3.425596 18.269892
-7.901443 -2.084371 18.162487
-7.933370 -3.029317 18.221397
-8.015618 -1.338435 18.263582
-7.786989 -3.059207 18.004263
-8.177670 -3.489395 18.455765
-7.843533 -2.320559 18.039381
-8.145605 -1.350351 18.445009
-7.844680 -2.154666 18.050705
-8.255839 -3.781895 18.682636
-8.189830 -3.498595 18.473684
-7.788905 -1.331450 17.987617
-7.751709 -1.250026 17.982521
-8.149347 -2.403540 18.539181
-6.514150 -1.330257 19.412565
-7.191932 -1.288348 18.486004
-7.940742 -4.116645 18.443693
-7.782062 -2.522028 17.961180
-7.890728 -1.369436 18.138765
-8.156003 -3.261559 18.434967
-7.687630 -1.249441 17.772070
-7.702589 -2.532176 17.835028
-7.860097 -2.898011 18.100454
-8.104955 -3.500504 18.547476
-8.122265 -2.651610 18.507923
-7.770946 -2.666541 17.928133
-7.834235 -3.266578 17.977837
-7.633456 -2.240804 17.737082
-8.193200 -3.511586 18.456852
-9.345165 -4.159839 20.495123
-8.939114 -2.391842 19.778923
-7.403624 -1.805364 20.185007
-7.406538 -4.225698 19.875191
-7.646446 -2.244563 17.747454
-7.672081 -2.124311 17.789518
-7.575397 -1.699302 21.599293
-7.614121 -2.011127 17.720406
-7.542002 -2.869273 17.578068
-8.581388 -4.295794 20.119953
-8.316410 -3.834101 18.296005
-7.858266 -4.147252 21.223251
-8.264532 -3.558381 18.536839
-9.429061 -3.814688 20.156998
-8.003161 -4.130967 20.750946
-6.760514 -4.057233 19.558990
-8.196983 -2.509098 18.687155
-8.268682 -1.486221 18.551167
-9.338479 -4.430083 20.646336
-8.854981 -1.641636 20.423338
-7.454442 -1.334496 18.946663
-7.995506 -3.055737 18.269390
-9.311577 -4.004165 19.931660
-8.826440 -2.303583 19.500099
-8.371095 -4.229401 20.360022
-8.368316 -2.526602 18.856539
-6.539518 -1.315193 19.479004
-7.467050 -1.732457 21.252729
-7.706354 -1.328098 18.698320
-9.323950 -2.962087 20.272837
-8.402588 -1.401464 18.896334
-7.848498 -1.725168 21.155964
-7.323009 -4.197437 18.370245
-7.490074 -4.060006 18.379799
-8.008869 -1.310696 18.252657
-6.882264 -3.976007 18.821461
-9.208832 -3.987677 19.633869
-7.940979 -1.383607 18.213455
-8.051654 -1.734992 21.217230
-8.240609 -3.246577 18.406502
-8.563365 -1.703614 20.648405
-7.429975 -4.047904 18.366596
-7.021089 -4.208632 19.982159
-7.007113 -4.201800 20.263416
-7.309993 -4.277074 21.025944
-7.840766 -1.276106 17.968691
-7.851017 -2.236578 18.089720
-7.836536 -4.052672 20.862091
-8.471041 -1.477850 19.537519
-6.841372 -3.915203 18.722586
-7.244653 -1.260751 18.548988
-7.147703 -3.999318 18.140783
-9.329139 -2.415787 20.202713
-7.372447 -4.024570 17.980145
-7.304488 -4.004001 18.179743
-7.371029 -4.022074 18.108185
-7.738599 -1.287770 17.901966
-7.916837 -1.331846 18.128761
-7.640417 -1.693360 21.609358
-8.194171 -3.530588 18.475607
-7.521113 -4.157478 19.314112
-8.960985 -1.624659 20.561411
-8.112622 -2.232169 18.446493
-8.167669 -2.470712 18.564167
-6.761654 -4.075091 19.598877
-8.347104 -3.848847 18.339443
-7.846284 -2.602137 18.055197
-7.736399 -2.927246 17.900593
-7.838002 -3.076111 18.047268
-7.817115 -3.081733 18.027739
-7.238792 -3.984078 18.106087
-7.749997 -3.252077 17.841148
-7.210394 -3.991273 18.016684
-7.604904 -2.510042 17.697342
-6.837914 -3.907724 18.711889
-7.317083 -4.009596 18.028374
-6.798635 -3.874428 18.651712
-7.533915 -4.005690 17.819708
-7.759699 -1.235051 17.861244
-7.517133 -4.101850 18.603031
-6.684426 -3.857823 18.500683
-7.779286 -4.118656 18.885832
-6.867629 -1.239800 18.716139
-8.327643 -1.241101 18.618767
-7.721326 -3.106901 17.835373
-7.335283 -4.067364 18.113716
-7.824038 -2.316632 18.028063
-7.740431 -2.952446 17.921770
-8.798496 -4.067725 19.409052
-8.871218 -4.202761 20.524864
-7.316161 -2.810189 17.254009
-7.286951 -2.728132 17.217018
-7.881344 -2.088443 18.132998
-7.268816 -2.143291 17.168467
-7.248816 -2.716009 17.156380
-7.331214 -2.438478 17.254496
-8.899853 -4.149672 20.144457
-8.999725 -1.567942 19.681103
-6.723227 -4.121458 18.731178
-8.209167 -3.569871 18.552971
-7.326133 -2.737839 17.253508
-7.314872 -2.813301 17.248041
-8.124377 -1.254501 18.304726
-7.834647 -2.570734 18.056587
-7.539262 -1.711012 21.317404
-8.024000 -1.657903 21.540209
-6.790238 -3.636271 19.633764
-7.608771 -1.269080 18.545053
-8.524223 -3.371188 18.995663
-6.860975 -3.939193 18.764439
-9.724352 -1.887562 20.801079
-7.733834 -2.515082 17.910341
-8.098662 -4.188743 19.451389
-7.154083 -2.078867 16.993666
-8.121468 -2.895225 18.507401
-8.413383 -1.439592 18.896347
-7.281230 -1.278099 18.704693
-6.526952 -1.332519 19.426476
-7.301637 -3.883332 18.377277
-7.077130 -3.914403 18.049631
-7.678279 -2.871855 17.811672
-7.886440 -3.311879 21.247614
-7.107396 -1.213508 16.973431
-7.136365 -2.074841 17.001055
-7.080379 -2.050451 16.918537
-7.025635 -2.783467 16.840853
-6.896365 -2.523450 16.697966
-7.027540 -2.783518 16.839638
-6.910710 -2.528143 16.710531
-6.914237 -1.135340 17.509792
-7.123969 -2.765876 16.940634
-6.993921 -2.772611 16.817553
-6.907945 -2.631275 16.695446
-6.914397 -1.134694 17.511303
-7.193847 -2.097669 17.031061
-7.557956 -1.334167 17.663664
-8.544526 -3.994793 18.383066
-8.000707 -3.943610 18.435055
-8.029449 -4.183321 19.400352
-8.574356 -2.638690 19.241251
-6.942962 -1.274185 18.811489
-7.098850 -1.150933 16.968641
-6.953257 -2.519600 16.766365
-7.654489 -1.229981 18.593594
-8.387140 -3.553670 18.321621
-7.666978 -2.856897 17.805836
-8.631368 -3.653089 18.528580
-7.759248 -2.517454 17.918959
-8.089988 -1.445619 19.574545
-8.298067 -1.411006 19.263451
-8.178721 -1.698358 21.286343
-7.697151 -1.758497 20.818167
-8.419454 -1.366067 19.393805
-9.671177 -3.890537 20.450434
-8.335672 -4.176363 19.111849
-8.300817 -1.107942 18.458193
-7.337106 -3.941048 17.773417
-8.052268 -4.193780 21.277668
-7.658927 -1.228235 17.851473
-8.187268 -2.132725 18.576254
-9.501086 -3.750945 20.272514
-8.643924 -3.639236 18.226671
-7.972554 -1.755509 21.276024
-7.166418 -1.908804 16.984255
-7.580356 -1.390467 17.748568
-8.229710 -3.306097 18.666281
-8.158657 -4.299537 19.558474
-8.003330 -3.784887 18.446503
-8.414330 -3.921530 18.263842
-7.179451 -3.833544 17.226620
-7.474380 -1.343211 17.289804
-6.406085 -1.091262 17.647186
-7.213398 -2.886822 17.115416
-7.242820 -1.907494 17.104239
-7.048316 -2.664805 16.887665
-6.573368 -1.092671 17.500973
-8.158755 -3.731666 18.722622
-7.071021 -1.204890 16.946754
-7.262215 -4.095243 20.788307
-7.325940 -2.802407 17.282558
-7.215698 -2.717498 17.103924
-8.199615 -3.627288 18.540129
-7.222562 -2.712850 17.120226
-7.274635 -3.804876 17.251757
-7.102907 -1.626939 16.964073
-8.014646 -1.689064 21.059341
-7.316443 -3.028328 17.220539
-9.032301 -4.277123 20.057171
-7.314774 -3.040606 17.204607
-7.075760 -1.943377 16.931339
-8.327326 -4.550680 20.293777
-7.387857 -4.036295 18.108772
-7.215605 -2.988770 17.071815
-7.082563 -2.677230 16.907814
-6.453888 -1.102627 17.611437
-9.475548 -2.423430 20.352072
-5.817412 -3.557400 17.815144
-7.085544 -2.672344 16.909559
-6.453355 -1.101164 17.611870
-6.453764 -1.102985 17.611485
-9.254544 -2.938215 20.185190
-9.394411 -2.918427 20.372198
-7.672499 -2.850943 17.809723
-9.405375 -1.746701 20.875219
-7.278152 -2.001949 17.273542
-7.241236 -3.002986 17.145578
-7.407926 -2.004878 17.373407
-7.467000 -3.814842 21.159266
-5.826739 -3.582420 17.838694
-7.292208 -2.917583 17.169720
-8.713200 -1.594986 20.197744
-7.114808 -1.104734 17.177824
-7.472797 -2.218880 17.484526
-7.252102 -3.973249 17.781801
-7.039772 -3.971982 17.767263
-7.157045 -1.987881 17.048021
-7.166690 -2.026309 17.031631
-7.305274 -3.985330 17.661852
-8.552073 -4.356212 20.783838
-7.315067 -2.141243 17.216169
-7.412587 -2.216518 17.312346
-7.458453 -2.210783 17.468008
-7.669555 -1.262563 17.735432
-7.350716 -3.926990 17.620848
-7.344145 -2.406994 17.254204
-9.457051 -1.736402 20.938084
-6.557963 -1.303005 19.523397
-8.819018 -4.301348 19.951010
-6.699837 -4.034160 18.633820
-8.316489 -4.147570 20.383207
-7.427258 -2.002048 17.407711
-7.395688 -1.347723 17.235605
-7.694064 -4.205791 17.885851
-7.519795 -1.731428 21.173050
-8.151207 -4.148627 20.478476
-7.439538 -2.970689 17.414444
-8.356236 -3.618986 18.988243
-7.685107 -2.277831 17.797649
-7.508429 -2.013594 17.573561
-7.328187 -2.226009 17.450153
-7.429777 -2.022089 17.424561
-7.414456 -1.965675 17.408913
-8.371165 -3.354034 18.838718
-8.491744 -4.243662 19.987112
-7.783159 -2.319160 18.001160
-8.250721 -3.486971 18.157272
-8.170288 -2.389221 18.552214
-5.598778 -3.683332 19.288435
-9.323096 -3.570036 20.047440
-7.871193 -4.049922 18.387203
-7.467581 -2.770656 17.496815
-8.080826 -4.065599 18.195463
-9.672651 -3.916396 20.418671
-7.059334 -3.811440 17.382599
-7.364436 -3.937872 17.638412
-9.153715 -2.699016 19.998596
-9.120867 -2.699165 19.940908
-7.666753 -2.048470 17.817507
-7.599171 -1.242920 17.622803
-6.113097 -4.125230 18.285252
-7.406634 -3.974381 17.671875
-8.661135 -1.512857 19.183916
-7.580997 -1.251718 17.607925
-7.844207 -2.701591 18.069176
-7.224914 -3.945436 17.554739
-7.580362 -4.033519 18.569439
-7.696090 -4.030143 18.228897
-7.479683 -4.406878 21.329020
-8.724366 -4.103973 18.513525
-7.153488 -1.208579 17.039412
-7.615073 -3.057126 17.756170
-6.594155 -1.065891 17.216990
-7.296453 -2.799014 17.250523
-7.284301 -3.976406 17.454094
-6.462509 -1.069734 17.347595
-7.302411 -3.978965 17.682953
-7.089908 -3.974921 17.625208
-7.239702 -2.152133 17.154634
-7.327420 -2.738173 17.210321
-7.147305 -1.439980 17.020195
-5.732347 -3.533231 17.882109
-5.939773 -1.555820 19.873808
-7.262591 -2.483449 17.194643
-7.422746 -2.516358 17.378527
-7.391726 -2.412722 17.293030
-7.459198 -1.931613 17.354898
-8.066182 -3.810007 18.487574
-7.180773 -3.982130 18.187208
-7.374544 -1.196678 17.305382
-7.414374 -2.452080 17.345261
-5.840723 -3.603570 17.859203
-7.518801 -3.053632 17.553810
-7.579400 -1.403469 17.808268
-8.990150 -1.553230 20.539789
-5.814331 -3.554577 17.849150
-7.396585 -2.934150 17.407322
-7.385842 -2.517185 17.394260
-6.105106 -4.066116 18.243282
-5.929159 -1.111344 18.121555
-7.415079 -2.001647 17.400349
-7.504243 -2.428798 17.399809
-5.538263 -1.383124 19.305443
-7.197464 -3.717759 20.558311
-7.923070 -1.402854 19.247200
-5.313351 -3.520976 18.641386
-6.657766 -3.971724 18.552120
-6.797691 -1.174068 17.585011
-5.924711 -1.112407 18.125410
-7.965184 -4.111839 20.720198
-7.286245 -2.801459 17.230717
-7.425116 -2.940313 17.434305
-7.300376 -2.224476 17.242649
-7.112939 -3.883612 17.313667
-7.524622 -2.532194 17.486845
-8.212338 -1.467654 18.720144
-6.939254 -1.057688 16.924002
-7.146122 -3.677066 17.127111
-5.548134 -3.637645 17.920900
-7.204195 -2.053023 17.089725
-5.931933 -1.124043 18.165533
-7.532454 -1.956962 17.498459
-7.256447 -1.238374 17.169779
-7.294284 -2.484615 17.218647
-7.178683 -1.109811 17.083794
-7.476374 -2.784397 17.369736
-7.397295 -1.173779 17.742613
-7.457158 -1.336712 17.278559
-5.647819 -3.690560 17.907183
-7.588521 -1.284795 17.379299
-7.429811 -2.942781 17.438402
-5.762057 -2.983762 19.334270
-7.525630 -1.303230 17.330612
-7.237926 -2.148376 17.150431
-5.311121 -3.580513 18.177929
-7.271619 -2.401809 17.200897
-7.126580 -1.140972 16.987450
-7.175139 -1.946912 17.020201
-7.318681 -1.940697 17.269968
-9.296657 -4.332830 19.960014
-7.473586 -1.210896 17.420292
-5.840923 -1.412541 19.970045
-5.321255 -4.038658 18.546118
-8.020843 -1.743491 21.137953
-5.362347 -3.601964 18.895376
-8.611803 -4.101343 20.621841
-8.556897 -4.218736 20.622227
-8.774920 -3.063015 19.546015
-7.829683 -4.052839 20.839914
-8.778155 -1.679391 20.808725
-7.509249 -3.262132 20.509727
-7.318229 -3.683143 20.847757
-7.156186 -1.229590 18.486158
-5.403826 -2.143490 18.934408
-7.182001 -3.979398 18.193100
-7.898276 -1.393629 19.211790
-9.261985 -3.494002 20.672499
-7.880310 -4.093094 18.477993
-8.628655 -4.328496 20.193153
-8.142554 -3.274721 18.188154
-5.577144 -1.453945 19.686728
-5.899920 -2.303008 19.837477
-7.208803 -4.000700 18.225264
-7.194305 -4.237294 20.185045
-8.113232 -2.910229 18.478447
-5.243695 -1.975827 18.816526
-5.222364 -1.743827 18.717705
-7.377165 -3.909717 17.629669
-5.548202 -4.065858 18.200920
-5.366667 -3.618170 17.939541
-8.051444 -2.263915 18.138292
-8.204076 -3.310124 18.651459
-5.164173 -3.058553 18.589128
-5.378325 -3.924009 18.177507
-7.903915 -2.087981 18.163456
-5.230990 -1.106683 18.578848
-7.764515 -1.311775 17.926146
-8.146401 -3.757061 18.647036
-6.282216 -1.057024 17.381672
-6.265266 -1.058154 17.364771
-5.986998 -1.409298 19.820044
-6.277922 -1.058831 17.383221
-5.773941 -3.716581 19.648993
-5.200055 -2.416772 18.718094
-5.612015 -1.182958 18.775463
-7.367113 -1.188676 17.708225
-6.761551 -4.076066 18.735884
-7.795711 -3.940498 21.162502
-6.358712 -1.103989 17.667873
-5.116790 -2.997343 18.504128
-5.140410 -3.058583 18.652449
-5.615824 -1.329562 19.711182
-8.129760 -4.114870 20.573334
-7.665750 -3.086956 17.798990
-7.797325 -2.005641 17.881012
-5.938234 -3.728322 17.742134
-5.190146 -2.382236 18.745575
-5.162556 -3.086198 18.683641
-6.989970 -3.816960 17.935339
-8.285247 -3.309776 18.387283
-7.668095 -2.008185 17.764147
-7.992849 -1.323506 18.217457
-7.814215 -1.146421 17.827955
-5.215499 -1.970526 18.789175
-5.059711 -2.062665 18.422951
-8.222816 -3.207229 18.804245
-6.992157 -3.914984 17.605537
-7.870784 -1.780209 20.942150
-7.053127 -3.881896 18.037813
-8.208201 -3.273537 18.683748
-5.151904 -3.088825 18.678638
-8.185941 -3.284175 18.644966
-5.444556 -4.225145 18.704903
-7.857709 -1.387612 19.159136
-8.267283 -3.659302 18.621101
-8.127600 -3.248733 18.404705
-6.197994 -1.446442 19.826897
-7.848887 -3.934671 20.075159
-8.843597 -4.121522 20.032139
-8.547481 -1.687075 19.197235
-5.616076 -1.194242 19.290825
-5.806156 -2.906375 19.572166
-7.760408 -2.519633 17.924246
-6.046737 -3.902663 18.030813
-7.648415 -3.989704 20.718836
-6.842774 -3.918718 18.724922
-6.618540 -1.072319 17.098352
-8.114319 -4.213778 20.562639
-6.271366 -1.050073 17.362768
-5.331317 -3.877434 18.282234
-7.152308 -1.243567 18.471088
-5.437397 -2.056159 19.064371
-6.535346 -1.039561 17.116074
-8.301068 -4.174125 19.267437
-7.372477 -1.309099 17.391905
-9.135711 -3.816836 20.327997
-6.863825 -3.872121 17.098135
-8.892996 -1.688605 20.678745
-8.460074 -1.419855 18.969843
-5.184907 -2.599299 18.709019
-5.360943 -3.808496 18.003983
-5.932499 -1.121232 18.164917
-8.280190 -3.366085 18.739532
-7.347767 -2.459643 17.365673
-8.198865 -3.847204 19.009203
-7.046332 -4.245274 20.201176
-5.211181 -1.973154 18.677002
-6.654016 -1.213128 18.398310
-8.336653 -1.132934 18.452425
-5.246561 -1.707287 18.788342
-7.746941 -2.044289 17.889721
-8.854959 -3.346468 19.786768
-9.252306 -1.892218 20.223455
-5.227861 -1.140831 18.542557
-9.571180 -3.644047 20.371996
-8.465524 -4.140362 20.373018
-6.875781 -1.166782 18.769493
-7.337267 -1.221002 18.124767
-8.950890 -2.998446 19.984934
-5.160033 -2.676919 18.582451
-7.476636 -2.968150 17.461405
-5.326581 -3.827361 18.204300
-5.119180 -3.034235 18.434282
-6.992916 -3.845923 17.156712
-5.218629 -1.974715 18.678003
-5.930736 -3.829877 17.657444
-6.243118 -1.432392 19.685564
-6.685005 -3.926122 17.193592
-5.515041 -4.067311 18.060411
-5.929297 -3.838213 17.667959
-7.032634 -4.221740 20.013750
-5.797892 -2.906070 19.546633
-5.427660 -1.201435 18.891659
-5.126956 -3.049834 18.481388
-8.154519 -3.219357 18.705662
-5.396966 -3.629518 17.947147
-5.232339 -2.545496 18.680492
-9.419469 -2.414489 20.319008
-5.561095 -3.636200 17.924891
-6.903003 -3.897257 16.935537
-8.404545 -2.354347 19.112297
-5.627091 -3.673441 17.882502
-5.047720 -2.140359 18.374634
-7.442458 -1.223422 17.393862
-6.925394 -1.279015 18.812584
-7.670173 -3.814348 17.784014
-5.492991 -3.655795 17.981688
-7.173471 -1.946125 17.014627
-7.142456 -1.144142 17.001841
-6.633877 -1.064983 17.113796
-6.943749 -3.926126 17.127026
-7.244165 -2.897370 17.139769
-5.365338 -3.646044 18.076153
-7.105291 -3.882462 17.159861
-5.823718 -3.796061 17.827974
-9.203512 -3.675060 20.920074
-7.093019 -1.177235 16.961342
-7.053067 -3.841061 17.120331
-7.217842 -2.898319 17.102806
-6.805778 -3.696319 17.307384
-6.856164 -1.237302 18.004194
-7.814315 -2.684095 18.038189
-7.244584 -2.900848 17.133749
-7.218687 -2.220764 17.039141
-5.742027 -4.090813 17.828671
-5.301610 -3.495122 18.566349
-7.228405 -1.305347 17.206381
-6.681181 -3.959122 17.169771
-6.795385 -3.695771 17.288412
-7.265683 -2.719661 17.169796
-6.981936 -3.921988 17.690722
-6.995581 -2.205076 16.851128
-5.935640 -3.703900 17.717941
-7.352794 -1.751697 20.765259
-5.432428 -3.650232 17.960634
-6.295734 -1.032186 17.039139
-5.666155 -3.617275 17.822334
-8.373313 -1.514347 19.603603
-7.220632 -1.987904 17.089340
-5.767407 -1.478474 19.552004
-7.176466 -3.962882 17.995213
-6.884274 -3.876666 17.064871
-6.860566 -2.589433 16.685646
-6.786397 -2.447051 16.532087
-7.276480 -2.149575 17.176744
-6.927174 -1.198136 18.100550
-6.918784 -1.055850 16.804188
-7.070659 -2.738920 16.910234
-7.028471 -1.198519 16.902617
-6.989663 -4.171705 19.761110
-6.665170 -3.862082 17.227123
-5.404296 -2.145820 18.905334
-5.803025 -2.899755 19.534376
-7.585549 -1.331335 17.706772
-6.293104 -1.026804 17.022045
-6.907789 -2.630885 16.812490
-5.399458 -0.991532 17.336185
-5.407126 -1.237087 18.743849
-7.066778 -1.320162 16.940853
-6.817501 -4.140969 19.682856
-5.399379 -0.992997 17.336094
-5.738585 -3.600728 17.733799
-8.974022 -1.688862 20.143881
-6.661146 -3.916800 16.874210
-6.673676 -3.920316 17.153328
-5.394101 -0.997204 17.328922
-7.742278 -4.059719 18.537287
-7.203516 -2.850332 17.102808
-5.600869 -3.591923 17.763166
-6.400526 -1.023380 16.906548
-7.165132 -1.703823 17.018492
-6.651142 -3.852283 17.068544
-5.185167 -2.293002 18.578403
-7.746533 -1.375285 18.983561
-6.846084 -2.865204 16.558599
-7.132625 -3.045811 17.038368
-6.654151 -3.848775 17.128328
-7.132674 -3.045018 17.038418
-6.898747 -1.064921 16.660044
-6.839216 -3.468655 16.640821
-6.835232 -3.248239 16.519970
-7.845025 -4.269284 20.923653
-6.947551 -1.079190 16.736406
-6.577297 -3.895074 17.009634
-8.187366 -3.326266 18.650644
-6.926044 -1.061827 16.693344
-6.121157 -1.029585 17.110100
-7.030900 -1.110676 16.892090
-6.603580 -1.081737 17.077866
-7.052960 -1.320863 16.929020
-6.561213 -3.935417 16.972502
-6.837166 -3.640598 17.040592
-6.021358 -0.991500 16.890850
-6.937201 -2.621597 16.731337
-5.719563 -4.147764 17.643543
-5.780551 -3.868730 17.851706
-6.822814 -3.256240 16.510384
-5.418415 -3.842799 17.693813
-6.897349 -3.175421 16.695456
-6.260241 -1.438388 20.115158
-5.235567 -2.556118 18.770996
-7.038090 -3.038799 16.864618
-6.950498 -1.066859 16.740519
-6.725308 -3.998689 17.131344
-7.936602 -3.647968 18.352543
-6.695540 -4.056703 17.150553
-6.720634 -3.485396 19.421972
-4.934499 -3.719125 18.040489
-6.933836 -1.065640 16.920372
-6.817361 -3.648426 17.004517
-6.738367 -3.539134 16.409594
-6.794852 -3.662163 16.583633
-6.859992 -2.615796 16.665598
-6.267576 -1.025215 17.000895
-7.058505 -1.265688 16.928820
-5.321305 -3.344891 18.927937
-6.155684 -1.020953 17.070286
-7.355919 -1.745234 20.693312
-6.880661 -2.588098 16.700569
-6.994285 -2.794963 16.828188
-6.171626 -1.009117 17.085342
-7.691219 -3.120690 17.925028
-7.269979 -2.211010 17.193771
-8.106136 -4.089274 20.547621
-6.622425 -3.860946 17.021730
-7.993196 -3.275236 18.424847
-6.094907 -4.098125 18.115234
-7.184648 -1.923892 17.061897
-4.965809 -3.708655 17.598585
-6.621142 -3.858194 17.023077
-5.407123 -3.936347 18.244007
-7.096075 -2.215203 16.941521
-6.954859 -1.950114 16.847904
-6.795392 -3.860741 16.871246
-6.801699 -2.613217 16.566549
-8.379897 -2.465420 18.995043
-5.287970 -3.738503 18.035206
-6.767720 -3.425657 16.462864
-4.968639 -3.730995 17.638353
-7.048980 -1.319057 16.922430
-6.576278 -3.966489 16.979746
-7.759752 -4.011528 20.355536
-7.675846 -3.784570 19.387127
-8.183253 -1.439975 18.603437
-7.964933 -3.979501 19.898003
-7.203314 -1.193658 17.922503
-8.013810 -3.749542 18.746864
-5.049649 -4.108772 18.176575
-8.615371 -4.321410 20.163145
-5.766680 -3.596155 19.461559
-7.743324 -1.376333 18.968874
-8.135915 -3.416561 19.018686
-6.987998 -2.635022 16.778421
-6.362995 -1.014404 16.818716
-6.139620 -1.006710 17.016796
-6.988545 -3.834718 17.149788
-6.372247 -1.009457 16.837986
-5.799032 -2.891440 19.520058
-6.582453 -3.930474 16.766333
-4.988041 -2.524622 18.291485
-6.891265 -2.501750 16.676661
-5.191854 -2.612180 18.636789
-6.808136 -2.487517 16.601707
-6.909078 -2.483039 16.740507
-4.782033 -3.744831 17.791336
-5.433886 -2.172307 18.900957
-6.804956 -3.522928 16.599127
-6.656197 -3.953233 16.874222
-7.164413 -3.927114 17.241163
-9.000716 -1.632463 19.747108
-6.887149 -3.805660 17.558823
-5.923154 -3.835034 17.676600
-8.163713 -3.367463 19.608633
-7.426978 -3.974395 20.064209
-7.029428 -1.267668 16.914789
-4.960819 -3.810580 18.217522
-6.789328 -3.501687 16.593573
-6.734469 -3.950113 16.710878
-5.238106 -1.165803 18.550819
-6.879503 -3.347691 16.704769
-5.272388 -3.935871 18.045147
-6.919557 -1.376558 19.694572
-7.119582 -2.923158 17.029560
-7.599414 -2.302003 17.711479
-6.926380 -2.900715 16.767578
-7.010500 -3.002591 16.876530
-7.014297 -3.003624 16.884354
-5.456365 -3.892607 17.786884
-6.509266 -3.944067 16.884317
-7.042288 -1.270364 16.912382
-7.077919 -1.170766 16.950375
-6.216516 -3.941847 17.119759
-4.769889 -3.803047 17.870785
-8.229556 -3.599516 18.512932
-7.454164 -4.050225 18.515438
-8.036041 -1.796057 18.336802
-5.124904 -3.336091 18.692373
-6.580047 -3.854580 17.025291
-5.172052 -3.702901 17.558102
-6.581151 -3.860992 17.022459
-6.060277 -0.958713 16.571955
-6.535977 -3.935735 16.859512
-6.859216 -1.088443 16.508226
-6.914036 -1.068827 16.681118
-6.514793 -3.926790 16.896976
-8.027892 -3.687262 18.454071
-7.494762 -1.419504 17.646376
-8.000859 -3.990209 19.925060
-6.591181 -3.834708 17.112547
-6.853865 -1.407032 19.562168
-5.576606 -3.773107 17.809666
-7.915298 -1.266015 18.057991
-8.393502 -3.664392 21.098463
-5.832383 -2.288999 19.510183
-7.422034 -3.582470 18.865110
-6.744412 -2.007242 16.358532
-5.558221 -3.853992 17.172007
-5.328125 -3.829379 17.278193
-6.827339 -1.055941 16.642389
-4.999117 -3.699586 17.486431
-8.194104 -3.248325 18.693087
-6.869089 -1.061661 16.590752
-8.140334 -1.524961 19.148951
-6.292953 -0.989693 16.678062
-7.910335 -3.495358 18.155697
-6.821671 -3.453956 16.500940
-6.605296 -3.823211 16.806717
-6.931910 -3.805934 16.926928
-5.249859 -1.236200 18.566011
-6.662863 -3.639628 16.355209
-6.610055 -3.870422 16.556416
-6.732232 -1.972412 16.394041
-5.269454 -1.551208 18.809778
-6.042080 -0.995526 16.891939
-6.286106 -0.991845 16.675961
-7.903097 -3.220736 18.348782
-4.670760 -3.610721 17.682692
-7.646011 -3.486891 18.608147
-6.753849 -3.205634 16.454302
-6.298748 -0.991658 16.670849
-6.441193 -3.839535 16.800068
-7.277017 -3.676517 19.416666
-6.815638 -2.886540 16.528421
-5.455317 -1.475783 18.737625
-6.967354 -1.097421 16.780804
-6.403413 -3.881053 16.665525
-6.151272 -3.945390 16.917234
-6.981638 -3.498306 16.804541
-6.568466 -3.864042 16.473320
-5.986778 -3.937024 16.994791
-6.169860 -0.999996 16.786783
-5.514696 -4.022839 17.486116
-7.290476 -1.283597 17.274254
-4.920660 -3.563929 17.303894
-6.805545 -1.148999 17.862404
-7.938265 -3.229275 18.126263
-5.391003 -3.703080 19.142010
-6.795978 -1.155113 17.857395
-6.795693 -1.150357 17.860409
-5.902856 -3.592017 17.574430
-5.981835 -4.209661 17.355015
-6.048015 -0.990519 16.834465
-4.762372 -3.649496 17.586391
-6.795422 -3.600878 16.460676
-8.014321 -3.785233 18.458721
-6.368018 -3.817742 16.783447
-6.473039 -3.856659 16.618866
-6.296842 -3.866220 16.561960
-6.336612 -3.861865 16.616089
-6.178142 -4.065457 17.162424
-8.155058 -1.446447 19.245041
-5.796139 -3.747486 19.656872
-7.672778 -3.137696 17.845200
-5.833694 -2.288058 19.502789
-8.617803 -4.021688 19.766687
-5.636887 -3.860573 17.984680
-5.445110 -3.877108 17.755598
-6.526795 -3.810751 16.957504
-5.662210 -4.071051 17.493612
-8.166993 -1.423179 19.281933
-5.887092 -3.624536 17.589317
-7.325635 -1.942074 17.272724
-5.049589 -3.675016 18.309898
-4.770685 -1.103145 17.812187
-5.550828 -1.399606 19.246168
-5.812367 -3.046489 19.580952
-6.732818 -3.825587 16.795231
-8.253820 -1.599932 18.763203
-8.222013 -3.426025 18.762646
-5.895076 -3.946927 17.462328
-7.083695 -3.858004 18.507971
-6.844816 -1.305960 18.954115
-6.346908 -3.782703 16.666521
-8.044627 -3.728004 18.489191
-5.573962 -3.762178 17.790537
-6.541439 -3.805575 16.485041
-6.289482 -3.794924 16.577492
-7.047304 -3.833388 17.135828
-8.076941 -3.559474 18.322624
-5.444307 -3.993732 17.584234
-7.974798 -3.708340 18.894176
-5.013452 -3.733632 18.151056
-4.853811 -2.463997 18.023664
-8.115338 -4.005578 20.354811
-8.053825 -3.273377 18.249943
-6.792477 -2.609169 16.555622
-6.376768 -3.778980 16.495447
-6.651767 -3.579357 16.217911
-6.754718 -2.886902 16.462259
-6.470278 -3.797733 16.353579
-6.189764 -0.980164 16.545883
-6.087282 -0.978727 16.630476
-6.892882 -2.576101 16.749884
-6.382128 -3.785443 16.632818
-6.063700 -0.981530 16.614920
-6.805367 -1.030725 16.485144
-6.199506 -0.986400 16.538721
-6.849463 -1.080631 16.756531
-6.387660 -3.804932 16.200592
-6.873964 -1.065292 16.777973
-6.198787 -0.985586 16.539127
-4.733993 -0.941754 17.879839
-6.801509 -3.727968 19.634453
-6.757045 -1.288797 16.615698
-5.986705 -1.429624 19.771507
-6.516814 -3.775742 16.464304
-5.863439 -3.555425 17.490084
-7.811341 -1.240408 17.918098
-6.264385 -4.044611 17.040197
-6.271907 -4.051673 17.053452
-6.199315 -3.964922 16.933353
-9.570234 -3.523564 20.613874
-5.360203 -3.592094 18.875483
-6.894234 -2.486450 16.717936
-4.996491 -3.694975 17.470282
-5.612290 -3.989477 17.345657
-5.876764 -3.915368 17.411472
-5.043801 -2.183766 18.249832
-4.977675 -2.578356 18.218735
-6.867130 -1.061017 16.595663
-6.855499 -3.561876 16.653194
-7.913456 -4.005048 20.029623
-6.772853 -2.602472 16.536442
-7.475445 -2.784753 17.505924
-8.478343 -4.010034 19.319365
-8.177451 -2.448111 18.566553
-6.174544 -4.056732 17.067430
-9.062716 -1.678444 20.894571
-4.498836 -3.684685 17.512241
-6.044939 -3.897406 17.217089
-7.528026 -1.374737 17.680069
-8.682306 -3.421020 19.318151
-6.823111 -3.527379 16.596395
-8.545315 -3.254630 19.111418
-6.669617 -1.112880 17.639891
-6.242019 -4.081920 17.545446
-7.684695 -1.278445 18.265875
-7.580243 -1.256455 17.602325
-7.192492 -3.141960 17.030582
-7.286829 -1.237606 17.237520
-5.747681 -3.585968 17.694340
-7.150207 -3.870750 17.372494
-8.290319 -4.302804 18.871637
-6.800788 -2.612880 16.565874
-7.051725 -2.510387 16.856646
-5.548241 -3.596046 19.100008
-8.595716 -3.756964 20.680744
-9.596597 -3.285346 20.547430
-5.330508 -3.607154 17.946892
-7.128170 -1.623049 16.982967
-7.444758 -2.279343 17.513947
-7.320121 -3.762545 20.062399
-8.587161 -3.781373 19.741491
-6.283309 -3.788560 16.444113
-6.374021 -3.801892 16.484333
-6.255214 -3.817034 16.424732
-6.506978 -3.804561 16.407715
-5.565502 -3.877886 17.739277
-6.459524 -1.032802 15.872959
-6.223172 -3.823431 16.456255
-6.356784 -3.773392 16.470421
-4.528023 -3.603973 16.876223
-6.746387 -3.432842 16.430630
-6.425767 -3.802443 16.259041
-6.314938 -3.826154 16.370352
-5.422188 -3.607012 17.886568
-5.450649 -3.857054 17.660883
-6.300611 -3.821677 16.581812
-6.239100 -3.799412 16.284401
-7.706092 -1.275937 18.814280
-5.452407 -2.154635 18.991667
-5.852670 -4.106235 17.419882
-5.839952 -3.545741 17.836899
-8.548244 -1.603848 20.081537
-8.037124 -4.144977 19.986217
-6.575204 -3.788992 16.793579
-5.450046 -2.185433 18.989233
-5.663274 -4.067994 17.463039
-9.293258 -3.901682 20.483761
-5.964086 -0.943615 16.491552
-7.031590 -1.624843 16.892179
-6.118470 -0.945742 16.397615
-9.198269 -4.370236 20.263899
-6.926701 -2.490814 16.731213
-7.649098 -1.286888 18.209883
-6.100243 -3.908945 17.303890
-5.935862 -1.413841 19.673731
-5.986632 -0.941364 16.444674
-4.959491 -0.889657 16.793682
-6.932767 -3.718127 17.120594
-6.563148 -1.009966 15.964117
-6.627003 -1.111980 17.582047
-7.745808 -1.237587 18.887966
-7.358204 -3.033139 17.422895
-8.875668 -2.491405 19.540920
-6.661736 -2.607018 16.106249
-6.334027 -3.754394 16.154016
-7.582579 -2.016735 17.675549
-6.389714 -0.940018 15.984622
-6.570315 -3.530587 16.133999
-7.797568 -3.807327 19.438354
-6.831770 -2.611396 16.607971
-6.086589 -0.931122 16.362335
-7.561143 -4.081965 18.775335
-6.080571 -0.936790 16.334362
-5.173041 -2.558944 18.501532
-7.712866 -4.325374 18.989422
-7.334646 -1.951471 17.282404
-6.491331 -3.809895 16.911222
-7.605704 -1.260640 18.691162
-9.454172 -1.732581 20.376787
-6.150290 -3.777659 16.359581
-7.249521 -2.979856 17.158745
-8.110800 -2.910504 18.484106
-5.880249 -3.924893 17.426126
-7.742961 -3.173960 17.936962
-9.104320 -4.301638 20.133781
-7.640575 -4.120608 18.869083
-5.663573 -3.880883 17.889215
-6.334987 -3.722290 16.456837
-6.458146 -3.813221 16.846947
-6.945273 -2.232527 16.814312
-5.350619 -3.537137 18.745960
-5.153014 -2.698102 18.408068
-6.810843 -1.091300 17.269257
-7.681366 -3.421654 17.856737
-7.131871 -4.310976 19.402876
-5.943371 -0.932765 16.432396
-7.896569 -3.953058 18.012831
-9.372654 -3.913090 20.632326
-6.860946 -2.607828 16.667372
-6.920580 -3.041136 16.736279
-8.083809 -3.627618 20.006712
-8.009221 -4.018183 18.142641
-6.989198 -2.212473 16.849331
-5.789128 -0.926238 16.575768
-5.587503 -3.818446 17.740950
-6.940686 -3.040802 16.784353
-6.279423 -3.726801 16.063370
-4.948975 -0.920731 16.720968
-6.149046 -3.709718 16.369377
-6.163279 -3.730002 16.156893
-5.392129 -0.906757 16.313612
-4.961433 -0.885480 16.791088
-6.788012 -3.827667 19.555969
-6.139080 -3.697863 16.289961
-6.191046 -3.787999 16.411968
-6.630781 -1.111818 17.561155
-7.704747 -1.789776 18.117523
-7.271427 -1.965865 17.215685
-5.221109 -3.806899 17.764128
-5.265788 -3.883653 17.950413
-6.939309 -1.475161 19.772465
-6.777714 -2.988496 16.584690
-4.577518 -3.682084 16.911373
-6.643883 -3.606030 16.170940
-4.542423 -3.668809 17.523869
-4.576059 -3.682009 16.911983
-6.814304 -1.085580 16.434332
-6.163629 -3.714710 16.109596
-6.751661 -2.441827 16.492775
-5.787373 -0.928601 16.535364
-6.098958 -3.734129 16.280373
-5.272793 -3.371277 18.724289
-8.031320 -1.738978 21.179478
-4.324765 -3.640809 17.060606
-6.084263 -3.677623 16.200844
-6.692016 -3.504035 16.357862
-7.992700 -3.997846 19.145226
-6.406095 -0.932511 16.002800
-7.090024 -3.887697 17.747028
-7.603953 -3.814478 19.631710
-6.158412 -3.706276 15.815608
-6.174916 -3.659555 15.698669
-6.220427 -3.732643 16.483028
-6.820562 -3.721678 19.689550
-6.376770 -3.823480 17.393818
-4.988000 -2.575846 18.239048
-5.006844 -2.536859 18.344795
-4.322275 -3.570686 17.087790
-5.980883 -3.655560 16.105429
-6.787930 -1.093531 16.416891
-4.746919 -3.635396 17.607088
-5.803418 -0.924993 16.407887
-5.411825 -3.932927 17.462177
-5.573478 -1.455339 19.191288
-6.105023 -3.696650 16.016809
-6.114702 -3.714566 16.219614
-7.324657 -1.956578 17.271778
-5.939121 -3.761371 16.051470
-6.919620 -3.294502 16.754145
-6.164052 -3.758238 16.381239
-4.956197 -3.658145 17.505140
-5.996350 -3.702356 16.046835
-5.009480 -3.793025 18.276020
-6.451203 -3.493016 15.937104
-6.570343 -1.005172 15.992375
-7.073051 -3.813581 17.325155
-6.235187 -3.528466 15.589870
-6.360015 -3.729548 15.963751
-5.267461 -1.219195 18.657312
-6.570335 -1.003615 15.990352
-4.311552 -3.649628 17.049757
-4.248938 -3.525550 17.002998
-6.716573 -1.116100 16.328316
-5.715428 -1.531349 19.259859
-7.539361 -4.240419 19.414661
-6.767208 -1.954705 16.356567
-6.051963 -3.679322 16.143759
-6.773745 -4.021500 18.776278
-6.788423 -1.933397 16.389385
-7.605266 -4.019443 18.509373
-5.278668 -3.687936 17.944775
-4.262436 -3.488737 17.069523
-4.503919 -3.597136 16.802130
-5.844326 -3.566793 17.845980
-8.696489 -4.362778 20.227894
-5.009490 -2.583908 18.351273
-8.144781 -1.509719 18.617859
-7.255398 -1.303976 18.023777
-6.533218 -3.787361 16.972252
-8.813935 -1.762709 19.591211
-6.830458 -3.860944 19.649733
-6.912683 -2.623118 16.695869
-7.583820 -4.269587 19.465832
-4.892880 -2.224087 18.171640
-7.941164 -1.730902 21.021542
-5.824965 -3.786380 17.797771
-5.356149 -3.768091 17.926504
-5.998030 -3.624286 16.144985
-6.300207 -4.020721 19.059553
-7.020973 -1.201141 16.892729
-7.610771 -1.246382 18.557371
-8.734743 -3.448968 19.923552
-6.297199 -3.714653 16.115217
-5.718997 -3.754665 17.661291
-6.532288 -2.437212 15.990344
-8.072942 -3.686718 20.335148
-6.106842 -1.478557 19.534275
-5.342053 -0.859979 16.176746
-6.062578 -3.628418 19.909628
-7.783196 -4.401542 19.804476
-6.197243 -3.699764 15.900610
-5.919521 -3.656382 17.663082
-5.938021 -3.789014 16.712790
-6.130545 -1.139997 17.934227
-4.472104 -0.788815 16.207567
-5.832242 -3.674597 15.973728
-6.757767 -2.955207 16.464197
-4.566628 -3.519265 16.750048
-5.860528 -3.644969 15.897724
-6.314663 -0.905903 15.676872
-5.229856 -1.226477 18.600473
-5.644568 -3.982277 17.420401
-6.259413 -2.662803 15.621571
-6.196652 -3.683062 15.920820
-6.347437 -0.962267 15.946080
-6.201243 -2.919500 15.568468
-5.995595 -3.665427 16.064192
-4.895500 -2.202020 18.177141
-6.372358 -2.418604 15.805241
-6.451450 -3.184301 15.938239
-7.533269 -3.769725 19.483435
-5.824492 -3.688319 16.092073
-5.968820 -3.681313 15.522841
-4.966096 -0.789365 15.941725
-5.881567 -3.669901 15.931929
-5.807057 -3.671965 16.066847
-7.607603 -4.273047 19.499954
-6.380152 -2.506526 15.843056
-6.448092 -1.066399 15.875450
-5.825363 -3.685217 16.093365
-7.606519 -4.263094 19.480846
-7.103888 -1.177825 16.976452
-6.265238 -0.863059 15.534497
-6.403738 -2.407304 15.859115
-6.144468 -3.332555 15.506698
-5.332978 -3.779355 18.157377
-5.914546 -0.906013 16.168003
-4.960183 -0.797627 15.926202
-7.265063 -1.735698 20.506323
-5.880752 -3.671389 15.932157
-5.774879 -3.669967 15.715498
-5.815645 -3.736534 15.715805
-6.719906 -1.433475 16.327301
-5.868501 -3.854321 17.287542
-6.137752 -2.892190 15.390315
-5.906387 -0.916979 16.232515
-5.871355 -3.645437 15.888433
-5.912497 -0.916364 16.222677
-6.102926 -1.876646 15.277117
-5.259869 -0.804579 15.759247
-5.639699 -3.459442 18.977966
-5.005388 -2.543027 18.340824
-6.121163 -3.429968 15.481082
-6.133179 -1.728292 15.309447
-5.417121 -0.890447 16.366804
-6.029690 -3.670025 15.875712
-4.953060 -1.073414 18.082281
-4.964088 -0.894842 16.797482
-5.752436 -3.653275 15.849833
-4.889165 -2.353943 18.048506
-5.392725 -3.720066 18.455727
-8.161242 -3.799521 19.098894
-5.654956 -4.111447 17.609879
-6.066566 -1.372737 19.634001
-6.182734 -1.135320 15.374318
-6.009282 -1.964172 15.191897
-7.617467 -4.047938 18.603203
-7.105200 -1.174700 16.975552
-6.129359 -2.947265 15.380467
-5.387247 -2.143545 18.814377
-6.173207 -1.295512 15.359465
-6.081540 -3.492393 15.383903
-6.038392 -1.809050 15.224327
-8.156534 -3.010152 18.712875
-9.007969 -1.775910 19.773785
-5.252806 -4.318136 17.184198
-5.182447 -2.575367 18.551752
-5.561086 -3.881938 17.735147
-7.841124 -4.029778 18.355545
-6.463117 -1.065985 15.894421
-4.949044 -0.920453 16.718687
-8.017227 -3.386067 18.661938
-7.078065 -2.673967 16.892653
-5.342530 -0.860052 16.191004
-5.735715 -3.645552 15.720529
-8.608830 -4.133161 20.494623
-6.140081 -0.832965 15.373917
-5.790645 -3.688123 15.906069
-5.848217 -3.711065 15.624960
-6.960729 -3.791800 17.900400
-5.410296 -3.586141 18.219681
-6.990126 -3.456944 16.857019
-6.202841 -0.912308 15.985746
-4.885915 -0.847573 16.482309
-9.425218 -3.957149 20.622215
-5.328255 -3.468795 17.981743
-5.768396 -3.789091 15.755283
-5.534580 -3.760415 17.694950
-6.150908 -3.826458 15.549802
-5.788131 -3.799428 15.712418
-6.046351 -3.724148 15.629624
-5.797997 -3.764149 15.723287
-5.854885 -3.732463 15.782638
-6.005460 -3.709474 15.576817
-6.205181 -3.685502 15.733920
-8.326696 -4.081180 20.302177
-6.078949 -3.218223 15.234550
-6.060443 -0.907454 16.107771
-5.844664 -3.698205 15.780931
-8.089131 -3.408569 19.210958
-4.931890 -3.624635 17.418386
-6.981486 -1.239593 16.833660
-8.081025 -3.605596 19.844482
-6.939381 -4.061196 19.901037
-6.136795 -0.834647 15.376721
-5.713893 -3.724111 15.686623
-6.578574 -3.811849 17.091248
-6.314385 -2.935224 15.692806
-7.194883 -3.573151 17.144855
-6.282288 -3.394385 15.718237
-6.030786 -3.423430 15.158866
-8.259088 -1.368302 18.892666
-6.397069 -2.523923 15.833619
-4.827341 -2.547177 17.953859
-5.827125 -3.631991 15.898278
-7.995365 -2.432173 18.344631
-6.303792 -2.490602 15.730901
-6.188491 -2.935626 15.452180
-8.333008 -3.676202 18.603807
-5.766634 -3.671471 15.767550
-6.101558 -3.666815 15.582314
-5.881816 -3.871376 17.328550
-6.084475 -3.689275 16.275003
-5.468381 -1.221406 18.996019
-5.980689 -2.443268 14.959415
-6.107324 -3.649592 15.729877
-7.802666 -3.910245 17.853975
-6.151064 -2.959026 15.401855
-6.205452 -0.843352 15.302679
-6.179767 -2.978416 15.426376
-6.219594 -2.683283 15.578559
-6.004639 -2.361522 15.006927
-5.729627 -0.910870 16.252272
-5.026295 -2.059954 18.264450
-5.548073 -1.470195 19.087786
-7.851334 -4.014655 18.379072
-7.107443 -4.115551 19.205475
-7.458141 -2.604999 17.367472
-6.800720 -2.608962 16.585012
-5.747818 -3.680578 17.575386
-7.252872 -1.307108 17.167280
-6.011040 -3.657654 15.833893
-5.821050 -4.011584 17.336971
-6.922317 -4.136969 19.072546
-6.222560 -4.109272 17.249500
-6.977275 -2.219386 16.842031
-6.360695 -2.731100 15.676502
-6.255472 -2.979808 15.529664
-6.777903 -3.865220 18.601637
-5.792674 -3.022474 19.507860
-5.139338 -4.075918 16.817627
-5.849618 -3.610952 15.858088
-5.736932 -3.768083 15.642140
-6.703991 -3.906457 18.509600
-6.225956 -3.497254 15.595318
-5.731217 -0.904672 16.230543
-7.776634 -3.616551 18.533457
-6.346090 -2.515449 15.797062
-6.097453 -3.587866 15.614347
-4.689238 -3.588160 17.746790
-5.730441 -0.903674 16.231102
-7.284977 -3.794566 18.830935
-6.667729 -3.598725 16.232821
-6.784957 -1.994876 16.385345
-8.522573 -1.703396 20.206903
-5.707923 -2.834553 19.158175
-5.795125 -3.638541 15.744667
-6.107099 -0.838935 15.144540
-5.998166 -0.896326 16.002800
-6.029052 -0.875785 15.745514
-5.862540 -3.383183 14.825342
-6.282403 -0.892345 15.468870
-6.140924 -0.844058 15.337487
-5.825257 -0.885480 16.053722
-6.280865 -0.888845 15.470268
-6.431142 -0.879778 15.810222
-5.671242 -2.170310 14.554467
-6.199193 -3.150637 15.563218
-5.830551 -0.887967 16.023029
-5.977245 -3.612722 15.527082
-5.706887 -3.605603 15.737117
-6.176762 -3.324018 15.551233
-6.938679 -1.473632 19.791071
-5.808817 -0.894697 16.032623
-6.229878 -2.672045 15.501278
-6.338090 -0.883959 15.675746
-7.771576 -3.366357 19.102394
-5.334166 -0.870175 16.171165
-5.650157 -2.573328 14.512454
-5.661110 -2.597649 14.525048
-5.646499 -2.284939 14.493647
-7.335698 -3.965853 17.729944
-5.722187 -3.615101 15.356833
-6.552304 -2.444633 16.004324
-6.214511 -1.684703 15.387212
-5.634624 -3.610252 15.407849
-6.127076 -0.883131 15.782223
-6.130894 -0.841988 15.372416
-5.625509 -3.599429 15.297617
-5.958510 -3.627444 15.533135
-5.788427 -3.613364 15.253894
-6.082839 -3.167024 15.215255
-6.185084 -2.988779 15.439307
-5.882300 -1.740181 14.786287
-5.673750 -3.606962 15.689421
-5.616122 -3.589341 15.532779
-5.665593 -2.584081 14.529547
-6.291268 -0.907771 15.629807
-5.643985 -3.573809 15.576782
-6.217804 -2.679600 15.493313
-5.664034 -2.575572 14.531681
-6.437183 -1.121325 15.874962
-8.164549 -1.134795 19.293297
-5.775826 -3.596582 15.239550
-5.754084 -0.887079 15.912710
-6.109861 -0.854526 15.163308
-5.236238 -2.639180 18.793083
-7.209381 -1.176872 17.799341
-7.834129 -3.568099 18.231810
-7.027160 -2.651907 16.858137
-8.248230 -1.208497 18.444622
-7.485278 -3.382465 19.078608
-5.242574 -2.639937 18.841066
-5.068546 -3.976855 16.584505
-6.797926 -3.509162 16.522629
-6.165521 -3.643399 15.736437
-5.827853 -0.833132 15.577580
-5.700077 -0.835429 15.679434
-4.967722 -1.051619 18.208574
-5.608677 -2.266634 14.467112
-4.824500 -1.011396 17.949057
-5.687999 -3.537929 15.119589
-5.604564 -2.434482 14.464992
-5.948806 -1.435374 19.630566
-6.407724 -2.526801 15.842422
-5.602299 -2.579447 14.185435
-6.653917 -3.457621 16.338388
-6.978966 -2.506897 16.804787
-6.142811 -3.447872 15.502720
-5.823155 -3.596360 15.836218
-7.569664 -3.871481 17.936401
-6.488650 -2.847754 15.833806
-5.686066 -2.146626 14.573174
-6.740996 -2.497271 16.253000
-7.058681 -2.523048 16.926271
-9.578539 -2.546693 20.929035
-5.855301 -3.880830 17.373755
-6.723997 -2.625163 16.236153
-5.205146 -2.738858 18.663490
-5.677614 -2.144629 14.566492
-6.842945 -1.067531 16.557543
-5.267447 -3.520559 14.945158
-5.583894 -3.538106 15.110813
-5.586449 -2.570198 14.232478
-5.467782 -3.521813 14.666412
-7.075297 -3.783274 18.031878
-5.867016 -1.695983 14.799420
-5.863536 -0.887764 14.800377
-5.437034 -3.495561 14.626788
-5.653502 -3.252805 14.526771
-5.502111 -3.547692 14.963210
-5.118591 -4.054770 16.744026
-4.875365 -4.329066 17.507751
-5.607201 -3.228943 14.480199
-5.975164 -2.359321 14.980730
-5.357984 -3.509510 14.411865
-5.640042 -1.475683 14.329509
-5.610365 -2.908641 14.469483
-5.570710 -2.118930 14.366910
-5.152818 -3.509015 14.795579
-5.622505 -2.421048 14.487731
-5.496531 -3.172947 14.227793
-5.062033 -0.805277 15.395129
-5.297063 -3.517452 15.049689
-8.431720 -3.419060 19.462185
-6.560582 -3.557518 19.060303
-5.704896 -3.699745 18.685684
-5.632111 -3.612225 15.564423
-5.223958 -2.531811 18.656481
-4.347883 -0.946571 16.927862
-6.348588 -0.964955 15.944547
-7.270087 -3.884563 18.344156
-7.551764 -3.511375 19.522827
-6.746581 -3.591514 16.930510
-9.207250 -1.662009 20.471365
-6.717763 -2.089501 16.315809
-8.255042 -2.816806 20.432137
-7.747062 -3.123333 18.097364
-5.567479 -3.541654 14.794688
-5.654635 -2.144513 14.531144
-5.669852 -3.237557 14.553992
-4.866894 -0.744413 15.408866
-7.766482 -3.284156 18.631756
-4.522473 -1.243865 16.361313
-5.841643 -3.862505 17.337294
-5.187326 -3.496221 14.716517
-5.390772 -3.506745 14.754621
-5.172951 -3.480456 14.696374
-5.433812 -3.535491 15.275470
-5.551224 -2.603546 14.308865
-5.670332 -2.690970 14.534634
-5.803475 -1.717975 14.730968
-5.549815 -3.121041 14.164904
-5.576812 -3.531975 14.823559
-5.611174 -2.275154 14.466907
-5.178629 -3.512192 14.791238
-5.424594 -2.096184 18.882368
-6.042689 -0.803363 14.991605
-5.648414 -2.762434 14.197263
-4.269866 -3.856502 16.956348
-5.234913 -0.640722 20.325319
-4.857865 -2.186981 17.921900
-5.017979 -3.906357 16.430140
-4.279346 -3.851938 16.956997
-8.387524 -4.105574 20.362459
-7.567684 -3.524423 19.566383
-7.579406 -3.447039 17.855942
-6.774902 -2.632892 16.295597
-6.885469 -2.066661 16.512281
-6.216363 -3.855286 18.861198
-7.745875 -3.283760 18.549459
-6.142039 -3.647779 15.837315
-3.925938 -3.567554 16.596643
-5.435839 -2.158272 18.940851
-6.269783 -1.010493 16.637236
-7.744899 -3.288140 18.556784
-5.344719 -3.583359 18.833036
-6.210752 -0.900323 15.470433
-4.709264 -3.926408 16.741808
-5.228058 -1.139244 18.551744
-4.122688 -3.226907 14.555304
-5.433854 -3.516924 14.855389
-5.367333 -3.444048 14.312467
-5.134102 -3.492723 14.698830
-5.402940 -3.321431 14.101565
-5.063221 -3.493114 14.474879
-5.691525 -2.147717 14.576531
-4.320992 -3.529179 16.838898
-5.686359 -2.171155 14.523614
-5.388976 -3.483195 14.508759
-5.600859 -3.662240 19.255352
-6.981927 -4.119170 20.041906
-5.553415 -2.263560 14.140369
-4.247722 -3.494002 16.948565
-5.594903 -1.482422 14.292434
-7.813138 -1.475659 18.090424
-5.557472 -2.547832 14.141628
-5.658224 -1.318189 14.364719
-5.625847 -2.154023 14.434970
-5.584439 -1.908222 14.261600
-4.601379 -0.739108 15.606091
-5.742430 -0.800446 15.136087
-4.788201 -0.964502 18.028469
-6.595695 -3.841620 17.116093
-7.038315 -3.627610 19.428764
-7.057467 -3.837340 17.127136
-4.874929 -4.287470 17.410458
-5.883406 -4.058311 17.137180
-7.084939 -3.446338 18.167553
-5.612226 -3.582634 15.457437
-4.562855 -3.556825 16.701040
-6.096639 -3.588763 15.629736
-5.781905 -0.831375 15.499872
-5.280845 -3.854531 16.371851
-5.779287 -3.793472 17.172956
-7.566432 -3.188596 17.626993
-6.219563 -0.903719 15.455507
-6.360421 -4.003903 18.684998
-6.719455 -1.971032 16.389673
-5.652314 -3.979404 17.991562
-6.970907 -1.234810 16.810307
-6.320874 -2.790122 15.642462
-5.364472 -3.587225 18.860006
-5.875458 -3.606835 17.557272
-4.947286 -3.638725 17.463539
-7.062115 -1.390575 16.930382
-5.846733 -1.439123 19.335997
-4.655363 -0.997374 17.569920
-6.869665 -2.628653 16.662422
-7.440143 -4.013754 17.940521
-4.309267 -3.517279 16.794571
-5.272027 -3.469918 14.525496
-5.134272 -3.462576 14.581955
-5.529481 -3.874414 17.113264
-5.147630 -3.467285 14.467055
-5.978259 -3.681407 17.711555
-6.253086 -3.115723 15.546024
-6.239805 -1.028882 16.568695
-7.183966 -3.866928 18.604170
-5.738523 -3.267120 14.725277
-5.297943 -3.403161 14.194539
-6.978889 -3.852821 20.043352
-4.714072 -3.947913 16.762278
-7.245564 -3.957084 18.359350
-5.732232 -3.274595 14.692317
-5.547054 -1.637871 14.160224
-5.221466 -3.726730 18.577225
-5.741392 -0.799441 15.135341
-5.913986 -3.576047 15.469790
-7.222350 -3.952337 18.326620
-5.628030 -2.676259 14.491327
-5.554819 -2.116930 14.349878
-5.755622 -0.793998 15.150376
-6.658385 -3.473276 16.342577
-5.963264 -3.625342 15.541050
-6.128125 -4.007119 17.063492
-5.586435 -1.705455 14.265026
-5.672659 -2.464396 14.548869
-5.300210 -3.402929 14.191274
-5.528687 -3.214197 14.204451
-7.265805 -3.693592 19.331509
-5.257157 -3.491524 14.952903
-5.413334 -3.527608 14.779568
-5.265615 -3.518032 14.890443
-5.323671 -3.519908 15.071197
-4.584636 -1.058711 17.146769
-4.859505 -2.430918 18.102718
-4.415245 -0.950514 17.100391
-5.507584 -3.208742 14.196228
-5.681778 -2.768251 14.604361
-6.881658 -1.068785 16.517616
-5.510969 -3.239823 14.370294
-4.272053 -3.786146 16.802448
-5.429599 -3.407106 14.652617
-5.380161 -2.477940 13.909570
-5.635216 -3.213080 14.512790
-4.601431 -0.741862 15.595416
-7.425396 -2.760874 17.415283
-5.499093 -3.497653 14.579145
-6.288326 -3.134143 15.590891
-5.259077 -3.489545 14.494926
-7.243833 -3.881279 18.325171
-5.170852 -3.510954 14.669930
-5.201403 -3.452464 14.854474
-5.567154 -2.264396 14.355233
-5.302161 -3.446417 14.348006
-5.528650 -1.570698 14.138185
-5.889477 -2.414538 14.874916
-5.979534 -2.308130 14.976502
-5.489504 -3.233815 14.187906
-5.562111 -2.851867 14.422253
-5.624713 -2.892652 14.484549
-5.242181 -3.470529 14.481633
-5.281939 -3.511719 14.788722
-5.956063 -2.437572 14.952693
-5.470280 -3.496278 14.506801
-5.410795 -2.343515 13.931746
-5.633036 -3.229238 14.508311
-5.568367 -2.236122 14.243318
-6.023531 -1.504105 19.393082
-5.084108 -0.736877 15.426217
-4.142391 -3.287344 15.747476
-4.286237 -3.796951 16.837736
-4.188955 -3.241385 16.347628
-7.422884 -4.055434 17.626366
-7.057042 -3.856848 18.058441
-6.367686 -4.006183 18.704430
-6.822270 -3.568410 16.550476
-6.713954 -1.968671 16.377851
-8.210950 -3.479029 18.796537
-5.853105 -3.832922 17.240698
-9.733293 -2.624368 20.911898
-9.050652 -3.164015 20.850870
-7.223586 -3.852207 18.278233
-6.173736 -1.343749 19.996090
-7.873654 -3.571811 19.782948
-8.526800 -4.176319 19.926842
-7.285264 -3.939457 17.773438
-5.810089 -1.671903 14.729719
-5.736075 -3.289713 14.632150
-5.951410 -2.312586 14.943510
-5.344220 -3.519216 14.649850
-5.872289 -2.285035 14.860222
-5.376894 -3.479746 14.281347
-5.591547 -1.515661 14.213296
-4.566308 -3.529117 16.751904
-6.363307 -2.806716 15.705287
-5.321634 -3.495041 14.609343
-5.260917 -3.864639 17.904314
-5.805652 -0.778702 14.734513
-4.867521 -0.738648 15.416780
-5.301432 -3.460324 14.309159
-5.164777 -3.495538 14.503612
-7.334462 -2.748481 17.292463
-5.966925 -2.304367 14.962865
-5.504698 -1.609819 14.072308
-5.542420 -2.613831 14.303122
-5.527600 -2.521997 14.194968
-5.509381 -3.208031 14.188778
-5.413008 -2.494041 13.933700
-4.553879 -3.536160 16.664476
-4.588973 -0.761155 15.542552
-4.847995 -0.758396 15.364650
-5.385927 -3.497701 14.483127
-5.389720 -3.534393 14.721501
-9.109157 -3.154749 20.954802
-7.274891 -2.735200 17.205036
-5.520845 -1.522327 14.143089
-5.098782 -3.528009 14.597365
-5.195006 -3.485009 14.822771
-5.601098 -1.705464 14.276241
-8.006961 -4.125797 19.933317
-6.295079 -3.954707 18.557215
-5.284461 -3.693904 17.952505
-6.526249 -0.927593 17.065723
-4.996480 -3.869041 16.389948
-5.222981 -3.494990 14.469552
-4.583201 -0.768611 15.521109
-5.094213 -3.527770 14.588797
-5.223862 -3.481981 14.888468
-5.397121 -2.216402 13.925406
-5.602636 -2.258820 14.462070
-6.058294 -3.863719 17.237238
-9.185461 -2.924121 21.112276
-5.600460 -3.336128 14.471120
-5.792927 -0.784464 14.722643
-5.413162 -2.493870 13.933431
-6.003400 -0.843702 14.952990
-5.869324 -1.707992 14.830594
-5.600796 -3.210628 14.185289
-5.335397 -3.936701 16.530312
-5.227664 -3.491611 14.432158
-5.283262 -3.451071 14.310816
-5.488393 -1.570787 14.055060
-5.620896 -2.283994 14.436828
-5.394556 -2.331784 13.908519
-5.349896 -2.225170 13.796795
-5.441328 -2.230551 13.952411
-5.533713 -1.522784 14.155061
-5.577934 -2.542969 14.237808
-5.445019 -2.227776 13.958111
-5.038726 -3.558714 14.641500
-5.419384 -1.701271 13.880466
-5.569576 -2.266495 14.357935
-5.655844 -2.283431 14.513136
-5.581063 -2.147578 14.414788
-5.466854 -1.391714 13.921568
-5.504866 -1.609355 14.072754
-5.506170 -1.567327 14.072500
-6.012848 -0.862431 14.987297
-5.541482 -3.261387 14.418770
-5.560421 -3.134450 14.454309
-5.411543 -2.229630 13.921951
-5.403768 -3.495241 14.825266
-5.303343 -3.458447 14.337819
-5.077284 -3.481587 14.563672
-5.645674 -2.660179 14.410475
-5.306565 -3.484219 14.592246
-5.113422 -3.530312 14.700840
-5.413623 -3.495111 14.822040
-7.842507 -4.029282 18.363815
-5.704090 -2.728649 14.568419
-5.599337 -1.706042 14.268523
-4.900996 -1.072327 17.952475
-5.566483 -3.167310 14.466022
-5.700777 -2.727729 14.570329
-5.758603 -2.673153 14.665427
-5.616609 -3.215281 14.490555
-5.610703 -1.799830 14.298487
-5.375268 -2.041943 13.839290
-7.695315 -3.926767 18.172205
-4.523882 -0.952011 17.384821
-5.538350 -0.800565 15.398732
-5.413151 -2.090931 18.834202
-6.655464 -1.470251 19.178274
-5.416206 -3.551340 15.150740
-6.783919 -1.963997 16.416449
-5.384858 -1.546717 18.140335
-6.239262 -0.912352 15.412208
-5.567235 -3.593610 15.069197
-5.512334 -3.895378 17.889217
-5.685694 -0.802299 15.323219
-8.276976 -2.816528 20.422398
-6.716702 -1.063006 16.241112
-6.807398 -3.918697 18.612087
-5.662040 -0.803492 15.286580
-4.658453 -3.819760 16.482862
-7.758399 -1.483421 17.968502
-6.106789 -3.940621 17.362158
-6.693980 -1.963133 16.283194
-4.933162 -3.630579 17.424936
-5.619246 -3.208330 14.494817
-6.730462 -3.930044 18.638918
-6.180952 -3.097012 15.464682
-6.150659 -0.970106 16.427206
-5.529531 -0.805514 15.402683
-5.787986 -0.932502 14.721670
-7.626527 -3.561647 18.260338
-6.952389 -3.716188 17.224548
-5.553141 -3.513181 14.791280
-8.131083 -1.984267 20.431620
-5.991303 -1.712679 14.977510
-7.725385 -3.262105 17.879320
-5.366776 -2.250941 13.824653
-5.694595 -1.455786 14.393428
-5.528577 -2.543639 14.174241
-5.736738 -1.447137 14.428268
-5.759757 -2.748039 14.540589
-5.389503 -2.492318 13.830992
-5.577122 -2.270575 14.249355
-5.298300 -1.827311 13.660450
-5.944246 -2.427777 14.931251
-5.599728 -3.330267 14.467566
-5.403877 -3.261078 14.074850
-5.389770 -2.492135 13.830710
-8.189544 -1.527879 19.172867
-5.574414 -0.685725 14.123932
-5.353561 -2.225961 13.804695
-5.413162 -2.364547 13.939516
-5.585002 -2.239602 14.263208
-5.637231 -1.463416 14.320933
-5.585346 -1.764308 14.275244
-5.150592 -3.551954 14.776423
-5.331934 -1.523331 13.721642
-5.491093 -1.611245 14.062105
-5.138710 -3.260521 14.175958
-6.197155 -3.123347 15.513974
-6.590791 -1.958771 16.194216
-5.446225 -3.581766 14.811612
-5.321471 -3.716328 18.041096
-8.202734 -2.117160 20.533140
-7.339742 -3.972169 17.819223
-5.956996 -3.541761 15.378279
-9.511960 -2.554385 20.798918
-5.612327 -3.186309 14.490169
-5.980069 -3.635820 15.547855
-5.784977 -3.984397 17.257627
-9.535980 -2.552274 20.880840
-5.569483 -3.524971 14.811978
-5.534752 -1.442008 19.101135
-6.424059 -4.049575 18.827171
-7.369487 -2.861424 17.333584
-5.578689 -3.909744 17.795269
-7.446408 -3.163320 17.477089
-5.049728 -0.816114 15.366486
-7.029858 -1.207210 16.904335
-7.496895 -3.656459 18.888512
-5.537351 -3.242301 14.228244
-5.475690 -2.452864 14.057350
-5.334962 -3.474219 14.401321
-5.496458 -3.339325 13.946899
-5.434377 -3.161862 14.111813
-4.143934 -3.185367 14.539822
-5.374201 -1.687015 13.815603
-5.969706 -2.432521 14.958170
-5.411136 -2.371569 13.937034
-5.360579 -3.484344 14.441433
-5.447674 -3.302353 14.109228
-6.384553 -4.008429 18.741249
-5.824440 -3.818351 19.113491
-5.266641 -3.406653 14.133866
-6.050776 -3.439191 15.161791
-4.966555 -3.349176 14.391546
-4.819785 -3.358475 14.089963
-4.270185 -3.477106 17.027655
-5.974452 -3.966386 19.610249
-5.320523 -3.536158 18.692511
-3.880931 -3.401816 16.430046
-4.606804 -3.767937 16.358488
-5.339383 -2.470492 13.786313
-5.350520 -1.619222 13.769637
-5.187748 -3.327274 14.043576
-5.825138 -3.849929 17.306385
-8.260424 -2.810318 20.390368
-8.163550 -1.984876 20.488331
-5.022865 -2.183966 18.259659
-6.537777 -3.806284 18.258617
-5.348687 -2.473608 13.793007
-5.265725 -1.782794 13.601934
-5.343560 -1.951035 13.744255
-5.279294 -1.996673 13.598931
-8.412169 -3.374978 19.203314
-5.176611 -3.273020 14.057817
-5.346047 -2.240549 13.800138
-4.876679 -3.473246 14.133669
-5.353863 -1.689971 13.793127
-5.151460 -3.244982 14.020430
-5.307033 -1.562817 13.805243
-5.306077 -2.227777 13.765192
-5.404331 -3.263512 14.062254
-5.336955 -1.903661 13.759430
-5.322712 -1.523759 13.713771
-5.261011 -2.297572 13.628123
-5.337603 -2.225746 13.794874
-5.251527 -1.867559 13.545819
-5.304330 -1.941559 13.659664
-7.170322 -3.519855 18.614002
-5.378181 -1.413272 13.846475
-5.271677 -2.327488 13.645435
-5.659158 -1.805101 14.358122
-4.120679 -3.242133 14.576909
-5.249603 -1.867885 13.543633
-5.313163 -1.857234 13.669621
-5.311591 -1.827652 13.672764
-5.482363 -1.528279 14.005872
-5.312181 -1.562316 13.693837
-5.306578 -1.531225 13.673573
-5.550747 -3.208974 14.149972
-5.389987 -3.554976 15.180688
-5.301753 -3.499374 15.038322
-8.254951 -2.784426 20.302704
-5.843523 -2.371444 14.807366
-7.532431 -1.469946 17.630571
-8.477008 -3.972725 19.613066
-5.879756 -2.398227 14.855166
-6.119058 -3.600056 15.648615
-5.663730 -2.144836 14.551736
-5.127089 -0.769770 15.540052
-5.700377 -2.342794 14.638373
-8.619255 -3.463336 19.510599
-5.345469 -3.531801 15.098198
-6.635512 -3.432938 16.311186
-8.934616 -2.322163 20.804102
-6.421833 -3.256116 15.855270
-5.101243 -3.207632 13.972425
-5.066722 -0.798035 15.435445
-7.657904 -3.583242 18.298048
-5.634826 -2.268650 14.500999
-5.487784 -1.448626 18.921495
-6.253352 -0.898658 15.434909
-7.248286 -3.886041 17.691950
-3.912078 -3.770540 16.244774
-5.334060 -1.913159 13.748963
-5.417337 -2.225737 13.930851
-5.162571 -1.903166 13.393169
-5.376365 -2.212958 13.894437
-5.201718 -2.184727 13.499470
-5.305501 -2.191091 13.682607
-5.710677 -1.475357 14.414810
-5.429488 -2.450558 14.016571
-5.251255 -2.287920 13.615077
-5.290553 -2.185703 13.665429
-4.112332 -3.113819 14.423916
-5.151569 -1.632655 13.380467
-4.850908 -3.526710 13.993991
-5.000257 -3.358824 13.680727
-5.623341 -1.484043 14.323564
-4.879594 -3.395456 14.119454
-5.671973 -0.766862 14.404225
-5.383667 -2.349416 13.910563
-5.173903 -1.338044 13.405268
-5.269492 -1.394156 13.613037
-5.389817 -3.342939 13.709565
-5.211281 -2.181967 13.507842
-5.146628 -2.413223 13.443670
-5.280167 -2.000427 13.638370
-5.275852 -1.937997 13.635342
-5.323234 -1.535190 13.732418
-5.325834 -2.006474 13.748569
-5.347938 -1.899151 13.771835
-4.451316 -0.939471 17.242846
-7.917956 -3.250576 18.361332
-4.425336 -0.993868 16.960777
-5.534079 -0.689660 14.045319
-9.391670 -1.706289 20.852694
-4.215799 -3.453214 16.137247
-7.591298 -3.956491 19.362705
-7.009653 -3.629749 18.328787
-6.289529 -3.159476 15.622037
-8.705341 -2.228827 20.415947
-6.669436 -3.386346 16.148888
-6.262424 -1.006368 16.573942
-4.209386 -3.473338 16.175259
-4.576154 -3.536862 16.794151
-4.904686 -2.242722 18.191065
-5.774485 -3.640458 17.804123
-4.244272 -0.793701 17.229391
-6.060306 -3.861971 17.234716
-7.906826 -2.715072 19.765669
-4.983918 -2.572161 18.207371
-5.426634 -1.215147 18.867260
-5.827239 -1.715603 14.781582
-7.552957 -2.164551 19.753345
-5.407583 -2.311148 13.917735
-5.356502 -1.607564 13.764887
-5.327240 -1.912785 13.745817
-5.562522 -2.668271 14.337449
-5.273366 -1.454330 13.642786
-5.607852 -3.260437 14.221738
-5.534462 -2.116560 14.348939
-5.528265 -0.668202 14.001300
-5.326270 -1.634113 13.701534
-5.410145 -2.381915 13.937796
-5.699271 -2.630441 14.283146
-4.813992 -3.392612 14.051337
-5.445108 -2.454101 14.031930
-5.393346 -2.325852 13.912317
-5.134814 -2.402165 13.434025
-5.301844 -1.858410 13.661782
-5.350442 -1.907073 13.772399
-5.607377 -1.763243 14.298091
-4.835733 -3.378960 14.115711
-5.547420 -2.226642 14.219747
-5.935176 -0.715289 14.269638
-5.157274 -1.899395 13.364201
-5.370449 -3.234591 14.035191
-5.426530 -2.451832 14.018888
-5.187558 -2.153458 13.479109
-5.185711 -2.427843 13.476678
-5.135301 -1.491151 13.337510
-5.462120 -1.400596 13.932276
-5.286104 -1.884604 13.646298
-5.343933 -1.620278 13.764845
-4.872871 -3.453885 13.947345
-5.575964 -0.683424 14.127383
-5.477647 -3.326667 14.148517
-5.358856 -2.232826 13.812737
-5.200293 -2.159209 13.492480
-5.205162 -1.943559 13.470289
-5.529113 -2.523717 14.197820
-5.076190 -2.204027 13.245001
-5.239738 -3.280713 13.761696
-5.832756 -0.753796 14.171253
-5.788527 -3.375505 13.820719
-4.127916 -3.408760 14.546467
-5.156273 -1.899308 13.363985
-5.197643 -1.863797 13.502104
-5.215926 -0.818973 13.681177
-7.262358 -1.012607 17.062288
-6.965406 -3.768713 16.995283
-5.884226 -3.898777 17.406466
-6.043918 -0.962545 16.115038
-6.905199 -3.539475 18.609188
-6.057760 -3.618713 15.520524
-6.499516 -3.316404 18.846210
-5.324103 -3.768564 18.848101
-6.046353 -0.953674 16.115566
-7.232575 -3.526506 18.332741
-4.041350 -0.855878 16.417221
-5.996718 -3.950431 17.542833
-7.248401 -3.631562 18.945921
-5.876595 -3.893147 17.423704
-6.036091 -0.962166 16.119015
-5.775807 -0.991175 14.711679
-7.406967 -3.027610 17.621428
-5.780208 -3.434248 14.548662
-4.351885 -3.682134 17.512339
-3.865789 -3.438192 15.683815
-5.813557 -0.961010 14.757020
-6.053512 -0.953050 16.114878
-5.320757 -1.245261 18.735260
-3.864530 -3.411545 15.654891
-3.882482 -3.518972 15.767410
-7.947962 -3.377594 18.483824
-5.597403 -3.367232 13.981004
-5.684170 -2.820939 14.596242
-6.037326 -0.960949 16.118639
-5.293553 -3.547062 14.923532
-5.285775 -3.541311 14.916396
-6.971388 -2.674709 16.807842
-7.028469 -3.806607 17.070755
-5.532619 -3.181712 13.619802
-5.649457 -0.777773 14.376530
-5.439459 -3.859071 18.461491
-7.055371 -3.822885 17.107813
-5.377771 -2.084289 18.715458
-5.852813 -0.765783 14.172814
-6.354871 -2.857795 15.715835
-5.244271 -2.444346 13.535773
-5.113226 -1.483880 13.364581
-5.234213 -1.500910 13.544460
-5.889017 -0.739870 14.216339
-5.595377 -0.650661 14.100841
-5.221313 -2.434841 13.516728
-5.527185 -2.217998 14.181095
-4.749029 -3.347775 14.009778
-4.909688 -3.212508 14.193336
-5.011670 -2.292194 13.129905
-5.185649 -1.906496 13.411345
-4.782542 -3.347718 13.995062
-4.749507 -3.347458 14.012565
-5.230142 -1.544416 13.536649
-5.172817 -1.969304 13.415773
-5.386020 -1.416189 13.852804
-5.109332 -1.471255 13.272485
-5.540124 -2.223860 14.208959
-5.044896 -2.113144 13.200924
-5.026734 -3.326044 13.885012
-5.851204 -0.966388 14.003244
-5.072857 -2.119267 13.226997
-5.294230 -1.393180 13.636961
-6.736595 -3.750604 16.892332
-5.558405 -2.230973 14.232530
-5.896914 -0.949154 14.043725
-5.585594 -1.763421 14.273482
-5.115827 -1.735907 13.278924
-5.054235 -3.182645 13.891264
-5.816565 -0.758394 14.162796
-5.509357 -0.722251 14.079418
-5.255274 -1.399952 13.600580
-4.116650 -3.123679 14.438049
-5.170648 -1.848110 13.403597
-5.692249 -2.681531 14.279533
-6.650047 -3.209011 15.399281
-5.664139 -2.146559 14.513484
-6.285836 -3.173662 15.626103
-7.025468 -3.817979 17.104765
-5.754218 -0.963124 14.686499
-5.345438 -3.957152 16.559383
-6.847040 -1.073022 16.466755
-4.997412 -3.931203 16.406301
-5.800030 -0.938099 14.736468
-5.585912 -3.179758 14.460717
-3.856205 -3.351489 15.534051
-6.214712 -1.463761 20.009611
-7.741002 -3.499359 19.201355
-4.867546 -2.280231 13.171168
-7.908175 -2.691999 19.745007
-4.989371 -2.286603 13.094982
-4.681312 -3.406972 13.667813
-5.035693 -3.337506 14.414773
-5.242315 -2.265389 13.598366
-4.925756 -3.224606 14.207585
-5.129547 -2.219239 13.476501
-5.339653 -1.606838 13.753055
-4.768456 -3.373167 14.035652
-5.057376 -1.874782 13.177003
-5.140192 -1.356264 13.374552
-4.954623 -3.357298 13.338558
-5.625107 -0.694054 13.772281
-5.228420 -2.271170 13.588184
-5.350401 -1.613919 13.764414
-4.907215 -3.353897 13.460814
-4.017363 -3.851060 14.459091
-4.142455 -3.261296 14.637842
-5.351351 -1.615260 13.770277
-5.287551 -1.453785 13.654420
-5.442032 -2.339029 13.965451
-5.097788 -1.610275 13.277437
-5.483921 -3.337737 13.937009
-5.506824 -2.364391 14.037057
-5.313110 -1.454313 13.683650
-5.265542 -1.624064 13.476656
-4.904281 -3.359140 13.425546
-4.858906 -3.357212 13.574848
-5.336582 -3.298147 13.646231
-5.001009 -2.279736 13.118900
-5.680287 -0.655450 13.833540
-4.664617 -3.432688 13.591193
-5.234540 -1.867498 13.532537
-5.410104 -1.697503 13.876190
-5.204638 -1.625368 13.419754
-5.060714 -1.393961 13.211240
-5.585518 -3.255374 14.206936
-5.577915 -0.698297 14.129147
-5.590700 -0.629705 14.071814
-7.701932 -2.046100 19.584850
-5.317644 -2.035812 13.748828
-4.814434 -3.345837 13.984478
-4.796290 -3.375145 13.601995
-4.992830 -1.388387 13.078863
-5.077320 -1.389777 13.226254
-5.292345 -1.452238 13.659972
-5.040355 -3.326200 13.872996
-5.214255 -2.308744 13.402632
-5.391508 -2.361053 13.921409
-5.461400 -2.357080 13.993307
-5.015197 -2.287281 13.135463
-5.075212 -2.120118 13.230080
-4.021728 -3.845531 14.457749
-3.914720 -3.774411 14.419979
-4.683922 -3.410599 13.649872
-8.523769 -3.988023 19.657618
-7.801614 -2.692337 19.554113
-5.778932 -2.174273 14.666555
-4.103239 -3.342798 14.458789
-5.508875 -3.170559 14.119857
-6.144984 -2.790001 15.435851
-4.579306 -3.548327 16.795591
-6.415714 -3.088620 15.130949
-4.877211 -3.865923 18.595242
-6.398097 -3.072257 15.119506
-4.695786 -3.603202 17.777365
-4.161286 -3.290284 14.696505
-5.608187 -3.221297 13.724807
-4.998967 -2.533624 18.268711
-3.930235 -3.691338 16.150702
-5.785892 -3.591853 15.859161
-4.671871 -0.954596 17.661068
-8.562819 -2.752048 19.856833
-6.950913 -2.509194 16.766191
-3.896432 -3.540166 15.848627
-4.682400 -3.342621 13.579992
-5.358625 -3.311314 13.640287
-5.301122 -1.405732 13.653563
-4.664263 -3.347269 13.510536
-4.716015 -3.365567 13.785542
-5.111846 -1.862676 13.273365
-4.770536 -3.328743 13.412188
-4.712286 -3.360353 13.788369
-5.281589 -1.401000 13.631618
-5.108635 -3.333341 13.772760
-5.093071 -1.855696 13.256187
-5.320068 -2.358031 13.701618
-4.916488 -3.312225 13.300424
-4.768582 -3.388262 13.895480
-5.012919 -2.180160 13.136250
-5.235703 -2.458198 13.440674
-4.925189 -3.324166 13.306352
-4.687774 -3.326188 13.718849
-5.135824 -1.842647 13.349071
-5.322930 -1.618210 13.742757
-4.790807 -3.356153 14.011749
-4.941804 -1.561134 12.940241
-5.234992 -2.461535 13.441016
-5.019943 -1.858205 13.097845
-4.953485 -3.337794 13.587043
-5.133454 -3.327251 13.844960
-5.231134 -2.279874 13.596415
-6.750389 -2.054014 16.341457
-5.145714 -1.960206 13.374839
-5.480169 -3.363849 13.858933
-5.096157 -3.432537 14.630828
-5.589539 -2.258813 14.449926
-4.148186 -3.409555 16.037006
-5.892527 -2.218619 19.708027
-5.841317 -3.152764 13.832430
-5.456516 -0.710906 14.805803
-5.317134 -2.054097 18.558653
-5.870158 -2.922507 14.834337
-5.588168 -0.797874 14.292268
-4.866573 -3.151797 14.145434
-5.108290 -3.448310 14.655031
-4.068931 -0.750103 16.893652
-7.394357 -3.176551 17.826347
-5.456839 -2.505857 13.998119
-8.830468 -2.826159 20.414997
-6.135729 -4.019981 17.070623
-6.229501 -0.887558 15.494890
-5.363644 -2.015162 13.795867
-5.221219 -2.214114 13.527408
-5.367962 -2.503601 13.785527
-5.450627 -2.304170 13.941700
-5.225548 -2.206531 13.524538
-4.890603 -2.333803 12.894540
-5.310750 -2.024183 13.743123
-5.197999 -2.198660 13.498138
-4.839318 -3.375114 14.007120
-5.004965 -3.355967 13.698120
-5.060499 -2.192086 13.235682
-4.948022 -1.781842 12.957549
-4.649420 -3.332322 13.516987
-4.967257 -1.783162 12.976760
-4.888947 -3.347328 13.416309
-4.978005 -3.238437 13.186101
-4.574399 -3.333635 13.427483
-4.677843 -3.354442 13.676818
-5.028217 -1.496497 13.085877
-5.022286 -1.742556 13.088496
-4.843935 -3.367459 14.001362
-4.945713 -1.560954 12.944992
-5.091600 -1.473048 13.258590
-5.160168 -1.341371 13.394326
-5.343464 -2.230703 13.804084
-5.283836 -1.855076 13.643221
-5.167098 -2.173330 13.468063
-4.841298 -2.234367 12.795857
-5.529247 -3.327978 13.596088
-4.878332 -2.062539 12.838041
-4.881815 -1.740721 12.861373
-5.853055 -2.287881 19.585962
-3.908196 -3.502413 16.705105
-5.618079 -4.000493 17.352457
-6.813155 -3.440186 18.106350
-3.878519 -3.409879 16.444580
-5.126112 -3.320300 13.838968
-5.584352 -0.669365 14.106755
-7.909275 -2.704086 19.700356
-4.482199 -0.923876 17.372126
-5.525352 -3.354361 13.981998
-6.196481 -0.516316 14.921432
-8.192216 -1.459371 18.580248
-7.085006 -1.671476 19.653555
-5.350780 -2.252872 13.814204
-6.410163 -2.917631 15.819780
-7.186188 -3.279704 18.089870
-7.145542 -3.264863 18.103188
-7.940294 -3.563007 19.603767
-5.660248 -1.458758 14.343853
-5.143057 -3.336457 13.858682
-5.387049 -1.415555 13.854398
-5.025074 -2.063694 18.254341
-5.801146 -2.887184 19.515924
-5.809392 -1.717942 14.758548
-4.952269 -1.074067 18.085340
-4.929943 -2.149131 17.905518
-5.344077 -3.743013 17.886585
-8.217703 -1.434233 18.646454
-4.892385 -2.326202 12.912555
-4.929835 -1.549088 12.918427
-4.899074 -2.079148 12.893353
-5.026839 -1.270690 13.099626
-5.055106 -2.377709 13.224239
-4.848864 -1.243744 12.754545
-4.973646 -1.840930 13.010354
-5.020778 -2.181654 13.146977
-5.389529 -0.603749 13.708491
-5.055667 -2.386953 13.217702
-5.043118 -1.867831 13.147758
-5.187911 -1.339029 13.422539
-4.836623 -2.233724 12.792057
-5.113904 -2.275265 13.308836
-4.948497 -1.784984 12.964535
-5.103291 -1.472525 13.271803
-5.361887 -1.697990 13.824262
-5.322614 -1.619865 13.743845
-4.884506 -2.145307 12.892516
-5.497056 -0.616723 13.918510
-5.226542 -0.599408 13.459863
-4.825112 -2.316125 12.788519
-5.550381 -2.559238 14.140383
-5.674014 -3.153365 13.694400
-5.337683 -3.711749 16.653111
-4.245438 -1.023877 16.320181
-8.171558 -3.235079 18.667530
-5.748133 -0.792007 14.080259
-5.604666 -2.265176 14.466447
-6.646963 -1.965139 16.275412
-5.958962 -0.925904 15.897161
-6.747973 -1.098281 16.345980
-6.229894 -3.163155 15.557095
-5.529180 -2.256708 14.343489
-4.143508 -3.444521 14.655246
-5.071571 -0.794777 15.423637
-4.271993 -3.527727 17.065151
-5.050267 -0.800929 15.394039
-5.327331 -1.907542 13.749512
-5.578723 -3.305227 14.444958
-5.761725 -0.784567 14.103962
-6.440094 -1.137090 15.944270
-4.072560 -3.108059 14.358626
-7.629853 -1.920899 19.467644
-5.411431 -1.404464 13.783399
-4.743105 -2.097177 12.588048
-5.219467 -1.347938 13.453647
-4.656870 -3.341795 13.516738
-5.232573 -1.342185 13.467892
-4.787836 -1.480058 12.647593
-4.947053 -1.272029 12.928891
-4.110981 -3.015425 13.188881
-5.166035 -1.346222 13.400225
-5.255185 -0.837007 13.394043
-4.638288 -3.262969 13.138783
-4.804022 -3.315111 13.486933
-5.039968 -1.257251 13.042846
-4.946774 -1.547675 12.917635
-5.158015 -3.271569 13.550786
-4.786120 -1.322598 12.643110
-4.937027 -1.273004 12.938817
-4.843480 -1.287664 12.743244
-5.319447 -1.908598 13.740635
-5.088460 -1.475124 13.256151
-5.017304 -1.434582 13.084357
-4.645916 -3.116684 12.566702
-5.088443 -1.474147 13.255104
-5.049739 -2.192565 13.225642
-5.087103 -0.770549 13.147075
-5.421755 -0.624596 13.784357
-4.786693 -1.326303 12.641938
-4.859909 -1.286223 12.761649
-5.481168 -0.637854 13.906301
-6.514664 -3.775958 18.175634
-5.620796 -3.241073 13.706107
-5.182957 -2.180218 13.485412
-5.168027 -1.905681 13.404352
-5.337474 -1.865432 13.703099
-5.177991 -1.633404 13.408873
-4.887321 -1.505149 12.812741
-5.058265 -2.194940 13.233307
-5.217328 -3.306288 13.174346
-4.737371 -2.200690 12.571280
-4.712923 -1.225070 12.534947
-5.172282 -1.341319 13.406194
-5.429887 -0.764388 13.583938
-5.129607 -0.750751 13.188330
-8.375741 -2.138073 20.863201
-8.738369 -4.085248 19.951124
-5.474964 -2.567472 13.783651
-5.611083 -2.268914 14.476933
-5.615932 -1.484013 14.309520
-4.608497 -3.567191 16.858143
-5.381178 -3.449222 14.362635
-5.685030 -2.719006 14.298890
-5.535350 -2.256325 14.347858
-8.204529 -3.275952 18.751261
-5.972076 -4.211151 16.124825
-6.508766 -3.755310 18.121456
-6.915103 -3.683584 17.718143
-5.388507 -1.419148 13.855312
-6.419548 -4.411794 16.480652
-5.443147 -1.215862 18.932665
-5.582008 -3.371810 13.657265
-5.032559 -3.318467 13.864021
-5.847556 -3.378698 13.972982
-4.783494 -2.100827 17.315945
-4.698027 -1.238874 12.519847
-5.490297 -0.747151 13.616531
-5.192892 -1.353034 13.419059
-4.663528 -3.295092 13.165917
-4.858943 -1.249158 12.763824
-4.855703 -3.168108 12.981715
-4.347398 -3.106212 13.438198
-4.400198 -3.257989 13.000669
-4.697903 -1.231978 12.521647
-4.753757 -2.023383 12.584421
-4.877304 -2.330158 12.882800
-5.312502 -1.861761 13.671216
-3.712538 -2.793764 12.655109
-4.891441 -1.741828 12.869980
-4.620544 -3.107724 12.513370
-4.932261 -1.559476 12.930890
-4.988462 -1.437455 13.049962
-4.886543 -1.366133 12.820659
-4.880486 -2.332913 12.882473
-4.920765 -2.073782 12.917952
-4.685091 -1.532953 12.503094
-4.738459 -2.101766 12.578307
-4.975025 -1.023307 12.954932
-6.616406 -1.957720 16.203598
-5.142745 -3.323798 13.888037
-4.318024 -3.770088 15.267608
-4.259849 -3.667482 15.073182
-6.829445 -3.967725 19.611904
-5.406222 -1.419220 13.876287
-5.729090 -2.688237 14.113878
-5.739943 -2.749520 14.373592
-5.584355 -0.682971 14.114177
-6.372739 -3.734268 18.592590
-5.750370 -3.882489 18.132975
-5.768419 -0.783194 14.110486
-4.108271 -3.168909 14.489202
-4.226371 -3.402406 16.806219
-6.741931 -3.587127 16.929522
-7.477452 -3.420465 18.627819
-7.632962 -2.879062 19.179251
-5.244047 -4.293941 17.155134
-4.187767 -3.412324 16.031185
-5.168945 -2.367129 13.410692
-4.915931 -1.547857 12.901162
-4.768798 -1.430791 12.322769
-4.959095 -3.215621 12.853644
-3.594765 -2.800661 13.081727
-4.787318 -1.418979 12.675403
-4.356955 -3.258629 13.158828
-5.489444 -2.511915 14.045190
-4.468219 -3.243536 13.202610
-4.362979 -3.270085 13.176845
-4.757558 -3.225495 13.006655
-4.902910 -3.338056 13.452868
-4.935425 -1.562205 12.931553
-5.131570 -1.630881 13.361240
-4.879306 -1.367389 12.814752
-5.200942 -1.337360 13.435709
-5.479041 -0.747159 13.627037
-4.971764 -3.335495 13.036303
-4.577729 -3.238283 12.709655
-4.680910 -1.238156 12.509999
-4.822900 -1.533502 12.729837
-5.309116 -2.032327 13.739048
-5.446634 -3.637684 19.108349
-4.932637 -3.313310 13.565923
-4.991296 -3.119421 13.795723
-5.506015 -3.158133 14.105654
-5.131538 -3.321279 13.852585
-4.069098 -3.284276 14.366332
-6.508198 -3.795497 18.912180
-5.793405 -1.720024 14.737829
-5.457693 -3.727459 15.307796
-7.522010 -3.534690 18.011381
-6.026383 -3.358850 14.671073
-5.673979 -0.767707 14.402905
-4.873679 -2.325342 12.828417
-4.827955 -2.301126 12.793477
-5.511184 -1.435243 14.007348
-4.541564 -2.999207 12.321071
-5.024492 -1.429731 13.096002
-4.540922 -3.002216 12.317231
-4.671926 -2.604169 12.194911
-4.878668 -1.379583 12.807210
-4.476956 -3.264102 13.495672
-4.484410 -3.227562 12.815240
-4.500174 -3.228630 12.861362
-4.205022 -3.260316 12.937499
-4.349862 -3.248619 13.137216
-4.033953 -2.887203 13.031104
-4.621482 -3.285737 13.450952
-5.072787 -1.480685 13.234662
-4.883121 -1.371017 12.818913
-5.182688 -1.346752 13.419270
-4.959237 -3.215783 12.855536
-4.600550 -3.223442 12.793266
-4.149423 -3.256482 12.839321
-5.196091 -1.346214 13.434229
-5.798991 -1.720003 14.740687
-5.284924 -0.581747 13.410318
-4.768262 -1.328734 12.622607
-4.535326 -3.001536 12.316947
-5.357529 -0.794711 13.486966
-4.913307 -1.821850 12.891692
-3.866808 -2.848665 12.435162
-4.601042 -3.224905 12.792577
-4.660791 -3.271019 13.201005
-5.105381 -1.474702 13.272549
-5.741463 -3.652404 19.458111
-6.610350 -1.103268 16.145403
-5.557376 -3.183997 13.676020
-5.685854 -3.048489 13.705958
-4.633618 -2.961236 12.168386
-4.638725 -2.665058 12.429364
-3.850057 -3.326433 15.476634
-4.530993 -0.967854 17.349272
-4.626389 -3.268454 13.208305
-5.019476 -1.852101 13.103136
-4.650207 -2.381679 12.296618
-4.538109 -3.009868 12.314610
-4.913042 -2.343883 12.914491
-5.032146 -2.111606 13.184021
-4.561636 -3.503135 16.710543
-5.111972 -1.265846 17.776176
-5.249002 -0.597441 13.372131
-4.956036 -1.268281 12.954099
-5.365917 -0.783083 13.497745
-6.255597 -3.478498 14.699415
-4.727919 -2.016302 12.563272
-4.676075 -2.596257 12.194722
-3.543037 -3.418890 13.674133
-4.677620 -1.644706 12.416461
-5.774011 -0.377528 14.081168
-5.003287 -2.731780 12.795319
-7.154924 -1.662118 19.898399
-5.027347 -2.209912 13.186595
-4.625970 -2.099029 12.446654
-4.275480 -3.005971 13.133097
-4.976323 -1.277444 13.024663
-4.755068 -3.268363 12.926926
-4.339987 -3.479454 13.164756
-4.402119 -3.237423 13.378449
-4.517301 -3.319778 12.793781
-4.715754 -3.225632 12.883379
-3.690505 -2.778296 12.653743
-4.075980 -2.941432 13.113858
-4.848427 -2.312919 12.809139
-4.886605 -2.070348 12.879673
-4.167188 -2.872464 13.083534
-4.520508 -3.320771 12.788503
-4.830020 -2.311786 12.794821
-4.364817 -3.461117 13.014110
-5.210450 -1.343799 13.448188
-4.768425 -3.266904 13.179399
-4.519496 -3.323491 12.788546
-4.638419 -1.536152 12.466366
-5.255433 -0.622267 13.504850
-4.565436 -3.293525 12.629243
-4.003039 -2.828645 12.946582
-4.504573 -3.354148 12.735670
-4.543371 -3.281935 12.909296
-4.616316 -2.244041 12.420567
-4.646512 -2.807579 12.242014
-4.515783 -3.293072 13.317175
-4.346163 -3.163850 13.296285
-4.276116 -3.007825 13.299150
-4.497249 -3.345065 12.721328
-4.546324 -3.263757 12.879363
-4.788514 -3.257467 13.041563
-4.619717 -3.242291 13.110433
-4.581728 -3.245394 12.519525
-4.753482 -1.328668 12.609035
-4.615505 -2.243024 12.421268
-4.886614 -2.143657 12.896276
-4.578743 -3.049835 12.358383
-4.590578 -2.865680 12.376860
-4.730182 -2.097825 12.571925
-4.010006 -2.843439 12.964911
-4.754890 -0.838704 16.268816
-6.525403 -1.345684 19.433283
-4.543174 -3.282797 13.378762
-3.549148 -3.484909 13.718657
-3.738373 -0.843198 15.534069
-5.112510 -2.392887 13.312236
-4.385922 -0.932978 17.085245
-5.554987 -3.176822 13.633842
-3.568666 -3.449805 13.611277
-5.413609 -1.427130 13.883387
-5.828758 -1.721757 14.779141
-7.876670 -3.587927 19.252361
-8.132379 -2.869335 19.150978
-4.460690 -3.224293 13.669298
-4.679749 -3.287556 13.230243
-5.013345 -2.175029 18.195822
-5.822207 -3.592463 15.833295
-6.965426 -3.019264 16.855198
-5.441828 -2.569613 13.669573
-7.913476 -1.681210 18.836933
-4.979937 -3.229590 12.840997
-4.680091 -2.074284 12.539280
-5.092134 -0.626874 13.238775
-5.012638 -2.291907 13.109855
-4.614419 -2.249633 12.424055
-4.774478 -1.248678 12.640627
-4.291496 -3.174994 12.338725
-4.772732 -2.401984 12.140139
-4.499420 -3.171200 12.595713
-5.007102 -2.284534 13.121631
-4.586938 -2.229447 12.395691
-5.008662 -2.285618 13.128269
-4.655570 -2.377924 12.208670
-5.788733 -3.736103 17.699312
-5.213638 -0.608783 13.441809
-4.440473 -3.220454 12.788243
-4.208261 -3.204084 12.614769
-4.284558 -3.173540 12.302938
-4.482392 -3.195559 12.538266
-5.280066 -1.856326 13.635747
-4.981869 -1.437734 13.046690
-4.755181 -1.484995 12.611629
-4.585865 -2.092822 12.402100
-5.417775 -2.087575 18.863979
-4.479882 -3.251358 13.213042
-5.171669 -1.364570 13.394650
-5.823325 -0.953263 14.765270
-4.799354 -3.286202 13.965016
-5.997727 -3.692167 16.090590
-3.455379 -3.723257 14.131124
-4.518454 -3.251712 13.267093
-6.159406 -3.048795 14.945303
-4.830178 -3.310552 14.011718
-6.099612 -3.783936 16.295113
-5.671150 -3.042769 13.686052
-5.291546 -1.340969 13.556358
-5.663348 -2.147280 14.541553
-6.263787 -3.411233 15.000049
-5.933335 -0.917261 14.919867
-6.243949 -3.403291 14.970839
-7.608946 -1.700949 21.293455
-4.730525 -3.200247 12.995805
-3.564554 -3.447261 13.576406
-6.268703 -2.930578 14.745988
-4.759822 -2.434771 12.322882
-4.941164 -1.844188 13.015581
-4.698858 -2.086291 12.550389
-4.736299 -2.645152 12.192294
-4.668407 -2.396109 12.249251
-4.118309 -3.137983 12.795050
-5.416655 -2.452856 13.883902
-4.305331 -3.206935 12.795324
-5.324733 -2.025113 13.754120
-5.112978 -0.553847 13.186042
-3.877865 -3.434435 15.627351
-4.980548 -1.436480 13.046643
-5.397262 -2.882211 13.377095
-5.446664 -3.632553 15.193345
-5.958475 -3.978322 17.614275
-4.669410 -3.272433 12.783524
-4.895614 -3.161842 12.786524
-3.474979 -3.322775 15.695788
-4.161312 -3.250689 12.618282
-4.275951 -3.170205 12.304370
-5.122636 -2.422491 13.270446
-6.570173 -1.952761 16.136261
-5.381602 -1.696147 13.845881
-4.009753 -2.844954 12.966513
-4.550295 -3.020206 12.191151
-4.165608 -3.540973 12.882661
-7.689823 -1.444558 18.122458
-5.798554 -0.850865 15.566826
-4.251650 -3.180043 12.262994
-6.240015 -3.200449 15.597598
-7.775299 -3.557627 19.137989
-5.163391 -1.345726 13.396634
-5.777879 -3.329038 13.903901
-4.938079 -3.198672 12.845150
-5.982399 -3.713149 16.185303
-5.139502 -0.781033 13.210852
-4.720988 -2.545021 12.533296
-5.291282 -3.692282 17.959187
-8.508891 -2.239179 19.942549
-4.621029 -2.762190 12.214095
-4.691741 -2.390080 12.194685
-4.660765 -2.907534 12.172143
-5.142021 -0.536953 13.276568
-4.821546 -2.651690 12.085674
-4.734672 -3.014380 12.578816
-5.048292 -2.124911 13.198019
-4.594459 -3.105577 12.062277
-4.251169 -3.154655 12.334504
-5.764067 -2.172768 14.668777
-4.624147 -3.134185 12.087779
-4.114382 -3.276305 12.510303
-4.428770 -3.169022 12.419770
-5.000409 -1.435610 13.073236
-4.786871 -1.416483 12.670895
-4.664910 -2.395221 12.247884
-4.220841 -3.483525 16.229269
-6.312963 -2.926272 15.699410
-5.428511 -1.416715 13.903001
-4.691601 -2.562981 12.503165
-4.708193 -2.394157 12.241385
-5.130350 -1.875498 13.201001
-4.745878 -2.390542 12.125845
-4.876032 -4.306766 17.452257
-5.682143 -0.860317 15.338229
-4.427117 -3.264209 12.588354
-4.719512 -2.434493 12.232327
-4.741338 -1.428445 12.385361
-4.808601 -1.393881 12.675477
-4.769315 -1.329835 12.622578
-4.973423 -3.229987 12.874888
-5.105389 -1.872247 13.174829
-4.632950 -3.012156 12.117718
-4.824799 -2.385785 12.113709
-5.044198 -1.042530 13.141337
-5.108798 -0.782712 13.177128
-5.525747 -1.454847 19.050949
-3.616139 -2.863034 13.198896
-3.701672 -2.781530 12.631500
-6.272746 -3.150857 15.399057
-5.651264 -3.703673 16.863932
-6.111527 -3.209700 17.901419
-5.029761 -2.068275 18.252518
-5.140301 -1.242235 18.279949
-3.594778 -2.802947 13.081086
-3.749706 -2.770815 12.619118
-4.110742 -3.130916 12.790366
-4.797447 -1.735456 12.784981
-4.638753 -3.244568 13.169213
-5.379622 -1.695742 13.841667
-4.515478 -3.791674 16.197378
-5.057005 -3.655663 18.272760
-4.369977 -3.190672 12.513654
-7.198173 -3.295960 18.384733
-4.220604 -3.269582 12.676968
-4.334460 -3.221033 12.952147
-4.675112 -1.513009 12.491762
-3.989700 -0.838689 16.305393
-4.664226 -1.970119 12.070560
-4.229035 -3.650732 13.023556
-4.524351 -3.052922 12.216702
-5.036448 -1.041963 13.131967
-3.695672 -2.754689 12.607700
-4.362487 -3.266727 13.063497
-4.334786 -3.237560 12.939839
-5.223430 -3.314284 14.120124
-5.279714 -2.259911 13.630708
-5.213595 -3.407994 18.280907
-7.392231 -3.292358 17.519119
-5.861231 -2.908538 14.528478
-6.293774 -2.948537 14.666006
-7.474953 -2.817209 18.832493
-8.089923 -3.825560 19.836994
-4.753488 -2.506621 12.384058
-4.657434 -1.748485 12.264544
-4.820646 -3.084631 12.648458
-4.709919 -3.176646 12.960297
-4.121937 -2.926571 13.107058
-4.785128 -1.307556 12.775011
-4.262594 -3.195116 12.703782
-4.126320 -0.438338 13.258097
-4.952141 -1.012018 13.015858
-5.440386 -2.169312 18.951544
-4.408136 -3.220070 12.347318
-4.764030 -2.421848 12.288807
-4.707480 -1.263347 12.567153
-4.567538 -2.223603 12.380172
-3.479981 -2.925999 13.014174
-4.642028 -0.451662 12.996573
-4.817986 -0.444490 12.829209
-4.859681 -3.128929 12.708994
-4.780910 -1.383133 12.324713
-4.900769 -3.163716 12.784983
-4.601847 -3.082573 12.114257
-4.968853 -0.624226 14.441603
-4.340491 -3.177607 12.519324
-3.674289 -2.765731 12.623839
-4.333198 -3.196916 12.417057
-4.144571 -3.207069 12.590818
-4.457478 -1.300381 11.774265
-4.447863 -2.993405 12.170784
-3.597361 -2.835227 13.130795
-4.836901 -1.533216 12.744520
-4.640770 -3.198247 12.810476
-4.189720 -0.443018 13.304347
-5.831174 -3.546284 15.836414
-5.031246 -2.840619 12.411771
-4.155194 -0.429240 13.257643
-4.806328 -1.241500 12.746212
-4.970339 -0.541944 12.942203
-5.065660 -0.694410 13.161008
-4.276666 -3.189814 12.726770
-4.660463 -1.515078 12.479134
-8.335657 -3.068523 20.436014
-4.832325 -2.662816 12.059237
-3.293146 -3.049723 13.088505
-4.244007 -3.273620 13.012333
-4.666606 -2.368204 12.211203
-4.380813 -3.231166 12.961281
-5.001419 -0.544574 13.001291
-4.777172 -0.421570 12.623714
-5.182366 -2.943577 13.195964
-3.750636 -2.790170 12.626669
-4.271971 -3.008281 13.306885
-4.668811 -2.364978 12.216865
-4.867801 -1.740912 12.851408
-4.773224 -0.439794 12.608488
-4.222846 -3.312770 14.828565
-4.332985 -3.182616 12.480929
-5.001726 -1.264754 12.992751
-4.945248 -1.284521 12.964650
-4.388508 -3.163309 12.338326
-4.722630 -2.084476 12.549688
-4.778614 -0.415600 12.622029
-4.697404 -0.520629 13.322004
-4.455667 -1.301625 11.793349
-4.867796 -0.432555 12.424747
-3.445845 -0.388716 13.370942
-4.757437 -3.227540 12.993160
-4.896928 -1.270696 12.892327
-4.676639 -2.384767 12.190598
-4.690278 -2.081480 12.532919
-4.774046 -0.435690 12.606149
-3.592989 -2.818993 13.112162
-4.157621 -3.208946 12.625542
-7.839603 -1.411555 18.159847
-4.855736 -0.454923 12.405170
-4.257396 -0.434928 13.158912
-4.480363 -3.244494 13.488696
-4.237266 -3.182644 12.511720
-5.010708 -2.195528 13.133886
-5.884004 -0.818860 15.655338
-4.670035 -1.242332 12.498800
-6.516724 -1.117843 16.004663
-4.571955 -1.313609 12.554134
-4.756041 -2.513676 12.391706
-4.233823 -3.305980 14.819506
-5.347081 -3.702762 18.017981
-5.687306 -0.849523 15.335017
-6.200933 -2.964283 15.840732
-4.345615 -3.140818 12.269550
-4.913321 -1.544400 12.874073
-4.860090 -0.594964 12.822144
-5.151531 -1.275250 18.133511
-6.968899 -3.709302 17.269817
-4.385760 -3.181384 12.558089
-4.957356 -0.631894 14.452958
-4.160426 -0.415295 13.311656
-6.901916 -3.685535 17.165863
-4.139363 -3.156635 12.549924
-4.938722 -0.557790 12.914815
-4.164546 -0.417516 13.310011
-5.180595 -3.263513 14.073370
-4.929830 -0.557364 12.898588
-4.740171 -1.416277 12.366423
-6.701987 -1.096631 16.283548
-5.060329 -0.607295 14.273424
-7.280591 -3.715719 19.710611
-4.820284 -1.412430 12.843414
-7.976953 -2.608420 18.816105
-4.821849 -1.718855 12.776606
-4.662949 -2.393181 17.026554
-4.736610 -1.415975 12.364554
-3.828965 -3.293100 16.098671
-4.944768 -0.626730 14.412285
-4.981227 -1.437006 13.046295
-5.716451 -2.624864 14.300854
-4.863221 -1.721866 12.823145
-5.129513 -1.437438 17.752161
-5.339735 -3.554463 18.765358
-4.850009 -2.402783 12.085497
-4.919669 -1.007364 12.988929
-6.467818 -1.619140 18.631802
-4.870457 -2.430757 12.115785
-4.684547 -1.207093 12.522938
-4.805949 -0.606718 12.740709
-4.703182 -1.497158 12.530274
-4.965399 -0.581083 12.979101
-3.509336 -3.540421 14.070567
-4.707734 -1.461007 12.557034
-4.193811 -2.921739 13.145858
-4.494745 -0.409083 13.128232
-4.760720 -0.565087 12.595532
-4.671077 -1.419472 12.299178
-4.710117 -1.388770 12.541284
-4.752923 -1.397320 12.323107
-4.832515 -1.388579 12.758338
-4.860336 -2.405349 12.100374
-4.627483 -2.439331 12.255441
-4.717905 -1.990845 12.552396
-4.736341 -0.559957 12.577966
-4.505465 -1.360963 11.922782
-4.600726 -2.092194 12.423719
-4.937635 -1.290028 12.959501
-4.173565 -3.168297 12.337532
-4.642735 -3.243772 13.181578
-4.945818 -2.518467 12.366899
-4.888339 -1.744866 12.877864
-4.330836 -3.137480 12.211679
-4.623124 -2.099656 12.446065
-4.314753 -3.197314 12.945648
-4.738480 -1.369623 12.636911
-4.740211 -2.643331 12.154357
-4.625199 -2.433175 12.258324
-4.557621 -2.499923 12.351297
-4.864194 -2.409320 12.098900
-3.575802 -2.792788 13.060280
-4.759966 -0.558265 12.593703
-4.887057 -2.068527 12.884583
-4.735929 -1.362597 12.633640
-4.853639 -1.378852 12.784635
-4.746698 -3.028739 12.599721
-4.739797 -2.644331 12.154597
-4.629200 -2.446474 12.259623
-4.750271 -1.397810 12.366463
-4.863740 -2.408979 12.100511
-4.054907 -3.700178 12.971177
-4.761063 -0.556418 12.596124
-4.478417 -3.014751 12.204272
-4.865489 -1.372688 12.800673
-4.624820 -2.442873 12.263559
-4.741370 -0.549373 12.578520
-4.668441 -0.416459 13.041745
-4.491730 -0.409671 13.132003
-4.907446 -1.559801 12.903835
-4.813536 -1.391557 12.736588
-4.853370 -2.686661 12.080666
-5.283453 -2.452574 13.636767
-4.320600 -3.204434 12.941921
-4.882659 -1.287462 12.881254
-4.223980 -3.160594 12.228525
-4.497543 -3.254232 13.751781
-4.234566 -3.067489 13.333170
-4.713035 -3.287421 13.312300
-5.917814 -2.787391 14.229454
-4.676525 -1.531364 12.511514
-3.778491 -0.771358 15.905264
-5.620058 -0.813277 13.877844
-4.725691 -1.335569 12.578259
-3.633999 -0.680740 15.834070
-5.269324 -1.236140 18.609753
-7.101852 -3.166208 17.066996
-6.739291 -3.110785 17.248796
-4.529623 -1.360739 11.945136
-4.250735 -3.424517 12.968462
-4.446390 -1.054148 16.769423
-5.594390 -1.459117 14.238811
-4.861144 -3.344307 14.047129
-7.799690 -3.174215 18.179232
-5.002950 -0.618426 14.072977
-5.237453 -3.629232 17.953873
-6.045924 -2.800160 15.411270
-5.829891 -2.931273 14.743932
-4.029306 -3.117901 12.306110
-5.271086 -2.193559 13.614432
-6.179070 -3.159021 15.476002
-4.174896 -3.179430 12.619270
-4.450802 -3.207611 13.176983
-5.425227 -2.180446 13.977693
-6.068351 -3.715839 17.923761
-4.872874 -1.276722 12.836881
-5.289508 -1.915987 13.701089
-7.351993 -2.783940 18.599586
-4.418167 -3.192457 12.647304
-5.017626 -1.275830 13.039068
-4.495330 -2.954184 12.284526
-4.715052 -1.374119 12.363425
-5.165918 -3.352411 13.898090
-5.060276 -3.350177 13.918060
-4.253156 -3.003912 13.308895
-5.298013 -1.435892 18.290527
-3.673045 -2.756097 12.591135
-5.163398 -3.350288 13.891613
-5.056972 -2.418456 13.120124
-5.347475 -2.490121 13.687455
-3.525424 -3.585301 14.105037
-3.935995 -3.494597 12.705450
-4.410595 -3.262890 13.018708
-3.514288 -3.420620 15.188788
-5.130756 -1.352370 13.351817
-4.846242 -1.738868 12.825495
-5.588655 -3.202706 13.692225
-5.722956 -2.936387 14.753927
-4.641730 -2.772124 12.249398
-4.418219 -3.191878 12.654954
-4.735135 -1.238423 12.566875
-4.739695 -2.141660 12.563440
-5.996850 -3.462071 14.186369
-3.543302 -3.065098 13.041205
-4.151532 -3.324445 16.502941
-3.474145 -3.252203 15.615529
-4.636601 -2.761919 12.251822
-4.181946 -3.200113 12.608532
-4.465742 -2.034311 12.256549
-4.578232 -2.077293 12.405414
-4.398353 -3.191777 12.619010
-3.590421 -2.829750 13.106740
-4.791719 -1.725932 12.383618
-4.489211 -3.017290 12.173407
-4.802476 -1.410972 12.666823
-4.511825 -2.989824 12.136394
-4.512343 -3.188010 12.608958
-4.906279 -1.383401 12.822655
-4.147137 -2.948554 13.143449
-4.941574 -3.633429 17.447220
-3.563486 -2.783635 13.018245
-4.780616 -1.419224 12.407996
-4.273087 -3.147032 12.376595
-6.402612 -2.376795 15.920460
-4.391326 -3.253766 13.016936
-4.789990 -3.256101 13.076219
-4.662767 -2.486433 12.280036
-4.765175 -1.391126 12.317744
-4.769566 -1.712578 12.330699
-4.650297 -2.500146 12.276146
-3.835672 -3.502170 13.730987
-4.712934 -1.512731 12.563780
-5.910027 -3.778502 16.031845
-5.285981 -3.659907 17.878111
-3.804842 -3.551915 13.699075
-4.534167 -3.268080 13.369610
-3.262655 -3.232487 15.056101
-3.984085 -3.196552 12.147460
-4.991696 -2.585827 12.032199
-4.752305 -2.228170 12.150539
-4.607494 -2.951493 12.397823
-4.831071 -2.638583 12.122922
-7.217486 -2.700659 18.365528
-4.100937 -3.054551 12.752018
-6.165901 -3.163902 15.445155
-7.361008 -1.703841 19.828356
-4.730032 -2.444003 12.046907
-5.279975 -3.369311 14.167967
-3.571552 -2.795212 13.022965
-3.694757 -3.198916 13.209352
-3.570005 -2.792511 13.016129
-3.484807 -3.310088 14.951087
-6.770785 -3.327166 17.391817
-4.603367 -2.248514 12.421903
-5.973024 -2.814534 14.335190
-3.971824 -2.763700 12.777188
-5.051004 -3.359376 14.663720
-4.536470 -2.135900 11.940228
-4.882363 -3.382314 13.308825
-4.660439 -1.984253 12.483162
-4.773750 -1.373190 12.206906
-3.388559 -3.422864 13.647561
-5.573223 -3.195265 13.688134
-5.600981 -1.804381 14.282436
-4.652067 -1.983159 12.472268
-4.851342 -1.739184 12.830560
-3.849267 -3.382938 16.253300
-3.820126 -2.768917 12.859038
-4.778351 -1.374763 12.204082
-4.769597 -2.445526 17.410545
-8.044439 -1.727358 21.224962
-4.694910 -0.556207 12.241847
-4.652972 -3.392071 13.578450
-4.450218 -3.199554 13.168518
-4.556241 -3.512004 16.658060
-6.328410 -3.690022 17.891689
-4.780896 -1.702357 12.314529
-4.720683 -3.188559 12.972218
-4.704791 -1.415897 12.528582
-4.752560 -1.239934 12.586139
-5.140233 -0.996101 18.245483
-4.732072 -2.141555 12.565370
-4.159759 -3.145913 12.468570
-6.518013 -3.782583 18.218964
-4.689233 -1.416456 12.508985
-4.074771 -0.419486 13.024955
-6.802922 -1.735818 18.703806
-4.402305 -3.200954 12.588321
-4.444407 -3.180158 12.466460
-6.628416 -3.887980 19.177092
-4.765499 -1.388563 12.315922
-4.768039 -1.832798 12.300321
-4.013345 -3.192553 12.221861
-4.925786 -1.431938 12.959903
-4.294191 -3.026705 11.848758
-4.756832 -0.467930 12.588338
-3.322022 -0.407963 13.499705
-5.209156 -0.565455 13.392833
-4.535850 -1.368982 11.951188
-4.807019 -1.395824 12.349933
-4.368930 -3.246169 13.119067
-4.648337 -2.532664 12.272369
-4.622962 -2.094928 12.435523
-4.607322 -2.093683 12.434081
-4.091005 -3.596983 12.471405
-4.338165 -3.153920 12.215098
-4.255238 -3.260791 12.097003
-4.734399 -1.238739 12.567857
-4.152828 -3.373071 12.476064
-4.293270 -3.181678 12.051507
-4.913081 -2.550854 12.084245
-4.297622 -2.028506 11.386750
-4.704602 -0.475334 12.452929
-4.122907 -3.383307 12.420732
-4.588169 -2.093177 12.408585
-4.738571 -1.236767 12.567264
-4.793721 -2.702252 12.138900
-4.859984 -2.496058 12.122222
-4.939148 -2.476656 12.058421
-4.746969 -0.449727 12.548326
-3.124655 -3.472602 12.711982
-3.554905 -0.374033 12.917905
-6.019131 -2.835582 14.467176
-6.448494 -1.621841 18.447128
-3.678805 -3.292190 13.271006
-3.469026 -0.682344 15.236911
-8.438559 -4.108477 20.321499
-5.324105 -2.468285 13.686257
-4.838489 -0.597438 14.089798
-6.066787 -0.915789 15.101870
-4.623279 -3.051081 12.417765
-3.449672 -3.205862 15.447165
-3.461342 -0.678176 15.238395
-4.902357 -1.591874 12.992219
-4.957812 -1.020000 18.312351
-4.968301 -0.602864 14.006911
-5.716977 -2.881328 14.344690
-5.294447 -2.065997 17.844862
-4.972467 -0.954212 13.032372
-8.893870 -1.710963 20.406593
-5.798914 -3.678309 15.893531
-7.879842 -1.413286 18.188351
-3.843349 -3.313304 15.439416
-5.065400 -0.607785 13.863857
-4.967309 -0.602578 14.009202
-4.616857 -3.329531 13.432499
-6.940619 -3.112371 16.791746
-6.000184 -3.652377 16.088900
-4.636706 -1.972314 12.461655
-4.568571 -1.954690 12.395057
-4.893830 -2.535210 12.071991
-4.750184 -2.212693 12.150646
-5.619331 -3.996017 17.355181
-4.754784 -2.459625 12.170113
-4.201724 -3.063322 11.942007
-5.080651 -2.607752 12.171474
-4.413177 -0.411405 12.864023
-5.407405 -1.690244 13.849398
-4.634104 -2.806050 12.251583
-5.535888 -3.625648 16.606775
-4.306279 -3.133256 12.162539
-4.919337 -2.781936 12.830792
-4.540926 -3.014358 12.164420
-6.758269 -3.603503 16.953564
-4.630564 -2.503014 12.260216
-3.954982 -3.074753 12.046673
-4.342976 -3.162603 12.459708
-4.741812 -3.207814 12.992647
-4.970323 -2.811615 12.899054
-5.033949 -2.116101 13.186863
-4.266888 -3.025817 11.772503
-4.610490 -2.781552 12.223585
-4.141874 -3.137649 12.482849
-4.086898 -3.135556 12.295157
-6.986505 -3.316621 17.080360
-4.963164 -2.577660 12.153315
-4.397344 -0.815620 15.506138
-4.014023 -3.110365 12.348449
-3.411310 -2.855324 12.798573
-4.145920 -3.150086 12.553384
-4.229187 -2.982389 11.736504
-3.411250 -2.856980 12.801329
-4.956308 -0.959978 13.014213
-3.995063 -0.796359 16.459049
-4.282594 -3.107769 12.132183
-3.406832 -2.837667 12.783105
-4.957360 -2.485113 12.065694
-4.715406 -1.386334 12.588559
-3.491753 -3.048630 11.972769
-4.640612 -2.762060 12.251846
-4.685949 -2.336397 12.263065
-4.670086 -1.368159 12.088465
-4.716635 -1.079367 12.463494
-6.550272 -3.393254 17.500658
-4.248899 -3.141467 12.249910
-3.959414 -3.110345 12.099113
-3.521930 -2.850079 12.629814
-2.879914 -3.377923 12.738150
-4.805921 -2.482525 12.069384
-3.444158 -2.909048 12.897836
-4.034441 -0.436575 12.929295
-4.934563 -1.265815 12.898262
-4.583149 -0.640830 12.023819
-4.137541 -3.143773 11.998505
-4.606473 -2.484290 12.229521
-4.343457 -0.436672 12.742096
-4.161319 -3.096691 11.729737
-3.516191 -2.848347 12.655455
-4.758167 -2.670049 12.085340
-4.346308 -0.440661 12.743689
-4.117389 -3.086907 11.922857
-4.600510 -2.489261 12.229946
-4.265773 -0.463914 13.151288
-4.141587 -3.128590 12.057708
-4.199680 -3.093625 12.240528
-3.828873 -3.132928 11.974592
-4.794302 -0.600234 14.003168
-4.068115 -0.588521 12.752934
-7.267121 -3.156064 17.395376
-6.375977 -1.925632 15.816877
-4.739508 -2.322606 12.595656
-4.995922 -0.578457 14.040364
-5.619577 -3.993339 17.353247
-4.890059 -1.378653 12.808827
-4.675640 -2.837218 12.266168
-5.799837 -3.594771 15.869708
-6.329513 -1.104483 15.698277
-5.127654 -0.596984 13.260705
-5.418043 -2.516244 13.796205
-4.725412 -1.701500 12.229524
-4.819751 -1.240530 12.673270
-4.643630 -2.606527 12.466743
-3.961647 -3.088191 12.047018
-4.309776 -0.760644 17.568836
-4.036961 -3.132705 12.376123
-5.684971 -3.666338 17.496241
-4.507241 -0.413407 12.692112
-5.697488 -0.639306 14.256285
-4.735553 -1.247314 12.569038
-3.845701 -3.053278 11.803860
-4.577318 -2.914194 12.369550
-4.716348 -1.832805 12.209105
-4.238595 -3.114744 12.252585
-3.786540 -3.040597 11.765213
-4.578872 -2.922059 12.370431
-4.651763 -2.259844 12.458135
-4.741585 -1.461895 12.391246
-3.230172 -3.031389 12.083788
-4.896595 -0.531670 12.764929
-4.665306 -0.517418 12.483621
-3.927993 -3.069277 12.089007
-4.075648 -0.398974 13.034049
-4.435609 -3.172557 12.451340
-4.332684 -3.170218 12.435429
-4.045297 -3.020407 11.416691
-4.159713 -3.093134 11.722188
-4.544202 -2.887241 12.331002
-4.512485 -0.413171 12.705637
-3.954325 -3.104009 12.132517
-4.836247 -1.541254 12.776059
-4.479753 -3.201141 15.961583
-4.465933 -3.362546 16.852554
-4.305930 -3.587522 13.220082
-5.620544 -1.466062 14.293091
-7.131709 -2.715106 18.174395
-5.523901 -3.190995 14.133334
-5.659328 -1.805389 14.299620
-6.843221 -3.135262 17.647127
-5.342112 -2.997270 12.461243
-5.067750 -0.669748 13.131561
-4.890674 -1.267239 12.838528
-4.144887 -3.607097 12.979895
-5.841844 -1.839217 14.958218
-3.689421 -0.896544 15.125116
-5.031371 -3.154771 13.862031
-6.608157 -3.810347 17.046797
-7.148673 -2.701976 18.210285
-8.252903 -1.937754 20.558397
-4.766705 -1.701758 12.266515
-4.632217 -2.600524 12.442791
-3.991473 -2.763942 12.767536
-4.054015 -0.399316 12.956625
-4.186995 -3.055231 11.941238
-3.620570 -0.408799 13.264071
-5.271335 -1.133694 18.707188
-4.709728 -2.409577 17.187952
-4.957727 -2.491741 12.058186
-4.598377 -2.240516 12.402364
-3.724323 -3.055668 11.897191
-4.599289 -2.221557 12.391875
-4.569667 -2.562069 12.389080
-3.365658 -3.038083 11.882370
-4.922172 -1.164719 17.508724
-4.061392 -3.059439 11.797879
-4.916966 -2.729554 12.063214
-3.018991 -3.022399 12.088579
-4.742069 -2.419234 12.167794
-5.652792 -0.768868 15.199589
-5.241171 -3.338601 14.121429
-5.219958 -1.503288 17.861158
-4.949806 -2.385386 12.909749
-5.250993 -0.651218 13.514217
-4.193159 -2.988252 11.602913
-4.207020 -3.097387 11.862106
-4.627198 -0.599460 12.063905
-4.770982 -0.467001 12.605829
-3.256536 -0.363048 13.271386
-3.234071 -3.038064 12.092336
-3.071251 -3.019742 11.958044
-4.694763 -0.500354 12.516287
-4.870967 -2.535487 12.113909
-5.786463 -3.012327 19.478855
-3.274336 -2.989821 11.788102
-2.870482 -3.018538 12.240722
-4.753450 -0.588172 12.591460
-3.949454 -3.101125 12.207286
-4.062049 -3.089752 12.313060
-5.130203 -3.261778 13.922715
-4.646171 -2.525778 12.266485
-4.937425 -0.567307 13.886634
-4.778510 -2.232506 12.195171
-4.662205 -2.528827 12.292301
-3.313673 -2.913923 11.748123
-3.638843 -3.191190 12.958406
-4.043662 -3.013271 11.523113
-4.785105 -2.235996 12.212391
-2.863954 -3.017302 12.247372
-3.275225 -2.942318 11.925638
-4.087385 -3.073318 11.924000
-6.479901 -3.772438 18.179504
-4.862551 -2.532830 12.109838
-3.056767 -3.034702 12.178869
-3.612271 -3.572587 15.676892
-4.619565 -3.068859 11.916440
-3.923374 -3.010548 11.632927
-4.443761 -3.078192 11.712270
-3.146379 -2.957602 11.873712
-4.050548 -3.679135 12.937325
-4.421075 -2.084206 11.665579
-5.776619 -3.671991 15.809968
-4.675481 -2.624319 12.504448
-5.609902 -2.238076 14.407894
-2.856503 -3.003428 12.231650
-3.437127 -2.929258 11.827619
-3.221653 -0.454458 13.159551
-5.925246 -3.237648 17.576406
-4.068547 -3.015788 11.579397
-3.038472 -3.014782 11.981183
-4.836146 -2.482142 12.140143
-3.223819 -0.476224 13.170036
-4.783954 -2.488944 12.174181
-4.814672 -1.445972 12.461074
-5.017584 -2.605974 12.106169
-3.861273 -3.054171 11.930572
-4.094913 -3.057769 11.887541
-4.225584 -3.013702 11.679073
-4.642046 -2.177650 12.022278
-4.702230 -3.135602 12.023597
-4.645163 -3.142684 12.096004
-4.952322 -2.574987 12.040154
-3.614250 -0.354920 12.969136
-4.305907 -0.383543 12.613951
-4.274270 -2.014669 11.369781
-3.874759 -3.066330 11.971844
-4.564003 -3.025249 11.850155
-4.769260 -0.426050 12.487553
-4.644394 -0.402558 12.060067
-4.193161 -3.155752 12.994425
-5.080880 -1.358479 13.264969
-3.599216 -0.335993 12.759331
-4.636403 -2.500653 12.261863
-4.763076 -0.429770 12.492946
-3.254163 -0.411205 13.307876
-4.109852 -3.068082 11.580760
-3.595887 -0.336040 12.761067
-4.760689 -0.423951 12.494513
-4.490975 -0.350176 12.028003
-3.578013 -0.346461 12.744983
-6.715071 -1.287136 18.654320
-3.937768 -3.170131 12.053787
-4.532668 -1.662183 11.922007
-3.202032 -0.345814 13.047116
-3.033653 -2.537887 12.870796
-3.483789 -3.285339 15.692480
-3.434937 -0.318968 12.740382
-3.578265 -0.346182 12.745638
-3.083815 -2.476853 13.036827
-4.628430 -2.538830 12.252604
-3.303234 -0.449467 13.394435
-4.830762 -2.333125 17.806898
-5.219500 -2.177084 13.537514
-6.152698 -3.727210 15.698163
-4.367840 -1.278052 11.489950
-5.706696 -2.222157 19.075438
-4.669039 -3.579158 17.607649
-3.263694 -0.437469 13.374725
-3.612094 -0.702449 15.524632
-4.996182 -2.200319 13.117184
-4.730470 -3.234345 13.043348
-7.311446 -2.511675 18.456665
-4.317648 -0.390886 12.645333
-7.067580 -3.245848 17.729700
-4.929001 -3.395350 14.201622
-4.208718 -3.000162 11.647380
-5.284146 -1.856484 13.629256
-3.599472 -0.703788 15.527884
-4.442454 -0.405885 12.569731
-4.002944 -0.393256 12.875822
-5.145059 -1.355097 13.373795
-3.954422 -3.485022 15.916320
-6.555757 -1.602576 18.370237
-4.091294 -3.132331 14.412193
-3.433533 -3.107681 12.089380
-4.212406 -3.111247 12.260141
-4.168316 -3.086049 12.034595
-4.148479 -3.059865 11.714513
-5.006701 -0.511317 12.951230
-2.928837 -3.165261 12.433598
-4.392236 -3.142824 13.358123
-6.200419 -1.270506 17.856014
-4.584847 -1.346042 12.000481
-4.468557 -3.260375 13.525667
-4.650783 -0.575354 12.103968
-4.520047 -1.359171 11.931809
-3.996226 -0.402669 12.847958
-4.411849 -3.178987 12.649389
-4.558955 -1.653155 11.995244
-3.955710 -3.103947 12.135694
-4.833504 -0.451393 12.699023
-3.885936 -3.129195 11.916440
-4.146926 -3.129997 12.204146
-3.994278 -3.043144 11.712790
-4.476086 -3.013482 12.220495
-3.587912 -0.295575 12.331064
-4.600761 -1.363117 12.014297
-4.086719 -3.053620 11.803595
-4.430141 -0.402384 12.540873
-4.865338 -2.039981 12.770295
-4.041679 -3.104233 11.776728
-3.702223 -3.373240 13.865820
-3.642061 -3.152822 12.058731
-3.874902 -3.135769 11.949811
-3.038109 -2.613870 12.958472
-5.889587 -1.582448 19.588150
-3.235684 -0.395225 13.341445
-4.983549 -2.782841 12.132804
-3.659848 -0.700638 15.617288
-3.991892 -0.386306 12.795056
-3.988852 -3.180299 12.178636
-4.082656 -3.169244 12.444153
-4.619094 -3.072835 11.902041
-3.007474 -0.312833 12.999241
-3.978917 -3.152967 12.059973
-4.186063 -3.124626 12.139606
-5.590730 -1.466492 19.198280
-3.614803 -0.367296 12.952039
-3.965914 -3.153033 12.036716
-4.068328 -3.068825 11.804197
-4.458712 -2.999790 12.179744
-4.828404 -2.496375 12.144716
-3.650715 -3.228608 12.996032
-4.279575 -3.075734 11.726621
-2.879711 -3.068258 12.317636
-2.758759 -3.067638 12.322720
-4.331060 -1.707956 11.275600
-3.292364 -0.305552 12.681288
-4.078193 -3.143538 12.402122
-4.718163 -0.470348 12.471184
-4.132645 -3.142960 11.648732
-4.261365 -3.070702 11.681747
-4.189703 -3.116669 11.811194
-6.822594 -3.641721 18.012972
-3.898191 -2.958888 12.126997
-3.040050 -2.572310 12.956283
-4.432400 -1.695991 11.778043
-3.240690 -3.063215 12.124907
-4.006550 -2.869010 11.626727
-5.572318 -1.432901 18.132952
-3.666300 -0.838074 15.797559
-3.957819 -3.139148 12.019670
-5.381700 -1.684525 13.802844
-5.737307 -3.642407 15.783001
-4.308893 -3.059777 11.836456
-4.693811 -2.294868 12.533871
-4.234669 -3.109689 12.244148
-5.392053 -1.423949 13.857742
-5.424426 -3.616545 19.020046
-4.631637 -2.544804 12.273465
-5.707194 -0.777741 14.384177
-2.782007 -3.008238 12.248227
-4.159345 -3.087425 12.075353
-4.123705 -3.224536 12.477333
-4.061866 -3.055298 11.819861
-6.158838 -1.348469 19.950911
-3.134992 -0.353894 13.028407
-3.197786 -3.013700 12.032229
-4.651900 -0.410793 12.287404
-4.818509 -0.539939 12.336224
-4.757748 -2.229111 12.637788
-4.357951 -3.107368 13.301362
-4.641438 -2.538526 12.267306
-4.708822 -0.579013 13.780062
-3.296778 -0.304451 12.718095
-4.152651 -0.911811 16.426476
-4.290454 -0.393442 12.575143
-4.637373 -2.549606 12.272274
-3.153666 -3.153820 12.220869
-3.457834 -3.217672 14.737644
-4.427334 -0.304664 11.661880
-5.129509 -1.628004 13.357699
-3.848590 -3.364613 15.442951
-4.705711 -0.574096 13.764409
-6.122899 -3.605726 15.643209
-3.533797 -3.129378 12.070531
-2.774562 -3.070133 12.309172
-7.184725 -1.809880 18.477806
-3.823497 -3.600368 13.772189
-4.262474 -3.071081 11.684237
-4.415781 -0.397474 12.504214
-3.610424 -0.367491 12.947499
-3.403147 -3.249650 12.323805
-3.615047 -3.212856 13.094042
-7.399282 -3.204295 17.576086
-4.747562 -0.540977 12.291977
-4.685224 -0.601960 12.505626
-4.014428 -3.049773 11.696535
-6.317188 -3.267872 17.826912
-5.522209 -3.197810 14.605909
-4.079842 -3.291123 12.347145
-4.726896 -2.444933 12.052671
-3.210029 -0.358964 13.138209
-3.887303 -3.067285 11.896707
-3.958428 -3.528979 12.743573
-5.385715 -0.732988 14.626218
-4.372894 -3.673966 13.345644
-4.736881 -0.564304 13.820214
-3.890491 -3.063379 11.900354
-5.592011 -3.569264 14.777735
-4.149322 -3.015504 11.454909
-3.225168 -2.982731 11.862974
-2.879089 -3.056559 12.301149
-2.966346 -3.021259 12.012003
-3.450793 -0.341990 12.811268
-3.469925 -2.959154 11.790595
-4.302476 -0.389389 12.591136
-4.398168 -1.267513 11.549471
-4.522904 -1.342355 11.937776
-4.260830 -3.079353 12.106047
-4.418937 -1.740550 11.781431
-3.835166 -3.051491 11.872036
-4.422982 -1.738966 11.801337
-3.924594 -3.186052 12.029119
-4.760656 -1.425423 12.328814
-4.156270 -3.046407 11.797145
-3.911642 -3.081104 11.948541
-6.281635 -3.687234 15.871634
-7.410715 -2.453741 17.775892
-4.944166 -0.588047 13.618444
-3.310309 -0.432208 13.423117
-4.097282 -3.053321 11.702979
-4.145607 -3.103012 12.027765
-4.312271 -3.120559 12.187116
-5.410157 -3.569307 15.203102
-4.994844 -0.576122 13.702921
-3.275788 -0.309234 12.644192
-4.335345 -3.216255 12.858049
-4.381947 -2.992493 11.845364
-3.605203 -0.365627 12.815006
-4.840168 -3.316810 14.037913
-4.627490 -1.350564 12.034738
-3.939477 -0.375622 12.712964
-3.586036 -2.818044 13.089839
-4.957980 -0.557905 13.649286
-4.711605 -0.570361 13.773955
-3.955273 -0.391988 12.753344
-4.794792 -3.276865 13.959116
-3.412000 -3.047457 12.017992
-4.184318 -0.395067 12.699123
-4.434382 -0.333425 11.720082
-4.513746 -0.767358 15.871238
-4.762099 -2.230957 12.216567
-4.220538 -3.118446 12.271971
-3.946596 -3.064649 12.032552
-4.417204 -0.327039 11.678899
-4.094075 -3.081611 11.936435
-2.946753 -0.286477 12.801918
-5.726232 -1.709535 14.616180
-4.363958 -3.052974 12.002733
-2.875276 -3.041040 12.277372
-4.178131 -3.009220 11.540598
-4.486027 -3.595878 15.607585
-2.948352 -3.041441 12.214699
-4.430546 -1.629420 11.802076
-3.216360 -0.386028 13.111092
-3.832934 -3.034027 11.755930
-5.086493 -3.031029 13.238052
-4.014997 -3.044153 11.676254
-4.047420 -3.080595 11.802943
-4.920268 -1.264585 17.547483
-4.329670 -1.261727 11.347309
-4.958198 -2.099942 13.063349
-2.997985 -3.075612 12.075719
-3.966233 -3.021503 11.600433
-4.114491 -3.062005 11.989280
-4.855821 -2.346245 12.802178
-3.496338 -3.004583 11.841440
-4.346332 -3.142988 12.277998
-4.363376 -1.252991 11.459284
-4.226296 -1.228147 11.091980
-4.579016 -0.375089 12.036105
-3.104085 -0.326376 13.062927
-4.365664 -1.283533 11.490351
-3.874961 -3.069796 11.954916
-5.087416 -3.495670 17.426126
-4.175247 -3.112896 12.131406
-4.448117 -1.746181 11.819050
-4.776409 -3.203804 12.058973
-4.387238 -1.302709 11.537223
-4.981731 -3.655456 17.394028
-3.596517 -0.361571 12.819653
-4.454001 -3.170721 12.065274
-4.166966 -3.120718 12.094935
-2.852322 -3.031000 12.239958
-4.043280 -2.962293 11.235237
-4.608555 -1.304787 12.037682
-4.709706 -0.555218 12.167789
-4.423649 -3.242770 13.250021
-4.154068 -3.152964 12.579206
-4.318147 -3.178359 12.861543
-4.098866 -3.104245 12.340968
-4.401496 -0.395602 12.457070
-4.392802 -0.400484 12.467419
-4.733088 -0.541076 12.195785
-4.182957 -1.638261 11.104773
-3.278426 -0.309526 12.644845
-3.228078 -3.032586 11.890181
-4.968183 -2.970028 17.583454
-5.332948 -0.817311 13.840639
-4.331097 -1.709670 11.275549
-1.756158 0.386933 7.441854
-2.900412 0.098604 9.168259
-0.964914 -2.956974 7.740575
-1.393208 -2.434342 7.048888
-3.274424 0.184578 10.154815
-5.342302 -3.678002 17.932089
-2.977700 0.149124 8.101406
-0.947152 -2.988425 7.571583
-3.453429 -1.079425 9.789857
-2.326894 -0.474016 12.163805
-3.472029 -2.272716 9.023952
-2.036501 -2.313287 7.976532
-4.385712 -1.252222 11.846684
-1.434189 -0.001438 11.060530
-1.501174 -2.672498 11.440567
-2.443465 -2.928334 12.058631
-1.367571 -2.734000 7.826258
-4.436826 -2.389477 12.462129
-2.209658 -2.323278 6.577572
-1.941372 0.409605 7.253823
-1.568114 0.408401 7.041078
-2.943528 0.123723 9.236406
-4.921563 -0.625884 11.043472
-1.819034 -2.349958 6.834362
-0.300357 -3.078709 7.786815
-1.412812 -2.376509 6.960727
-1.946872 -2.289239 7.185246
-5.328344 -1.304519 18.389439
-0.413631 -0.591362 8.343721
-3.497583 -2.497646 7.879550
-4.591898 -0.792414 10.585618
-2.934805 -2.301065 7.010917
-1.693130 -2.447157 7.016327
-2.673692 -2.182298 6.382879
-2.887282 0.086023 9.203293
-5.389642 -1.403266 10.444201
-1.665973 -2.377172 6.913030
-3.826001 -1.176119 13.554598
-1.016370 0.148243 9.848274
-5.384881 -1.400819 10.444291
-1.967683 0.396427 7.002800
-1.423408 -2.376444 6.964598
-1.992053 -2.339041 6.851739
-2.836284 -2.828132 12.019082
-1.047147 -2.689890 9.814577
-1.499172 -0.757031 8.559449
-2.665863 -2.867887 11.786902
-0.424454 -0.593386 8.322712
-1.034226 -2.495972 9.850550
-0.346510 -2.248558 8.353161
-1.531378 0.318816 8.191566
-1.217417 -2.505476 7.128265
-1.567672 -2.693486 10.756858
-1.998204 -1.748805 5.535721
-1.985605 -2.420044 7.268305
-0.965803 -3.021209 7.847955
-1.522665 0.325427 8.180371
-1.571344 -2.757343 7.570952
-1.649133 -0.095865 11.062353
-5.474897 -0.420299 10.174541
-3.330522 -0.165263 8.086740
-1.259534 -2.747069 8.144120
-0.522933 0.322562 8.219878
-2.180509 -2.345856 6.771228
-0.378919 -2.178816 8.000502
-2.245014 0.290895 8.003608
-3.024418 0.127059 8.132716
-0.579646 0.367655 8.925910
-2.073488 -1.081836 5.643066
-2.267243 -0.822339 5.885764
-1.370599 -2.424824 7.672375
-0.976871 0.153121 9.684030
-2.076448 -1.083805 5.641129
-1.792872 -0.211541 11.366877
-0.767112 0.260645 9.214167
-3.733534 -2.379858 9.513380
-1.068417 0.067958 9.631426
-2.298686 0.370816 7.149027
-1.249629 -2.131417 7.512763
-1.544652 -2.957499 7.239055
-1.184222 -2.243796 7.206702
-2.037419 -2.286812 6.066325
-2.260645 0.316238 8.093666
-1.798729 -2.286125 6.136490
-4.063327 -1.554520 10.155047
-2.974970 -2.771530 8.826442
-2.443202 0.482081 6.242357
-1.412261 -2.363031 7.636851
-1.677935 -2.415471 6.966709
-2.948663 -1.893651 8.034590
-1.129871 -0.376909 10.279599
-1.526159 0.332034 8.163123
-1.178949 -2.124177 7.137204
-1.839900 -2.344492 6.767320
-1.036862 -2.534068 9.959562
-2.799618 -2.337608 7.330457
-2.779707 0.386241 7.173223
-1.334663 -2.846117 7.697760
-0.457409 -2.310382 8.541781
-4.751196 -2.716434 10.157858
-2.501995 0.319295 7.705320
-3.274565 -1.901849 9.198408
-2.403164 -2.399568 7.204224
-1.894734 -2.174901 7.408694
-4.115423 -0.019549 9.376600
-0.801141 0.230848 9.253615
-8.689686 -3.063632 19.310822
-2.162419 -2.321072 6.731012
-1.179165 -2.397069 10.107103
-1.918265 0.511597 6.505017
-2.247518 -2.010805 5.854164
-8.980789 -2.806948 19.706392
-2.765271 -2.309209 7.271698
-1.921649 0.508407 6.504713
-1.922834 -2.395663 6.419773
-2.051184 -2.456956 6.175428
-2.462902 0.326358 7.665742
-1.933521 -2.382143 6.312882
-2.234590 -2.390618 6.067653
-3.184960 -0.322969 11.536682
-2.743294 -1.912698 8.118019
-2.184392 0.310845 5.771489
-3.214297 0.046360 8.756123
-1.601218 0.527045 6.528309
-7.983045 -1.621883 21.384024
-9.323006 -4.169773 20.337955
-2.148706 -2.344599 6.237947
-2.017830 0.460806 6.738785
-1.910620 0.506184 6.486701
-0.678406 0.531671 6.989498
-1.817115 -2.341342 6.593640
-1.825868 -2.452408 6.334366
-2.391338 0.308531 7.500705
-1.792436 -2.285562 6.247584
-2.264244 0.466615 6.542540
-9.073175 -2.639086 19.850136
-1.518066 0.574532 6.221395
-1.267753 0.574205 6.470927
-1.863046 -2.573959 9.459821
-2.520879 0.404019 6.600447
-1.557615 0.519877 6.633483
-2.033714 -2.300841 6.275612
-2.473899 0.432116 6.415648
-3.039896 -1.392439 8.244640
-2.256234 -2.400356 6.631477
-1.742867 -2.491284 7.089645
-9.499019 -3.225901 20.518509
-0.675594 0.535287 6.997950
-9.601008 -1.744128 20.885899
-9.919247 -4.437337 20.425783
-1.353873 -2.338926 7.568483
-8.095587 -1.732748 21.291796
-2.087138 -2.179061 7.366445
-9.286550 -1.635236 20.587696
-9.293931 -1.637881 20.583065
-9.625786 -1.667891 20.559805
-9.468324 -2.892322 20.466331
-2.766140 0.365735 7.198546
-4.185601 -2.985405 8.926712
-9.468448 -2.890717 20.466446
-2.330453 -2.247694 7.263302
-9.449414 -3.427876 20.416185
-1.218816 -2.343178 7.681573
-8.438498 -1.913213 21.469091
-9.214195 -1.472571 19.903580
-9.518204 -1.704240 20.459478
-9.543038 -2.905483 20.537626
-9.104532 -1.563617 19.982094
-2.482621 0.434151 6.407829
-9.111867 -2.371363 19.903589
-2.123638 -2.317387 6.401127
-2.445376 0.426097 6.335556
-9.061337 -2.621281 19.816662
-8.506548 -3.295553 19.027084
-4.083432 -0.446889 11.938224
-0.988310 -3.280863 7.933302
-1.248930 -2.163577 7.564450
-4.957271 -0.628008 10.014234
-8.965290 -2.491311 19.664120
-3.574445 -1.105307 12.709589
-2.224322 0.441283 5.823237
-2.512621 0.414195 6.546070
-2.705639 0.420810 8.121900
-8.167570 -1.560819 20.609259
-9.058647 -2.511792 19.811579
-9.061879 -2.512442 19.812122
-8.612709 -2.803624 19.193651
-2.828578 -2.730943 9.688151
-8.191150 -2.207302 18.695501
-2.622377 0.361957 6.820181
-1.940700 -2.347843 7.148447
-7.954764 -4.045546 21.179136
-8.287898 -4.025609 20.457308
-1.157209 -2.069165 7.089699
-9.167992 -3.287055 19.974466
-2.385740 -2.229621 6.053823
-9.277977 -1.596772 20.050184
-2.069194 -2.343981 6.113478
-9.153387 -3.283178 19.963587
-2.010715 -2.293355 6.310341
-2.815736 -2.352906 7.374247
-2.586715 0.228988 6.921858
-1.566522 0.534560 6.640201
-8.671721 -4.207476 20.706244
-0.423233 -3.250883 7.988796
-9.138369 -2.370980 19.920469
-0.984645 -3.146589 8.070280
-8.492549 -4.108929 20.602453
-8.131909 -4.094766 20.597622
-2.339055 -2.231342 5.999590
-8.598372 -4.157863 20.645262
-9.164976 -2.373104 19.949421
-0.451620 -3.099034 7.759419
-1.702458 -2.463358 7.040209
-1.289838 0.543095 6.536834
-8.158217 -4.163990 20.500818
-1.270949 0.565803 6.596000
-9.055057 -2.513806 19.809877
-2.100331 0.332039 7.683987
-8.013428 -4.038468 21.305838
-9.430528 -3.191074 20.298826
-1.804222 -2.331199 6.673651
-1.920519 -2.326278 6.058030
-9.179547 -3.295032 19.985033
-8.473774 -4.093098 20.572577
-1.773137 -2.318139 6.094741
-1.818638 -2.307330 6.204526
-8.333165 -4.068974 20.528603
-2.238289 -2.323882 6.222165
-2.282979 -0.705357 5.947072
-9.760849 -4.300719 20.173225
-1.028930 -2.571147 9.478442
-1.747475 -2.280041 6.484142
-2.018436 -2.332018 6.047099
-7.956155 -4.117362 20.719952
-2.234393 -2.384705 6.086915
-2.279867 0.535369 6.041407
-3.048049 -0.300579 11.235479
-9.684718 -4.315151 19.911568
-1.882360 -2.286634 6.188604
-2.412342 -2.324409 6.179681
-9.127723 -4.275629 19.735872
-9.656933 -1.653253 20.577223
-1.938824 -2.286832 6.438117
-0.625513 0.288071 8.636968
-8.882585 -2.443452 19.574144
-1.669125 0.411512 7.231975
-2.185323 0.516877 6.108693
-1.751332 -2.272022 6.183392
-1.033736 -2.601101 9.480165
-9.180900 -1.649833 20.680962
-1.632399 0.516143 6.570423
-1.977660 -2.328358 6.421327
-9.637196 -3.042747 20.615360
-2.037578 -2.324474 6.113968
-1.691982 -2.302690 6.244174
-8.980789 -3.303133 19.710213
-1.299619 -2.745966 8.220790
-8.606978 -4.462198 19.938354
-4.061215 -1.687612 11.124631
-1.583925 -2.721204 10.832906
-1.253902 -2.478720 7.110961
-9.027082 -2.595927 19.777996
-0.679045 -2.725810 7.011731
-8.872713 -3.369302 19.553795
-8.944995 -3.397945 19.616789
-8.884769 -3.136857 19.577866
-9.243823 -1.492633 19.945808
-8.898598 -3.110434 19.582209
-3.454364 -0.149991 9.586449
-8.949134 -3.402932 19.613724
-9.103708 -1.510675 19.767056
-8.945769 -3.403795 19.615824
-3.878375 -2.474168 11.093630
-8.549272 -4.448009 20.050289
-4.253604 -1.796860 11.560895
-9.612715 -3.310063 20.590271
-3.259887 -2.787699 11.400099
-4.303707 -0.828521 10.530138
-2.734491 0.145117 8.779803
-4.896581 -1.319685 9.745000
-2.207458 0.446124 5.799958
-8.658358 -2.815672 19.243422
-2.806597 -2.581684 8.469672
-8.148215 -4.282667 20.644594
-2.906755 0.260965 7.722121
-1.447417 -2.208014 7.981381
-1.258972 0.607544 6.184706
-0.831924 0.628300 6.288786
-5.064947 -1.343293 9.948376
-0.697253 -2.735002 7.018685
-8.784620 -3.372982 19.374712
-3.393176 -2.744606 12.593116
-0.981574 0.171514 9.769832
-8.849738 -2.856601 19.499273
-0.189294 -2.952063 8.086269
-4.292081 -1.357025 11.604873
-3.345632 -0.808046 7.549122
-9.044451 -3.463709 19.602482
-2.340490 0.365759 7.133711
-3.046241 -0.365855 11.257635
-1.455789 -2.201859 7.928072
-8.705723 -4.416477 20.296560
-0.624404 0.325012 8.772658
-1.726016 -2.292040 6.397873
-9.461426 -4.424957 20.086098
-1.743177 -2.286093 6.473101
-8.605376 -4.165857 20.671690
-3.861554 -1.112040 13.047990
-3.275620 -0.328473 10.865005
-1.762122 -2.516737 10.543346
-9.147328 -2.364945 19.941036
-1.409828 -2.115548 7.705721
-0.950128 -2.561395 7.128057
-8.787783 -2.795799 19.438240
-3.784892 -1.067470 12.760722
-1.510805 0.595236 6.087676
-8.905430 -1.520588 19.536999
-4.101335 -2.360464 12.628857
-4.052963 -0.512858 11.058270
-1.958523 0.579949 5.911697
-0.829441 0.637678 6.302630
-1.129724 -0.296091 10.290696
-2.736983 0.145246 8.730494
-4.776555 -0.990632 9.634340
-0.414180 -0.609361 8.508772
-2.731569 -2.161016 6.868778
-1.535236 0.313461 8.176807
-2.710503 0.120928 8.705453
-8.591178 -4.329595 19.397966
-2.352084 -2.482585 8.438241
-0.914994 -2.743221 7.047060
-2.295429 0.381649 7.130186
-3.070683 -1.890971 8.817816
-8.212266 -1.685044 21.385342
-2.402986 0.356825 7.473743
-8.811460 -4.381463 20.322075
-2.686332 0.135677 8.657528
-2.946273 -0.238215 10.799471
-2.760341 -1.682816 8.125393
-1.827308 -2.242958 6.238570
-2.610946 0.368932 6.958907
-3.983259 -2.291961 11.161912
-2.302255 -2.137669 5.992663
-9.427858 -2.761777 20.317072
-8.504635 -3.100971 19.037268
-8.110433 -3.184925 18.566874
-8.526635 -2.219315 19.071053
-2.242718 0.512993 6.034372
-9.425637 -3.565435 20.203419
-8.484877 -2.691340 19.007120
-8.243711 -3.039693 18.701763
-3.900929 -1.088156 13.054963
-8.494938 -3.019852 19.026266
-1.685536 -2.206904 6.299594
-2.244857 0.530671 6.040203
-8.515223 -3.025810 19.038580
-2.469990 0.411403 6.429377
-2.501792 -0.450445 13.451495
-8.498728 -3.098555 19.033775
-1.693720 0.506823 6.754460
-8.109523 -1.618404 21.338360
-8.359179 -2.474743 18.845306
-8.517671 -2.512227 19.058231
-0.647575 0.606649 6.331628
-8.490748 -2.694343 19.012051
-8.502515 -2.223004 19.052666
-1.844735 -2.308233 5.994454
-8.325139 -2.390436 18.813820
-2.330967 -2.259367 7.308955
-3.595145 -2.109307 10.260424
-2.997317 -2.710754 10.029222
-8.380219 -2.464021 18.888025
-4.285216 -2.449202 9.327561
-1.987541 -2.634046 11.297210
-8.652994 -3.306283 19.279984
-2.092133 0.374588 7.572617
-8.415136 -3.268774 18.925404
-0.484259 0.334576 8.536700
-2.755372 0.156466 8.795712
-0.347930 -2.649978 7.104949
-0.945048 -2.744703 7.143876
-1.698032 0.460942 6.738296
-1.869396 -1.395165 11.096021
-2.588519 -3.440920 12.640568
-0.466980 -2.626336 7.484596
-1.809186 -2.645762 6.675690
-1.844674 -1.783176 5.080842
-4.113898 -3.126053 11.864732
-0.609204 -2.413718 9.457174
-4.371715 -3.020035 11.780535
-7.932317 -4.152308 21.111950
-1.471269 0.461997 6.852715
-9.771267 -4.323027 20.285824
-9.025414 -2.598628 19.780790
-9.050928 -2.858779 19.813826
-1.948953 -2.242964 5.789305
-9.329204 -4.278114 19.686155
-4.401238 -0.313180 11.806546
-8.937526 -1.648492 20.861637
-8.607598 -4.132310 20.583155
-8.968764 -1.564114 19.679686
-9.234165 -4.419004 20.493923
-4.310225 -1.705515 11.265633
-9.749667 -4.314411 20.278460
-3.512879 -3.007282 11.774475
-2.881632 0.264869 7.682083
-8.661801 -4.336225 19.523087
-8.698275 -4.361476 19.555979
-8.019837 -4.192927 20.868086
-8.094310 -4.212361 20.072958
-8.163322 -4.171441 20.159723
-4.211892 -1.242806 11.091740
-8.945782 -3.225396 19.665522
-8.796554 -4.369046 20.300766
-8.220075 -4.120323 20.517029
-4.394883 -0.326329 11.648997
-8.942425 -1.651193 20.861919
-1.682783 -2.221608 5.972547
-1.918760 -2.246853 6.074365
-9.051774 -2.869536 19.808399
-1.937108 -2.234438 5.963317
-9.483254 -2.900854 20.486769
-9.340178 -4.338089 20.045757
-9.611824 -1.676088 20.172640
-4.044401 -3.014848 11.419232
-5.151133 -2.606162 12.168295
-2.681520 0.285018 7.030293
-3.021466 -2.750165 10.137281
-1.672859 -1.693881 9.485481
-8.424388 -4.278406 19.730831
-0.930537 -2.668630 7.043126
-3.834775 -3.035930 11.781830
-0.826745 0.640976 6.304648
-8.033163 -4.175435 19.986948
-3.445182 -3.201355 15.415569
-1.191019 -2.567645 7.237639
-8.172219 -2.343262 18.660105
-1.039250 -2.721210 9.990472
-0.560358 -2.703651 6.742409
-4.707229 -0.527001 13.331438
-1.788885 0.576732 6.032053
-5.097208 -2.572019 12.113698
-4.672300 -2.518044 12.265000
-1.819382 -2.210902 6.136482
-8.334419 -4.271052 19.771254
-8.202816 -2.486891 18.669167
-8.430741 -3.270125 18.940172
-0.380224 -1.748421 6.871938
-0.334443 -2.742719 7.230427
-8.509973 -2.243331 19.056211
-2.029459 -2.034801 5.597504
-2.637206 -3.077714 12.749088
-2.549605 0.345196 7.158900
-9.641052 -1.662130 20.483969
-1.902250 -2.293340 7.052127
-3.700080 -3.006871 11.781677
-1.686780 -2.809019 6.957287
-1.669667 -2.264934 6.185857
-8.440472 -3.192783 18.940229
-2.344511 0.415516 6.137694
-2.630279 -2.351454 11.332560
-1.507247 0.573890 6.204568
-1.669307 -2.769602 6.901254
-1.483074 -2.751500 6.964159
-2.247059 0.434688 6.487830
-2.176970 0.436387 5.762928
-8.202666 -3.074995 18.634129
-1.251243 0.610783 6.184999
-1.088876 0.615905 6.198122
-4.495938 -0.489947 11.932300
-8.523162 -1.478009 19.542044
-1.569189 -2.557157 10.873404
-8.357889 -2.399538 18.853855
-4.232418 -1.234443 11.534403
-8.598910 -2.388071 19.175615
-1.251565 0.611713 6.184266
-2.873133 -3.071264 12.314241
-1.469274 -2.756980 6.977774
-8.184246 -2.350534 18.663961
-1.748204 -2.321326 6.936278
-2.088463 0.384415 7.501574
-4.257717 -0.373381 12.503756
-3.106560 -2.177922 8.859594
-8.424517 -3.004376 18.940411
-0.488587 0.352596 8.745579
-2.193633 -2.062066 5.962997
-6.802610 -2.531770 16.496822
-2.058331 0.375327 7.458170
-1.228741 -2.587695 7.243843
-0.754972 -2.396558 9.106620
-1.590151 -2.321292 10.410521
-1.490146 -2.491626 7.149520
-2.164835 -2.530552 10.647139
-8.120160 -4.293157 21.077368
-1.953128 -2.231652 6.149557
-4.729838 -0.551863 13.797285
-8.686934 -4.321434 20.315336
-2.304922 -1.705709 5.994559
-9.041449 -2.859363 19.805391
-1.421703 0.498066 6.673473
-1.686597 -2.441045 7.033161
-2.460683 -2.800084 9.703888
-4.529332 -2.131939 11.928717
-4.805517 -2.736769 10.190959
-2.573483 -2.937589 10.102034
-9.918368 -3.803862 20.374123
-0.324391 -2.420276 7.089177
-8.140527 -2.354558 18.633780
-3.275952 -3.208215 12.003864
-1.164322 -2.555720 7.185912
-4.008211 -3.404590 12.670627
-2.056014 -2.269705 6.191482
-1.631877 -2.324359 6.219363
-3.127519 -3.057435 12.097823
-1.787542 -2.338423 6.573164
-7.908090 -4.202672 19.689949
-2.202334 0.457979 6.494814
-2.166923 0.445753 6.879349
-2.423259 0.426178 6.325707
-0.627657 -2.668524 6.865342
-2.674763 0.386509 6.921215
-8.216460 -2.147437 18.599701
-1.778003 -2.594590 6.610977
-0.637466 -2.662873 6.852108
-9.540999 -3.224496 20.393322
-8.843547 -4.302774 20.091824
-3.369606 -3.169844 11.917249
-7.755340 -4.019269 20.976828
-1.258667 0.569877 6.440175
-4.289729 -2.022618 11.391203
-2.147954 0.316686 7.866016
-3.916905 -0.350741 12.645630
-1.879797 -2.191549 6.020338
-3.380228 -3.017019 11.879218
-7.896654 -4.309380 19.944324
-5.376460 -2.716698 13.851929
-7.322377 -4.247429 19.872501
-3.440415 -0.115040 9.473143
-7.554351 -4.216213 19.928541
-0.305909 -2.403061 7.094285
-4.348677 -0.734468 9.981487
-3.114330 -3.027883 12.094625
-2.677787 0.274376 7.145362
-0.460541 -2.963745 7.547004
-4.218946 -0.369854 12.427460
-7.436327 -4.226932 20.029896
-3.525821 -0.148427 9.691065
-8.150147 -4.025915 20.619333
-0.630653 -2.625865 6.603864
-8.858671 -2.293753 19.523024
-8.850282 -4.225574 19.457220
-1.001597 -2.395744 9.045461
-1.801684 -1.830189 5.013937
-8.332350 -4.232716 19.780140
-3.097998 -0.332573 13.028153
-4.403178 -0.396401 12.479765
-7.804742 -4.224485 19.828375
-8.376956 -4.275995 19.834776
-4.822586 -0.480030 12.816350
-7.927877 -4.157424 20.038023
-7.583322 -4.251967 19.977297
-2.914215 -3.403110 12.474624
-8.913661 -2.576165 19.550541
-8.676156 -4.364001 19.510057
-7.847456 -4.233751 19.855009
-8.383665 -4.245811 19.403139
-8.726075 -1.510120 19.722713
-4.667032 -2.583610 12.310315
-1.604275 -2.139658 5.564886
-2.439974 0.356819 6.458379
-1.536038 -2.171357 5.761353
-0.724514 -2.214706 8.098952
-4.697516 -0.398366 12.158734
-8.785999 -1.613933 20.988178
-1.957331 -2.534383 11.190254
-1.462922 -2.713444 6.906702
-2.628506 -3.091741 12.531057
-2.779621 -2.365631 7.778689
-7.942684 -4.061352 20.086777
-9.527956 -2.428197 20.426161
-2.180794 0.568732 5.784405
-2.825864 -2.268132 11.920781
-0.394310 -1.848970 6.146664
-2.600060 -2.953681 12.390004
-3.300936 -0.446538 13.379746
-0.631517 -2.510890 6.441180
-9.167208 -3.178514 19.971796
-1.869231 -2.174736 5.537421
-1.790686 -1.740897 4.914586
-9.581385 -2.917110 20.581766
-1.703103 -2.169670 5.584126
-1.550621 -2.168435 5.535254
-2.419672 -0.465561 6.250671
-0.329851 -2.398322 8.785136
-0.288432 -2.327045 8.318844
-2.969542 -3.274565 12.385512
-3.622922 -1.575186 9.461343
-1.603768 -2.711828 6.838209
-0.979977 -2.456113 6.966338
-4.389934 -1.151891 12.997107
-4.065897 -2.320454 12.537536
-8.159073 -2.275600 18.548719
-1.307290 -2.623667 7.405569
-1.316638 -2.077959 7.064188
-0.891185 -2.403562 9.772478
-1.666236 -2.134630 5.604841
-4.788071 -0.519908 12.341078
-8.669276 -1.452720 19.195612
-3.611612 -3.511094 13.684541
-8.218476 -2.155799 18.601919
-1.205609 -2.236393 7.483405
-2.005629 -1.465663 5.560175
-3.102278 -2.176951 8.869761
-6.861793 -3.311329 17.346661
-2.219753 -2.727702 10.819771
-0.459287 -1.443033 6.070593
-8.522510 -2.224124 19.070969
-2.472688 -2.383684 7.071218
-1.704222 -2.476902 7.081820
-4.111121 -3.030861 12.798190
-8.619148 -1.471796 19.154955
-3.889345 -2.946925 13.702369
-5.398697 -2.168218 18.794130
-1.287513 -2.531318 9.765004
-0.734235 -2.360867 9.153393
-8.342810 -2.386683 18.825386
-3.251076 0.049105 8.973026
-4.737361 -1.022726 17.693974
-1.920557 -0.887193 11.480430
-0.591841 0.719124 6.136624
-1.804017 -2.144542 5.431524
-3.945443 -2.075011 9.252727
-1.748997 -2.323554 6.940007
-8.331691 -2.389867 18.815681
-0.906099 -2.418799 6.911410
-7.357956 -4.259125 19.954739
-1.866844 -2.709356 6.641551
-7.460361 -4.254466 19.921541
-1.632886 -2.201113 6.092888
-2.593380 0.391047 6.774282
-7.819535 -4.231427 19.529863
-7.627084 -4.195849 19.597273
-1.525782 -2.146150 5.745315
-8.568823 -4.223967 19.145649
-8.300587 -4.216008 19.249403
-3.485147 -3.287849 15.608148
-7.048159 -3.122880 17.463369
-3.639954 -0.733377 15.472993
-7.425045 -4.220512 19.800383
-1.333710 -2.122236 7.153679
-8.595569 -2.390076 19.174921
-3.912116 -3.409820 15.686777
-6.946533 -1.857380 17.970804
-6.944634 -4.265986 20.250017
-1.759575 -2.164893 5.931248
-1.807943 -2.159392 5.749985
-8.204740 -4.229992 19.356501
-4.066315 -3.127787 12.381102
-1.880500 -2.170121 5.613225
-5.044660 -2.545660 12.045116
-0.947392 -2.596392 7.188166
-8.550416 -2.789922 19.103840
-7.782259 -4.253079 19.512804
-4.209172 -2.924937 13.044681
-8.306218 -4.275633 19.196783
-1.520023 -2.141178 5.611643
-2.798384 0.352358 7.257028
-6.566133 -3.497827 16.593077
-7.346450 -4.219110 20.063803
-5.154947 -2.408750 13.455340
-8.162638 -4.201795 19.492859
-5.357493 -2.238761 18.787132
-0.741069 -2.553988 7.269314
-2.006606 0.405720 7.360484
-8.265786 -1.660841 21.179413
-1.892113 -2.178671 5.809000
-0.695384 -2.622528 6.754902
-8.283036 -4.223010 19.248352
-8.256582 -1.463081 19.585953
-1.038513 0.721060 5.884982
-5.189077 -2.969025 13.702518
-4.715301 -1.971537 17.087126
-1.933081 -2.196013 5.791690
-1.219969 0.635908 6.273884
-5.389575 -3.541115 15.137256
-4.302609 -1.257687 11.332063
-7.486111 -4.185202 19.908216
-1.894603 -2.200018 5.738883
-2.058887 -1.540310 5.652596
-3.342839 -0.168937 9.306678
-8.508649 -1.651443 19.170197
-1.468895 0.545803 6.534972
-3.664265 -0.270546 12.041137
-7.431978 -4.223334 20.021427
-8.370614 -4.215394 19.362394
-5.105403 -1.243035 18.183142
-1.795637 -2.157187 5.911117
-8.347252 -4.254642 19.293419
-8.406111 -4.237656 19.187988
-1.630417 -2.116438 5.673666
-4.126431 -3.340841 15.807262
-7.609095 -4.215727 19.772816
-2.068856 -2.215271 5.764593
-8.724585 -2.386776 19.347059
-2.061552 -1.541213 5.651775
-8.106437 -1.641690 21.373854
-2.393203 0.443947 6.198156
-0.623461 0.647109 6.614025
-4.684328 -0.576900 12.152094
-8.877678 -1.891501 19.778133
-1.268293 0.578378 6.530173
-8.258217 -1.459484 19.593107
-8.140057 -4.177453 19.297167
-1.762028 -2.164104 5.974894
-7.946676 -4.209907 19.573278
-1.805133 -2.183039 5.583894
-4.265779 -3.530138 13.103375
-5.044692 -3.497365 15.890652
-9.107210 -4.306870 20.364719
-2.096366 -2.243420 5.821712
-3.808810 -3.002587 11.118888
-4.356932 -2.064173 11.348396
-1.817416 -2.181279 5.651644
-7.606466 -1.714382 20.341364
-8.709002 -1.484622 19.257805
-1.471372 0.538583 6.529848
-8.465719 -2.690902 18.997198
-2.018390 0.548885 6.081122
-1.681165 -2.127871 5.843833
-4.206349 -2.221565 12.148748
-4.225338 -1.205431 11.108924
-1.931869 -2.253808 6.861769
-1.109180 -2.652848 6.704152
-8.013515 -4.224279 19.362595
-2.166117 -2.329133 6.344572
-1.458172 0.442405 6.167247
-0.490644 -2.279894 8.311511
-3.911101 -2.892020 10.863480
-2.590269 0.343527 7.252096
-6.169475 -1.116865 15.432773
-3.272058 -2.113150 8.686317
-2.166892 -0.444955 11.318241
-3.366878 -2.486900 8.624423
-0.441418 -2.369914 8.604821
-2.290669 -3.014615 13.201347
-1.608714 -2.192529 6.079998
-3.267041 -2.119290 8.689939
-3.335727 -0.316253 10.961469
-3.233231 -2.481089 11.534824
-1.582397 0.523344 6.512920
-1.616708 -0.237040 10.861327
-8.799896 -1.592169 20.612291
-0.698626 -2.631114 6.766853
-1.435927 0.519814 6.515323
-1.730830 -2.241802 6.499562
-3.400192 -3.023319 11.986715
-8.255178 -1.663685 21.161432
-1.434362 0.591504 6.525575
-1.347326 0.571055 6.563055
-9.228601 -4.397992 20.292833
-1.529711 -2.158595 5.795174
-0.772139 0.662861 6.330585
-1.250064 0.599806 6.261330
-2.038417 0.583383 6.147992
-5.609085 -2.620812 14.166799
-8.464487 -4.132025 20.663605
-2.149760 -2.305381 6.707846
-1.256160 -2.153842 7.534097
-3.406412 -3.099730 11.944918
-9.010451 -2.806392 19.726208
-2.043572 0.582018 6.146989
-8.795445 -3.320981 19.488792
-1.195101 -2.863251 7.108061
-1.600147 -2.148072 5.746384
-5.147314 -2.881365 12.254735
-2.217187 0.544893 5.874534
-0.321610 -2.676521 7.138088
-4.031321 -3.023127 11.455688
-9.406569 -2.420717 20.293652
-1.835750 -2.118943 5.632753
-1.715868 -2.111013 5.670115
-1.371748 0.546506 6.603710
-0.760448 -2.728094 9.421629
-3.291681 -0.314502 12.656592
-1.094132 -0.343756 10.002290
-2.089817 -2.209049 6.616655
-2.655534 -3.079180 12.424991
-1.203013 -2.839838 7.059813
-8.037722 -4.201054 19.110579
-1.695195 -2.133793 5.846254
-1.056070 0.615337 6.362833
-4.279075 -1.216350 11.252450
-8.150426 -2.404459 18.507195
-2.814296 0.261286 7.472142
-3.162404 0.045435 8.641392
-3.840858 -2.177077 8.541674
-1.061984 0.590022 6.348783
-3.582564 -0.408079 12.782929
-1.723275 -2.174068 5.957414
-3.268455 0.056759 8.857999
-2.588704 -2.759694 11.443760
-2.040080 -2.056173 11.377954
-7.634471 -4.198098 19.286860
-8.073638 -2.917417 18.396282
-3.080099 -0.330280 13.008461
-8.487821 -2.695053 19.017324
-1.560130 -2.158950 5.769111
-4.266030 -1.275496 11.313960
-4.595025 -2.015729 16.710684
-8.145874 -2.205535 18.505486
-2.063472 -1.520320 5.660621
-4.253678 -0.289332 11.633241
-0.587508 0.662448 6.505415
-8.148192 -1.433632 19.426498
-1.849961 -0.884312 4.901160
-1.468839 0.545724 6.533930
-1.303494 0.564246 6.561206
-4.278019 -1.258728 11.244940
-0.588931 0.674155 6.548197
-8.856062 -1.569057 20.698290
-3.658204 -3.027388 11.449042
-9.411767 -3.780510 20.513863
-8.030942 -4.134897 19.973492
-7.920276 -4.176108 19.535490
-8.185801 -4.285367 20.212484
-1.803308 -2.078492 5.718515
-1.563933 -2.024715 5.519983
-8.108689 -3.186791 18.569752
-1.908347 -1.867784 5.431719
-1.564508 -2.117560 5.913657
-7.899438 -4.236604 18.886944
-1.943591 -2.071445 5.533792
-1.997936 -1.876112 5.539263
-2.105352 0.606540 5.680459
-2.008837 -1.796508 5.558254
-2.772397 -3.079290 12.279902
-1.598166 -2.064202 5.606427
-3.101674 -3.125611 12.107945
-2.315675 0.428530 6.107125
-2.912919 -3.107987 12.171883
-2.976779 -3.077601 12.084789
-8.093924 -2.276184 18.454702
-8.093014 -3.179175 18.559071
-3.231386 -0.292689 12.648904
-1.565040 -2.085123 5.514435
-3.717008 -3.024294 11.806501
-3.325285 -3.044281 12.059679
-3.178602 -3.267567 12.142995
-2.928189 -2.446283 7.586968
-7.943485 -2.888906 18.229382
-4.424795 -1.613020 11.707230
-2.368788 -2.571865 8.446702
-8.024920 -2.322718 18.348375
-7.954928 -2.897309 18.229166
-8.007537 -3.123549 18.329119
-8.051971 -2.313147 18.371847
-8.043591 -2.322671 18.363565
-8.022188 -2.242219 18.327427
-8.022077 -2.245739 18.326710
-1.677889 -2.107702 5.828847
-3.316164 -3.092145 11.920018
-2.485398 0.504002 6.319930
-7.343815 -4.334716 19.519117
-0.720998 -2.299564 8.314460
-0.680031 -2.587467 6.786973
-7.903725 -1.433635 19.558689
-0.682860 -2.592689 6.801011
-4.365056 -2.088693 16.164474
-0.599709 0.671763 6.545331
-1.393783 0.674601 6.270000
-6.613192 -1.293405 18.433758
-7.037047 -4.190269 20.107138
-1.834839 -2.101572 5.527313
-1.734235 0.667131 6.151432
-7.448100 -4.189285 19.730995
-1.646948 -2.164314 5.632760
-1.274806 -2.335145 7.171388
-2.207324 -2.303045 9.819612
-2.553867 0.225009 8.289098
-1.088502 -0.360609 9.772470
-7.931760 -4.190702 19.151321
-4.027655 -3.061633 11.703233
-3.885424 -0.000492 8.543665
-2.777705 -3.115004 12.304102
-0.778966 0.706021 6.329001
-4.795558 -0.315451 12.343554
-6.965831 -3.756219 17.732655
-2.811772 -0.297003 13.001377
-2.881244 -0.759815 8.095222
-7.897709 -4.195134 19.459095
-8.459402 -2.501936 18.994162
-8.285037 -4.213056 19.115515
-7.905008 -1.437320 19.620272
-8.292997 -4.202814 19.037603
-4.981699 -2.793597 12.070600
-1.542126 -2.138155 5.844460
-7.026134 -4.168272 20.068630
-5.448598 -2.189474 14.179525
-1.770408 -1.736746 5.041106
-9.613588 -1.674740 20.467121
-1.746902 0.616823 6.128022
-7.375374 -4.266798 19.637848
-1.180676 0.707969 6.193937
-1.964290 -0.455237 10.584585
-5.123384 -2.389837 13.521653
-7.307335 -4.205545 19.843472
-5.120176 -3.318259 13.853695
-8.515658 -2.230891 19.064541
-3.995451 -3.106729 12.224195
-7.785265 -4.090983 21.063816
-1.511977 -2.123623 5.772884
-1.657345 -2.107172 5.809468
-1.539320 -2.138952 5.845897
-8.833813 -1.543894 19.474413
-1.790300 -2.156579 5.668691
-7.351564 -3.968541 18.604002
-1.775058 -2.097147 5.820361
-8.116035 -4.199824 19.344093
-2.873495 -3.034880 12.267308
-0.975066 0.764591 6.017303
-4.269095 0.696964 10.341508
-4.889733 -1.248499 12.804691
-1.593498 -2.100034 5.657258
-1.990909 -1.988029 5.539265
-7.848112 -4.109076 21.146303
-1.819959 -2.113672 5.443621
-3.393095 -2.344476 9.465631
-2.016308 -1.482265 5.587981
-4.198622 -3.349011 12.591751
-3.412593 -3.140837 14.478053
-2.636553 -3.007119 10.298708
-8.068968 -2.267624 18.414110
-7.924004 -2.190785 18.190308
-8.105901 -4.198141 19.570568
-1.080989 0.160586 10.313188
-7.842354 -2.230951 18.071325
-4.203056 -1.649134 11.130333
-4.834328 -1.560396 12.733319
-2.914151 -0.269892 10.451654
-5.074261 -2.566350 12.045419
-7.298753 -3.174078 17.430635
-3.714948 -3.414253 13.411396
-7.197063 -3.112531 17.252892
-3.533194 -3.281498 15.395871
-7.946091 -3.011840 18.223690
-3.764667 -3.486445 13.596505
-8.088161 -2.356795 18.434317
-7.896021 -2.084387 18.150234
-3.693481 -3.110745 15.432804
-9.121888 -2.648594 19.909973
-7.943938 -3.029012 18.231297
-3.910492 -0.081404 10.539621
-1.892570 -3.404057 7.934885
-8.089136 -4.214679 18.778633
-8.267218 -1.428069 18.765867
-4.055512 -3.139338 12.347911
-3.710935 -3.016503 11.364511
-1.767381 -2.035195 5.540359
-0.814504 0.659046 6.313067
-4.394997 -1.629276 11.614404
-1.647649 -2.060720 5.588001
-4.169662 -0.294355 11.739790
-1.515354 -2.040913 5.308197
-0.444360 0.815032 6.011924
-8.401853 -2.417374 18.888981
-2.359721 -2.852526 7.445927
-4.392045 -3.218009 12.983193
-8.407512 -1.993361 18.869665
-1.724113 -2.027574 5.401472
-8.303368 -1.464755 18.582371
-0.448611 0.811314 6.010357
-7.741489 -4.173344 19.106775
-2.862240 -1.386722 7.910609
-0.600479 0.704798 6.166758
-1.726064 -1.878428 5.030854
-7.002767 -4.249960 19.871704
-8.286391 -2.333329 18.754232
-1.597524 -2.031976 5.306052
-0.656839 0.679752 6.267322
-4.823908 -2.464993 12.182483
-1.203493 0.781941 5.739901
-6.333107 -3.303384 17.128952
-4.637104 -1.306621 12.070930
-0.491307 0.791990 6.031837
-1.331363 0.037505 10.824877
-5.041091 -2.119985 13.195333
-1.843087 -1.845653 5.114931
-1.743730 0.627142 6.030424
-1.164666 -2.455551 5.855487
-4.639933 -0.344130 12.100588
-1.831477 -1.736277 5.101669
-1.792991 -2.088272 5.411155
-1.537157 -2.974400 9.233669
-0.551897 0.776686 6.173744
-1.897010 -2.807759 6.945129
-3.246789 -0.920910 10.008241
-1.697171 -0.115327 11.474322
-8.244449 -4.184632 19.099907
-3.078694 -2.510628 9.224079
-8.860941 -2.688830 19.695076
-2.495639 -2.625226 11.003823
-2.891238 -2.047057 10.378050
-1.547782 -2.142984 5.838131
-3.194704 -0.302298 12.621662
-3.744159 -3.051045 11.316031
-1.007619 0.780178 5.914859
-8.160860 -4.196774 19.316841
-4.487039 -1.331586 11.800494
-2.879595 -0.871699 10.803919
-3.734288 -3.053432 11.838067
-9.875299 -3.795595 20.422039
-1.552174 0.779367 5.564577
-1.007411 0.779609 5.915619
-7.137355 -4.128943 19.982445
-3.918956 -3.082535 11.178988
-0.213964 -5.012521 12.077625
-2.531413 -0.733509 10.496406
-4.778578 -0.520372 12.333031
-1.697739 -2.928405 9.064879
-1.983656 -0.472207 10.862306
-1.629972 -1.616553 4.755944
-1.731991 -1.715918 4.907901
-4.093850 -3.097745 11.842457
-2.517489 -2.661732 8.556102
-3.846220 -0.328102 12.464858
-2.635999 -1.317976 10.300138
-2.439021 -2.518621 8.490539
-8.343757 -3.838978 18.287626
-2.004170 -0.453840 10.787288
-8.121166 -2.273063 18.477674
-3.736706 -1.066039 11.479175
-2.651114 -2.035931 9.757856
-1.653193 -1.651485 4.750299
-1.780740 -1.714840 4.866946
-1.725304 -1.887969 5.021221
-8.028917 -3.148162 18.356180
-8.076157 -2.268032 18.420433
-1.762743 0.755915 5.524456
-4.620826 -1.323915 12.036232
-0.335645 0.847649 6.000984
-3.265579 -0.334938 12.582548
-2.267991 0.605789 6.010711
-3.268398 -1.887854 7.686087
-1.759144 0.636455 6.148946
-2.282673 0.595698 6.044985
-3.186817 -3.132000 12.086806
-1.890030 -1.972435 5.568528
-0.553824 0.715483 6.492903
-3.843400 -3.045622 11.805138
-3.190881 -2.057904 9.460992
-9.038291 -1.583215 19.767645
-1.022769 -2.038979 5.372158
-2.289354 0.603357 6.044226
-3.658561 -3.026221 11.835754
-3.837625 -3.063029 11.763765
-4.534063 -0.379342 11.988254
-1.773433 -2.046882 5.617562
-1.930725 -2.018037 5.596096
-1.734529 0.621559 6.107532
-5.329608 -2.722245 12.656908
-7.772319 -2.844396 17.951218
-1.420380 0.649377 6.229637
-3.720676 -3.013052 11.216960
-1.627926 -2.062400 5.738031
-1.664378 -1.909528 5.088919
-1.742496 0.631877 6.107787
-1.682660 -2.133454 5.811966
-1.767802 -1.755864 5.015234
-3.766315 -3.066185 11.753620
-0.283635 -2.357552 6.065008
-4.257924 -1.657627 11.210794
-1.634815 -2.069780 5.752321
-7.854372 -2.864873 18.089088
-3.877201 -3.007515 11.126585
-3.986600 -2.870493 10.905353
-7.691826 -2.831158 17.815008
-7.844947 -2.154948 18.058161
-4.135374 -0.270362 11.562512
-1.458169 -2.065478 5.573807
-1.794666 -2.104102 5.704980
-7.905988 -4.148387 18.975199
-1.756018 -1.729955 5.021711
-2.184190 -2.467561 10.514402
-2.248179 0.532956 5.912252
-1.764422 -1.737090 5.033062
-1.334610 0.716583 6.270188
-1.688154 0.711482 6.104710
-4.436202 -0.334477 11.712709
-1.809326 -1.804484 5.077096
-0.808152 0.664048 6.300170
-1.159093 0.739572 6.219147
-3.987697 -2.870683 10.904848
-7.745654 -2.266593 17.895885
-7.754308 -2.055060 17.910164
-1.635904 -0.148727 10.983299
-3.881905 -2.899637 10.877961
-7.724917 -1.395352 19.380131
-0.824010 0.609400 6.225797
-1.685219 0.711823 6.105510
-1.247384 0.585731 6.144420
-7.722131 -1.389102 19.382542
-1.749706 0.747059 5.503546
-7.785247 -4.322273 21.046011
-3.266055 -3.156064 12.030214
-1.584759 -2.086912 5.763356
-2.211049 0.429651 5.806371
-4.558335 -3.061627 11.756542
-8.255457 -3.477299 18.531332
-3.609473 -3.533547 13.724825
-5.047392 -1.352155 13.194734
-8.246438 -3.472640 18.522558
-7.456516 -3.964129 18.983408
-5.282362 -0.691833 13.634294
-7.584558 -4.210007 19.114933
-7.905432 -1.380346 19.036566
-5.569893 -2.255011 14.239540
-7.818081 -4.167826 18.972698
-4.636103 -2.293476 12.216322
-8.171792 -3.661784 18.582483
-8.085488 -2.911789 18.467653
-7.505114 -3.973757 19.049742
-3.941350 -0.882403 15.959900
-4.792440 -1.262888 12.675891
-1.345246 -2.137027 7.577446
-3.341853 -3.373464 13.457538
-4.098854 -0.340320 12.217493
-3.864429 -2.410110 11.985453
-4.402684 -0.943008 17.083097
-0.508028 0.685637 5.932725
-6.836015 -3.967601 19.824146
-7.362908 -4.064978 19.041563
-7.679701 -1.381542 19.322256
-0.310168 0.694956 5.969429
-7.043943 -4.109689 19.907053
-1.977256 0.528068 5.969563
-1.819584 0.522300 6.113931
-2.076003 0.586882 5.338683
-7.104204 -4.107857 19.917389
-4.174157 -3.196303 14.571787
-9.223200 -1.637584 20.980251
-7.682807 -1.370080 19.315178
-8.391599 -3.493389 18.460110
-2.652999 -3.020421 12.623899
-8.179173 -4.156443 20.476145
-8.857400 -2.453023 19.550365
-3.970643 -3.080888 12.990915
-6.931180 -1.372156 19.724228
-4.581150 -2.076029 12.415564
-7.768368 -2.521163 17.950850
-1.869295 -1.876856 5.157477
-8.955121 -4.257472 20.622398
-2.911956 -2.353720 8.375796
-2.069478 -2.412302 6.856585
-0.703504 0.207642 9.000246
-7.703613 -2.652330 17.820576
-0.670625 -2.513879 6.604276
-3.106476 -0.321035 13.083467
-4.352495 -3.073332 13.440901
-3.086998 -3.016935 12.055759
-7.795672 -2.607176 17.962610
-6.685510 -3.206750 17.111799
-2.898574 -3.218017 12.296057
-4.324155 -3.120155 12.234293
-7.793600 -2.494421 17.963854
-7.747442 -2.255860 17.896431
-7.737787 -3.002913 17.929621
-0.982783 -2.681615 7.385753
-4.921583 -1.280390 12.904595
-5.001372 -2.330158 13.330185
-2.776756 0.196312 8.189972
-2.679049 -3.105678 12.799689
-7.427793 -3.888224 18.937534
-4.627795 -2.595243 12.252843
-1.706039 -2.389326 10.090775
-3.299007 -1.684001 12.509166
-7.288277 -3.866479 18.865419
-4.328743 -3.127779 12.232082
-0.649688 -2.660320 6.763638
-8.197207 -3.248594 18.657137
-5.482267 -0.701198 14.765242
-0.436041 -2.438559 6.657951
-8.027269 -3.144818 18.354208
-3.720651 -0.225788 12.584529
-4.935210 -0.715268 13.013587
-3.873755 -2.940428 10.794146
-4.725409 -3.277962 12.918652
-7.415706 -3.880506 18.920046
-2.899212 -3.222852 12.320296
-8.062023 -2.226866 18.394226
-4.317604 -3.135241 12.178080
-1.341609 0.653354 5.409491
-4.891984 -2.078807 13.008192
-7.404832 -3.913974 19.006750
-3.416356 -3.151165 11.854871
-1.585083 -2.274371 5.808246
-1.682386 -2.656331 6.706378
-9.366292 -4.146318 20.174416
-3.079829 0.118803 8.237801
-1.882288 -2.235892 5.651468
-1.447691 0.561887 6.168241
-7.609938 -2.062225 17.700043
-2.838732 -2.257081 7.089964
-4.863823 -2.488488 12.143780
-1.952246 -2.219152 5.637679
-3.359286 -2.320241 9.416009
-1.287173 -2.360700 7.851048
-8.649483 -3.835035 21.047308
-3.082854 -0.331959 13.023480
-7.664670 -2.127700 17.795948
-7.821186 -1.250414 17.951950
-2.246933 -2.576137 8.683330
-5.386204 -1.437625 13.844972
-4.808029 -2.159978 12.701688
-1.810150 -2.248738 5.815666
-4.645240 -0.591150 12.100841
-5.045746 -3.009520 17.375284
-3.472018 -3.674552 14.094492
-1.815611 -2.208568 5.362969
-0.448960 -2.406736 6.640262
-1.744312 -2.251425 5.913647
-2.606460 0.182128 8.274090
-7.712210 -2.654199 17.872105
-1.809337 0.538151 6.095885
-3.878531 -0.525394 8.696754
-4.597232 -0.423977 12.136343
-1.574586 -2.255099 5.800116
-0.699261 0.573380 6.335612
-2.756770 -1.900595 7.653781
-5.074102 -2.578205 12.022091
-3.703884 -0.258040 12.508502
-2.215905 0.372089 7.095798
-4.722684 -0.494612 12.426884
-1.967950 0.393994 7.145133
-1.195746 -2.795462 6.990193
-4.796249 -2.159780 12.685734
-1.285671 -2.425016 5.909691
-7.447996 -2.442411 17.722250
-3.002213 -0.352886 12.844446
-7.930573 -4.109032 18.430834
-2.239480 0.375530 7.138744
-3.868821 -3.031980 11.083776
-1.517840 -2.247861 5.606814
-1.285506 -2.427290 5.908099
-8.132916 -1.444845 18.598238
-3.364421 -1.382338 8.893950
-4.716372 -2.325143 12.315520
-2.327012 -2.457935 8.061294
-1.916316 -0.841391 4.925390
-3.776989 -3.072076 11.242618
-2.573602 0.179046 8.241576
-8.119123 -3.217777 18.468407
-0.456515 -2.104191 6.505207
-2.645639 0.416878 6.794274
-3.901727 -3.006669 11.204983
-8.011399 -3.126702 18.335993
-7.406689 -4.041324 19.130308
-8.975766 -4.334829 19.986275
-1.533728 -2.586789 10.454156
-4.640539 -2.339092 12.464205
-5.146587 -1.042985 16.348249
-1.913364 -1.426900 11.187080
-1.794886 -1.932015 4.848709
-1.667780 -2.223001 5.663522
-3.296499 -3.043846 11.854607
-7.833662 -1.367875 18.927170
-7.783618 -4.124128 18.582218
-5.028819 -3.111921 13.085793
-4.555723 -3.501045 16.693142
-0.671354 0.458656 6.224357
-6.762693 -3.123663 17.452572
-7.690165 -4.136153 18.706902
-6.043044 -3.863388 17.209330
-8.168161 -3.500618 18.510574
-8.027066 -2.318768 18.344799
-3.430462 -3.154701 14.541151
-8.097459 -3.315994 18.213654
-3.701906 -3.026402 11.731002
-7.799500 -4.165883 18.787102
-2.231439 0.518229 5.835003
-0.949874 -2.503219 7.030075
-4.269485 -0.474657 13.115956
-3.577154 -2.238378 11.116341
-3.140281 0.025923 8.708299
-9.179093 -4.364423 20.244825
-8.472924 -1.662338 21.030729
-2.491595 -3.313375 12.763629
-1.293240 -2.213518 7.729406
-0.399624 -3.232700 8.113309
-1.710979 -2.482002 7.124928
-4.314212 -0.377512 11.552763
-2.012351 0.521752 5.959751
-7.490898 -4.189961 19.708372
-0.429407 -2.291012 5.951761
-5.177454 -1.722477 13.577010
-1.929661 -0.228215 4.811646
-1.800739 -1.938577 4.856087
-2.051510 0.572152 5.523127
-5.198516 -0.598608 13.349100
-1.528135 0.503126 6.200834
-3.287837 -0.458086 13.359386
-1.431406 0.555457 6.128000
-4.605723 -0.563534 12.411025
-1.131817 0.606399 5.953778
-8.115003 -4.092865 20.557413
-8.000099 -4.211565 20.132517
-4.485107 -1.605756 11.739310
-8.067560 -1.762719 21.212736
-3.903426 -3.379056 15.616894
-7.118478 -4.353371 19.354105
-1.696176 -2.090356 4.824640
-1.931744 -0.228946 4.810143
-7.704876 -2.851803 17.829468
-1.885743 0.577503 5.584426
-7.818857 -4.400767 21.179361
-2.102932 -1.673169 5.736863
-2.499653 -2.423567 7.748538
-2.815111 -1.648247 6.972786
-2.731543 -1.339692 7.608183
-4.465179 -2.321770 12.771402
-1.649241 -2.582004 6.578394
-8.357462 -3.829024 18.387575
-3.104773 -1.303618 8.458211
-2.468775 -3.275884 12.658336
-1.845402 -2.441390 6.917436
-4.004583 -2.970480 11.380691
-2.079513 -2.278437 6.073272
-2.131922 -2.283162 6.304669
-2.591780 -3.080363 12.372836
-2.505670 -3.268629 12.667561
-2.969849 -3.449330 11.482487
-0.937021 -2.552938 7.126124
-7.785526 -4.220162 19.476480
-1.878598 -2.754714 11.274410
-2.932847 -2.332468 7.281409
-1.390432 0.487556 6.594195
-7.892249 -3.740689 18.662704
-1.454232 0.557416 6.121707
-7.789534 -1.343587 18.872559
-2.305662 0.386105 7.196076
-6.294747 -1.577398 18.013794
-1.451502 0.569740 6.129930
-2.862320 -2.267430 7.086058
-8.010814 -1.291182 18.237066
-1.511894 -2.181107 5.544077
-2.361847 -1.873427 6.238123
-3.629990 -3.284660 13.227244
-7.845298 -2.225607 18.072193
-4.131574 -1.092967 12.550071
-0.745466 -2.296626 8.279348
-8.129604 -2.697158 18.522163
-1.198235 -2.820086 7.023806
-1.192417 -2.254307 9.003972
-7.862037 -2.096761 18.115356
-2.567475 -2.128107 6.984465
-1.945158 -2.104383 5.447428
-4.042374 -3.023982 11.507312
-8.513498 -4.248409 20.032804
-0.660298 0.686691 5.706229
-8.117056 -4.201109 19.471506
-7.931265 -4.174704 19.240515
-8.625097 -1.498975 19.779785
-1.955454 -1.985592 5.304214
-4.145155 -0.235207 11.217979
-1.904730 -0.851626 4.912070
-1.854309 -1.166070 4.725918
-8.268472 -4.117339 20.308411
-4.267434 -1.230547 11.233695
-1.498055 0.633929 5.457778
-8.235251 -3.229147 18.692320
-7.958022 -4.157638 18.981592
-0.287356 -1.807485 5.096625
-1.411694 -1.950557 4.695096
-1.923222 -0.961357 5.003880
-4.074041 -2.943456 11.024210
-6.973389 -1.362854 19.938074
-1.493927 0.632794 5.450254
-1.942512 -0.226945 4.824668
-0.200274 -2.086088 5.238079
-1.925682 -0.962935 5.009752
-0.436170 -1.936904 4.989456
-1.932777 -0.230525 4.811421
-0.438947 -1.949766 4.999812
-1.787337 0.616354 5.338266
-7.685070 -2.239574 17.804804
-1.877914 -1.829857 5.011903
-7.550229 -4.207764 19.378323
-8.747264 -1.548211 19.367332
-8.373354 -4.213308 19.370056
-3.796367 -3.039897 10.962022
-1.881565 -0.934422 4.911687
-1.933879 -0.228944 4.812421
-4.277451 -1.239105 11.254837
-8.466581 -3.306082 18.951921
-1.868220 -0.936454 4.814361
-7.892526 -2.916602 18.124760
-7.666006 -1.960757 18.347507
-7.575742 -1.348803 19.145569
-0.264052 -2.050550 5.251773
-3.853141 -2.981068 11.110492
-7.577970 -4.174094 19.695829
-1.833437 -1.908742 4.959346
-3.752143 -0.305886 12.309319
-1.531873 -1.767517 4.779299
-4.046385 -0.310442 12.086180
-0.357643 0.672873 5.865043
-1.855049 -1.168461 4.728432
-0.238847 -2.061251 5.238001
-3.402007 -0.279347 11.971682
-8.284891 -1.918297 18.607307
-3.974979 -2.983868 11.272522
-4.088508 -0.260988 10.969766
-4.042411 -1.602383 10.796323
-1.831636 -1.908734 4.959917
-4.052390 -3.020083 11.441916
-7.840423 -4.201330 18.941776
-8.411714 -4.236855 19.307278
-8.017243 -4.112750 20.209665
-7.342177 -4.231431 19.874939
-7.046072 -4.324093 19.682110
-6.751877 -1.233373 18.473204
-3.873618 -0.529803 14.014785
-7.401313 -1.743790 21.121849
-4.309732 -1.222617 11.328020
-7.924140 -1.677156 21.179531
-7.900492 -1.304805 18.107988
-7.855015 -2.666006 18.075239
-7.839757 -2.674839 18.059566
-4.085101 -2.965057 11.033859
-4.070513 -0.254021 10.927066
-4.257873 -0.307772 11.529447
-8.359731 -3.885042 18.290129
-4.304314 -1.583060 11.420061
-7.846949 -2.576942 18.055824
-8.071671 -4.012878 18.425312
-7.758292 -1.285883 17.906919
-1.070810 -0.382734 9.431090
-7.729289 -2.259098 17.890337
-2.023823 -1.568995 12.443360
-2.923254 0.112117 8.045206
-8.420233 -4.154347 20.438997
-1.826628 -1.984893 5.213945
-0.638837 0.628842 6.094516
-4.576702 -1.955398 12.408978
-3.683043 -1.575762 10.333097
-2.480128 -3.322931 12.748661
-0.557273 0.646352 6.018085
-4.989708 -2.429312 12.969419
-7.876137 -4.089036 20.964602
-8.223315 -1.933625 18.713095
-1.130939 0.606428 5.948963
-1.048332 0.612094 5.989506
-7.889492 -1.669799 21.269871
-8.164260 -4.148321 20.467712
-3.737479 -0.308886 12.265783
-2.947341 0.162313 8.091819
-0.684893 0.101987 8.133004
-2.217880 0.371527 5.819421
-2.154814 -2.026088 5.843400
-1.184354 -2.046173 4.797273
-3.550896 -3.228287 11.852802
-5.803853 -3.555929 17.780201
-1.751276 -2.340132 6.435939
-0.495519 0.632524 5.949015
-3.370406 -1.139029 9.544088
-3.636401 -2.858189 10.586452
-4.445992 -3.207855 13.169414
-3.255208 0.019687 8.925878
-6.805045 -4.220230 18.903704
-1.421258 -1.967088 5.344194
-7.746244 -1.224329 17.493458
-1.734208 -2.289775 6.884598
-2.604473 -1.784068 7.283533
-1.160650 -2.472139 6.517537
-2.255182 -1.635673 4.541492
-7.728577 -4.104311 19.402597
-8.447481 -4.129799 20.414021
-2.947171 -0.002105 8.188008
-1.698786 -2.446003 7.049087
-3.753450 -2.472332 10.457624
-8.189689 -3.549327 18.482784
-2.397949 -0.074265 11.233749
-1.228835 0.694365 5.140282
-4.005945 -0.176226 10.882941
-1.076887 0.703086 5.160358
-7.824859 -1.261189 17.936804
-3.662215 -2.603082 10.312812
-1.532642 0.672081 5.034123
-8.119464 -4.196583 19.584047
-3.655860 -1.672839 10.302037
-7.601787 -4.054101 18.583353
-7.504694 -4.012366 17.998255
-2.557417 -0.100100 11.346526
-7.491547 -3.935107 19.043201
-2.558545 -0.102180 11.346701
-2.525159 0.223208 7.802162
-1.048598 -0.359805 9.175815
-1.505127 -2.292363 8.144687
-0.816298 0.109868 8.921872
-1.841085 -1.978453 4.918872
-2.512329 -2.097244 6.876823
-2.079925 -1.370335 5.668494
-3.758923 -0.393521 10.163803
-7.672969 -2.128263 17.796419
-2.188539 0.497794 5.746686
-3.073687 -0.707135 8.201959
-4.975645 -3.137084 13.754683
-7.719483 -1.218663 17.483746
-2.915674 -1.347906 10.962518
-4.418445 -1.311158 11.592699
-4.002559 -0.281293 10.833875
-9.028543 -3.830981 18.604258
-2.977719 -3.488708 11.539506
-7.293659 -1.266964 18.720371
-6.839190 -1.143205 17.645266
-2.631523 -1.828181 7.258695
-1.575032 -1.868961 4.808689
-2.288175 -2.919811 13.009570
-6.893849 -1.482717 19.675520
-3.954677 -0.171502 10.800457
-4.262514 -1.552582 11.249605
-4.412345 -0.478124 13.045929
-1.532527 -1.919297 4.696897
-4.037257 -2.999079 11.426708
-2.516565 -0.416903 13.585803
-0.195722 0.713005 5.800881
-5.384121 -3.265664 16.643908
-1.677620 -2.033927 4.691823
-6.941165 -2.483943 16.764105
-2.273379 0.658830 5.061639
-4.708220 -2.687568 12.375825
-4.036002 -3.050118 11.744337
-5.643328 -1.316778 14.000767
-3.270929 -0.332339 12.600781
-1.560850 -1.961914 4.762232
-1.178070 0.701315 5.198662
-3.701010 -1.008751 10.082954
-9.086285 -3.859937 18.641058
-3.884402 -0.234071 11.256640
-2.262419 -0.970437 13.037579
-1.567440 -1.967335 4.781237
-2.492493 -0.106084 11.505087
-4.034714 -3.052680 14.138725
-3.919418 -1.855906 10.638011
-5.417521 -3.261199 16.236116
-4.576022 -3.085683 12.332746
-2.391272 -1.233404 4.538468
-8.173840 -2.450352 18.541464
-7.475644 -4.015248 17.701828
-3.490452 -3.109077 12.134189
-2.017971 -0.962814 4.705486
-7.475490 -2.017084 17.464375
-7.199140 -4.376859 20.648438
-4.433315 -1.519404 11.582028
-3.086417 -3.003712 12.025118
-3.157552 -3.013811 11.889973
-1.309610 -2.244190 4.723051
-7.118576 -2.171836 16.947001
-3.790948 -0.819373 15.529112
-7.560908 -2.582537 17.629114
-2.492314 -0.105295 11.503617
-7.425887 -4.009998 17.622074
-1.755695 0.657483 4.902688
-2.491420 -0.105827 11.505868
-2.401922 -1.234840 4.572628
-8.292685 -1.427892 19.257170
-2.048558 0.333592 4.983581
-1.867043 -0.933849 4.806125
-5.392268 -3.252537 16.642462
-4.942426 -2.579458 12.142838
-8.059497 -4.163567 19.390738
-3.592652 -2.119909 10.077520
-3.620832 -2.496835 10.255513
-2.512275 -2.671351 11.132085
-1.268434 -2.065050 4.827520
-1.743596 -2.201500 4.610250
-1.756691 -2.091112 4.588215
-9.136536 -3.232821 20.175266
-5.768631 -3.725038 17.666941
-3.919391 -1.851961 10.638714
-4.159567 -2.144088 10.906722
-3.693655 -0.336782 12.386071
-7.431137 -1.961523 17.432005
-1.940071 0.280300 4.816175
-7.232227 -2.970473 17.140388
-7.095716 -2.046890 16.927578
-3.248253 -0.390532 13.206083
-7.313864 -4.077970 17.927402
-7.301303 -4.066006 17.915979
-1.728053 0.644512 5.112695
-3.592145 -2.120018 10.077367
-8.595865 -4.563904 20.841965
-6.885869 -1.227209 18.757612
-1.914679 -1.595654 4.591898
-0.195511 0.697952 5.731019
-3.173685 -3.029396 11.913840
-3.597769 -2.847746 10.737931
-3.530047 -2.896668 10.667958
-3.337312 -2.980183 10.922825
-2.389227 -2.267617 4.426502
-4.486413 -3.289016 16.583586
-4.094188 -0.245454 11.326209
-5.409735 -1.296374 13.621384
-7.404599 -2.005884 17.395506
-2.633296 -0.146925 6.710230
-0.935071 -2.563422 7.165063
-1.185468 -2.050999 4.799321
-2.235686 -1.412158 6.017451
-2.725010 -1.107897 7.543882
-0.451380 -1.987082 5.702374
-1.985102 -0.799826 4.659151
-1.933061 0.282771 4.804920
-3.590566 -2.836356 10.720037
-0.687071 0.548633 6.417001
-0.271995 -2.326586 5.595875
-1.830724 -1.953950 4.956863
-2.560774 0.212949 7.970490
-7.394888 -2.833324 17.314325
-1.776665 -2.008965 4.825070
-1.874970 -3.210901 12.333348
-0.300273 -2.111496 5.461518
-2.916944 -1.170889 7.999652
-1.283261 -2.242562 5.108455
-3.309001 -2.861751 10.746786
-2.080150 -1.344017 5.667422
-6.454066 -1.107118 17.697388
-0.305194 0.661776 5.882889
0.015000 0.501119 5.877251
-2.488929 -0.566789 6.438675
-1.469742 -2.087373 4.984921
0.049755 0.560716 6.173652
-1.498298 -2.396245 7.949785
-0.170902 -2.986755 5.944077
-3.258738 -2.978405 10.616435
-3.871295 -0.267852 10.588791
-7.289742 -4.018008 17.929338
-5.278524 -3.024071 12.605737
-3.712063 -1.098118 10.333508
-4.258979 -0.475154 13.110718
-7.276492 -2.128036 17.179445
-3.784857 -1.539065 10.442102
-8.220346 -3.582536 18.506138
-1.928011 -0.894909 4.992534
-1.727381 0.640071 5.107893
-7.360449 -3.973098 17.798512
-3.506610 -2.923430 10.317181
-2.069773 -1.915961 5.678502
-3.708859 -1.037758 10.102182
-2.309906 -0.081521 11.219883
-6.584141 -1.099146 17.563753
-2.244269 -3.284837 12.800107
-7.229504 -2.893710 17.125256
-3.569249 -2.448932 10.050472
-7.425488 -1.963356 17.420683
-1.335518 -2.115070 4.897929
-3.722014 -1.978209 10.411007
-6.725594 -3.598062 16.922674
-3.939237 -0.278476 11.777288
-3.346566 -3.055908 14.138805
-7.276527 -2.721791 17.214544
-7.658678 -4.049908 19.292465
-6.011768 -3.151470 17.085356
-5.069201 -2.597159 13.139590
-3.624477 -2.508966 10.257038
-3.665231 -1.646158 10.282801
-1.169684 0.694702 5.198184
-1.371670 0.685584 5.081153
-3.175104 -0.212225 11.735859
-2.082346 0.678628 4.564814
-4.623749 -1.320549 11.854703
-7.434322 -2.661435 17.572796
-0.773939 0.727227 5.144927
-7.364148 -1.262547 17.367950
-2.414882 -1.643366 4.485793
-3.567531 -2.407303 10.040249
-7.237256 -2.047157 17.108561
-3.630457 -1.664500 10.178679
-1.684426 -2.120375 4.504752
-1.163566 0.688152 5.177593
-1.075086 0.697815 5.135739
-5.189962 -2.976261 12.495141
-1.909097 -0.928387 4.948481
-7.059936 -2.172258 16.894823
-0.690191 0.774889 4.798185
-0.434340 -1.678390 5.007379
-2.134808 0.624855 4.850667
-2.205093 -1.209197 4.543982
-7.432673 -3.999016 18.544769
-2.229267 -1.632173 4.544810
-1.716536 0.640781 5.095512
-8.473507 -3.506001 18.135527
-3.721856 -1.521236 10.371684
-7.539468 -1.284584 18.447128
-7.147404 -1.941997 16.984896
-3.277420 -0.216410 11.776342
-5.461103 -2.202446 13.751141
-3.549550 -2.558809 10.001831
-2.185093 -1.483068 5.905744
-1.501080 -2.332724 7.872905
-2.433198 0.234051 7.500980
-1.715438 -2.241805 9.878414
-3.892243 -0.196038 11.045645
-7.467590 -4.187528 19.743858
-2.763005 0.339561 8.353578
-1.824295 -1.959299 4.937198
-0.822367 0.110493 9.012543
-1.533813 0.514028 6.243913
-1.988981 -0.827317 4.671579
-1.986990 0.526254 5.967556
-8.247320 -3.550117 18.701565
-4.064817 -0.207095 10.996310
-1.719149 0.635378 5.084401
-1.259186 -2.066185 4.731084
-4.263796 -3.486095 17.003057
-6.877641 -2.500309 16.641737
-6.887924 -2.613605 16.678682
-5.875155 -3.620030 15.953215
-4.098866 -0.214498 11.100854
-2.028379 -0.930534 4.715327
-3.695269 -2.920149 10.663156
-4.460396 -0.230773 11.602804
-3.653111 -1.663478 10.270553
-2.428825 -1.160705 4.556792
-3.318994 -2.968364 10.899331
-6.878392 -2.501098 16.645065
-4.291109 -1.536410 11.266958
-3.668570 -2.749238 10.332114
-0.723551 0.709140 5.215539
-4.615010 -2.124420 11.846896
-1.432147 -2.040458 4.762821
-7.253781 -1.201138 17.914331
-1.723327 0.636437 5.096379
-1.104256 0.596159 6.084166
-3.549296 -2.934847 13.122476
-6.852381 -2.626210 16.585987
-3.666593 -1.546690 10.285044
-4.840400 -2.474300 12.222989
-1.949419 -1.372975 4.622102
-6.480918 -3.463137 16.371220
-0.619678 -2.239590 8.821161
-3.290953 -0.245331 12.201925
-7.063568 -2.212447 16.895124
-7.960943 -4.132989 21.095825
-3.003829 -3.307122 12.865220
-2.343920 0.609176 4.804163
-2.083137 -3.018557 12.939891
-7.216324 -2.887963 17.113962
-9.301986 -1.765029 20.764442
-2.317142 -0.062359 11.269559
-1.070454 0.689990 5.116525
-2.091870 -0.184709 4.790211
-2.469623 -0.482766 4.639980
-5.389877 -2.554984 13.805686
-1.841262 -2.060524 4.490701
-7.058449 -2.944615 16.851967
-0.522817 -2.819154 8.058089
-1.225422 -2.083939 4.260506
-4.476056 -2.997676 12.182159
-6.349583 -3.007605 15.762134
-1.279336 -2.109055 4.823288
-6.597166 -1.105542 17.579298
-3.905474 -3.145620 12.247914
-1.231461 0.745908 4.621107
-4.265357 -3.018194 13.081384
-7.481447 -1.734153 21.158445
-7.770232 -2.516632 18.310795
-8.330812 -2.124804 20.877312
-3.999191 -3.161190 12.958076
-7.264642 -1.677237 17.072432
-7.301253 -1.950871 17.224916
-2.090523 -2.057017 4.378676
-3.340161 -2.997232 10.939792
-7.475142 -2.773960 17.511616
-2.092299 0.633280 4.809396
-4.569352 -1.529933 12.357909
-6.922580 -2.612753 16.738855
-6.852744 -2.463629 16.587189
-7.407838 -4.216939 18.484503
-0.377246 -2.807177 5.872445
-2.148758 -2.078990 4.412529
-1.179374 -2.111967 4.317605
-1.210013 -2.080085 4.351818
-4.398272 -0.367386 11.686383
-4.449864 -1.242674 11.593510
-2.207175 -0.827448 4.679198
-2.602684 0.663362 4.924337
-2.032903 0.650534 4.497426
-6.846653 -3.697927 19.692966
-7.555288 -1.725252 21.331390
-3.741617 -2.712719 10.401731
-2.083868 0.538936 4.804428
-5.025536 -3.163782 13.817246
-0.837757 0.711538 5.191338
-0.726860 0.719790 5.244743
-5.883193 -3.574888 15.845474
-3.668882 -2.752935 10.329326
-4.528124 -1.317813 11.735613
-7.921436 -4.156984 19.227396
-3.519970 -2.905684 10.374406
-3.855639 -0.352792 10.571884
-3.551922 -2.631418 9.993733
-0.295124 -2.210748 5.651757
-6.877314 -2.499425 16.642178
-1.582978 0.712507 4.605169
-6.845394 -2.623317 16.580284
-3.707756 -1.674812 10.332222
-8.609391 -3.559856 18.235474
-7.479384 -2.055045 17.533554
-1.399236 -1.979608 5.395168
-3.176148 -2.222995 10.122652
-1.900731 -0.932015 4.943187
-3.393794 -2.718543 10.897437
-2.959938 -2.699399 9.992115
-3.212594 -2.922466 10.440200
-1.502458 -2.761577 8.268080
-4.052326 -0.211669 11.014597
-7.090741 -1.928771 16.936844
-1.582137 -2.452352 8.149624
-3.543894 -1.156246 9.961151
-2.857328 0.081600 7.896869
-3.058117 0.097647 8.234043
-7.591756 -2.472083 17.896265
-1.988156 -2.274767 7.843779
-2.077385 -0.219281 5.574371
-5.217042 -3.654126 16.335808
-0.833905 0.571610 6.369126
-3.853563 -0.105761 10.501235
-1.075484 0.700963 5.162274
-0.675991 0.521106 6.287215
-2.069206 -1.600705 4.537686
-1.964757 -1.331711 4.645463
-0.946236 -2.537400 7.091364
-2.654276 -3.035830 12.649768
-2.090921 -2.472144 7.313083
-2.163747 -2.269071 9.636433
-2.009386 -2.268308 9.690291
-2.033087 -0.589736 4.725384
-2.595801 -0.194044 12.080571
-7.041263 -2.940869 16.838291
-2.739247 -2.380553 7.838760
-2.110084 0.247075 4.825491
-0.296906 -2.625733 5.465620
-5.315312 -0.705415 13.689232
-7.173586 -1.992893 17.049314
-4.538136 -1.515403 12.336440
-4.546900 -0.430959 12.669445
-3.718438 -1.038925 10.107986
-8.848314 -4.159591 18.732931
-0.521939 -2.660021 7.694589
-4.510795 -3.108089 14.549631
-1.981658 0.658815 4.924788
-1.075410 0.711949 5.100409
-0.629817 -1.879700 8.260941
-7.480978 -2.216360 17.488016
-6.874672 -2.620503 16.670515
-2.097626 0.271441 4.783953
-3.601055 -0.263741 11.852802
-5.568336 -2.831403 14.112712
-7.315810 -2.491314 17.236351
-1.124465 0.641538 5.020773
-3.735162 -2.544080 12.077731
-8.492975 -4.341107 21.171402
-4.031361 -3.088926 12.314393
-3.567497 -2.343609 9.923773
-3.422201 -1.151839 9.666107
-5.103002 -2.664473 12.248511
-2.484798 -3.626594 12.473696
-2.174180 -1.592943 4.571691
-3.210469 -2.886514 10.545951
-4.659062 -1.535877 12.496968
-4.212221 -0.398176 11.392424
-5.116711 -3.312847 13.815916
-2.249868 -0.473222 4.726676
-6.885781 -1.495540 19.677759
-3.628480 -0.313738 12.296046
-8.346506 -4.209323 20.323603
-7.881630 -2.117424 18.110889
-3.226404 -2.677163 13.564741
-7.780900 -2.570678 17.995935
-3.233513 -0.204909 11.722878
-2.212544 -3.366074 12.308530
-3.898311 -2.804564 12.398339
-2.172972 -0.929192 4.659359
-3.586182 -0.264544 11.859121
-3.861385 -3.047436 11.940559
-7.266067 -2.058414 17.160078
-7.324202 -1.946135 17.246805
-2.439079 -0.421381 4.638197
-6.459736 -2.393522 15.955524
-4.163556 -3.396110 15.954388
-2.080240 -1.535920 4.379256
-3.607968 -0.259273 11.850513
-7.035517 -2.944766 16.830107
-6.841723 -1.501786 19.575382
-4.748106 -2.432538 12.072986
-2.178582 -0.418400 12.151395
-8.533043 -2.835821 20.396177
-3.857436 -2.674162 10.788326
-4.004674 -3.071104 12.286865
-4.154689 -3.104319 12.037963
-7.043034 -2.943206 16.836884
-0.719608 0.702302 5.192868
-3.465606 -3.055575 12.036734
-9.373000 -4.131140 20.180586
-1.495537 -1.718668 4.657570
-2.609188 -0.107924 11.322113
-3.159208 -2.936968 10.511560
-8.262341 -4.500995 20.201027
-2.262550 -0.535401 6.027612
-2.509608 -2.990078 11.295867
-6.293308 -1.135937 17.772686
-2.131032 0.468636 6.349882
-7.102813 -1.435483 16.957699
-3.582462 -2.796038 10.203218
-2.592939 -0.122626 11.277466
-3.499893 -2.696251 9.934468
-3.639352 -1.656888 10.258124
-2.880934 -1.596126 8.375335
-2.145843 -1.812943 6.054071
-1.183615 -2.272314 8.937825
-0.528147 0.652801 6.050179
-3.566166 -2.785362 10.168295
-2.398870 -0.076340 11.229074
-1.531669 -2.106822 4.483452
-1.330555 -2.195010 4.834567
-2.491329 -2.702820 11.136138
-8.168103 -3.265592 18.621454
-1.072748 0.762458 5.368962
-7.670631 -2.308858 17.794380
-3.697162 -2.923317 10.666962
-0.815857 0.094196 8.748219
-6.781175 -2.606082 17.348648
-6.906225 -1.477856 19.702621
-1.271644 -2.037561 4.786365
-3.225138 -2.874076 10.592445
-2.475682 -2.818505 11.024710
-7.089228 -3.979918 17.845097
-1.031042 0.749537 4.760536
-3.573245 -2.458982 10.056430
-7.551122 -1.260200 17.578939
-0.309968 0.726923 6.155653
-1.568228 0.745165 4.394575
-3.697655 -1.010353 10.081113
-1.731320 -2.059597 4.535135
-1.601577 -1.832781 4.898222
-3.683683 -0.986508 10.083410
-8.484171 -3.358890 18.970921
-2.597086 -1.352594 10.025319
-7.164081 -1.267024 18.519329
-1.958927 -2.300053 6.886348
-6.999535 -3.970958 17.660610
-6.668450 -3.997638 18.575853
-4.514448 -2.996754 12.149176
-3.642330 -2.865240 10.591268
-7.624792 -2.248059 17.730398
-7.301525 -3.887693 18.366142
-1.281267 -2.133626 4.355865
-8.310547 -1.840425 18.621019
-3.198854 -2.469107 9.848485
-3.680131 -1.128445 10.044205
-3.883315 -0.213087 10.609176
-3.657263 -1.511478 10.198114
-4.407737 -0.285578 11.586902
-2.250197 -1.230129 4.601433
-1.933669 -1.402642 4.598184
-6.488469 -1.329289 19.330982
-3.975728 -2.670137 10.706800
-3.161598 -2.944779 10.520973
-3.930643 -0.369848 10.840247
-3.244185 -2.838953 10.744980
-7.279692 -2.736906 17.205576
-1.732873 0.653802 5.125468
-8.145875 -4.136731 20.624300
-1.914892 0.505182 4.709147
-8.126510 -1.762329 21.305159
-3.723155 -1.086099 12.598112
-7.757384 -3.134391 17.798532
-3.682796 -1.217596 10.319131
-1.509577 -2.159560 4.343604
-2.392947 -0.076824 11.228287
-3.280643 -2.808347 10.707122
-3.223984 -2.984013 10.430252
-8.058512 -1.786349 21.177439
-7.537949 -1.301817 17.353783
-0.669242 0.662328 5.674550
-1.745103 -2.104758 4.130245
-3.302534 -2.836154 10.743837
-1.966475 -0.934604 4.633204
-3.807918 -1.994221 10.507298
-7.052885 -3.907183 17.515474
-3.691293 -1.040970 10.084149
0.189249 -0.094389 6.312768
-4.105154 -0.252413 11.166692
-1.452364 -2.061241 4.609007
-3.244349 -2.858993 10.628859
-3.744443 -1.101050 10.391904
-7.590865 -1.254007 18.502901
-3.206538 -2.926971 10.515321
-5.948785 -4.070184 18.302608
-7.513833 -2.551503 17.613892
-3.704759 -1.102207 10.344120
-3.641981 -2.000725 10.012472
-7.353069 -2.500368 17.294083
-0.194364 0.702566 5.762277
-1.576504 -1.866844 4.829876
-3.419717 -2.911915 11.725913
-1.347258 -2.161374 4.498255
-6.780407 -2.483598 16.514093
-2.206139 -1.641933 13.038337
-1.962808 -2.243362 7.767658
-6.670749 -2.555391 17.124384
-4.858578 -2.365336 12.975591
-8.241120 -1.582418 18.738689
-0.321225 -1.710450 4.900931
-2.109135 0.619991 4.810850
-3.464921 -0.096646 10.548732
-8.245037 -3.497367 18.163095
-3.535376 -2.892709 10.669256
-1.737388 -2.132572 4.761233
-1.613037 -2.188022 4.305565
-2.683653 -3.087476 12.780999
-1.941877 -0.801058 4.949262
-3.519085 -2.880928 10.649508
-2.924646 -3.100674 12.403502
-6.620957 -2.795519 18.463877
-7.602931 -2.249366 17.702438
0.176420 -0.098417 6.176633
-7.201746 -3.995672 17.771704
-5.261907 -3.305748 14.219184
-7.088539 -4.005894 17.672224
-2.372226 -0.416906 4.547879
-3.253933 -2.952669 10.621781
-2.026930 -0.470989 4.707841
-5.204805 -3.266839 14.135145
-1.372499 0.727967 4.649687
-7.166842 -2.585089 17.133322
-2.277620 0.661209 4.612589
-4.675640 -3.153048 12.480770
-2.354004 -1.259285 4.471733
-7.305198 -3.888165 18.383909
-1.738283 -2.128124 4.757129
-4.953317 -3.363512 13.343575
-7.168808 -3.912165 18.807636
-2.973730 -3.475733 11.525937
-7.289087 -3.967085 17.669241
-8.381955 -4.114168 20.396170
-2.206958 -1.646413 13.036466
-1.386193 0.739920 4.690285
-0.029587 0.774575 5.321893
-1.030077 0.748745 4.762968
-2.426910 -1.284403 4.532385
-7.620535 -2.010375 17.726297
-7.122946 -1.097359 17.186375
-2.251151 -0.982555 12.999014
-1.871027 -0.934322 4.821462
-2.122718 -2.007512 4.114712
-4.859030 -0.454923 12.658256
-2.034539 -0.345640 4.711624
-0.318405 -1.728251 4.951660
-3.531574 -2.888983 10.668715
-8.232806 -1.396932 19.177546
-3.279229 -1.731794 9.526609
-5.356529 -1.436551 13.827984
-1.287396 -2.101433 4.560019
-1.297095 -2.072514 4.673563
-2.791050 -1.354322 7.741749
-1.296083 -2.093508 7.371709
-3.532059 -2.669852 9.878648
-0.897154 0.759933 4.815083
-4.077618 -3.029177 11.511694
-0.901164 0.754783 4.823600
-7.410697 -2.466541 17.381266
-7.449061 -3.850675 19.518536
-1.751643 -2.148877 4.784163
-3.703228 -1.009174 10.086277
-1.250373 -2.092445 4.573168
-1.812661 -2.096583 4.370741
-5.435641 -1.234724 18.856499
-4.626602 -2.044715 16.750237
-4.672153 -2.945509 13.200752
-7.051399 -3.833158 17.249197
-4.627388 -2.029389 16.746838
-3.519274 -2.282291 9.776319
-3.504730 -2.250833 9.734867
-1.500286 0.738122 4.330804
-3.023433 -2.831007 11.451607
-3.801121 -1.996973 10.513331
-7.218379 -3.955145 17.582462
-3.871078 -0.533388 13.994957
-7.577354 -2.875173 17.612759
-3.696114 -1.050880 10.055934
-2.381924 -0.662240 4.547358
-7.091999 -2.051716 16.927086
-1.192870 0.787835 4.363566
-5.755161 -3.664043 17.831999
-3.840542 -0.248470 11.575817
-0.035048 0.772793 5.349608
-7.097756 -1.928494 16.936924
-4.702726 -3.181294 12.939436
-1.384806 -2.025973 4.582429
-2.111585 0.573763 5.377698
-1.699183 0.763438 4.115263
-4.241557 -2.211711 11.039286
-7.084659 -1.924807 16.930536
-0.758519 0.788602 4.618464
-4.269419 -0.446887 12.873248
-1.907336 -1.589261 4.573807
-1.369211 -2.075076 4.532160
-7.182355 -1.280261 17.119747
-1.819405 -0.426260 10.030846
-2.104404 -2.219770 9.376607
-2.188364 -1.649591 4.607977
-4.574102 -3.082943 12.347495
-3.953088 -0.248959 10.701581
-2.298224 -1.612144 4.464901
-4.095460 -0.242921 11.308377
-1.604196 -2.170121 4.252422
-7.273276 -2.621145 17.261536
-5.823346 -3.600030 17.923470
-1.267117 -2.055094 4.814322
-7.599890 -4.050363 17.885725
-1.229874 0.693405 5.141078
-2.354367 -2.898912 13.535756
-1.915605 0.741176 4.378958
-7.573164 -4.007358 17.897173
-3.839110 -0.216113 10.552101
-2.080253 0.679764 4.553619
-3.436527 -2.789925 11.041762
-7.049712 -2.051003 16.891150
-7.625844 -3.838893 20.717079
-7.072181 -1.304414 16.940903
-1.323393 -2.056832 4.316992
-0.233168 -2.199894 5.496902
-4.798002 -1.326800 12.063438
-2.307684 -1.257083 4.680320
-0.458978 -2.061437 5.904032
-2.273657 -1.239193 4.635839
-3.693753 -0.711636 10.000430
-8.173875 -2.131669 18.572861
-2.015644 -1.251119 5.838354
-2.101328 -0.916744 6.084073
-1.836117 -2.040086 4.937182
-3.731453 -1.221500 10.381164
-8.175532 -4.176940 18.970192
-8.434993 -4.220303 20.635687
-3.773553 -0.082773 10.256028
-2.619239 -0.039477 10.711040
-1.439974 -2.051110 4.213163
-1.283844 -2.050355 4.809394
-3.230093 -2.890465 10.706593
0.260840 -0.061641 5.280764
-7.782990 -4.135178 19.464998
-0.938965 0.650111 5.534635
-4.263659 -2.083657 15.877688
-1.882080 -1.854264 5.079774
-5.300064 -3.682261 17.947056
-1.353907 -2.020386 4.539312
-9.446648 -3.242657 20.424931
-3.530270 -2.540430 9.978075
-2.596282 -0.922221 7.575004
-4.246523 -0.303358 11.318724
-0.725836 0.716327 5.236817
-2.680923 -0.466257 11.169348
-7.987227 -4.038022 20.353645
-5.845436 -3.325428 14.739420
-7.445971 -3.902277 17.359915
-0.246210 -2.192129 5.516806
-9.479494 -1.721845 20.413441
-1.000863 0.718967 4.698611
-6.244050 -1.354478 19.535858
-1.175287 -2.913375 7.953846
-5.530158 -0.796310 14.088659
-1.512882 -2.028005 4.066763
-1.176855 0.767992 4.332536
-3.215497 -0.058420 10.474220
-8.459933 -4.140112 20.388512
-2.111841 -2.941378 7.634796
-0.543692 -2.694325 7.814956
-7.163659 -1.258325 18.515955
-3.677760 -2.208725 10.170958
-3.408784 -0.061788 10.374685
-0.292501 -2.199249 5.517510
-3.466865 -0.902569 10.291742
-3.668677 -1.001944 9.974831
-8.829000 -4.132607 20.087965
-7.473106 -4.223662 19.778147
-2.110314 -1.620834 4.569500
-3.658133 -2.757803 12.852163
-3.360349 -2.922513 11.790113
-3.311725 -2.867972 10.356198
-3.237356 -0.061596 10.502451
-5.967516 -1.380449 19.844318
-2.151073 -2.305326 6.713680
-2.307661 0.268226 7.144671
-8.887230 -1.678115 21.000547
-5.927478 -1.557891 19.850245
-7.464216 -4.182010 19.689234
-3.688068 -1.650966 10.204975
-2.825858 -2.185415 8.799062
-3.035568 -2.322385 10.967678
-3.482906 -1.486419 9.564706
-3.208922 -2.955475 10.588117
-3.534689 -2.308985 9.798334
-3.669209 -1.051727 10.027706
-3.546734 -2.746392 9.977962
-7.079783 -2.751351 16.913465
-3.321763 -2.877117 10.309139
-8.094025 -4.223365 20.325077
-1.283947 -2.029734 4.264678
-3.089317 -2.846917 10.275997
-7.120933 -2.050364 16.946991
-1.309387 -2.021102 4.272647
-1.430157 -2.031606 4.578167
-8.530345 -4.087626 20.635340
-3.118494 -1.789411 8.971568
-7.082745 -2.205709 16.910591
-7.109850 -1.220032 16.974319
-8.856755 -4.140645 20.092268
-2.918899 -0.331299 9.838725
-7.698087 -4.037929 18.493002
-3.732802 -1.535957 10.401678
-3.310954 -0.968505 9.303639
-0.170999 -2.811033 5.683328
-3.673285 -1.670006 10.228495
-1.289127 -2.031484 4.567520
-3.637700 -2.575709 10.283663
-2.021165 -2.015539 4.154996
-3.472161 -0.092730 10.556540
-1.805612 -2.621466 7.459576
-3.590114 -2.160538 10.073826
-1.191046 0.785193 4.355690
-7.969876 -4.173084 19.009775
-2.068384 0.580052 5.332289
-3.368321 -2.785060 10.105630
-5.536502 -3.638261 17.916355
-3.188879 -2.835116 10.405715
-1.547802 -2.020940 4.070768
-3.446827 -2.893228 10.075304
-8.019507 -1.356237 18.289396
-2.077249 -2.038239 4.179741
-2.839560 -0.069612 10.897210
-3.626556 -1.637491 10.247916
-1.086337 0.789238 4.418495
0.472858 -2.059949 6.011144
-7.543164 -1.266471 17.574911
-3.890594 -0.225681 10.612036
-1.231783 -2.147000 4.297237
-1.448987 -2.054512 4.566081
-2.091371 -0.869385 5.981551
-3.453506 -0.099614 10.542247
-1.534735 -2.586592 10.379426
-3.659793 -1.963842 10.328634
-3.156027 -1.793038 9.133867
-9.183536 -3.244130 20.210543
-3.603557 -3.219805 12.400074
-1.291914 -2.160629 4.307104
-1.207427 -1.948666 4.488579
0.220551 0.569499 5.874252
-2.191661 -3.086454 12.604245
0.568218 -1.062364 6.191809
-7.223938 -2.795493 17.009039
-6.379185 -1.097358 17.679892
-0.184568 -2.576905 5.321730
-9.404918 -1.676456 20.260811
-1.182130 -2.137051 4.279491
-1.566685 -2.094525 3.932723
-6.347251 -1.084982 17.542063
-3.892763 -0.106669 10.579053
-1.759093 -0.219323 11.139408
-8.478440 -4.151940 20.703159
-3.425100 -2.822343 10.222096
-8.249696 -3.485705 18.157921
-1.493638 -2.139552 8.975842
-1.193744 -2.131132 4.477331
-6.103345 -1.532173 17.693626
-1.837162 0.476643 6.467550
-1.227829 -0.048661 9.604631
-1.601248 -2.093257 4.173343
-3.631704 -2.668902 10.288130
-1.428011 0.769510 4.294063
-1.818300 -2.022743 4.905122
-3.269219 -2.921093 10.668403
-1.647665 -1.700065 9.324918
-7.583907 -1.279596 17.389727
-8.147464 -3.549736 18.432716
-2.099141 -0.504451 5.645020
-1.173067 -2.057526 4.213386
-3.209177 -2.785167 10.693483
-3.512761 -2.886184 10.380805
-1.012285 0.730377 4.705946
-2.226167 -3.073811 12.487787
-5.825477 -2.984907 19.630060
-1.429646 0.770447 4.294662
-3.677177 -1.647193 10.303191
-0.695291 0.781297 4.827806
-2.681969 -3.071944 12.762730
-3.804762 -0.116082 10.424898
-2.051808 0.679597 4.451921
-3.623483 -2.664860 10.279051
-2.067002 0.641077 4.782011
0.297653 -0.258764 5.836743
-8.559105 -3.728142 19.250086
-5.794081 -3.521062 17.788282
-1.190314 -2.121223 4.464727
-2.397510 -0.076629 11.225561
-5.449202 -3.638690 17.993307
-2.047780 -0.145731 4.737627
-2.402466 -1.569921 4.285509
0.081609 -1.602387 3.197619
-1.559474 -0.342885 8.598440
-1.764325 -0.124896 11.829021
-1.523312 -1.779257 5.954525
-3.244292 -0.835045 5.490945
-8.023103 -3.753290 18.833563
-1.850340 1.311953 7.115864
-2.715887 -0.807480 4.181520
-3.086331 -1.853451 8.172054
-1.948673 -0.363216 4.554952
-1.199086 0.837158 3.753141
-0.049614 -1.654616 3.084098
-1.863470 -1.061008 4.375379
-0.935252 0.886563 3.216895
-0.252838 -2.001849 5.151421
-5.995916 -3.993288 19.689905
-1.959298 0.541242 4.816758
-0.093307 -1.523662 3.265867
-2.856418 -1.049296 4.403340
-2.883756 -0.848855 4.420778
-3.159647 -2.292501 8.791040
0.615263 -0.083521 4.477956
-4.955052 -2.536828 18.068256
-0.310028 -1.865189 5.028056
-3.791109 -0.000528 9.094544
-2.588433 -3.244897 12.438753
-0.750341 -1.760544 3.079698
-2.019377 -2.066384 8.703500
-0.828030 -1.932178 3.717993
-1.933929 -0.066540 3.632190
-1.975474 -0.622478 4.628032
-1.433626 -2.442149 8.496586
-1.818527 -2.219450 5.673463
-0.322876 -1.756426 5.156982
-5.783508 -3.871014 17.847988
-2.436231 -1.136816 4.591379
-6.044195 -3.423905 15.182776
-2.991426 -2.325802 9.211101
-2.827742 -1.041238 4.364854
-0.096708 -1.407488 3.030893
-6.820546 -3.896995 18.689049
-0.006753 -1.699312 3.236006
-2.721193 -2.704254 9.382229
-2.377506 -0.650848 4.569841
-8.171511 -3.487470 18.513197
-5.106177 -3.057261 11.979482
0.425293 -1.978655 5.778126
-7.000421 -3.866059 16.991970
-0.324860 -1.787301 5.066654
-6.252641 -4.131166 17.287508
-0.070467 -1.682283 3.147243
-4.603024 -2.582976 12.227615
-1.933375 -0.943147 4.569082
-0.899563 0.778314 4.457856
-5.442032 -3.654679 17.978836
-3.932371 -0.100891 8.715324
0.484202 -1.445018 5.652997
-3.319699 -0.276923 12.125280
-2.082516 -1.908079 5.695396
1.339720 -1.613944 6.717993
-2.792941 -1.609364 4.301740
-7.608749 -2.014357 17.712849
-2.857838 -1.818363 8.300331
-7.291384 -3.434574 20.022350
-1.504108 -1.720996 4.684357
-5.246907 -3.004514 12.555945
-1.725213 0.735573 3.263309
0.839073 -1.615027 5.111568
-5.775332 -3.686836 15.673428
1.156374 -1.427858 5.921031
-0.380952 -2.197839 5.512835
-8.035189 -2.436818 18.389261
-3.124021 -2.746952 9.439844
-1.621026 0.870612 4.560450
0.234948 0.683068 6.045907
-2.201487 -1.208725 4.543500
0.199565 -0.979342 5.757316
-6.862426 -1.485490 19.591347
-1.957152 0.536427 4.804972
-1.591816 -2.666331 6.784296
-7.454970 -2.608501 17.359409
-1.392156 -0.648143 8.250305
-5.871173 -2.200964 19.655725
-2.382164 -0.656724 4.569701
-7.326406 -3.267497 17.378578
0.319160 0.653513 5.378956
-3.234484 0.008906 9.839925
-2.168086 -0.356329 9.041603
-6.508080 -1.296474 19.423208
-2.021659 -1.986572 3.610334
-4.840160 -0.252242 12.325332
-0.698973 0.563442 6.279691
-0.427980 -1.938490 5.114153
-3.485097 -2.610636 12.292111
-3.212716 -1.954209 9.126108
-3.023468 -1.848999 8.684206
-1.161128 -1.810943 3.220314
-6.386405 -0.958271 15.809915
0.566570 -1.439564 5.867394
-2.361352 -1.229776 4.539287
-3.090796 -2.765363 9.492831
-9.488937 -3.802934 20.267073
-1.131022 -1.821113 3.267765
-1.367520 -2.086182 5.084010
0.885369 -0.290672 6.387971
-7.426595 -3.888770 18.938776
-1.358842 -1.914300 3.615589
-5.434386 -2.037903 18.916512
-1.469356 -2.474113 7.116582
-5.311294 -0.728219 14.446186
-2.052487 -1.425620 5.620747
-3.085703 -3.135718 12.145319
-5.974917 -3.728104 15.513530
-1.648184 -1.934934 4.272596
-5.960482 -3.680907 15.515467
-3.118441 -2.814178 11.487904
-2.962461 -0.513017 12.377564
-2.939261 -2.394435 8.375822
-5.068829 -2.576338 12.024927
-1.636519 0.882929 4.598318
-1.545309 -2.901411 11.210072
-2.413454 -0.285359 4.527057
-6.335248 -3.763819 16.660175
-2.268749 -1.460100 3.951047
-3.458340 -0.267827 12.440488
1.110541 -1.758013 5.552974
-3.654173 -0.135444 9.956131
-8.228990 -2.471606 18.612013
-5.198148 -3.723361 17.555923
-0.607829 -2.264686 5.816241
-2.043083 -0.085065 4.733512
-1.925581 -0.530648 4.523161
-1.499327 0.794305 4.177220
-5.875654 -3.693925 15.577781
-1.667190 -1.966732 5.852768
-2.516912 -1.957182 7.709593
-7.467428 -2.426760 17.374952
-1.820791 -0.229296 3.453440
-4.505991 -0.375995 11.894894
-1.720539 0.823667 3.098018
-1.345398 -2.137308 5.001283
-1.744432 -2.233584 5.704345
-1.122973 -2.087762 5.257438
-3.928722 -2.934929 10.940598
-4.799487 -2.960466 14.193141
-2.088699 -2.086814 5.723392
-1.625107 -1.736310 3.128701
-2.628777 -0.072178 4.704735
-2.068103 -0.385993 11.215004
-2.164658 -1.677050 5.840795
-1.090976 -0.344479 9.901830
-6.737072 -1.339502 19.527939
-2.727200 -2.563167 8.195963
1.205595 -1.200044 6.209373
-3.560853 0.003202 9.571404
-1.715923 0.247883 8.796805
-6.737285 -1.342520 19.522799
-5.117241 -3.987193 16.706900
-2.034796 0.228620 8.726079
-7.794295 -2.493618 17.963455
-3.146968 -1.890608 8.906685
0.698216 -0.904616 6.371343
-2.342387 0.156194 9.177273
-6.739155 -3.387121 19.462952
-8.253716 -3.352735 18.171391
-5.985164 -3.965724 19.638945
-1.440632 -2.001733 4.142354
-7.969797 -2.365132 18.226198
-1.451859 -1.989036 3.700391
-6.101476 -3.155317 17.374598
-0.446689 0.954279 3.415285
-1.454656 -1.994658 3.699344
-6.740472 -1.346243 19.545267
-1.070562 -1.873720 3.385552
-2.973913 -0.752850 8.265684
-8.195735 -2.417971 18.571115
-7.370055 -3.893759 18.383652
0.683488 -0.894461 6.282619
-7.860859 -4.036011 20.482140
-8.323691 -1.689766 20.027098
-2.967308 0.134648 8.153368
-2.224275 0.418355 5.805630
-2.932902 -2.731432 9.498012
-3.643725 -3.040492 11.333233
-8.274986 -3.768618 18.340960
-8.218920 -3.464462 18.494823
-0.753159 -1.755898 3.063747
-3.001260 -2.790015 9.602567
-3.243465 -0.259248 11.877900
-2.919072 -2.398619 8.307068
-2.129617 0.062438 4.868117
-4.160046 -0.289113 11.590938
-6.196268 -3.492717 15.554284
-2.392454 -1.692796 4.707520
-8.085135 -3.837013 18.514452
-1.540401 0.842060 3.270260
-7.614020 -2.627223 17.690727
-2.191610 -0.404377 11.371027
-2.068217 -0.252687 3.982871
-1.476778 -2.027893 3.742676
-8.208961 -3.467173 18.484270
0.816539 -1.465527 5.744453
-1.509393 0.889331 6.020886
-3.634811 -2.554845 11.441425
-1.317098 0.709083 5.209301
-4.302734 -1.220189 11.336636
-2.589637 0.205760 8.526277
-7.236330 -4.205150 20.023794
-1.211560 -2.006626 4.098561
-3.033911 -0.290847 11.062464
-5.794617 -3.673667 15.806297
0.784376 -0.032028 3.805781
-2.621755 -1.213482 4.365568
-2.581537 0.196180 8.519252
-3.065902 -2.726012 9.259347
-5.408946 -2.145853 18.933508
-1.717644 -2.082999 4.749778
-8.157748 -2.270799 18.500820
0.217104 -1.116223 5.949314
-6.203442 -1.333391 20.091595
-7.865484 -4.029759 20.428625
-3.339460 -3.108048 11.981309
-7.710487 -2.529116 17.835835
0.686550 0.878914 4.216290
-5.928943 -3.695180 17.703350
-3.765539 -3.042325 11.648956
-2.969082 0.041123 8.203622
-7.196887 -3.832150 18.759996
-1.299837 -2.071666 4.859912
-3.252821 -2.235392 9.190429
-9.683319 -2.672415 20.743101
0.730331 -0.019394 3.977790
0.776576 -0.031477 3.760741
-1.963507 -2.235819 5.783090
-1.550760 -2.101230 4.589940
-6.007382 -0.907174 15.996203
-2.532558 -1.128118 4.588080
-1.293589 -1.971493 4.853988
-8.378873 -1.400729 18.806635
-1.061947 0.969281 2.618947
-8.393722 -4.232774 19.397327
-3.824678 -2.983074 11.031163
-5.599615 -3.607599 17.777321
-1.199913 0.791424 4.273064
-2.583093 0.198366 8.517849
-1.496657 -2.022938 4.029359
-5.604174 -3.803950 17.739574
-2.098813 -1.971665 3.615666
-4.141377 -2.969537 10.992573
-2.728813 -2.557686 8.187683
-5.236932 -3.708493 18.557125
-8.279722 -3.769711 18.346655
-2.287350 0.290961 5.947363
-3.794445 -3.037851 11.750710
-6.960853 -3.718249 17.187469
-7.942685 -3.007928 18.215248
-4.124517 -2.955530 10.977137
-0.496277 1.027347 2.622739
-3.831160 -2.895137 10.750319
-8.047532 -3.824251 18.486689
-1.907529 -1.886720 3.454583
-3.790089 0.002061 9.093813
-2.997816 0.993591 9.725821
-1.778295 -0.862848 4.584138
-0.310306 -2.273779 4.753344
-3.207601 -1.260180 8.973363
-7.860342 -2.365432 18.120888
0.314163 -1.938902 3.744831
1.026385 -2.209567 5.246383
-6.922647 -1.379809 19.706001
-2.105782 -2.045860 3.740673
-1.751128 -1.728565 3.145300
-6.984169 -3.857903 20.097832
-1.299589 -0.019711 10.211553
-2.547667 -1.665131 6.795969
0.719428 -0.926734 6.520131
0.270311 -1.743304 3.351458
-3.333036 -2.819456 9.875566
-3.467606 -3.659444 14.053917
-3.445462 -2.931075 13.887713
0.648756 0.835970 4.063556
-6.008868 -0.909533 16.048380
0.322354 0.668363 5.468647
0.169760 -3.014510 6.036724
-6.358616 -2.410325 15.793430
-7.905552 -3.952866 19.982887
-2.712951 -2.362301 7.767044
-3.093408 -2.810488 9.335169
-5.434941 -3.871192 17.733074
-2.618028 -1.211820 4.359901
0.305597 -1.974615 6.020967
-7.255809 -4.034047 18.296324
-6.757535 -2.054034 16.343504
-3.069748 -2.774345 9.583293
-8.129265 -1.389117 18.700504
-1.936345 -2.087852 3.785100
-1.911583 -2.218601 5.408784
0.539808 -1.434369 5.517029
-1.485844 -1.963332 5.603493
-3.192030 -1.471885 8.228151
-6.259875 -1.322542 19.732925
-7.134379 -1.248720 18.433151
-1.370243 -2.085755 3.868657
-0.997847 -2.664037 10.233569
-7.270874 -2.403542 17.205830
-1.338663 0.822439 4.071942
-3.168346 -2.731456 9.556598
-0.674257 0.619761 6.188595
-1.020478 0.737884 4.714658
-9.287731 -3.882301 20.502069
-2.374828 -0.284202 4.605641
-7.713920 -4.318570 18.849068
-3.638532 -0.723603 9.927909
0.036299 1.026386 2.965752
-8.234538 -1.425920 18.677011
-2.062468 -1.930862 3.567954
-3.147829 -2.797950 9.837885
0.886301 0.041384 3.740395
-6.957470 -4.007250 18.888071
-3.947595 -0.272238 11.395441
-3.785994 -0.088109 10.175639
-0.097324 0.868359 4.578380
-1.837983 -1.158148 4.700928
-6.012060 -3.845490 17.151514
-2.164550 -1.188819 4.511769
-1.591845 -1.555594 2.826482
-8.285950 -3.780821 18.346552
-1.127590 -1.699818 2.884200
-7.764753 -3.007039 17.941425
-7.896374 -1.360793 19.014051
-6.652143 -3.866958 16.638577
-7.651516 -4.264102 19.839304
-1.592905 -2.230214 5.725849
-1.988783 -0.232233 12.195870
-8.159944 -2.528575 18.648823
-1.359855 -1.649371 2.619601
-7.286723 -4.064239 19.076687
-3.544509 -2.430612 9.814601
-1.869232 -2.194436 5.527915
-3.730229 -0.175603 11.101317
-0.221493 -1.949765 4.993015
-4.389078 -0.328176 11.607490
-2.843333 -2.610442 8.618252
-8.632385 -3.062386 19.242685
-4.417243 -0.330585 11.488750
-3.398271 -2.916369 10.917192
-3.659787 -0.721036 9.963592
-1.846694 -2.124306 5.526905
-3.792841 -2.998719 11.195996
-7.306706 -1.231615 18.086002
-6.926776 -1.407208 19.734518
-6.878752 -1.439413 19.674030
-1.327235 0.975995 2.338936
-5.222748 -1.970661 18.702423
-3.625169 -3.059018 11.281185
-6.911042 -2.219930 16.760323
-1.332048 0.952224 2.440709
-7.772192 -4.227144 18.788429
-3.406896 -2.931361 11.807920
-1.143871 0.897638 3.104697
-8.589390 -3.046748 19.204884
-3.150005 -2.750283 9.715894
-0.034433 -1.727992 3.061905
-1.490000 0.629231 5.446136
-2.248709 -2.211415 7.199795
-9.217083 -1.602075 19.985577
-0.852084 0.596593 6.243927
-1.663827 -1.421940 4.505743
-4.454488 -1.618989 11.709104
-1.918754 -0.927347 4.960686
-0.899542 0.777506 4.457502
-3.033014 -3.354533 12.457594
0.534833 -1.365244 5.569831
-0.294341 -2.664119 5.505541
-6.595711 -3.382750 17.383976
-2.529190 -1.115533 4.542946
-2.205187 -2.100612 4.227054
-8.425182 -4.248945 19.319527
-3.702920 -3.015504 11.711182
-5.235991 -2.608961 18.834469
-3.763236 -3.047608 11.400095
-0.037855 -1.589864 3.261535
-1.046393 0.613829 5.987710
-0.955170 -2.294576 8.599853
-4.369687 -2.057633 11.664800
-3.636729 -1.203842 12.793570
-0.031820 -1.624892 3.056653
-1.313863 0.854038 3.623984
-2.741618 0.024189 10.093565
-4.846503 -3.252157 13.217591
-1.553728 0.772844 4.147936
-3.527254 -1.607348 9.720366
-0.649454 0.997447 2.611643
-4.804839 -3.346769 16.769863
-6.570135 -1.085906 17.221550
-5.184480 -2.610216 18.592709
-2.059161 -2.354949 8.057407
-0.774302 0.057794 8.057096
0.861941 0.038605 3.747283
-0.602830 -2.013227 7.959856
-2.200773 -2.091160 4.213832
-3.282742 -2.031839 9.250773
0.180974 -0.727653 6.049641
-4.754348 -3.212477 12.972466
-4.393678 -1.617537 11.579573
-5.837570 -3.426168 19.172050
-1.357987 0.916883 2.827394
-2.839839 -1.202006 7.787919
-2.803747 -3.334691 13.441241
-2.812395 -1.922827 7.901895
-8.199991 -1.497464 18.703655
-2.143959 -0.502331 5.755290
-8.005533 -1.344911 18.259005
0.841366 0.039850 3.572980
-8.125343 -2.445111 18.506266
-1.078400 0.679187 5.430697
-3.709939 -3.024673 11.716980
-1.200724 -1.882308 2.751454
-4.455954 -2.997070 12.349987
-4.760071 -1.084823 17.553017
-8.902849 -1.542454 19.523575
-1.352422 0.914926 2.822467
-2.793655 0.087832 7.551098
-3.261752 -2.584586 8.391706
-4.451678 -1.614861 11.702152
-1.492565 0.631414 5.444717
-4.417266 -1.739054 11.661100
-8.866138 -4.279442 19.865561
0.509815 0.072626 4.422507
-1.184510 0.777016 4.340528
-2.404098 -0.477452 6.238142
-2.145048 -1.624208 4.580215
-1.516535 0.921818 2.814855
-8.094186 -4.208769 19.499521
-4.193290 -0.274162 11.637438
-3.263453 -2.759657 9.731889
0.054467 0.564983 6.227577
-4.420299 -1.736072 11.648928
-3.013259 -2.757504 9.628159
-3.165892 -2.760232 9.718260
-2.632286 -0.068937 10.661586
-3.148217 -2.745580 9.564717
-2.894808 -2.776043 9.952523
-7.657619 -3.353061 18.078312
-3.161574 -2.758965 9.709583
-4.031985 -3.001285 11.418580
-1.395398 -2.039125 4.183136
-4.452521 -1.611828 11.701279
-6.869061 -3.725003 17.732182
-3.630541 -3.184923 11.544076
-0.903606 0.919316 3.110957
-1.542364 0.763359 4.126507
-4.414576 -0.325774 11.694518
-0.593539 0.975396 2.916344
-3.602828 -2.976398 11.354080
-1.507330 -2.025572 4.067688
-0.726709 0.188181 9.018418
-4.311974 -1.235023 11.329481
-2.190143 -1.205063 4.571737
-1.328125 0.974522 2.340247
-3.656066 -0.128469 10.101792
-3.067244 -2.742846 9.730707
-2.795159 0.251262 7.405202
-4.961758 -3.051155 14.969580
-3.865036 -0.399441 10.577404
-3.103757 -2.769821 9.617530
-4.374726 -1.965873 11.645639
-1.753772 0.827686 3.111752
-4.172951 -0.295640 11.750809
-1.583818 0.888903 2.742748
-1.716835 -2.041605 4.504238
-3.229250 -1.476583 8.270312
0.572119 -1.439892 5.901048
-1.697775 0.837459 3.394197
-2.406506 -0.420444 4.588396
-1.912183 0.170626 9.036326
-1.882721 -1.907367 5.190516
-1.296682 0.549218 6.240899
-2.274193 0.482335 4.287316
-2.357017 -2.544030 8.262331
-8.696681 -2.758985 21.432661
0.546134 -1.786791 5.395596
-7.787253 -4.068598 21.046204
-0.076114 -1.989722 4.114448
-2.037849 -2.022619 3.679537
-3.253017 -0.065203 10.381085
-1.157869 0.906666 3.135869
-0.442553 -2.102869 5.629853
-2.155308 -0.445298 11.611449
0.416677 -1.954704 5.713843
-1.557285 -1.749083 2.663263
-2.093076 -2.063041 3.538587
-3.228976 -1.476314 8.268760
-6.404501 -3.156174 15.879923
-4.422830 -1.739958 11.664795
-7.494419 -2.782769 17.519882
-1.656765 -2.030958 3.899086
-2.358507 0.020173 10.452357
-7.455556 -3.959277 19.092102
-6.354301 -0.962236 15.955053
-2.318617 -0.273268 4.365676
-3.544765 -0.178208 9.841269
-2.235557 0.053803 10.222312
0.691018 0.983361 3.251281
0.430317 -1.607391 4.121403
-6.230653 -3.129189 15.465908
-2.279473 -0.446298 9.769997
-1.605014 -2.013071 4.252340
-0.853501 -1.878776 2.878740
-1.243811 -2.819570 10.533504
-0.447519 -2.078634 5.575318
-5.865746 -0.905465 16.125841
-7.594408 -2.938637 17.650827
-1.116667 -1.883301 2.914545
-0.834615 -1.838088 2.672211
-5.874465 -0.907815 16.105534
-1.865036 -2.182654 5.287869
-2.361245 0.566564 4.542217
-0.843297 -1.830331 2.735052
-0.825469 -1.943655 3.748679
-2.914153 -2.807629 9.562445
-3.745461 -3.041379 11.721271
-5.286861 -0.734420 14.406636
-1.455472 -1.530978 2.481749
-7.094586 -1.256186 18.560083
-4.321979 -2.045482 11.388637
-2.913947 -1.200490 7.990530
-2.220777 -1.518695 6.027299
0.511242 -1.168262 5.481246
-2.397088 -0.419321 4.579270
-7.802896 -2.614583 18.016317
-0.531139 -1.988760 2.935497
-7.228103 -1.264207 18.524599
-6.347999 -2.711618 15.621248
-2.710052 -2.575906 8.270245
-1.720143 -2.045955 4.505350
0.763707 0.906111 3.625601
-7.775699 -2.491378 17.952084
-1.918134 -1.833304 5.229034
-4.007627 -3.028728 11.666637
-9.191736 -3.671068 20.210106
-0.692921 0.772658 4.791661
-1.351179 0.661013 5.353936
-4.195691 -0.280445 11.779435
-0.882178 0.727803 4.750850
-0.385005 0.722455 5.660044
-7.754514 -2.537619 17.870754
-3.340838 -0.254562 12.163192
-0.927831 0.987769 2.521917
-0.383604 0.721860 5.661236
-0.744108 1.004583 2.602310
-5.748413 -3.764811 19.535324
-4.039309 -3.011269 11.421007
-7.652119 -2.636429 17.743895
-2.234484 -2.121161 4.276607
-2.813879 -0.848129 4.335066
-0.969191 0.654854 5.645411
0.151044 1.053046 2.930745
-4.040136 -3.007587 11.422481
-5.903877 -1.708841 14.845476
-0.385309 0.712209 5.640310
-2.854327 -1.694422 8.070670
-1.570605 -2.198419 5.680781
-0.771267 -1.860793 3.167382
-1.582062 -1.190934 9.511056
-1.711736 -2.273087 8.061183
-5.158461 -2.581760 18.565697
-1.341438 0.864693 3.440759
0.158665 -0.056574 5.924549
-1.770590 -0.758696 4.556953
-7.809070 -1.377216 19.226942
-1.911428 0.103382 5.094038
-1.942178 -2.108591 5.455808
-0.925716 -1.837839 2.788476
-1.109574 1.020392 2.998351
-6.904275 -1.854635 17.887047
-6.581391 -2.580070 16.028090
-4.620162 -1.312466 12.018560
-2.056671 0.620073 4.777639
-2.706795 -2.584325 8.071432
0.567339 -1.857745 5.345961
-0.590350 -2.249347 5.725661
0.746050 0.901285 3.654299
-3.246022 -2.094948 9.201479
-3.708959 -3.029576 11.729991
0.539117 0.077170 4.603053
-3.657961 -2.553961 11.379921
-3.855500 -0.241727 10.572556
-2.036561 -2.006829 3.645461
1.101812 -1.286262 5.766123
-7.750206 -2.842858 17.916298
-0.973555 1.058394 2.645555
-1.057059 -1.761748 2.735503
-3.087001 -2.506890 8.688259
-1.124585 -1.790891 2.938738
-0.844329 -1.827076 2.874959
-0.243697 -1.993194 5.089997
-4.196241 -0.298776 11.582847
-2.702958 -2.581234 8.339560
0.652498 0.836038 4.029934
-6.046838 -3.641462 16.218691
0.655389 -2.105709 4.617144
-1.191142 0.781650 4.351284
-2.699965 -2.579494 8.332351
-8.171680 -1.308151 18.430990
-3.700221 -3.022828 11.725978
-8.316909 -3.273476 18.763170
-3.309202 -2.810647 9.846079
-0.930683 -1.884527 3.262030
-1.409919 -1.993999 4.134650
-4.841331 -1.024370 17.960606
0.336967 0.685607 5.562120
-3.164516 -0.775877 4.944091
-7.687135 -1.282057 17.819540
0.437488 -1.998324 5.856252
-2.897634 -1.147354 4.475262
-5.756858 -3.668397 15.746848
-1.202106 -2.218624 6.881037
-1.516664 -2.039091 4.085154
-1.894785 -1.801705 3.297091
-3.395635 -2.783447 12.693705
-3.043405 -0.230726 12.022089
-3.075841 -2.756464 9.776032
-7.685159 -2.847686 17.810251
-4.222594 -3.092849 11.534981
-8.707608 -2.782906 21.463705
-2.773107 -2.707068 9.533762
-1.164667 -2.022730 6.958997
-2.598709 -1.151568 4.656782
-2.761306 -2.744143 9.696478
-7.685441 -1.252277 18.055805
-5.639047 -3.978118 17.388288
-1.143052 0.898507 3.102471
-1.482089 -2.293533 8.171736
-2.815272 0.103237 7.758965
-3.455259 -0.280559 11.976304
-6.116504 -0.833918 15.153980
-1.815762 -2.169254 5.319920
-2.455307 -2.546120 8.525340
-3.758931 -3.054191 11.739662
-3.824685 -2.985300 11.033519
-2.121652 0.734995 3.893083
-0.945721 0.662441 5.566816
-8.026746 -2.318156 18.352427
-3.775121 -3.057586 11.698304
-1.482971 -1.514342 2.407868
-2.857497 -1.131544 4.400015
-2.985286 -0.236404 4.434470
-3.819486 -3.022555 11.179652
-2.953897 -2.549705 7.920227
-3.032418 -2.762553 9.560452
-7.666556 -4.160080 18.944202
0.436700 -1.979266 5.801200
-7.721880 -2.117861 17.828169
-5.246274 -1.122113 18.652325
-6.868173 -1.065785 16.493450
-7.752676 -1.254936 18.058706
-7.683148 -2.528835 17.821928
-7.773333 -2.553540 17.951820
-6.930227 -1.383593 19.740694
-8.028296 -1.323730 18.320946
-3.080504 0.118903 8.763319
-1.185823 0.969080 2.483221
-2.808894 -0.639856 4.419715
-4.338480 -1.259678 11.386115
-5.985270 -2.434093 14.960280
-2.487681 -2.545806 8.558350
-1.488521 0.626857 5.435815
-1.693165 -2.032213 5.199883
-7.704855 -3.131423 17.766993
-6.298362 -1.026930 17.042351
-1.026649 -1.912150 3.759244
-3.189476 0.131975 8.648874
-2.274316 -2.175071 4.344874
-5.790077 -0.898131 16.295872
0.062510 0.489940 5.097588
-2.457287 -1.292439 4.549751
-1.428865 0.556898 6.097836
-1.409174 -1.469386 2.385570
-1.721240 -3.134886 10.322375
0.414026 -1.509678 3.903453
-2.217474 -0.282942 4.159598
-2.395508 -2.545068 8.276595
-2.427202 -1.154695 4.513411
-0.254482 -1.961142 5.001451
-2.996528 -0.566352 8.171035
-2.865839 -1.136658 4.436585
-6.402879 -1.025221 16.904034
-2.011469 -2.355638 7.013864
-2.051538 -0.240652 3.920285
0.670838 0.864052 4.172724
-6.191172 -1.939964 15.360729
0.137646 0.662522 5.739334
0.545193 0.784228 4.543608
-2.121834 -0.953876 12.748455
-2.871452 -3.286077 11.204482
-1.815513 -0.744073 4.957103
-3.631950 -0.281478 12.166561
-2.405891 -0.420253 4.583173
-2.617324 -2.571218 8.108492
-1.828793 0.781709 3.429766
-1.420620 -2.009080 4.168455
-3.222761 -0.853127 8.999195
-2.318208 -0.273752 4.466187
-2.420689 -2.722864 11.721382
-3.748606 -2.992686 11.175411
-3.222493 -0.822962 9.508581
-4.394441 -3.150956 13.052841
0.314499 -0.266140 5.954489
-2.867171 -0.760839 4.961241
-4.075721 -1.109159 10.840709
-2.593158 0.188156 8.265488
-2.063134 -1.587170 12.644812
-3.466566 -1.585959 9.574804
-4.090861 -0.244569 11.309622
-0.322893 0.882214 4.189807
-3.212159 0.012316 9.778433
-7.046739 -2.948998 16.912533
-0.631777 0.929426 3.505764
-6.123797 -3.097614 15.256369
-5.353193 -2.090623 18.673450
-0.103904 -2.048214 4.149483
-1.965579 -2.303168 6.880613
-2.330498 -0.273855 4.493380
-8.071856 -1.614173 21.186741
-3.548661 -0.007590 9.561203
-6.091513 -0.810262 15.084684
-1.186882 -2.595314 10.715187
-1.571735 0.764210 4.137640
-1.910764 0.746197 4.014520
-3.027156 -2.743006 9.714962
-7.371503 -1.281585 18.094330
0.128283 0.604640 5.780368
-1.305756 -2.070758 4.863270
-3.171500 -0.831400 5.384794
-3.243308 -2.092152 9.194760
-0.992669 -1.885109 4.787913
-2.155627 -2.111212 9.222623
-2.278738 -1.199041 4.231711
-2.877514 -1.057575 4.429432
-2.212772 -1.215008 4.567953
-5.861011 -1.527113 15.218875
0.489514 -1.136841 5.271943
-7.793025 -2.553368 17.967497
-0.650104 0.998713 2.615239
-5.489195 -3.579905 17.853542
-3.028076 -2.764522 9.622325
-1.897429 0.586158 5.604359
-3.052245 0.027109 9.864325
-7.224405 -1.266732 18.531176
-3.520890 -2.083362 10.045259
-1.828095 -1.963223 4.891467
0.426794 0.867868 4.453462
-0.438857 0.934651 3.347969
-7.957040 -1.366427 18.220078
-5.839930 -1.585875 15.176304
-4.260497 -0.377106 12.145159
-1.321721 -1.839583 3.148891
-0.904555 -1.924734 2.955943
-0.958869 0.807464 4.207996
-2.005789 0.522805 5.921592
-1.657124 0.761138 4.184362
-0.998532 -2.512928 9.177947
-1.315253 0.801833 4.011246
-0.092838 -2.030731 4.124124
-7.929537 -3.001432 18.213097
-1.241387 -1.674262 2.566257
-5.855369 -1.583578 15.229021
-1.184707 0.775820 4.332491
-0.594401 -2.223634 5.722494
-2.543031 0.518692 4.694850
-2.454218 -1.288767 4.559305
-3.599850 -0.398847 12.818785
-2.068736 -0.042382 4.780994
-3.034544 -2.511291 8.721038
-3.154319 -2.754490 9.610143
-5.857722 -1.573759 15.211082
-6.035943 -0.833777 15.033146
-7.453916 -2.787370 17.479557
-2.052468 -1.992113 3.652547
-1.531046 -2.260950 5.631781
-5.949717 -1.701606 14.848778
-3.181251 -2.766137 9.629010
-6.008766 -0.907222 15.995393
0.271702 -0.035279 5.707286
-2.038876 -1.218988 5.581751
-8.154965 -1.450389 18.559464
-7.822602 -2.574917 18.034021
-4.158069 -1.624727 10.929809
-5.642322 -2.566894 14.510771
-5.896584 -1.569257 19.597307
-6.006845 -2.396303 15.004180
-4.715033 -0.487708 12.441391
-7.745294 -2.236080 17.897209
-2.881377 0.132746 8.979555
-2.517784 -0.439815 13.283147
-6.771637 -1.220200 18.497602
-2.437418 -3.472590 12.085296
-3.515398 -0.029373 9.524844
-3.906924 -0.425991 10.680300
-3.149431 -2.735421 9.484385
-6.521637 -3.785184 16.986027
-5.412819 -2.059573 18.907280
-5.344442 -3.751579 17.890665
-1.307580 0.793302 3.993092
-6.759214 -3.852100 18.522404
-6.249823 -1.434147 20.013651
-1.541668 -0.034630 11.226111
-7.898171 -2.093040 18.150475
-4.088150 -0.246365 11.310545
-0.589567 0.964384 2.889296
-3.244122 -2.789466 9.698497
-3.900078 -1.068320 14.247110
-1.496029 0.634627 5.455439
0.657953 0.851854 4.115088
-4.175501 -0.237468 11.283099
0.500117 -0.144904 4.929571
-6.257766 -1.715654 15.432653
-2.717966 -2.604822 8.348226
-2.287730 -2.965569 13.117042
-2.551756 -2.555925 8.198163
-0.640585 -1.908395 2.807014
-3.947834 -0.278493 11.895451
-2.488192 -2.538675 8.084154
-0.256185 -0.740841 5.901793
-2.959356 -2.781527 9.915840
-5.806286 -3.651508 15.476375
-4.381684 -2.071892 11.444947
-0.447033 1.099209 2.680945
-2.147174 0.561732 5.558001
-3.657135 -0.080597 9.894900
-0.975441 -2.049442 5.256562
-7.687136 -1.252373 18.054987
-7.676520 -2.846138 17.811188
-1.878511 -1.927933 5.028441
-1.769941 -0.198321 3.161454
-2.839408 -2.745142 9.707555
-1.230440 0.569707 6.119952
-0.956493 -1.907089 3.371776
-7.920726 -1.305252 18.107676
-2.147082 0.548117 5.567297
-1.607415 -1.641328 2.626636
-1.869556 0.809917 3.523139
-3.276096 -2.785000 9.766529
-5.780056 -3.784599 15.710153
-0.483869 0.944802 3.601459
-1.332389 0.979725 2.347150
-4.736525 -0.491747 12.434774
-1.204680 -1.735461 2.955834
-1.083415 -2.151549 3.944511
-1.511584 -1.759109 2.537378
-2.981125 -0.793126 8.263277
-4.164450 -1.087669 12.557647
-0.617897 -2.000184 3.013332
-6.003667 -2.304546 14.993526
-3.063329 -0.756271 8.416792
-7.300634 -1.266371 18.257959
-1.790615 -0.203559 3.187413
-2.820879 -2.740098 9.735226
-2.955703 -2.772764 9.876444
-7.855450 -2.890072 18.095871
-2.537104 -2.991919 11.387609
-1.058895 -1.870450 2.525961
-2.931085 -0.778036 8.204228
-1.036545 -1.758178 2.787014
-5.007673 -1.246112 17.632233
-0.849484 -1.943730 2.737434
-1.905286 -2.160638 5.555389
-3.052715 -3.054249 12.017946
-0.686350 -2.060333 2.985133
-1.127493 -1.993389 3.811801
-2.413011 -2.326329 7.473069
-0.832474 -1.821883 2.769973
-7.748825 -2.986856 17.935667
-7.692573 -2.530599 17.831495
-5.762136 -3.805274 15.764584
-7.695955 -2.426604 17.786888
-1.912905 -0.956442 4.973564
-7.806446 -3.092670 18.032740
-7.716074 -2.262172 17.881147
-2.931703 -1.770874 8.191222
-1.288556 0.829644 3.569893
-7.820799 -4.247697 20.874943
-7.752850 -2.113926 17.852226
-3.049724 -2.738052 9.373033
-2.951468 -2.708447 9.343174
-7.318246 -1.257048 18.275778
-4.717320 -2.368826 12.573073
-5.925319 -3.424261 14.910103
-8.517027 -3.969970 19.647217
-1.343787 0.653489 5.406316
-1.692979 0.394547 7.277165
-3.224321 -2.569227 8.351176
-1.212116 0.806236 4.147705
-3.656329 -0.701080 10.020025
-3.154730 -2.746760 9.622978
-8.963215 -3.933598 19.731667
-1.881810 -0.930720 4.853543
-6.219148 -1.796859 15.386818
0.565484 0.802007 4.627267
-2.155609 0.650653 4.890983
-1.422362 -2.014099 4.097732
-1.313040 -1.716055 4.768162
-5.662961 -2.290350 14.536860
-4.098554 -1.103447 14.928084
-4.168223 -0.919661 16.482641
-5.651713 -2.266558 14.507194
0.428847 0.870272 4.463074
-0.168353 -2.226978 5.426044
-0.095511 -1.412845 3.035803
-8.271676 -3.821708 18.249590
0.732757 -1.665244 6.416736
-5.923864 -3.624945 15.485801
-1.968887 -1.115031 4.613363
-1.860687 -0.871005 10.843650
0.501992 -0.138592 4.835634
-5.837488 -3.616684 15.336099
0.643656 0.916001 3.713526
0.307904 -1.926058 3.716855
-6.052795 -3.441744 15.177676
0.600376 -0.085533 4.395031
0.539750 0.780922 4.540215
-0.335021 -1.739555 4.886022
-2.966682 -1.364089 8.073621
-8.276591 -1.555019 18.764244
-5.760988 -3.763785 15.746659
-2.045225 -0.404714 10.971502
-1.978484 0.489520 4.635508
-3.298409 -1.940604 9.268555
-1.909035 -1.562952 4.535884
-2.179851 -0.275879 4.087206
-5.704791 -0.891824 16.092356
-0.025703 -1.630429 3.074155
0.314004 0.663609 5.404188
-0.123382 -1.745283 3.551979
-1.046445 -1.961443 3.851209
-2.372341 -1.129864 4.413947
-0.329915 -1.746976 4.959825
0.590246 -1.310593 6.172244
-1.547529 -2.072437 3.901621
-2.608241 -1.155205 4.704872
0.512926 -0.143100 4.940771
-7.724800 -4.214178 19.509241
-2.406465 -1.265444 4.469966
-2.851796 -1.322473 7.889392
-8.280268 -4.108996 20.651995
-2.496495 0.576677 4.667708
-1.864576 0.807247 3.504158
-8.624718 -1.497090 19.780104
-3.589477 -2.888659 11.007351
-2.393126 -0.417892 4.566192
-5.846814 -3.625438 15.352103
1.056187 -1.216165 5.468090
-4.528975 -0.804324 15.737240
-3.209630 -0.435236 13.175623
-2.468986 -0.447563 13.242630
-2.245378 -2.375774 9.962731
-0.534690 -2.194864 8.235928
-7.201347 -3.146755 17.173481
0.519328 0.077682 4.502951
-2.280195 -1.568148 4.331779
-5.644472 -2.551995 14.515030
-2.352549 -0.650479 4.518957
-2.390956 -0.417690 4.567765
-5.416966 -3.112348 13.955017
-6.187218 -3.332013 15.560902
-1.840435 0.794871 3.465606
-0.667419 0.603649 6.191765
-8.976415 -1.433903 19.527281
-0.287839 -1.833001 5.114346
-0.656021 0.504008 6.229273
-1.854089 -0.923784 4.794315
-2.595418 -2.342583 11.209599
0.656064 0.138896 4.058804
-2.346940 -2.549750 8.427989
-1.934874 -2.084548 3.786135
-6.031344 -2.367156 15.031739
0.150097 0.684112 5.919282
-3.589344 -0.266696 11.977510
-5.676418 -2.141304 14.560602
-1.800451 -0.188145 3.129598
-0.953707 0.589931 6.142622
-0.687569 0.993445 2.847441
-1.854827 -0.193865 3.153280
-0.953391 0.590232 6.144944
-2.165843 -1.547161 12.912551
-2.966992 -2.077919 9.171895
-3.642044 -3.030230 11.429554
-3.148513 0.139107 8.475942
-1.574805 -2.200541 5.686144
-3.633682 -0.724451 9.991729
-1.805479 -1.567628 2.817324
-2.606854 -2.912197 12.313547
-2.645360 -1.150952 9.694045
-7.924397 -2.111392 18.158276
-3.490426 -0.266481 12.024920
-1.800016 -0.187737 3.129764
-7.906421 -2.363709 18.146696
-5.867011 -1.709107 14.782437
-0.781732 1.106992 3.249213
-1.499566 -2.606168 11.323678
-1.621548 0.619399 5.526979
-1.020089 -1.896697 2.814611
-5.049627 -2.644499 14.509559
-2.958582 -2.782478 9.962874
-0.916658 -1.982048 2.942801
-0.219513 -1.967185 4.035817
-1.648423 -1.417350 2.558281
-1.610651 0.609249 5.503047
-2.824145 -2.002736 8.250341
-1.282524 -2.016663 4.765270
-0.736680 -2.711775 6.899107
-6.016379 -2.324701 15.012991
-2.607621 -2.589185 8.269577
-6.010281 -2.368886 15.012391
-3.896162 -1.747537 10.746424
0.279797 -1.994434 4.851608
-2.074449 0.627284 4.796778
-3.652039 -0.133436 10.083549
-3.213054 -1.993582 9.161044
-1.848523 -2.343083 6.836586
-7.749089 -2.944442 17.912342
-1.129738 -1.835253 2.719637
-8.462886 -4.169848 20.507740
-6.071140 -3.202511 15.201710
-3.241548 -2.038962 9.716713
-2.254573 -3.273687 12.854253
0.597905 -1.964228 5.666377
-6.157473 -0.831709 15.355304
-1.334888 0.621348 5.838528
-4.269784 -1.258605 11.300391
-5.655690 -2.288073 14.500953
-8.161525 -1.299225 18.436470
-2.131952 -2.305381 6.255205
-3.757540 -3.032893 11.648993
-1.237339 -1.837630 2.647575
-7.847308 -4.009252 20.399858
-0.603311 0.889841 3.855393
-1.514586 -2.193098 5.617259
-1.527857 -1.594173 2.619715
-1.391810 -1.993859 5.212687
-6.010924 -2.449334 15.002465
0.737110 -0.021990 4.006388
-3.002362 -1.927439 8.355095
0.643286 0.926284 3.622421
-1.790913 0.581857 5.619700
-3.983692 -0.258501 11.620315
-2.460998 -2.564571 8.298139
-7.745603 -2.110777 17.908802
-7.697276 -2.586933 17.836576
-1.099142 0.655503 5.593703
-4.228176 -1.684371 11.176583
-3.185340 -2.561442 8.013836
-6.052835 -3.442343 15.170210
-3.539541 -1.012891 9.793434
-6.255954 -0.924196 15.429469
-3.696105 -2.226651 10.384125
-1.871333 0.721831 3.741502
-8.240845 -3.379678 18.315613
-1.356107 -2.181656 9.032898
-2.067238 -2.060800 3.397887
-1.965200 -2.140072 5.490401
-1.439561 -1.626060 2.433079
-0.955124 0.593584 6.145632
-4.701300 -2.111022 11.274931
-7.776259 -1.371963 19.010412
-4.969708 -3.160698 13.569047
-1.859878 -0.183261 3.082865
-2.139033 0.550377 5.546767
-3.660874 -3.034796 11.456146
-3.153920 -2.063386 8.940535
-7.735757 -2.995538 17.919439
-3.045032 -0.222934 12.037495
-6.314487 -0.911177 15.677545
-2.373851 -2.550795 8.302159
-2.465115 -2.619163 10.986217
-7.719665 -2.111430 17.888798
-5.765733 -3.622886 15.607915
-2.109173 0.505421 5.493615
-3.954633 -2.993547 11.296672
-5.656059 -2.288563 14.500663
-1.861546 0.576118 5.655427
-0.997906 0.911922 3.402545
-1.418194 -2.058598 5.333444
-7.605629 -4.049241 18.599747
-2.065664 0.624679 4.766324
-0.584905 0.636707 6.034122
-8.836229 -3.548283 19.581314
-7.920300 -3.145971 18.204082
-4.295939 -1.155401 12.829041
0.592898 -2.057229 5.378006
-1.435727 -2.557593 8.659304
-1.513568 -1.890708 4.667743
-1.203544 -1.892948 3.038402
-0.812477 -1.964034 4.850489
-7.716699 -3.991531 20.824478
0.087364 0.530310 6.391060
-7.705519 -1.269209 17.821308
-4.332740 -1.549224 11.517450
-1.654054 -1.251095 9.943830
-3.201771 -2.546862 7.980621
-7.784859 -3.419934 18.202206
-2.933343 -0.785858 8.200387
-3.213838 -1.621499 8.850424
-7.714622 -4.171028 20.651247
-7.845788 -1.284958 18.025766
-3.239065 -0.950289 11.152106
-1.800331 -1.670920 2.630270
-4.531273 -3.526828 16.738348
-1.598612 0.765741 4.022017
-1.787551 -1.923157 4.887771
-1.060300 -2.547650 9.515171
-6.389994 -3.254874 17.240192
-1.468926 -1.643463 2.505981
-3.789192 -2.164890 8.873230
-5.588456 -3.673023 19.271830
-2.535326 -0.446307 13.156664
-5.685254 -3.814818 19.012634
-1.221374 -1.918290 2.655155
-1.944330 0.451575 6.759556
-3.316593 -0.262804 8.974144
-8.792379 -4.103900 19.986362
-1.207540 0.801892 4.138301
-7.780522 -2.518905 17.946573
-1.653881 -2.067072 4.341519
-1.506386 -1.791423 4.660983
-7.336774 -1.267816 18.036013
-1.771765 -2.323883 6.542848
-1.207936 0.801544 4.136798
-3.841589 -2.586654 13.244905
-4.843986 -1.421197 16.442261
-0.865882 0.883204 3.775173
-1.670774 0.904407 2.764254
-3.970170 -0.242707 11.453331
-1.221900 -1.917967 2.676142
-0.686753 0.572251 6.276291
-3.733325 -1.037730 10.262980
-2.601217 -2.650545 9.038051
-1.677881 -0.088011 11.670984
-0.709243 0.177621 8.909063
-7.626916 -3.138423 20.370285
-3.928375 -2.897585 11.172178
-5.808481 -3.696958 15.063550
0.727344 0.194333 3.614798
-1.950041 0.266851 8.460475
-1.750464 -0.812233 10.591553
-0.362352 -2.030324 5.053431
-3.801354 -2.264405 10.589204
-0.704102 0.576118 6.640625
-7.149094 -3.549806 17.070892
-0.750328 0.503830 7.213132
-1.069615 -2.062894 3.945399
-1.441637 -2.565047 8.654977
-7.278234 -3.999249 18.125250
-1.610175 0.906456 2.785169
-1.942323 0.455251 6.761438
-2.676806 -3.034524 10.507398
-3.901767 -0.224558 11.279779
-1.981429 0.645615 4.850457
-1.076283 -2.067151 3.959488
-2.884012 -1.988904 7.952147
-2.482977 -2.275132 6.384547
-7.586502 -1.336667 19.140415
0.527339 -1.402016 5.400414
-2.962003 0.187725 8.011108
-1.817437 0.554364 6.006234
-5.922674 -1.423705 19.604925
-3.540339 -0.354996 12.114827
-3.012751 -2.007053 11.491285
-7.098448 -2.988204 16.978085
-5.349412 -3.576497 18.824516
-5.431431 -2.163407 18.928892
-1.663892 -1.702307 2.720605
-7.663265 -4.141483 20.554047
-3.632143 -1.992548 11.748311
-1.687189 0.922346 2.796420
-5.055349 -3.674764 18.300470
-5.767526 -3.455004 17.604059
-3.298149 -0.376951 8.958953
-1.960352 -1.601172 4.646326
-1.239015 0.978514 2.524564
-2.211632 -2.145741 5.838419
-6.404913 -4.341026 17.888792
-3.854034 -0.272851 11.200901
-0.758040 0.124818 7.848817
-1.473660 -2.052526 3.543012
-1.904533 -0.115542 2.764521
-3.183485 -1.622969 8.819185
-7.045913 -3.095865 16.912342
-2.556172 -0.073610 4.604071
-3.711416 -2.120601 8.783333
-3.224887 -2.887889 13.754025
-7.704987 -3.481086 19.543953
-1.521031 -1.737942 2.528411
-7.209323 -1.179860 17.931498
-1.265155 -1.936806 2.583524
-2.975543 -2.364840 7.371674
-7.844130 -2.646604 18.075603
-2.177258 -0.507256 5.841492
-3.273515 -2.908358 10.759626
-8.114803 -2.917255 18.494120
-2.197035 -2.083055 4.206403
-2.218606 -1.738141 5.931409
-1.059887 0.966379 2.616930
-5.236823 -1.211837 18.634499
-0.785167 -2.569347 9.118542
-4.184420 -1.114636 12.334733
-2.074377 0.243233 5.494414
-0.693368 0.521225 6.533582
0.420870 -0.307141 5.285966
0.696129 -0.027445 3.910081
-2.199006 -0.996714 12.742926
-1.367688 -1.998098 3.741194
0.709480 -0.025332 3.988764
-0.773695 0.037676 7.571800
-5.008285 -2.183989 18.250257
-1.578019 -1.688923 2.540169
-3.253070 0.044354 8.896244
-1.082106 -1.801400 2.798319
-1.540553 -2.511230 6.597651
-1.936645 -2.327785 6.400123
-6.185974 -2.960407 15.449911
0.283428 -1.789777 5.365584
-3.494611 -0.360195 12.918856
-1.245921 -1.850814 2.665930
-7.164375 -4.297695 20.026100
-0.703746 0.565123 6.715341
-1.987774 0.562753 4.860333
-3.176033 -1.826285 8.969495
-1.110785 -2.054857 3.919824
-3.827870 -1.163225 10.525043
-2.715244 0.081306 7.463713
-0.672248 0.612368 6.200575
0.726037 -0.023902 4.034808
-2.117401 0.576444 4.820754
-5.194064 -2.479248 13.675501
-1.105269 -1.876940 2.941047
-7.667200 -4.153020 19.419445
-0.224294 -1.995997 5.098678
-0.462875 -2.489824 7.348304
-1.431878 -2.016964 4.141788
-3.843372 -3.009395 11.200093
-1.924662 -1.589465 4.591511
1.075796 -2.310426 5.485214
-2.894305 -3.029258 12.248562
-1.430607 0.900749 2.846159
-7.731173 -2.948704 17.905416
-0.976478 -2.617208 7.264102
0.725487 0.172928 3.650216
-5.597366 -2.174752 14.449299
-0.770031 -1.966184 4.870797
-5.040908 -2.050280 18.276840
-7.658399 -2.604979 17.773058
-5.251160 -2.667348 12.226852
1.036142 -1.835717 7.271535
0.136246 0.639798 6.141320
-2.758319 -1.169604 7.706191
-6.195439 -3.038064 15.464166
0.255366 -1.841863 4.485579
-5.750616 -3.335768 17.009657
-7.194606 -4.279894 20.234657
-1.286541 -1.938990 3.679835
-7.785114 -4.115016 18.725487
-2.568429 0.353421 6.492699
-8.249939 -4.162510 20.176834
-2.924840 -2.695183 9.195378
-7.679443 -1.705680 20.889627
-1.944993 0.455787 6.768337
-6.686403 -2.095839 16.277647
-8.238087 -1.471951 18.747713
-1.187635 0.825837 3.725177
-3.213012 -2.043210 9.126469
-5.320842 -3.618610 18.135880
0.538283 -1.416812 5.455337
-6.211560 -2.693805 15.495874
-2.077264 -1.486979 5.684199
-6.766901 -2.595302 16.534298
-6.886884 -1.290959 19.054699
-2.116685 0.243043 5.615437
-4.550832 -3.495360 16.673769
-0.046458 -1.752361 3.106533
-2.905951 -1.341077 8.005016
-3.047153 0.337255 7.902336
-3.339574 -2.110393 10.557654
-5.043702 -2.183596 18.348612
-7.533724 -1.344328 17.625568
-6.998295 -3.838078 17.713558
-1.786974 0.846055 3.219127
-2.473125 -3.065546 12.430353
-1.964577 -2.336280 6.352830
-2.193782 -2.243554 3.963516
-3.623468 -1.106324 9.958130
-3.211903 -2.454886 9.164113
-5.935622 -3.612037 15.465307
0.045353 0.538247 6.010719
-8.018034 -3.898167 18.453590
-2.747893 -2.656811 8.327835
0.411298 -1.871992 4.055273
-3.608352 -0.109604 9.777507
-5.329514 -3.475209 18.003363
-7.035045 -4.252342 20.050394
-0.043498 -1.752516 3.103031
-6.772522 -1.414835 16.439091
-1.041972 -2.487132 9.349813
-5.657950 -2.257991 14.512242
-8.220984 -2.650590 20.489231
0.552632 0.782138 4.521070
-7.827083 -4.122644 18.978197
-1.791393 -2.074241 3.824466
-6.236771 -1.580874 15.416764
0.229264 0.576994 5.876504
-2.603387 0.191029 8.302440
-3.189213 -0.081484 10.206002
-1.398931 0.936637 2.612220
-8.243921 -3.524348 18.504112
-2.641659 0.283311 6.972421
-3.603934 -2.842298 13.132847
-8.088365 -3.677026 18.532909
-1.048894 -2.622629 7.284638
-3.205226 -1.415329 8.844820
-0.660748 1.009480 2.652920
-3.299263 -0.374248 9.075128
-2.772518 0.248824 7.350264
-2.456307 -3.124537 12.529187
-0.666134 -1.965231 4.911143
-5.103617 -2.115528 13.127475
-1.097272 -1.946182 2.631561
-2.815069 -2.585071 8.446835
-5.324079 -3.473347 17.957512
-2.061040 -1.957818 3.446107
-5.765565 -3.699349 19.576197
-3.265568 -0.691590 9.040456
-1.482351 -1.706515 2.462743
-1.664222 -2.095860 3.686342
-3.272753 0.019402 9.477744
-1.317043 -1.703120 2.782507
-1.681433 -1.678293 2.454275
-1.493067 -2.686052 11.435702
-7.493347 -2.017619 17.579721
-3.242489 -0.659173 9.016218
-5.621802 -3.233870 14.495310
-0.964963 0.811695 4.223531
-1.205359 0.843523 3.769699
-2.015596 -2.341187 6.136743
-7.829257 -2.368975 18.292608
-3.691893 -1.024819 10.087191
-3.139400 -1.952264 8.893470
-8.999124 -3.555248 20.215069
-1.945902 0.456160 6.768478
-5.713372 -4.183247 17.764193
-5.670017 -3.812039 19.631966
-1.540458 0.843197 3.276308
-5.257630 -1.231269 18.610291
-3.880929 -2.862740 11.069556
-2.990045 -2.454170 8.619623
-3.127673 -2.093678 8.869486
-7.837163 -4.094775 18.501245
-9.325756 -4.105688 19.684145
-0.869655 0.578463 6.339138
-2.013339 -1.425826 5.550599
-3.169728 -2.765544 9.591290
-6.943972 -3.817561 16.938751
-1.586276 -2.526497 6.582955
-7.669419 -3.944000 20.532875
-9.135670 -4.389780 20.377131
-1.020220 0.970935 2.728990
-6.573939 -3.925836 17.004913
-2.856724 -2.777689 9.754255
-6.943884 -4.237040 20.145660
-2.115995 -2.079144 3.548997
-5.004835 -3.748269 17.558401
-7.265169 -4.141977 19.710703
-6.611053 -3.445128 16.278172
-1.081112 1.041173 2.896286
-1.808110 0.644941 5.166938
-1.056860 -1.782178 2.759407
-2.429643 -2.516722 7.900891
0.354440 -2.765010 5.867496
-1.850774 -1.932103 4.986149
-1.350426 0.660263 5.357705
-3.149661 0.124530 8.486917
-1.677403 -2.355726 6.342194
-1.645447 -1.684168 2.513022
-1.080521 0.682175 5.437762
-3.085910 0.100626 8.377389
-7.232360 -4.186352 19.917019
-0.777426 0.904458 3.547566
-3.153995 0.135873 8.488420
-6.602911 -3.879669 17.074135
-1.189604 0.830275 3.735776
-1.364995 0.250651 9.034006
-1.885113 -0.934449 4.854701
-6.742067 -2.447693 16.499348
-1.361569 0.241103 8.993994
-2.003029 -2.075818 3.735654
-9.366889 -4.111959 20.170168
-2.993829 0.055616 8.236294
-1.682683 -2.357428 6.340353
-2.295000 -2.209252 5.968905
-1.699707 -2.335748 6.342938
-6.629292 -3.845746 17.095982
-1.808213 0.643714 5.164880
-0.905277 -1.860316 2.545925
-1.741881 0.812108 3.525746
-1.497047 0.637908 5.464251
-8.027451 -3.284559 18.459551
-1.340539 0.872581 3.449770
-1.558375 -1.718573 2.556022
-6.311528 -2.499081 15.737423
-4.944954 -3.229916 17.446569
-2.460214 -2.365351 6.384990
-5.260756 -1.591908 18.779718
-1.035889 -1.927209 2.615260
-1.699408 -2.381223 6.263859
-5.448696 -1.184139 18.980864
-2.322572 -2.516335 7.854925
-2.127895 -2.342791 6.373652
-1.866091 -1.948618 5.018329
-4.527291 -0.513711 13.372137
-0.818195 -1.850749 2.792903
-1.868680 -0.936244 4.822599
-0.783062 0.905688 3.546290
-1.226288 -1.910217 2.542123
-1.483934 -1.641108 2.429771
-1.645548 0.301678 8.336428
-1.523999 -2.434439 6.488200
-5.568650 -2.269152 14.355597
-8.380123 -1.513324 19.650639
-9.487995 -2.919718 20.480095
-1.792084 -2.307852 6.437335
-4.257422 -0.475112 13.114305
-5.421606 -4.072523 16.746517
-4.320160 -1.558884 11.481262
-1.436321 -1.588556 2.365635
-2.235060 0.048667 10.218506
-8.408735 -1.513851 20.044172
-4.311514 -1.553210 11.484774
-2.156874 -1.635739 4.562032
-6.227924 -1.439638 20.185539
-1.629069 -1.988794 4.596459
-8.389833 -1.519662 20.009798
-1.932358 0.285678 4.805824
-3.205480 0.012161 9.731253
-4.357152 -0.286985 11.354231
-0.316151 -1.708048 5.066645
-2.674429 -2.459342 7.623306
-8.361485 -1.517620 20.017517
-4.204034 -0.262413 11.359158
-4.314770 -1.543432 11.484325
-1.069805 -2.970311 10.303137
-2.898808 -0.978750 4.887877
-3.209691 -2.483391 9.154240
-1.733301 -0.074520 11.998513
-4.578242 -1.612850 11.827007
-2.230078 0.044224 10.191879
-4.317664 -1.593019 11.436189
-1.669654 -1.681891 2.516584
-4.635812 -1.207370 13.403334
-7.069217 -1.178703 16.942589
-3.069641 -2.708208 9.214013
-0.526891 -1.641102 2.458623
-7.014700 -4.175350 19.109371
-1.811319 -1.689186 2.666453
-2.297520 0.245116 8.373215
-1.948825 -1.600077 4.637333
0.456935 1.009806 3.227902
-0.691178 -2.750430 7.006105
-8.363794 -1.511856 20.015055
-0.854285 -1.915409 2.623163
-0.258376 -2.716383 5.570091
-2.212578 -2.501650 7.986844
-0.549961 -1.706973 2.566229
-1.433359 -0.155587 9.949882
-7.116143 -1.077680 16.968168
-2.646404 -0.910040 4.529242
-2.910645 -2.680309 9.181318
-1.232610 -1.851182 2.590915
-1.776327 -1.664432 2.614631
-1.950048 -1.628714 4.635431
-2.949862 -1.268377 8.010659
-8.103073 -3.501159 18.543713
-0.994845 -2.009021 4.790589
-1.649285 -1.404650 2.542982
-6.785817 -3.946811 17.051582
-2.808932 -2.742159 9.512306
-1.083202 -1.989332 4.771744
-2.247599 -2.512571 8.071164
-2.139026 -2.321577 6.244243
-4.319862 -1.549158 11.484243
-3.450509 -0.077739 9.453083
-3.032975 -2.710529 12.954010
-2.853569 0.246654 7.597728
-4.844453 -2.476441 12.167665
-0.008463 -1.514250 3.469210
-1.593295 -1.814155 2.329322
-0.579524 -2.016407 5.017245
-1.806579 -1.830569 2.752634
-1.793994 -1.873799 4.866355
-8.271465 -1.523527 19.430149
-1.794572 -1.682677 2.654288
-4.830454 -2.953946 14.664812
-2.509221 -2.897988 9.618554
-1.438786 -1.510795 2.446655
-1.516455 -1.903871 4.674925
-3.240126 -1.816460 9.095667
-3.120253 -2.636265 9.001435
-0.797032 -1.931738 2.735886
-1.616881 -1.944961 4.620634
-0.480100 -2.464472 8.761978
-1.214662 -1.883514 2.399068
-6.746651 -3.705537 19.491627
-1.874127 -2.718858 11.309868
-1.390292 0.899943 3.109251
-1.750779 -2.080014 4.612852
-4.046880 -3.016000 11.435556
-1.797260 -1.684304 2.657168
-8.052198 -4.238812 19.411932
-6.763092 -3.899933 16.789886
-3.014455 -2.718026 9.271522
0.459872 1.017920 3.250706
-2.720976 0.025684 10.004783
-5.989478 -3.411019 15.076224
-3.096117 -0.448806 12.770328
-7.892591 -2.350783 18.132648
-1.551588 -0.054848 11.287974
-2.826889 -2.597884 8.584664
-5.589555 -2.148741 14.422324
-2.493699 -1.112460 4.563969
-1.446558 -1.600821 2.377166
-1.048320 0.071162 9.461679
-4.104143 -1.611211 10.884612
-2.936446 -0.511956 12.156351
-2.994812 -0.809983 9.964037
-3.685524 -3.177635 12.425121
-1.134369 -1.836725 2.455791
-2.968693 -0.762613 8.263180
-6.037230 -0.850001 15.054032
-2.363569 -2.339459 6.708209
-1.159949 -1.961057 3.749766
-4.735787 -3.204732 12.972860
-1.142942 -1.844556 2.470399
-1.199881 -2.244137 7.368776
-4.782331 -3.224255 13.079652
-1.579968 -1.743813 2.592129
-5.779604 -0.876104 15.947372
-5.514323 -2.888444 14.249636
-1.247659 -2.523658 7.202972
-1.963131 -1.587346 4.661177
-8.282435 -2.567441 18.939463
-6.302196 -1.053681 15.490343
-3.025577 -2.749494 12.859479
-2.150291 -2.308110 6.717589
-2.948496 -3.508553 11.511850
-5.775356 -0.881286 15.953466
-2.953134 -0.052453 10.362390
-3.692220 -1.107001 10.277230
-0.771256 0.910595 7.522706
-0.498198 -2.432156 8.759869
-1.221168 -1.819715 2.619174
-6.037172 -0.852562 15.052374
-3.215579 0.011933 8.815960
-2.950558 -2.817322 10.089229
-3.179974 -2.120486 11.654158
-1.298936 -2.039082 3.838309
-2.577430 -2.288610 6.502646
-2.033897 -1.954884 3.577874
-2.870629 -2.652593 8.668788
-1.787945 -2.339624 6.614937
-1.172303 0.084195 10.281690
-2.287911 -2.845966 12.863681
-1.223701 -1.911104 3.656325
-0.265841 1.016035 2.759207
-6.263860 -0.895114 15.450135
-3.329834 -0.341935 12.183197
-3.654436 -0.136712 9.950913
-0.441628 -2.655010 7.666037
-3.656725 -2.862624 10.623148
-4.473337 -2.282305 11.857246
-5.765618 -0.888325 15.954022
-3.149575 -2.740847 9.707561
-5.608184 -2.177160 14.461523
-2.206277 -2.152451 3.775877
-1.436356 -1.601190 2.442210
-2.372778 -2.541508 8.210662
-6.141768 -0.863800 15.226722
-0.905663 0.934626 3.237533
-1.786526 0.855115 3.146509
-6.896917 -1.198111 18.073790
-3.604151 -0.399000 12.818320
-1.416843 -2.162033 4.909527
-1.432268 -1.497468 2.427030
-1.713546 -1.624224 2.943361
-7.108536 -2.966355 16.930580
-1.029572 -1.807885 2.451435
-6.017146 -3.411416 15.134253
-3.642448 -2.604417 10.279758
-1.521546 -1.683951 2.504339
-2.971984 0.152865 8.178303
-1.692343 -2.347303 6.226733
-5.779914 -3.763481 15.043193
-5.640151 -2.185705 14.487287
-1.036435 -1.823240 2.467473
-1.851176 -2.059184 5.153290
-5.642013 -2.265289 14.491145
-2.715881 -2.604053 8.087719
-0.870866 -1.832381 2.791022
-0.345325 0.921804 3.746429
-3.385338 -3.540839 13.733786
-7.648479 -2.003112 17.739023
-0.583859 -2.130056 5.169658
-1.857767 -2.278413 6.089157
-0.536434 0.933300 3.620516
-1.863182 -0.936677 4.884155
-3.598516 -3.034089 11.556941
-0.517878 -1.844830 2.746644
-3.697182 -2.899353 11.166462
-2.324517 -2.544774 8.108827
-1.490977 -1.651262 2.451814
-7.960754 -1.281164 18.184700
-5.080311 -0.623089 13.179500
-1.668185 -1.585858 2.878170
-3.637551 -1.024192 10.076176
-1.446199 -1.599080 2.368244
-0.744411 0.957826 3.117186
-3.117948 -0.538286 12.773290
-2.704465 -1.207869 10.056187
-4.058210 -0.222028 11.040431
-2.675858 -2.590698 7.931973
-2.661882 -2.571833 7.904267
-8.044898 -3.190702 18.305967
-4.854779 -0.434636 12.643643
-6.211026 -0.853811 15.318317
-5.510805 -1.433670 19.058943
-1.614803 -2.048631 4.837195
-4.691158 -0.361533 12.202779
-5.622677 -2.917194 14.480647
-2.054691 -1.925865 5.617102
-6.855764 -1.397218 19.565811
-0.524274 -1.848432 2.766116
-2.088664 -1.998632 5.673745
-7.684537 -2.308324 17.809387
-2.087115 -1.982196 3.611335
-0.734482 0.945937 3.081146
-7.844949 -2.229652 18.072456
-0.604299 0.990066 2.965073
-1.853172 -2.279313 6.094535
-5.120714 -3.252043 13.848902
-1.593910 -1.886743 4.795821
-4.134735 -0.226655 11.185354
-5.665606 -2.269296 14.540207
-8.082721 -4.232921 20.472261
-7.865179 -2.895351 18.103745
-1.365144 0.521465 6.739313
-3.422900 -0.152341 11.131053
-4.691932 -0.350670 12.188711
-1.378471 0.879805 3.176116
-5.347469 -3.075464 14.315015
-5.749218 -3.605100 15.183865
-4.306574 -1.876259 11.189906
-0.965604 0.906790 3.504795
-1.608320 -2.043521 4.845457
-0.520392 -1.830628 2.736489
-1.384663 0.895066 3.097861
-0.737889 0.949733 3.089201
-3.619760 -2.966320 11.125526
-5.648804 -2.600780 14.514869
-5.648328 -3.575414 15.291482
-2.438815 -2.312643 6.307823
-5.750903 -3.691996 15.125954
-0.445443 -2.156870 5.810230
0.958264 0.101738 3.152057
-7.217141 -1.273031 18.518322
-1.128157 -1.820252 2.431495
-1.093389 -1.844931 2.484171
-1.198527 -1.800736 2.512145
-0.590809 0.949312 3.410283
0.143725 0.641288 6.075966
-0.429059 -2.071857 5.220108
-6.805324 -3.804478 16.986134
-0.490941 -1.740376 2.595733
-1.156556 0.918948 3.136124
-1.629187 -2.122819 4.774629
-0.991350 0.906817 3.389698
-2.319182 -2.531986 8.093716
-3.646626 -2.859321 10.605610
-6.003374 -2.450789 14.983014
-1.424045 0.899394 2.835545
-3.666562 -1.998623 10.342793
-6.365069 -0.917727 15.753645
-0.516412 -1.806146 2.675869
-2.323971 -1.244672 4.409673
-6.060143 -3.641816 15.950720
-2.510368 -1.573884 4.247034
-3.342417 -3.118665 10.878129
-6.519519 -1.299734 19.430353
-1.128381 -0.378684 10.351803
-0.605708 -1.791173 2.586390
-3.565161 -2.977244 10.385189
-7.861691 -2.685226 18.072371
-0.827540 -1.819008 2.785612
-4.026075 -1.084666 12.225551
-5.776793 -0.872122 15.950550
-0.521482 -1.835582 2.729614
-1.190723 -1.836029 2.441500
-7.671428 -2.125045 17.789883
-3.099787 -2.198776 11.012551
-0.742654 -1.861631 2.475051
-0.614339 -1.815218 2.627277
-4.551590 -3.502394 16.673546
-7.673377 -2.821532 17.804007
-0.485080 -2.363423 8.716977
-1.540753 -1.759643 4.774539
-1.033885 -1.753080 2.359959
-7.918542 -2.993714 18.200459
-0.735594 -1.853528 2.465054
-3.916986 -0.215099 11.301896
-0.611310 -1.806196 2.611510
-5.030692 -2.671245 14.059452
-0.520119 -1.893502 2.777882
-7.900175 -2.364758 18.144913
-7.232827 -1.265542 18.543194
-4.318400 -0.214959 11.510854
-5.240977 -3.765825 18.671900
-2.124750 -0.451239 11.430269
-7.148610 -3.891802 17.242226
-0.337249 -2.135634 4.632977
-5.184937 -2.608222 18.601807
-0.742083 -1.865299 2.482482
-3.397154 -0.226038 11.216885
-8.506785 -3.115250 20.900860
-0.599079 -1.746107 2.541145
-3.513270 -3.233595 11.615080
-3.918670 -0.238027 11.574884
-4.215702 -1.684982 11.178218
-2.018014 -2.336477 6.745298
-6.024533 -3.419308 15.140105
-1.277857 -2.947818 10.720167
-2.045039 -2.364791 6.786301
-1.065128 -1.881874 2.542906
-3.193824 -2.139603 9.016210
-0.729711 -1.842014 2.457380
-4.512912 -0.522248 12.028863
-7.813517 -2.317982 18.017437
-1.546679 -1.837735 4.746814
-3.808630 -2.765710 10.793417
-2.330398 -2.595489 13.435833
-4.059836 -0.225785 10.863867
-1.299082 0.803667 5.160506
-1.894386 -2.058210 5.331189
-3.923809 -1.137890 10.615242
-5.900034 -0.879297 15.843860
-7.696987 -1.225416 17.761961
-1.457528 -1.640351 2.459373
-2.350515 -1.257321 4.454729
-7.766813 -2.519115 17.934481
-6.520766 -3.377810 16.169407
-6.192644 -2.179082 15.354494
-3.370493 -2.386214 9.677337
-0.635965 -1.898794 2.739755
-2.245906 -2.309189 12.684336
-4.011497 -2.985819 11.398783
-0.593539 0.970938 2.908408
-3.993109 -0.259542 11.644100
-2.821095 -2.469221 7.662433
-1.426517 -2.415488 8.159507
-9.459562 -1.730016 20.361418
-5.452104 -1.388382 17.815945
-4.009767 -0.231616 11.514925
-1.487706 -0.191182 9.511486
-2.514376 0.153873 9.010096
0.922080 0.095690 3.169302
-7.737806 -2.516648 17.918701
-5.684674 -3.555554 15.584164
-7.825225 -2.224308 18.050833
-1.116452 -2.959526 10.252582
-7.146918 -3.914678 17.737162
-2.334181 -1.212970 4.490037
-7.760605 -2.034254 17.884922
-2.609853 -2.580115 7.750722
-8.107350 -3.987907 20.533911
-0.610977 -1.696963 7.656372
-3.796481 -0.265079 10.484264
-3.281685 -0.411129 8.938178
-3.695624 -0.127032 10.146753
-3.493516 -2.067351 9.953141
-1.941654 0.769679 3.846100
-2.738949 -2.818926 9.522736
-2.741840 0.004655 9.883292
-1.667949 -2.249700 6.170117
-2.986077 -2.730172 9.603770
-1.311772 -1.986224 3.739719
-0.789869 -1.880070 2.675465
-3.077541 -1.687113 8.796353
-2.767082 -2.576152 8.290007
-0.814138 -1.795717 2.474187
-2.228061 0.039252 10.188846
-0.778889 -1.865047 2.646975
-0.988312 -1.925266 3.641373
-6.164801 -0.854825 15.255393
-4.788131 -3.290828 16.363586
-3.749384 -1.104199 12.712055
-4.133558 -2.906576 12.819455
-3.012833 -0.004645 9.719266
-2.176509 -2.390795 6.279640
-5.406628 -4.085647 18.727324
-2.045286 -2.408446 7.146290
-4.973755 -0.805840 15.937147
-1.193020 -2.771158 6.926865
-1.215101 -1.973399 3.758391
-5.949546 -3.385798 15.020851
-8.145307 -4.120442 20.621607
-1.146006 0.982093 2.458618
-2.468757 -1.046920 6.932969
-1.894881 -2.405815 6.950401
-5.652985 -2.594056 14.523293
-3.613482 -1.509250 10.173725
-1.111448 -1.873999 2.523738
-2.230560 -3.005968 12.662709
-3.030230 -0.001120 9.739769
-7.802187 -1.823171 20.837650
-0.429948 -2.683267 7.612257
-5.208006 -3.178894 14.619555
-1.195620 0.872688 3.542584
-3.334006 -0.948793 12.286654
-2.526822 0.157279 9.006055
-7.987231 -1.461423 18.286295
0.957664 0.102360 3.179048
-2.018589 -2.695999 6.635053
-0.659158 1.015119 2.655451
-3.046076 -0.761684 8.379219
-1.724311 0.647342 5.109786
-1.140781 -1.844353 2.465858
-6.036157 -0.809782 15.130885
-0.774962 -2.626711 7.437933
-0.787829 -1.902011 2.697040
-2.854683 -2.800695 9.577127
-1.202220 -1.851693 2.466007
-1.822300 -0.105642 3.480304
-5.779241 -3.764862 15.039709
-3.164030 -1.721252 8.956938
-4.089073 -1.085141 12.222912
-5.330833 -3.575408 18.790688
-3.686718 -2.674454 13.791752
-2.753960 0.012971 9.907266
-0.444277 0.961076 3.392933
-0.701930 0.252942 8.683300
-4.567018 -3.085755 11.964198
-1.856507 -2.590146 6.699364
-0.442086 -2.650012 7.635277
-6.916684 -4.070028 19.913984
-0.747145 -1.894194 2.530255
-5.601419 -3.667553 15.079274
-9.446347 -2.909666 20.443363
-5.623338 -3.210754 14.500535
-3.177452 -2.052583 8.489779
-5.485992 -3.608355 15.260737
-2.016703 -2.696914 6.635517
0.340602 -2.742099 5.821823
-1.595230 -2.658185 6.756692
-1.828152 -2.495898 6.667567
-3.120677 -2.765152 9.398846
-6.639920 -3.985950 16.823437
-2.436831 -1.087891 4.486676
-5.635356 -2.764120 14.500626
-0.724892 -2.756437 7.089082
-3.708996 -2.092472 10.481546
-5.532207 -2.502669 14.285820
-1.155184 -1.980843 4.672015
-5.564780 -2.267663 14.352200
-1.229248 0.992483 2.457618
-1.902305 -2.844869 12.357187
-7.925053 -1.702029 21.360956
-2.708965 -2.583539 8.071615
-7.661518 -1.332830 18.843149
-2.868372 -1.175217 7.924800
-8.231973 -3.534162 18.517105
-7.437212 -4.038047 18.639809
-2.900767 -1.196011 7.859000
-2.673442 -2.562783 7.968485
-8.243147 -4.180116 19.086946
-0.719701 0.598878 6.316019
0.919420 0.095847 3.076868
-7.894497 -2.973984 18.175406
-2.889867 -1.196182 7.859921
-4.238945 -0.265298 11.426732
-1.802211 0.251243 8.624186
-3.873934 -2.902098 10.862419
-5.874962 -3.951591 17.429394
-2.738728 -2.597690 8.180395
-0.631775 0.620521 6.110357
-2.714641 -2.563318 8.136442
-7.957953 -2.994050 18.221762
-8.133433 -4.081594 21.421597
-1.896309 -2.062383 5.324584
-6.809946 -1.507987 19.546282
-5.525811 -3.871078 17.861891
-4.271147 -0.276763 11.596216
-0.740719 -2.282474 8.263328
-8.412329 -4.232054 19.190968
-2.690242 -2.566940 8.057127
-8.670654 -4.309029 20.131290
-8.203532 -2.432231 18.595329
-1.128471 -0.325512 10.194969
-2.918203 -1.198061 7.882536
-3.193719 -0.197083 11.785117
-4.069747 -0.200524 11.031014
-8.008902 -4.132422 19.273539
-3.103779 -2.537277 7.768665
-7.926809 -2.367985 18.200493
-7.500811 -3.032368 17.833929
-4.241547 -0.262856 11.431941
-5.296598 -1.239891 18.665161
-3.993377 -2.903301 10.969723
-2.887780 -1.183947 7.958559
-2.017148 -0.375906 4.697842
-3.554728 -2.981782 11.257147
-5.597231 -3.934222 17.285667
-5.884495 -3.591437 17.471172
-2.962372 -3.034992 12.029050
-7.724438 -3.072999 18.356033
-5.545239 -1.462963 19.037544
-4.199889 -1.646193 11.016241
0.651816 -0.350729 7.359859
-2.091407 -1.393213 5.706989
-1.872883 -1.819437 5.135939
-1.097820 -1.710544 2.792514
-5.674939 -2.141753 14.562775
-0.458783 0.952224 3.424918
-3.059242 -2.723274 9.431051
-1.044162 -1.915268 3.719209
-8.365397 -1.511138 19.597090
-5.680768 -2.305752 14.551518
-2.807297 -2.735377 9.520525
-3.478087 -0.268332 11.999844
-7.911035 -1.735081 20.952908
-7.497365 -3.827082 17.860785
-2.809581 -2.739630 9.528584
-1.636860 0.422818 7.234878
-1.968930 0.663216 3.696618
-5.875743 -3.589314 15.421926
-8.121689 -4.209156 20.576233
-1.783363 0.502174 6.047869
-1.469657 0.480695 6.857657
-7.772631 -2.093175 17.957115
-2.550277 -0.132151 11.622529
-6.577291 -2.453825 16.032934
-3.694820 -1.578351 10.306209
-7.554441 -2.269498 17.579895
-4.483064 -2.023022 16.249865
-7.772655 -1.270466 17.870689
-7.261578 -1.195203 17.922808
-5.430160 -3.616348 15.238197
-5.448973 -3.937741 18.980911
-7.890723 -2.715305 18.100676
-2.287586 -2.205735 7.169794
-5.676819 -2.305797 14.554400
-2.440258 0.437414 6.347337
-1.657628 0.500291 6.668240
-2.212986 -2.238066 6.298724
-7.490752 -1.180912 17.624792
-1.466684 0.485582 6.865496
-3.656738 -0.025931 9.813159
-3.281210 -3.022951 11.818430
-2.063927 -2.298859 6.159234
-4.837638 -1.411262 16.847666
-5.816367 -3.603951 15.313800
-3.478863 -1.692184 9.560246
-6.745864 -1.091424 16.362719
-0.833119 -1.933153 3.695617
-7.674727 -1.765166 17.994648
-2.065232 -2.394667 7.886618
-2.648566 -2.321374 6.460964
-1.823187 -2.789084 12.205086
-6.988905 -3.778256 17.197760
-5.796860 -3.614635 15.910138
-3.252812 0.055153 8.986201
-5.976552 -2.446371 14.975095
-2.535266 0.389650 6.577121
-0.779531 0.909531 3.561921
-1.804377 -0.190311 3.177771
-0.780962 0.863008 3.716011
-2.823968 -2.383068 7.565337
-2.079110 -0.132626 4.801269
-2.175923 -2.339023 6.521537
-7.554978 -2.268718 17.579599
-5.597879 -3.613457 15.095409
-0.782071 0.910756 3.562046
-2.748051 -2.692948 9.458493
-7.751362 -2.518518 17.926710
-5.390298 -1.430774 13.910303
-2.180510 0.307403 7.947021
-2.788108 -2.785438 9.747669
-2.702787 0.396128 6.971234
-7.470549 -2.777423 17.506447
-7.783889 -3.036815 17.960999
-5.878373 -3.617066 15.834138
-1.564167 -1.973029 4.754907
-5.833364 -3.765255 15.067196
-5.648403 -2.596616 14.512409
-1.533565 -1.886541 4.708700
-7.773736 -2.605262 17.951147
-3.149187 -3.115885 12.009429
-1.287597 0.811423 4.127851
-0.483596 -2.310207 8.380878
-7.226235 -3.918627 17.592127
-0.994317 0.908842 3.393921
-4.485837 -2.037123 16.245487
-7.316099 -1.657000 20.423502
-1.093577 0.919066 3.135184
-0.958059 0.897978 3.475481
-5.583456 -3.774195 17.811665
-5.189839 -3.155608 15.846258
-5.154712 -2.533154 18.453205
-7.605201 -1.221001 17.650875
-2.064555 -0.359267 4.786295
-4.446679 -2.975606 12.144255
-5.862031 -3.363765 14.856323
-5.886817 -3.396711 14.865597
-0.459417 0.953640 3.427096
-4.082091 -2.905015 12.631150
-2.832111 -1.321620 7.861535
-5.651381 -2.136749 14.538174
-7.920635 -3.490603 18.185764
0.293938 -0.261674 5.766017
-3.672606 -1.212428 10.259093
-2.288470 -2.511746 7.903109
-2.993790 -1.453422 8.158035
-5.591109 -2.134311 14.420105
-1.431782 0.890639 2.970451
-2.665789 0.249167 7.084236
-7.167142 -3.903872 17.256950
-1.705613 -2.297052 6.291563
-2.961719 -0.768436 8.266991
-1.486961 -2.326925 8.226667
-3.931803 -3.075656 12.889526
-5.527708 -2.504632 14.287852
-2.968286 -0.757357 8.264315
-2.007823 -2.359638 7.033688
-5.638844 -1.701528 14.311404
-4.007959 -0.208185 11.073339
-0.442004 0.957251 3.392318
-0.241231 -2.063004 5.250677
-4.288018 -1.242369 11.271953
-0.298598 -1.814917 5.085775
-4.259762 -1.222637 11.242402
-1.006129 0.781249 5.914865
-2.330123 -2.276057 7.403008
-1.314702 -2.077039 4.972788
-1.259975 -2.145383 7.540378
-7.566911 -2.559377 17.658968
-1.701809 -2.377409 6.891802
-2.209061 -2.340156 6.529777
-2.642097 -2.734962 9.259200
-2.532231 -3.219198 11.565039
-6.252760 -3.104737 15.654317
-9.104253 -1.680609 20.778894
-4.482906 -2.110514 11.883915
-1.290797 -1.944175 3.703242
-6.913057 -1.187577 18.096441
-1.361017 -1.894592 5.166327
-1.537560 0.657225 5.170943
-2.867162 -2.399169 7.882030
-0.507926 1.052886 2.695482
-7.443794 -2.523502 17.424664
-5.381991 -2.196354 18.805685
-4.261780 -3.462357 17.004156
-2.464121 -2.096558 6.160677
-5.841781 -4.039678 17.385834
-1.527892 -1.748365 4.730693
-1.101844 0.926900 3.152122
-5.733654 -3.704419 17.584530
-7.320337 -2.817478 17.253613
-2.488868 -0.112009 11.511170
-7.402536 -2.933056 17.417856
0.454572 -1.195115 5.576133
0.212792 0.797026 5.773009
-3.222710 -2.004551 9.130839
-6.127844 -1.452337 19.741053
-1.160412 0.878680 3.366399
-2.550607 -3.192137 11.526938
-3.532176 -2.902040 10.663922
-2.231630 0.375609 5.841675
-2.372331 0.098362 9.687698
-7.501831 -2.218451 17.507042
-2.603369 -0.192369 12.106869
-1.275476 -2.711348 10.202091
-1.804886 0.821986 3.294290
-7.474081 -2.475357 17.473524
-8.638599 -4.334718 20.214346
-3.817907 -3.068959 11.210988
0.898802 -1.604859 6.330075
-8.643417 -1.592369 20.069643
-1.484935 -2.454816 6.355491
-5.642168 -1.469896 14.331798
-1.328624 0.861015 3.423785
-0.307731 0.672189 5.937289
-3.773411 -2.951298 10.837560
-5.472770 -3.833320 17.747005
-7.360661 -1.928261 17.295837
-3.296782 0.057409 8.929018
-5.802946 -4.045959 19.665688
-4.174182 -1.223798 11.067698
-1.633156 0.532140 6.572253
-8.158650 -2.220237 20.894741
-1.552781 -2.743624 10.751862
-7.567660 -3.861513 18.005333
-4.085950 -0.225680 11.096617
-9.804978 -4.365026 20.347082
-1.071800 0.661091 5.394454
-7.429379 -2.141544 17.423548
-3.946218 -2.064867 14.640395
-5.517640 -3.588746 17.851547
-2.601598 -0.195536 12.077152
-5.343657 -3.963362 18.101652
-5.661868 -3.875694 17.885637
-1.555323 0.857771 3.300577
-3.055050 -0.751329 8.336934
-1.062725 -1.900015 3.496917
-0.852683 0.795574 4.391669
-2.106181 0.399204 5.519742
-1.285734 -2.503731 7.191105
-7.481703 -2.475657 17.476841
-2.601230 -0.195317 12.104517
-3.029680 -3.595929 11.704039
-8.439139 -2.896099 19.138311
-0.940551 1.005065 2.566172
-1.803603 0.635726 5.153666
-0.046923 -1.749706 3.237648
-2.090454 -2.309977 6.113094
-3.122900 -3.016260 12.050386
-2.600271 -0.187495 12.101307
-8.063190 -4.193374 18.869879
-6.924736 -3.894979 17.581913
0.135580 0.710852 6.020723
-4.302227 -1.249754 11.278445
-7.814774 -3.088647 18.039236
-1.716226 0.651411 5.102131
-3.430591 -0.255091 12.037498
-4.193676 -1.185989 8.735775
-8.319239 -1.649829 21.529858
-2.495836 0.505407 4.618983
-1.342466 0.755972 5.437735
-0.443535 0.941957 3.375718
-6.935480 -3.108774 16.775333
-2.887738 -1.707637 8.329106
-2.281265 0.523270 6.032225
-6.350707 -4.016163 18.666386
-2.318894 0.465444 6.045542
0.174455 0.766929 5.643479
-3.009569 -2.531493 12.685216
-0.732790 0.979932 3.085142
-4.974610 -2.570761 18.171280
-7.108940 -3.958611 17.991064
-6.218283 -2.716672 15.504292
-0.261444 -2.427639 5.045509
-8.152600 -3.430560 18.601662
-1.893482 0.612524 5.887806
-6.038829 -3.430670 15.157907
-7.467584 -3.952423 19.013052
-1.421073 -1.972977 4.105740
-1.995184 0.730089 5.697576
-2.163622 0.640130 4.891974
-5.683276 -3.573264 15.097118
-1.494714 0.547503 6.544950
-0.599184 0.805052 4.497602
-3.632776 -0.294677 11.883659
-8.180683 -4.202500 18.787062
-6.025848 -3.480481 15.263648
-9.801827 -1.887840 20.870968
-3.368535 -2.599183 10.352285
-2.689650 -2.610736 8.852101
-4.039661 -0.257515 10.759002
-8.029847 -3.913212 18.464674
-6.421807 -1.029574 16.905056
0.292551 -1.815153 3.496678
-9.876905 -4.409210 20.395424
-0.257603 -2.648962 5.459829
-5.258336 -0.806069 15.757588
-4.737846 -2.231630 12.718864
-8.232838 -1.448933 18.735939
-4.668942 -3.628519 17.703491
-5.641809 -3.576129 17.747833
-9.564602 -3.236569 20.582668
-5.528265 -3.476450 17.950386
-1.191612 -1.933804 3.703276
-3.689468 -1.670342 10.309793
-4.332942 -0.378692 8.672346
-7.028527 -3.816901 17.086796
-2.551272 -1.382186 5.153153
-4.234833 -0.394863 8.566566
-3.577599 -0.309865 12.271752
-1.962201 0.501089 5.819304
-1.281593 -2.448506 9.652814
-6.766829 -1.969343 16.438412
-4.333412 -2.053524 11.386162
-6.584334 -1.089810 17.328203
-3.498227 -2.906223 10.743105
-6.901916 -4.091356 19.022087
-1.691202 -2.028083 5.623889
-2.150061 0.641561 4.859231
-1.180651 0.692176 5.221848
-5.408078 -3.590214 18.302200
-3.698042 -1.553889 10.321098
-1.865223 -1.995294 5.337720
-9.474998 -1.736179 20.391415
-2.194544 0.314228 5.793880
-4.430900 -1.616178 11.685917
-4.645864 -0.986853 17.524147
-8.347428 -2.404294 18.841158
-3.589782 -3.111572 11.730188
-4.015901 -0.201902 11.076709
-4.990258 -3.784468 18.233652
-2.486277 -2.728988 11.155881
-2.171609 0.568803 4.896895
-3.299004 -3.011059 10.799850
-3.856618 -1.598096 10.556341
-2.685937 -2.642348 9.280428
-7.478782 -3.966996 19.035173
-6.669222 -3.388072 16.364378
-5.538134 -3.574246 15.406462
-4.040315 -3.011509 11.432070
-1.947397 0.587876 5.873103
-6.840180 -3.056127 16.779123
-2.237902 -0.967206 6.387492
-7.405194 -3.928633 19.021578
-5.528329 -3.605611 17.883736
-6.054277 -3.860428 17.220922
-5.994087 -2.320478 14.986575
-8.133579 -2.901804 18.519386
-1.755631 0.663557 4.884331
-5.471457 -3.557358 15.050403
-7.392780 -3.915946 18.992460
-3.045799 -0.215655 12.050312
-6.889136 -2.635739 16.697252
-0.862551 -1.878439 2.880169
-2.037930 -0.657346 4.730650
-3.879556 -2.907746 10.866201
-0.569096 -1.971523 2.922064
-1.856082 0.703876 5.861225
-6.198018 -1.871156 15.366553
-2.445765 -2.195860 6.145491
-2.140039 -2.162090 3.491050
-1.411111 0.885803 2.812150
-2.426028 -2.373797 4.019319
-7.754481 -3.158980 18.205696
-2.688081 -2.603540 8.812474
-2.495043 -0.466967 13.366549
-3.491861 -2.898878 10.734110
-6.268935 -0.899679 15.453931
-6.243912 -0.859297 15.377652
-1.408668 -2.082067 5.433577
-5.012501 -2.183644 18.229399
-7.482398 -3.969646 19.034401
-1.892249 0.571198 5.868640
-1.348515 -1.733904 2.604881
-5.923465 -1.123135 18.139320
-2.758470 -3.256187 13.264229
-3.270293 -2.777339 9.758163
-0.049751 -1.680775 3.126728
-5.791748 -3.886684 19.260164
-6.148773 -1.668161 15.329063
-4.042985 -3.013178 11.424093
-2.857889 -2.649612 8.581836
-0.647713 0.634927 6.308907
-5.752176 -1.501597 19.408054
-4.301639 -1.249747 11.278710
-8.988635 -3.522670 19.848354
-6.953336 -4.151546 19.697033
-1.904907 -2.009605 5.505790
-3.548008 -3.253777 11.718213
-4.011365 -0.203078 11.070878
-7.380783 -3.897958 18.966259
-4.299550 -1.247727 11.279986
-2.622256 -2.590196 8.726881
-3.646741 -2.520913 10.282102
-5.681815 -3.574611 15.077582
-7.420416 -2.472126 17.389244
-5.512767 -3.549020 14.554390
-1.585019 -1.946114 5.196240
-4.249810 -1.223953 11.117225
-2.597419 -2.571608 8.579903
0.098774 1.047470 3.105015
-1.478713 0.608917 5.409885
-6.796170 -3.873664 18.646816
-4.724992 -3.194463 12.945188
-0.395459 -2.329701 5.665072
-5.234443 -3.575851 14.897911
-1.789109 0.594679 5.765065
-2.366456 -2.563197 8.274359
-1.189531 -2.017978 3.819633
0.320818 -1.611098 3.892061
-2.996649 -2.491972 7.650655
-2.076750 -0.617061 4.835130
-7.326402 -2.441354 17.253696
-2.481941 0.083773 9.657399
-1.875486 0.718840 4.313502
-3.515759 -0.090861 10.527022
-1.337596 -2.508954 7.645769
0.102255 1.050980 3.113095
-0.091800 -1.486783 3.177967
-1.460160 -2.019913 4.835580
-4.882881 -2.350757 18.002924
-2.410351 -1.265900 4.469223
-2.883230 -2.571264 8.296055
-0.902722 0.786229 4.475164
-7.867494 -2.325815 18.069031
-0.772579 0.110719 8.931450
-0.970097 -2.607848 7.242599
-2.745576 -0.052045 10.545531
-1.540625 0.839641 3.266484
-8.263839 -3.414129 18.771790
-3.080930 -2.352997 9.513584
0.377546 -1.839750 5.345018
-0.393978 -2.216052 5.545279
-1.211181 0.793295 5.774458
-1.881030 0.715892 4.323121
0.103070 1.044311 3.094680
-2.071674 0.582804 5.338171
-3.359858 -2.779328 9.965171
-1.473470 -2.042314 4.853361
-3.901917 -2.801777 12.402339
-5.641580 -1.483106 14.363798
-1.464248 -2.232059 7.975637
-7.755546 -2.944713 17.918726
-2.742297 -0.054583 10.534493
-0.617291 0.901329 3.412366
-0.337382 -1.719428 5.107266
-1.671544 -1.973064 4.858693
-1.468845 -2.032928 4.861650
-1.701234 -2.084861 4.702304
-0.731474 0.928932 3.450315
-7.448488 -2.145977 17.437363
-2.002061 -0.496823 10.683025
-5.230768 -3.092308 13.628241
1.122308 -1.437433 6.056029
-1.369764 -2.365316 8.192657
-4.372959 -3.146299 13.332230
1.079974 -1.393579 5.885510
-4.493654 -3.024314 12.209004
-5.656976 -2.492089 14.531685
-5.526756 -3.373975 16.996363
-0.740081 1.012690 2.631054
-1.275262 -2.488115 9.759426
-6.258169 -0.988524 16.602737
-1.298920 -1.877025 3.146520
-2.231641 0.041974 10.207105
-5.610793 -3.222137 14.485049
-3.123196 -2.517819 7.723666
-7.584035 -3.070771 17.634501
-4.046120 -2.669349 10.145481
-3.861134 -0.608624 11.060209
-3.543612 -0.027223 9.596755
-5.975352 -1.690472 14.922900
-2.188472 -2.077305 4.196875
-8.082376 -2.139209 18.428301
-2.997226 -3.148423 12.191833
0.138022 0.709333 6.019140
-1.490939 -2.011375 4.706340
-3.033820 -2.710179 9.163085
-3.165241 -1.996824 9.092159
-4.524929 -0.377589 11.933912
-2.494236 -3.235027 12.656288
-6.075088 -0.829470 15.077184
-0.909310 0.942083 3.257207
-3.188983 -1.707364 9.078171
-3.910297 -0.525886 14.089010
0.039869 1.046243 3.038234
-2.679246 0.219557 8.133780
-2.783976 -2.377341 7.802220
-3.076086 -2.689225 9.364700
-1.132072 -1.901379 3.438883
-3.615376 -0.121814 10.723935
-2.970839 -0.872772 8.531875
-3.976296 -3.108296 12.221908
-2.710032 -0.549224 4.667596
-0.657833 0.666179 5.655261
-0.020822 0.953846 3.616018
-2.597528 -2.460249 7.846783
-1.042317 -1.948471 5.676133
-1.999083 -0.812401 4.703681
-2.248348 -2.285085 6.358543
0.425401 0.867691 4.448141
-7.487434 -2.217814 17.491724
-3.422110 -2.995157 11.885379
-5.977512 -3.383675 15.081858
-4.052230 -3.014608 11.460157
-5.749679 -0.790955 15.153735
-6.717520 -1.200695 18.231585
-7.497627 -1.202999 17.485294
0.225950 -1.642114 3.365893
-2.784009 -2.681252 9.278601
-7.888072 -2.044966 18.600796
-7.286158 -2.728864 17.219675
-7.594077 -2.564101 17.686548
-8.921921 -3.098949 19.704742
-3.059353 -2.724791 9.444345
-8.004644 -1.252813 18.159443
-1.467696 -2.081088 4.659375
-2.095928 -2.490717 7.930103
-9.428354 -2.735348 20.330362
-2.951884 -2.713413 9.496023
-3.427391 -1.472239 9.489648
-5.669878 -3.562423 15.065537
-1.251726 -1.811907 3.019800
-0.084981 -1.859566 3.789791
-5.571850 -3.431797 14.422569
-6.212852 -2.914057 15.761796
-0.935946 0.640249 5.510931
-6.254328 -0.989040 16.607098
-2.807121 -2.657087 9.499654
-6.029425 -0.862982 15.601103
-1.962677 0.399543 6.891107
-8.093105 -1.617450 21.318617
-2.411440 -2.048523 6.672733
-7.357701 -2.498730 17.294865
-5.603551 -3.594875 14.723258
-2.588184 -0.200269 12.059487
-6.396110 -2.426464 15.834671
-5.954890 -3.377858 15.046828
-7.042993 -3.013572 16.872263
-3.163096 0.036980 9.554728
-7.259782 -2.908109 17.147259
-3.200582 -1.713295 9.102575
-3.662983 -2.866845 10.838681
-1.913604 -0.889839 11.421199
-2.009784 -0.816912 4.712084
-0.034924 0.769391 5.331667
-4.572546 -0.374903 12.023166
-7.624676 -2.240875 17.734587
-2.255744 -1.644958 4.597771
-6.658914 -4.033175 18.591524
-4.159429 -0.246212 11.256709
-5.957314 -0.837256 14.889076
-5.541074 -3.542397 14.819672
-6.327239 -3.840899 16.617481
-5.710138 -1.109190 14.422550
-1.071195 0.987471 2.539387
-2.891357 -2.645089 9.772807
-0.048831 1.043427 2.956429
-3.594796 -3.077480 13.344910
-2.002909 -0.370451 4.679267
-6.205886 -1.675764 15.538554
-3.344843 -3.104704 11.980267
-0.819928 -1.944055 3.743801
-3.696093 -2.922849 10.788172
-1.310397 -2.047239 4.878961
-0.901172 -1.894267 3.161461
-2.047803 0.565267 5.295337
-4.818521 -0.443659 12.561341
-0.655260 1.013403 2.652524
-0.945598 -1.853254 3.119312
-2.065521 -0.420284 10.724792
1.005974 -1.826384 7.216858
-2.225071 0.483520 5.860321
-5.598325 -3.330527 14.469152
-2.215388 0.482732 5.845240
-4.054330 -0.195734 10.997636
-0.741009 -1.806788 3.027179
-7.142978 -3.984827 18.137899
-2.217000 -1.389273 4.581408
-4.052930 -0.189388 10.986110
-5.654888 -2.646856 14.520769
-0.101326 -1.550891 3.251065
-2.979022 0.213763 7.955994
-7.712521 -3.109841 17.825567
-1.448489 -2.432938 8.366274
-1.310534 -1.853007 3.795543
-3.548035 -2.711108 10.716580
-1.010568 -1.981781 3.659914
-3.685666 -3.072386 11.502665
-1.970526 -1.128783 4.630285
-1.473864 -1.741158 4.638293
-1.306237 -1.996455 4.795429
-6.080676 -3.651685 15.554547
0.242007 1.012519 3.447810
-2.084018 -2.186723 9.006720
-2.104713 0.579442 5.801152
-3.978310 -3.026519 11.327421
-7.669235 -2.870549 17.801983
-5.611380 -2.274428 14.465461
1.215843 -1.677129 3.528835
1.231987 -1.788290 5.434268
-2.940611 -0.760893 8.182861
-1.838980 0.711544 5.891366
-6.190140 -3.019532 15.552614
-2.145242 0.564694 4.879382
-8.680928 -1.559150 20.410143
-3.651031 -2.877214 10.600581
0.452510 -2.175443 4.623309
0.230361 0.567468 5.944989
-0.917657 -1.807406 3.003702
0.299306 -2.094164 5.116843
0.565288 -1.824756 5.197118
-2.825167 -2.502512 7.626101
-4.378547 -0.346315 11.625390
0.099029 0.569969 5.924843
-1.836362 0.734076 5.863930
-3.633306 -3.086087 11.385829
-6.192528 -2.634620 15.454684
0.741049 1.020177 3.874799
-9.074594 -2.994943 19.838505
-4.243332 -2.634301 12.716722
-3.653434 -0.320327 12.230171
-9.402197 -3.524099 20.264322
-4.516897 -0.288264 11.792153
1.509911 -0.025253 5.262846
-9.388433 -4.139921 19.750648
-1.272933 0.310684 8.539137
-5.540143 -2.257734 14.331983
-4.282290 -1.275409 11.326700
-3.328213 -2.899118 10.776670
0.869545 0.988678 3.306201
-5.546652 -2.546296 14.302396
-1.409627 -1.967791 4.085816
-5.543284 -2.538828 14.298801
-1.911585 0.512884 6.465189
-3.250289 -1.911423 9.311687
-9.459966 -4.180534 19.811985
-0.520709 -1.955132 2.866253
-3.615711 -0.256964 11.857388
-0.728200 0.963602 3.053921
-2.098943 0.371581 4.817309
0.008748 0.461539 5.283993
-1.763045 0.292008 8.263279
-0.583534 -1.924850 2.857620
-7.639442 -2.230078 17.742992
-2.031181 0.157696 5.405547
-1.780411 1.077327 5.061303
0.920042 -1.669163 6.663042
-0.462302 0.965096 3.030803
-7.664847 -2.244703 17.761818
-9.521218 -4.082307 20.225700
-2.912091 0.102940 8.020752
-0.509499 0.802295 6.112604
-3.957509 -0.290787 10.775583
-5.826712 -4.015228 17.351696
-0.829585 -1.662385 4.855842
-3.870687 -2.998780 11.119104
-3.173381 -1.747648 8.963960
-2.098171 0.003979 4.784266
1.347073 -1.123046 4.797467
-0.393830 0.688676 6.077209
-1.066867 0.958521 2.929848
-3.487429 -1.627919 9.634768
-2.587871 0.048290 7.204742
-3.805625 -2.570450 10.482395
-5.264744 -0.809027 15.763748
-1.058838 0.953976 2.919196
1.329119 -0.890092 4.834398
-1.705239 -1.966385 5.250485
-4.227552 -1.655661 11.169328
-1.066685 0.955597 2.920349
-7.630044 -2.249727 17.728233
-7.619761 -2.012701 17.724331
-5.605290 -1.764740 14.290807
-3.325439 -2.604973 10.309749
-4.079246 -2.930949 10.982912
-9.088235 -2.859969 19.844288
0.181740 -1.789330 4.067210
-1.587029 -1.573592 2.678799
-1.333213 -1.983077 5.353805
0.430136 -0.321766 5.495364
-1.352309 -1.983807 5.347742
1.297256 -1.324647 4.336064
-7.590368 -1.979437 17.630468
-1.563706 -1.857698 4.778245
1.461689 -1.129327 4.605148
-6.478641 -3.465022 16.029778
-0.987284 -2.683839 10.270818
1.467201 -0.909692 4.726662
-5.677402 -3.894028 16.073280
-5.908068 -1.324119 19.690535
-5.831439 -1.332111 19.441259
-1.885369 -0.906196 11.189437
-5.919545 -1.305735 19.745800
-2.149505 -2.236305 9.297832
-3.655416 -2.162303 10.290103
-3.021244 -2.161684 7.185500
-1.228835 -2.069647 7.155629
-2.889999 -2.623387 8.758009
-1.026901 0.690609 5.193681
-1.483331 -1.739478 4.643154
-7.500889 -2.778886 17.533642
-1.155370 0.677178 5.151350
1.327214 -0.882565 4.811251
-2.019117 0.618999 4.708721
-8.121252 -4.260299 21.055061
1.301330 -0.041280 4.916406
-5.905984 -0.910043 16.210770
1.416694 -1.355313 7.069243
-3.816331 -3.164868 12.266550
-0.238254 1.033653 2.843170
0.641825 -0.717965 5.283244
-8.204308 -4.204459 19.025045
-6.021471 -3.673830 15.843556
-0.239400 1.035163 2.849405
1.105473 -1.635127 3.403286
-2.495669 0.308840 7.607586
0.740586 -0.991750 7.031900
-3.864177 -0.057632 10.291858
-1.425808 -1.577650 2.340715
-2.145161 0.312832 5.671642
-3.622115 -1.019849 10.011881
-7.522272 -1.220376 17.542097
-6.042728 -3.704268 16.197987
1.313105 -1.292962 4.353572
-7.472042 -2.210806 17.479097
1.264615 -1.332562 4.137862
-4.520070 -3.276941 13.287059
-6.038035 -0.910849 16.121059
0.353269 -1.653382 3.543717
-7.467441 -2.376979 17.454620
0.509841 -2.247673 4.396541
-3.267273 -0.332268 12.600323
-2.145914 0.630782 4.868349
-6.976599 -3.799090 17.917133
0.287687 -2.005280 4.919829
-2.812221 0.284938 7.457052
-6.282588 -3.075923 15.761877
-2.513031 -2.585739 8.684167
-2.125832 0.616213 4.837161
0.566016 -1.844463 5.274053
-6.279037 -3.062189 15.762216
-5.353072 -3.671784 19.017801
-1.556597 0.739519 4.381692
-7.511574 -3.095933 17.328407
-1.080202 1.109979 3.007547
-2.221187 -2.111352 3.832005
-6.474667 -1.359754 19.232702
-0.676162 1.076451 2.992210
-1.150773 0.674027 5.089340
-7.877222 -4.198022 19.185509
-6.984491 -3.137225 16.834383
-5.835688 -3.860712 17.331709
-7.466584 -1.961865 17.449795
-5.666482 -3.939345 18.095095
-0.636973 0.490890 6.282718
-5.205126 -3.290029 14.167953
-0.619586 0.904910 3.422719
-0.660737 1.022515 2.662762
-2.561485 0.087664 7.017154
0.063451 0.853275 4.661953
-5.896623 -3.613573 15.265567
-1.344713 0.833322 3.849835
-3.280920 -0.325906 12.618544
-5.693490 -1.462582 14.378751
-1.105187 0.831157 4.035156
-1.242517 -2.211599 7.615791
-6.788021 -2.901463 16.498833
-1.903146 0.562604 6.426715
-6.292861 -2.852023 16.101416
-6.032954 -3.666995 15.635302
0.886172 1.013547 3.384735
-1.196703 -2.552038 10.621692
-1.759096 -2.002762 4.806027
-8.280317 -4.039424 18.845699
-6.413909 -3.791793 16.558525
0.065235 0.578096 6.317364
-5.191602 -1.249176 18.434319
0.775037 0.930894 3.751487
-7.528157 -4.057315 19.219336
-7.358199 -1.930479 17.294151
-5.195239 -1.270703 18.376963
0.118634 0.579828 5.947928
-1.170983 0.762760 4.293665
0.418973 0.841989 4.310188
-7.971883 -4.173887 18.993444
0.430987 0.729626 5.005602
-2.244832 -1.607904 6.115903
-0.068867 -1.935669 3.841254
-3.531787 -2.447845 10.012060
-7.037169 -3.168767 16.913681
-0.742534 -2.686904 7.492772
-6.657610 -2.426544 16.418018
-0.667419 0.861307 4.044389
-6.562370 -3.793188 16.525223
-1.737574 -0.741185 4.469198
-6.381894 -3.829560 16.443142
-7.255897 -3.701578 19.310202
-3.219174 -2.008862 9.520731
-2.503748 -0.475379 13.376537
-7.198434 -3.494878 18.371334
-0.265519 -2.049455 5.222466
-8.398244 -3.875149 21.169987
-0.994137 -1.935799 3.600591
-2.501208 -2.549566 6.837864
-6.719260 -2.438873 16.458395
-5.792657 -3.738172 17.720133
0.524222 -1.390680 5.308435
-1.423022 -1.973794 3.446045
0.507049 -1.122024 5.337151
-2.654865 -2.559375 8.257947
-1.392747 -1.932420 3.385539
-6.278702 -0.860943 15.532547
-1.380477 -1.909181 3.339860
-3.586709 -2.323314 9.945293
-1.453305 -1.922973 3.705403
-6.789166 -1.518978 19.504803
-6.140667 -0.976152 16.719269
0.201888 -1.733640 4.091909
-1.965037 -2.142078 5.467048
-8.251557 -1.703027 20.532215
-1.639408 -1.931991 4.238676
-1.243746 -0.173081 8.813841
-0.969092 -1.891905 3.465712
-1.377931 -1.949083 4.004221
-6.121017 -0.985650 16.699064
0.427890 -0.305606 5.470769
-1.118336 -1.879172 3.387078
-2.823411 -1.333833 7.876879
-0.084414 -1.608242 3.028961
-0.242395 -1.852806 3.868360
-2.148804 -0.084754 3.991577
-0.105984 -1.565823 3.277913
-6.897499 -1.585156 18.697645
-3.339100 -0.310489 12.025994
-3.927493 -0.339810 10.690566
-2.625592 -0.185541 6.580158
-0.611842 0.995043 2.974609
-4.198108 -1.187705 8.743165
-5.936773 -1.541133 16.397202
-0.745503 -2.335665 8.327467
-1.761881 -0.836432 10.522697
-6.380376 -0.972359 16.441305
-2.823579 -1.300212 7.850097
-2.856079 -2.627061 8.863150
-3.587574 -1.650049 10.136507
-0.782093 0.854024 4.016253
-3.752311 -0.660994 10.150364
-5.674736 -3.769818 18.899199
-0.103620 -1.552709 3.250031
-4.567008 -3.617409 16.916109
-1.341210 -2.446373 7.520831
-3.507650 -2.692960 9.932340
-2.495730 -0.185192 6.423623
-3.582468 -0.379483 12.765947
-4.621436 -3.633173 17.025927
-1.369344 -2.096525 5.055142
-1.077508 0.700275 5.147964
-3.717225 -1.111361 10.083335
1.431590 -1.095402 4.546371
1.306743 -0.032149 4.907607
-3.382903 -2.913853 11.741662
-1.282401 -2.546588 9.924900
-3.236988 -0.448791 13.238193
0.502568 -1.114363 5.284265
1.114226 -1.323427 9.538031
-2.031347 0.136378 9.459792
0.996434 -1.768634 3.793163
1.208867 -1.706243 3.572917
1.365157 -1.333481 4.230893
-4.376037 -0.746277 10.190144
-5.905863 -1.311793 19.671860
0.356183 -1.662370 3.573848
-4.851664 -2.462791 18.015678
0.536485 -2.292341 4.507355
0.288218 -2.066494 5.030801
-2.154822 -2.309819 6.723731
-5.894781 -3.639992 15.929709
0.552992 -1.809053 5.188127
-0.947064 0.992140 2.690065
-4.736713 -0.990593 9.565179
-0.505031 0.593832 5.668523
-2.327754 -2.924829 11.345639
-0.613046 0.472986 6.016991
-0.676251 0.749754 4.690112
-9.373277 -2.718667 20.254244
-1.124781 0.838725 4.105038
0.869055 0.993527 3.323139
0.338671 -1.803194 3.789695
1.996866 0.145729 4.960588
-3.389296 -2.078736 8.251789
0.123972 0.604539 6.034945
-6.556801 -3.805643 17.029482
-6.439484 -1.262927 20.188259
0.018306 -1.727689 3.247438
-2.123221 -3.172088 11.764055
-3.483936 -2.100507 8.865337
-8.110673 -3.843938 18.538944
-2.721704 -0.485919 11.318390
-8.062641 -3.820662 18.496372
-1.092533 0.317329 11.416054
-5.489288 -1.365088 16.237741
0.289875 -0.029096 5.956990
-3.338895 -0.155066 10.910360
-1.381161 -1.937937 4.000557
0.983744 -1.703116 5.651676
-1.012386 -1.970594 3.687500
-2.365592 -0.464659 4.529014
-1.163081 -1.933958 3.968316
-2.342561 -2.682494 9.016088
-0.044506 -1.699128 3.147291
-1.182328 0.813046 4.453199
-2.812870 -0.096359 10.814617
-0.399271 -2.206472 5.529479
-1.923522 -0.818866 4.944959
1.095849 -1.118941 5.746461
-5.580160 -1.284143 16.427534
-3.250024 -2.024112 9.648438
-0.754151 0.602010 12.274561
-2.504543 -0.462535 13.387105
-5.382273 -3.279387 13.605453
-4.272016 -2.198863 11.462460
0.540861 -0.502509 5.337945
0.219104 -0.198164 5.857088
-1.486664 0.619094 5.428684
0.445602 -0.327310 5.768768
-0.043562 -1.463063 3.218785
-1.481453 0.615044 5.415039
-0.379857 -1.958404 5.110454
-1.272941 -2.878265 10.718672
-2.081335 0.606780 5.241149
-0.252304 -1.958616 4.998899
-1.943843 -0.202205 12.184686
-0.474370 -1.939359 5.928519
-5.843817 -3.908674 18.423201
-4.331206 -1.243863 11.675849
-5.768872 -3.585680 15.233710
1.322107 -0.870522 4.746507
-6.715963 -3.560806 19.437660
-1.736189 -1.915377 4.937362
-2.286865 -2.384367 9.954377
-1.245418 -1.929357 3.416529
-2.044111 0.588438 5.174193
-2.166697 -1.954776 9.336274
-8.080147 -1.353590 18.316828
-4.186600 -3.626807 13.002043
-6.316493 -4.014163 18.620832
-5.462699 -1.451191 18.831175
1.368227 -1.275272 4.278431
-7.472571 -4.203956 19.780565
0.754314 -1.314244 5.210396
1.329983 -1.514772 6.854593
-1.272409 -2.159538 7.493776
-7.804991 -4.172426 19.500010
-3.522471 -3.191831 11.794660
-2.128753 -0.971502 12.707188
-2.907975 -1.145793 7.966666
-1.310394 -2.028513 4.910871
-3.068167 -0.713126 8.737111
-7.097102 -3.465449 18.496027
-2.701013 -1.175471 9.914632
-3.985944 -0.294157 11.871941
-2.932212 -1.356523 8.065583
-1.380447 -2.031806 4.886368
-2.145083 -3.211740 12.774613
-1.195097 0.706389 6.318455
0.752082 0.183061 3.720583
-1.870734 -0.195026 11.895998
-5.650956 -3.571761 15.210108
-2.222246 0.512451 5.810590
0.634537 -0.717137 5.220040
-5.571383 -3.580273 15.118716
-5.909478 -3.394826 14.912760
-2.845893 -2.436055 7.903798
-5.961765 -2.811669 14.995507
0.408740 -1.918302 4.127356
0.380524 -1.708912 3.355951
-2.572593 -2.523617 7.994618
-1.522342 0.640909 5.133746
0.571851 -1.996939 5.205711
-2.956956 -3.220256 12.653794
-0.606965 0.993418 2.974609
-1.836761 0.248208 8.632906
1.352655 -1.582128 9.086520
-3.825655 -3.607920 13.786933
-5.318333 -2.986003 12.426216
-5.993889 -2.311368 14.990889
-5.977179 -2.306908 14.981773
-0.658337 0.502345 6.219674
-2.531822 -2.500283 7.913052
-6.103933 -0.824019 15.122812
-1.981097 0.633897 4.825106
-1.460244 -2.078346 4.774873
-2.075463 0.809581 6.704555
-2.847077 -2.485338 7.749142
0.074919 0.658756 6.519978
-1.877436 -1.181835 4.764863
-3.500546 -0.874362 14.429698
-1.338132 0.825425 3.825399
-2.745957 -2.396165 7.854624
-3.445664 -2.732789 14.613847
-5.919522 -2.300024 14.906925
-1.105368 0.833582 4.047958
-1.215057 0.781405 4.846645
0.888824 1.012985 3.381917
-3.427545 -0.366472 12.729302
-5.752246 -0.792976 15.153769
-2.951686 0.192841 7.953449
0.565827 -1.952298 5.841816
-5.749026 -0.790914 15.151180
-5.072597 -0.768781 15.493938
-7.787610 -4.345698 21.106846
-4.138669 -0.240409 11.324124
-5.349996 -3.552173 14.809155
-8.833475 -3.914770 18.022663
0.768897 0.918099 3.687376
-1.576383 -1.861281 4.099124
-5.816819 -1.708021 14.774181
-1.322461 -1.861271 3.829211
-7.045969 -4.237709 20.318611
-0.994598 -1.936012 3.628136
-0.773234 -1.822265 3.175745
-8.210666 -4.298146 21.171137
-1.223947 -2.034685 4.192320
-0.828674 -1.917147 3.772906
-5.756560 -2.584192 14.654943
1.916073 0.139935 4.749753
-0.376522 -2.776747 5.792779
-0.091934 -1.527380 3.193291
-7.761549 -2.521492 17.933043
-1.762206 -2.093151 5.480469
-5.422767 -3.555135 14.585865
-1.330443 -2.029594 4.947525
-7.492522 -4.008414 17.982454
-1.544431 -2.048660 5.847714
-4.052689 -0.282230 10.936616
-5.637947 -3.213161 14.516072
-2.023031 -0.667749 4.716300
-4.053235 -0.302148 10.963178
-5.592840 -3.330900 14.462071
0.733335 -0.720915 7.540967
0.204107 -0.181150 5.565772
-1.434188 -2.246879 7.679619
0.447093 -0.323912 5.834744
0.227226 -1.675916 5.174926
-2.999674 0.036072 9.589338
-8.133447 -4.236278 20.588776
-6.041673 -0.913438 16.115095
-5.787347 -1.701678 14.706109
-0.251151 -1.979357 5.057913
-5.789468 -1.700730 14.708966
-0.431222 -1.740476 5.285528
-9.486887 -3.242345 20.380436
-6.234937 -0.904941 16.005548
-1.466143 -0.685362 8.909762
-7.650845 -2.842176 17.787369
-5.775288 -1.701511 14.693588
-3.425700 -2.652357 10.554520
-1.891694 -0.798624 4.877061
-2.515183 -2.359339 7.288504
-9.025229 -2.968527 19.790352
-0.637140 0.672249 6.310766
-1.220639 -2.098734 7.367119
-3.241621 -2.026673 9.622611
1.390574 -1.138747 4.852394
-7.701476 -2.310066 17.828014
1.361981 -0.884746 4.822091
-0.981950 -1.911304 3.606113
-1.288168 -2.194409 7.691823
0.260114 -0.018286 5.492687
-9.046905 -2.513722 19.800209
0.080911 0.908399 4.111043
-1.465030 -2.087249 5.550771
-5.647240 -2.634837 14.509548
-2.136534 -1.417857 4.604134
-0.602173 0.719642 6.212762
-4.996150 -2.560722 18.237555
-5.625368 -2.629728 14.487338
0.572555 -1.516091 5.829934
-1.090474 0.846373 3.768686
-0.581317 0.759580 6.245991
-5.425491 -2.161576 18.892138
-5.903183 -3.611580 17.568434
-0.751671 -2.322964 8.241293
-4.965939 -3.695824 17.575569
-6.112050 -3.646047 15.720981
-6.739619 -3.215244 17.304276
-0.534086 0.784175 4.724677
-5.611002 -2.179199 14.463313
-2.491453 -2.879934 11.099505
0.602288 -1.978773 5.683349
-3.139494 -2.821441 10.297055
-1.476149 -2.048300 4.191384
-2.490566 -2.880943 11.102720
-1.856395 -0.104331 3.557695
-1.475867 -2.050327 5.511684
-4.038149 -3.130164 12.309692
-4.169022 -3.691905 16.508556
-1.489427 -2.067343 4.223102
-1.500172 -2.100509 5.556480
-5.772905 -3.750601 15.760630
-1.968370 0.644068 4.887752
-0.842241 0.761107 6.133357
-1.490314 -0.691551 9.175407
-2.552952 -2.052239 7.595102
-0.887522 0.696267 6.134192
-1.453105 -1.992398 4.089042
-2.174786 -2.135931 4.490713
-5.504676 -3.144784 14.233125
-1.765291 -0.723713 4.883962
-6.925633 -3.920310 19.881828
-3.277766 -2.937277 10.692593
-0.063198 -1.900219 3.348760
-3.640339 -2.159409 10.280001
-0.298340 -2.299361 4.780424
-3.092426 -2.832307 10.242399
-2.575876 0.249787 6.993217
-8.295114 -4.133837 20.342415
-4.378986 -1.579431 11.628195
-4.385169 -1.577697 11.633427
-5.005366 -2.079963 18.075136
0.511818 -0.516103 5.351230
0.160816 -0.113078 6.052096
-7.335957 -1.768458 19.871019
0.459922 -0.316418 5.991271
-7.015794 -4.269525 20.432589
-2.997949 -0.324598 12.960594
-0.731780 0.722859 5.255964
-7.887700 -3.262759 18.068480
-2.836872 0.274648 7.545678
-2.339733 0.554140 6.064070
-9.669758 -2.457914 20.781620
0.532942 -0.662303 6.218850
-3.637491 -0.132067 10.690369
-1.557490 -2.246366 5.789478
-2.322221 -1.246065 4.407761
-2.313865 -2.710256 13.079165
-6.205329 -3.346197 15.582274
-6.829169 -2.456663 16.570351
0.662031 -0.761463 5.500166
-2.677899 -2.417844 7.170810
-0.579702 0.602096 5.923474
-1.525222 -1.815777 3.987815
-1.920614 -1.596834 4.597305
-5.700590 -0.855519 15.656426
-1.922691 -1.894819 5.210224
-3.663323 -3.247638 11.390894
-2.101355 0.687951 4.594042
-1.896353 -2.180392 7.404410
-4.025945 -2.931109 11.242745
-6.978973 -3.861897 17.638586
-1.559883 -2.120435 4.596357
-4.797535 -1.010144 17.894840
1.449807 -0.891657 4.756521
-2.034545 0.145641 9.470606
-0.229685 -1.981546 5.070344
-0.322995 -1.748264 4.986171
-8.887963 -4.163889 20.111713
-0.557420 0.606478 5.930770
-3.170798 -2.776138 10.049580
-8.408899 -4.249862 19.422026
0.620680 -1.379677 5.312500
-2.226325 -2.342764 9.931570
0.961844 -1.171700 4.961527
-4.281208 -0.753573 15.203478
-9.802711 -1.899071 20.865189
-4.231152 -2.012230 11.253365
-0.898034 -2.414132 9.767121
-6.738613 -1.974635 16.393837
0.825841 -0.883159 5.116491
-6.281660 -3.704663 16.368191
1.324299 -1.521814 6.896093
-3.415318 -2.135391 8.796673
-5.438681 -3.971138 17.561632
-6.995415 -3.521313 19.284624
-3.992476 -2.927041 11.142338
-6.814456 -2.888527 16.630323
-3.425095 -1.868700 9.792095
-8.090510 -4.066569 18.753592
-3.243588 -0.079397 10.428052
-3.727453 -2.134541 8.717871
-5.405301 -2.086000 14.091390
1.874785 -1.120944 4.348996
-1.985685 -2.148217 5.498254
-4.326732 -0.277080 11.466978
-8.401110 -4.121600 20.417103
2.008705 -0.831164 4.496044
-6.529492 -4.341990 18.989534
-2.530088 -2.475107 7.965577
-3.563478 -1.936663 10.066634
-2.254037 0.658120 5.624918
-1.361883 0.240313 8.990102
-1.286030 0.846320 5.084339
-6.551560 -1.021763 15.992517
-2.910545 -1.386871 8.021947
0.489927 -1.127059 5.231834
-2.477566 -2.619781 10.992105
-3.972610 -2.861394 10.897497
-5.772638 -0.900422 16.304256
-8.273839 -3.562568 18.726303
-4.954029 -3.134303 13.730446
-1.248185 -2.131279 7.484284
-6.226905 -3.802449 16.493950
-2.380778 -0.467810 12.659359
-3.805091 -0.914873 13.855364
-1.550937 0.521044 6.272824
0.894125 0.267632 3.313051
-3.964258 -0.306738 11.865239
0.520547 -0.139983 4.947600
2.035792 -0.126739 4.926949
-0.698965 0.576035 6.345338
0.286188 -1.685253 3.506529
-4.245081 -1.663977 15.089231
-3.034458 -2.763238 10.104528
-5.008740 -2.114856 18.131411
-7.402741 -4.203001 19.840555
-2.511055 -0.466285 10.691629
-5.506147 -1.489024 18.841295
-2.808805 -0.705778 10.177659
0.447811 0.020304 4.985037
-2.573020 0.603126 4.775884
0.216410 0.631770 5.729526
-1.424093 -1.955361 3.494390
0.441916 0.720974 4.957074
-1.777332 -2.029184 10.122205
-8.255417 -3.971702 18.660751
-1.167828 0.850589 3.484677
-3.607648 -1.935920 10.483665
-4.043635 -3.055389 11.759387
0.488306 -1.712436 5.128859
-3.976395 -2.947811 9.751122
0.077135 0.895389 4.079045
0.644664 0.839986 4.107423
-0.768209 -2.431309 8.694634
0.080686 0.908947 4.116706
0.763618 0.906985 3.632509
-4.651396 -3.279608 13.208617
-0.000560 -1.638802 3.139026
-3.480630 -2.185296 8.902261
-3.204336 -2.098480 9.461931
-2.435932 -2.616054 9.570007
-6.417264 -3.800138 16.554060
-4.432743 -1.226345 11.837348
-0.757178 -2.351899 8.465023
-2.347678 -1.586316 4.355894
-1.525041 -1.198337 9.389047
-4.230579 -1.000607 16.381136
-1.108306 -0.360064 10.136166
-1.905205 -1.927777 5.217195
0.224162 0.567040 5.718694
-3.621537 -2.126535 10.254990
-0.659604 -1.864165 8.166533
-2.299197 -1.537068 6.579607
-2.688211 -1.172090 9.916063
-4.410326 -0.686935 8.642429
-6.701469 -3.510937 16.363619
-1.188063 -1.895195 3.349152
-7.977528 -4.110653 18.662601
-2.419585 -1.641500 4.515497
-1.401498 -2.536041 7.814822
-6.268141 -3.777449 16.550768
-1.383715 -1.932962 3.305835
-1.975633 -0.042289 11.154404
0.410834 -1.722158 3.368398
-1.289009 0.830078 3.563489
-0.599192 0.987053 2.952350
-1.910643 -0.234959 3.609929
-2.998931 -2.796519 10.190188
-6.268962 -3.116369 15.561522
-7.000907 -1.385913 16.851236
-2.167582 0.401270 6.865365
-0.760626 0.040469 7.640559
-6.225058 -3.780330 16.403999
-1.514087 0.460429 6.966331
-0.022103 0.945167 3.596622
-9.560544 -4.268012 19.826374
-1.758478 -2.283941 6.539826
-2.863203 -1.382474 10.743036
-1.588397 0.639531 5.243118
-2.551517 -2.613200 8.897038
-6.218316 -3.780085 16.378481
-5.419793 -3.547005 15.214214
-1.167178 0.921979 3.173459
-1.877769 -0.689344 3.203177
-5.650832 -3.566277 15.031829
-9.519529 -2.903325 20.510063
0.598782 -1.960491 5.660622
-3.699477 -0.451117 10.292049
-0.409340 -2.481064 5.975634
-3.368992 -2.172659 9.892897
-5.641950 -3.565877 15.009695
-5.556197 -3.553526 15.057583
-3.609950 -1.082187 10.156366
-0.383232 -1.852590 5.492577
-2.774174 -0.377889 12.453451
-9.668880 -4.307756 19.937754
-1.019633 -1.861293 3.393072
-5.009548 -2.423465 13.303636
-0.818795 -1.995947 3.339210
-8.195469 -4.057839 20.658934
-0.997767 -1.939693 3.660120
-9.359555 -4.132848 20.165836
-9.570725 -3.037961 20.563583
-5.756130 -0.790727 15.154000
0.164368 -1.736142 3.448158
-5.262310 -3.538547 14.962383
-9.762786 -4.320200 20.284695
-5.405000 -3.527686 14.778497
-3.831977 -0.224143 10.541625
-3.383301 -0.131523 9.378125
-1.433525 -2.491954 8.507998
-3.056534 -0.225132 12.056567
-1.278960 -2.080745 4.777488
-1.535897 -1.825040 4.798072
-3.060617 -3.535798 11.450124
-1.789131 -2.273378 6.598535
-2.295742 -2.156118 6.168107
-0.997975 -1.873425 3.124575
-2.676679 -2.936366 10.535990
0.259793 -1.745981 3.408722
-3.102131 -2.718195 9.307438
-1.438545 -2.503419 8.559125
-3.194810 -3.116115 12.850750
-5.170711 -3.554430 14.757543
-3.406344 -2.930692 14.258552
-9.526846 -3.500688 20.488167
-8.184716 -4.611005 21.205318
-5.653904 -2.914673 14.514449
0.650123 -1.877445 5.134086
-2.977165 -2.681910 9.273722
-3.426025 -0.140745 9.451466
-2.750045 -0.144535 10.634830
-5.577060 -1.511269 14.190603
-3.656957 -2.615969 10.307421
-5.558954 -1.515799 14.171222
-2.861904 -1.187657 7.829074
-7.509222 -3.975020 18.462967
-2.750614 0.762870 5.537097
-3.020207 -0.771589 8.274623
-5.562841 -1.572478 14.175080
-0.714925 -2.186251 7.835684
0.739137 0.891653 3.632247
-2.450152 -2.910262 12.003670
-1.902065 0.333082 3.581948
-5.594580 -3.560097 15.109653
-1.905411 0.330571 3.578785
-3.699127 -1.686641 10.349128
-0.052458 -1.715640 3.030145
-3.040306 -0.222843 12.031309
-6.064705 -3.929650 17.288567
-1.797497 -0.142129 11.867871
-5.483566 -3.581309 15.254874
-0.103208 -1.552045 3.237530
-0.895133 -1.863621 2.977170
-7.734824 -3.965877 20.271259
-0.935171 0.994380 2.538145
-3.423654 -1.902203 9.434585
-2.765823 -0.943888 4.692992
-3.809783 -0.244176 10.502042
-5.873138 -3.365620 14.876483
-5.339698 -3.488909 18.038254
-0.447028 0.651585 5.981664
-6.121366 -0.871236 15.195146
-5.934465 -3.639350 17.658998
-5.513613 -3.634175 17.938745
0.638287 -0.729576 5.272349
-2.003375 0.338618 7.810640
-8.693986 -1.574980 19.310507
-0.685921 0.592685 6.242055
-3.700275 -0.752450 8.960629
-5.320317 -3.528755 15.069158
-2.004539 0.338177 7.809839
-2.820897 -0.715707 8.015017
-1.067603 0.855776 3.809358
0.707960 -0.022214 3.983954
-1.060916 0.858819 3.810732
-6.104342 -0.858020 15.149394
-0.237766 -2.173821 5.177979
-9.503401 -3.815061 20.461174
-5.543659 -3.633328 17.912451
-5.357241 -3.519347 15.026331
0.968451 -1.713953 3.682314
-2.018718 -0.368175 4.702028
-3.352692 -0.180538 9.323081
1.126191 -1.638620 3.399311
-4.955132 -3.771940 18.161064
-4.666935 -0.608796 12.483638
-9.199266 -4.390130 20.927629
-2.466544 0.241288 6.643532
-2.109321 -0.220125 12.762924
-5.402652 -3.821975 17.610123
0.540307 -1.908393 5.711943
-1.207009 -2.280823 9.131482
-3.077228 -1.783744 8.858608
-3.588197 -2.887756 13.095631
-3.672598 -1.545577 10.054001
-5.621921 -3.538326 14.822640
-5.500868 -2.881417 14.240041
0.315833 -0.261223 5.924199
-6.675515 -3.927400 17.230244
-2.675923 0.066827 7.413133
-2.478430 0.322693 7.523740
-6.832325 -3.914313 18.680502
-2.813309 -2.120852 10.158069
0.226192 0.658684 5.940826
-1.391251 -2.487458 8.222913
0.438189 0.712005 4.887484
-9.144621 -3.886801 18.689186
0.215674 0.624997 5.697777
-2.835457 -2.491570 7.676844
-1.201787 -2.109330 4.435565
2.006965 -0.187845 4.815574
0.553113 -0.686772 6.365460
-6.583946 -1.227293 18.656830
-1.706702 0.217867 8.724771
1.088381 -2.148663 6.694110
-5.656315 -3.246742 14.532440
0.727416 -1.653922 6.373116
-3.430623 -0.137156 9.494703
-2.371601 -2.542197 8.299495
-5.608430 -3.216851 14.483794
-1.230999 0.699151 5.143502
-5.351842 -3.533272 14.661752
0.964495 -1.176560 4.998400
-1.575252 -2.004655 3.774638
-3.355848 -0.194943 9.347130
-6.488296 -1.331944 19.424946
-4.008247 -0.170818 10.882056
-2.309412 -2.497695 7.921654
-6.968164 -3.765961 17.792013
-1.403429 -2.178019 7.442617
-2.415372 -2.354972 4.027366
-4.007366 -3.016756 11.328788
0.445228 0.018699 4.977376
-7.493822 -4.024357 17.901819
-1.007396 -2.388777 8.992219
-4.737506 -2.425266 12.051675
-3.901893 -2.911041 10.922230
-2.190431 0.381630 5.777159
-4.300630 -0.299150 11.591392
-5.955876 -1.308035 19.713385
-1.156616 -2.071346 4.238721
-8.226320 -4.052946 20.581617
-2.750179 -2.259155 10.275557
0.474656 -0.633969 5.746722
-5.600723 -3.983806 17.332275
-2.229125 0.414213 6.778031
-2.499943 -3.328372 12.806267
-2.677474 0.226982 8.149397
-3.191279 -2.008857 9.600904
-3.326096 -0.203284 11.628251
-1.901072 -2.170995 7.418884
-2.650856 -2.560472 8.260342
-3.489433 -2.677792 10.655066
-0.672402 0.638397 6.261454
-2.409880 -0.374491 12.019259
-2.771810 -1.216349 4.936413
0.234407 0.364592 5.661607
-3.459622 -2.641182 10.565438
-1.197113 -2.062618 7.226671
-2.209850 0.486585 4.082226
-2.026763 -2.189127 9.093750
-2.345787 -1.224809 4.517005
-2.600512 -1.731837 4.721276
-3.327174 -2.552013 10.012551
-2.052274 -0.098686 4.728021
-2.769218 -2.704328 9.235682
-5.071800 -0.774657 15.480506
-2.114138 -2.213397 7.355497
-2.775484 -1.276344 4.549523
-6.372293 -1.050274 17.183617
-2.429646 -1.674768 4.589570
-2.132588 -2.217155 7.354237
-5.257714 -3.514233 14.940520
-5.594070 -3.558995 14.843297
-3.119952 -2.368775 8.736408
-1.826836 -1.150071 4.686558
-2.490485 -2.418487 7.491807
-7.245346 -2.981577 17.151588
-1.636918 -2.047028 4.691150
-2.494338 -2.617003 11.040390
-6.956440 -2.499041 16.759359
-1.289511 -1.730069 2.637697
-7.263615 -1.178894 17.446003
-5.537184 -2.256921 14.137960
2.011189 -0.828418 4.495274
1.799412 -0.856274 4.663145
-7.748183 -2.103117 17.903637
-1.262302 0.786153 4.060845
1.886514 -1.125655 4.368359
-5.346507 -3.590732 18.233274
-3.092521 -2.516078 8.697766
-3.445837 -2.610660 10.568482
-7.799435 -4.001978 18.326878
-3.155798 -1.919511 8.912897
-2.586018 -2.375885 7.540353
-1.679485 0.902418 2.844305
-3.156226 -1.920558 8.912533
-3.279639 -2.978399 10.814795
-8.376890 -4.236673 20.370228
-4.279074 -1.347178 11.642795
-3.400218 -0.976477 11.896371
-1.555867 -2.094340 4.751687
-3.743316 -0.881832 10.678020
-7.315689 -2.221903 17.257065
-1.297314 -2.336908 7.222194
-7.744715 -2.959635 17.926634
-2.852380 -0.888764 8.314131
-2.855280 -1.675514 8.065904
-2.503973 -2.927627 11.175055
-5.579002 -2.571904 14.170535
-2.042753 -1.188703 4.779577
-7.288680 -2.440877 17.253119
-1.518732 -2.171555 4.775370
-2.502533 -2.928977 11.175488
-1.774814 -0.745953 4.932690
-7.251903 -3.916259 18.687241
-5.601416 -1.801457 14.285523
-7.740229 -3.958339 18.257618
-5.647451 -1.447896 14.320492
-3.099639 -2.696519 8.592418
-0.743293 0.953010 3.095796
-7.375397 -3.031084 17.333498
-2.912984 -2.479016 7.502469
-2.664427 0.203204 8.416714
-1.330827 -2.017697 3.773832
-3.259944 -2.155113 9.224374
-4.088453 -0.296420 11.052676
-2.012566 -2.271536 7.895392
-7.830854 -2.158154 18.046726
-3.014133 -2.629022 8.434978
-1.120513 -1.779912 2.925043
-6.921403 -3.926153 17.154572
-1.340951 -2.035917 3.799619
-4.109134 -0.297147 11.114736
-5.542495 -2.864999 14.191303
-0.333357 -1.692354 5.077780
-1.434838 -2.029981 3.772865
-2.962481 -2.754059 9.313724
-5.541397 -2.872841 14.191669
1.873949 0.149661 4.469502
-1.199790 -2.209695 6.714915
-3.381530 -2.779716 10.005552
-1.155850 -1.734896 2.936094
-2.902836 0.179541 8.374472
-1.935311 -0.808680 4.991981
-1.816448 -2.169830 5.119447
-7.493857 -1.197771 17.465492
-5.494710 -3.195317 14.195741
-2.585798 0.202136 8.526583
-1.700152 -1.223425 4.655002
-1.805238 -2.154629 5.087049
-1.979316 -1.158552 4.645625
-0.605796 0.818841 4.543397
-2.612022 -2.655657 8.977823
0.518758 -1.200658 5.553877
-5.582689 -3.644850 17.849291
-2.030605 -1.953695 3.639106
-2.136523 -0.927105 4.608173
-2.677575 -2.658880 8.954350
-1.936288 0.284733 4.812327
-3.231270 -3.214174 13.090846
0.509335 -1.350866 5.226818
-1.149249 -1.928944 3.080092
-7.441349 -1.677901 20.860634
-5.602552 -2.115772 14.385855
0.240503 -1.443319 5.817897
-4.942908 -3.806998 18.179819
-1.431513 -1.995407 3.834293
-3.031103 -2.757708 9.379195
-2.688324 -2.646605 9.013287
0.266962 -1.712571 3.285082
-5.419989 -3.666730 18.011181
-2.852977 -2.767893 9.465117
-5.564788 -2.116916 14.372342
-1.792500 0.272368 8.416529
-5.560067 -2.116424 14.370350
0.340559 -1.752975 3.401386
-7.179536 -3.836415 18.215012
-2.835390 -2.664406 8.981673
-9.758569 -2.672434 20.810539
-1.998464 -2.213146 5.840592
-4.851167 -2.227811 17.959255
-5.596198 -2.279517 14.394511
-0.310881 -1.816320 4.908526
-5.659607 -2.165051 14.492691
-0.217731 -1.917028 4.911610
-5.677658 -3.896915 17.927788
-7.570335 -2.020701 17.672451
-2.466561 -2.988839 12.298750
-1.871436 -2.427912 10.747921
0.418077 -1.629325 4.119537
-2.662654 -2.547297 7.952499
0.902688 0.268955 3.356074
0.574153 -0.642212 6.404180
1.369564 -0.005209 4.844778
-8.919046 -4.294332 20.624840
-2.145052 -2.955231 12.337355
-1.662234 0.617049 5.367050
-2.405709 -2.658885 8.586000
-7.644707 -1.257328 17.699848
-1.335758 -2.219812 4.948651
-1.751584 -2.211001 6.001397
-4.675683 -3.189968 16.049059
-7.904362 -4.149384 19.209856
-1.709812 -1.848889 4.758155
-7.575808 -2.027184 17.678972
-1.465691 -1.875117 5.090009
-1.830052 -1.524543 4.371317
-1.600705 -1.905816 4.181235
-2.081686 0.200235 4.792102
-2.229229 -2.823106 8.650749
-3.403253 -0.292697 12.281967
-1.696209 -1.925112 4.177859
-3.272861 -0.318993 11.807957
1.343197 -1.309202 4.191776
-1.692431 -1.767081 2.803985
-2.639823 -2.657977 9.271717
-1.188559 -2.013855 4.222180
-1.328875 -2.164359 4.977258
1.012931 -1.531338 4.092441
-1.434368 -1.818998 4.999975
-0.043293 -1.746420 3.221177
-7.770326 -1.260294 17.861523
0.445016 -0.307382 5.829480
-4.764512 -2.976249 13.375949
0.148915 -0.112831 5.909744
-8.230632 -1.671316 21.428854
-7.928000 -3.861021 18.326797
-1.077498 -1.865995 2.988050
-1.892040 -0.846240 4.894846
-5.668664 -2.633437 14.534551
-2.691897 0.065263 9.736732
0.366307 -1.842011 3.908673
1.425241 -0.872069 4.670071
1.433702 -1.098195 4.600630
-1.506967 -1.834101 4.957157
1.177920 -1.525266 5.222239
-3.076712 -0.469224 12.672661
-0.271911 -2.025456 5.100240
-6.076932 -3.625615 15.699913
-3.283966 -2.920265 10.703197
-7.190439 -4.122855 20.487885
-3.709502 -3.000394 11.671824
-1.283381 -2.575072 9.858076
-8.510039 -2.237441 19.053680
-3.833827 -0.232072 10.536882
-3.515482 -2.880596 10.637118
-4.831560 -2.540077 17.968912
1.469572 -0.021737 5.452239
-6.928862 -1.477083 19.750280
-3.450506 -0.113231 10.517050
-2.197684 -0.694073 4.662831
-1.093257 0.913170 3.134389
-4.898612 -2.280341 18.060465
-3.644203 -0.318991 12.381558
1.878825 0.151280 4.475603
-2.142650 0.631589 4.867227
-1.811332 -2.307716 6.695722
-7.246359 -2.715793 17.154583
-2.259809 -2.177899 7.121678
-8.870960 -3.139808 19.567896
-1.033494 0.698447 5.197922
-1.210821 -1.976681 4.518518
-2.397796 -2.491299 7.752599
-3.472268 -0.744788 8.997450
-5.679659 -4.089624 17.535036
-0.213073 -2.732290 5.575364
-4.403877 -2.399823 11.409871
-1.486189 -1.971642 4.738549
-2.582290 -2.489171 7.732328
-2.153382 -0.971390 4.663355
-2.851437 -0.773584 11.737077
-5.571656 -3.629736 17.907009
-3.780151 -0.178220 11.007775
0.863786 0.984453 3.301463
-3.611848 -2.806444 10.772468
-1.529262 -2.029790 3.846441
-1.616590 -0.760669 9.444130
-2.117665 -1.162449 4.642705
-5.549704 -1.639094 14.159018
-1.099110 -1.638077 2.787524
-2.519726 -2.516710 7.862534
-0.996800 -1.939824 3.652535
-3.918220 -0.221826 11.240653
-1.137632 -1.911460 3.689338
-4.160502 -0.322779 11.187003
-0.741723 -1.812189 3.029409
-7.600930 -1.587240 17.318611
-5.579633 -1.626774 14.226823
-1.016820 -1.859215 3.379497
-2.487685 -2.579409 4.174972
-3.645199 -2.535509 10.186954
-2.262035 -0.167873 12.119707
-5.505752 -1.756285 14.185750
-3.552841 -0.384635 12.902892
-6.759561 -2.443072 16.504416
-1.374558 -2.094252 5.111772
-1.265552 -2.162029 7.589101
-4.658496 -0.972195 17.601690
-2.901144 -1.859686 8.359200
-3.278174 0.081131 8.861288
-7.502376 -1.197286 17.471764
-0.890793 -1.736157 2.927586
-1.142848 0.899789 3.102993
-2.211276 0.332846 6.862812
-9.072165 -2.854915 19.824821
-7.467110 -2.412090 17.452127
-4.157687 -2.878216 12.946070
-0.690329 0.769821 4.792122
-6.749583 -3.495942 16.539228
-7.587743 -1.277732 17.393700
-0.737018 1.010487 2.627679
-1.302387 0.553284 6.570026
-6.251704 -3.751990 16.612070
-6.851931 -2.493825 16.627779
-3.036603 -2.169206 7.141117
-7.664944 -1.324897 18.833824
-3.497216 -3.127918 12.825798
-0.617802 1.014894 3.037777
-9.103149 -3.190732 19.875429
-2.816562 0.260385 7.516787
-5.924839 -3.912664 19.466980
0.572959 -1.401646 5.426729
-3.301983 -0.210102 8.964571
0.632603 -0.833144 5.828162
0.307901 -1.651896 3.494879
-2.432510 -2.521683 8.478150
-6.781553 -4.093718 18.793612
1.185856 -1.670340 3.477247
1.146042 -1.661232 3.453125
-1.897050 0.515629 6.442151
0.009498 -1.715663 3.234064
-7.528775 -2.529181 17.574768
-5.560240 -2.873597 14.217756
-1.293745 -2.327669 7.180691
-9.146822 -2.362375 19.938471
-3.067538 -2.441229 11.354207
-0.090997 -1.797393 3.731837
-3.175085 0.123965 8.632648
-5.977695 -1.535967 20.025417
-3.044188 -2.776080 9.395618
-3.642183 -3.021301 11.532665
-9.246344 -2.366784 20.015797
-2.119822 -0.882782 5.861502
-9.146235 -2.360326 19.936056
-4.863318 -3.045172 14.631475
-1.551379 0.539274 6.564433
-2.101921 -1.231449 4.808588
-1.018353 -0.290428 9.441556
-1.663320 -2.297547 6.189244
-0.740996 -2.321831 8.346971
1.057415 -1.256677 5.631673
-1.240761 -2.112748 7.341156
-8.660601 -4.357327 20.226097
-1.808422 -1.898814 4.918066
-7.403540 -4.151944 19.294157
-5.555940 -3.178946 14.153936
-1.433478 -2.443264 8.496869
-4.379848 -3.169762 13.139525
-5.551768 -3.179816 14.150344
0.440917 0.719775 4.942775
-0.621335 0.914580 3.446670
-7.637546 -2.008477 17.740948
-1.753165 -2.072097 4.606586
-2.779199 -2.409685 7.652848
-0.622601 0.935941 3.481895
-7.636271 -1.328153 18.773121
1.099435 -1.910589 7.596789
-9.193141 -3.271219 19.981401
1.757391 -0.844614 4.562159
-2.825094 -2.458429 7.677814
-9.136733 -3.270597 19.945658
-6.945721 -1.203015 18.261755
-7.678460 -2.228307 17.808159
-8.124281 -4.075490 20.585491
-2.928983 -0.808393 10.142662
-8.167943 -4.122764 20.662407
-2.501017 -2.376100 6.385487
-1.810012 0.829718 3.275160
-2.944570 -1.280223 10.815796
-8.321098 -4.134585 20.387463
-5.798190 -0.922985 14.734869
-2.168520 -1.613986 12.708008
-7.696064 -2.053054 17.845491
-1.359953 -1.927918 4.007628
-2.237278 0.633775 5.007055
0.887009 1.013256 3.393938
-7.497406 -4.056904 17.964294
-9.315992 -4.317940 19.807240
-2.182458 -2.326781 6.438434
0.912153 0.682872 3.317266
-2.861789 -2.469091 7.859364
-1.767452 -2.327242 6.508850
-1.403760 -2.536201 7.814644
-2.523745 0.391233 6.581009
-3.113608 -2.080417 8.385489
-2.156594 -2.648851 8.135403
-2.080160 0.107045 9.765231
-3.891668 -0.578474 9.106016
-5.071632 -3.025965 11.971267
-0.773435 -1.835722 3.187663
-1.499061 -2.147824 4.762807
0.124345 -1.528686 3.535250
-2.201669 -3.094317 12.489473
-3.565926 -3.063240 15.009700
0.125110 -1.524142 3.536351
-1.748884 -2.123860 4.828404
0.521671 -1.379494 5.330621
-1.790067 -2.348709 6.557113
-6.551068 -3.800965 16.928747
0.737477 -0.020448 4.061442
-9.361378 -1.601450 20.150276
-1.928784 0.102370 9.858216
-3.129479 -1.235292 8.445381
-6.172721 -3.012951 15.533926
-0.242224 -2.387299 4.962636
-7.715974 -2.513756 17.888058
0.626677 -0.079589 4.441972
-1.470037 -0.019314 11.080947
-3.340026 -2.892086 11.724442
-8.208579 -4.108231 20.751621
-6.231154 -3.138597 15.591440
0.293683 -0.375449 5.642577
0.634816 -0.715920 5.205919
-2.203444 -0.335703 5.806588
-3.004414 -2.686776 9.088938
1.215626 -1.642351 3.888634
-2.166242 -0.336071 5.762268
-2.163400 -0.333998 5.762498
-7.724148 -1.311085 18.895012
-2.161870 -0.334223 5.762364
-2.914859 0.106179 8.012603
-0.240204 -2.206579 4.531449
-1.798208 -1.491532 4.293686
-1.645337 -1.944479 4.799377
-1.736110 -2.117424 4.796594
0.503014 -1.756650 5.261045
-1.796033 0.569073 6.045811
-4.327157 -1.857073 15.814189
-1.363733 -1.896132 3.417001
-8.184594 -4.209633 19.337826
-9.302026 -1.631705 20.593962
-3.839140 -3.308306 15.418036
-3.202139 -2.008831 9.589299
-1.340503 -2.181617 4.856908
-2.877855 -1.935638 8.297849
-2.869128 -3.128152 12.102727
-1.313796 -2.181497 4.897426
-6.115955 -3.185976 16.806725
1.369905 -0.008390 4.840542
-2.039095 -0.931291 12.153380
-2.198148 -1.634998 12.935753
-2.435533 -2.018738 6.740802
0.674866 0.125880 4.259445
-1.362530 0.786367 5.586000
-2.261775 -2.178611 7.136530
-2.937845 -1.874753 9.001968
-4.034629 -2.994657 11.430006
-1.479783 -1.752502 4.615639
-4.611861 -3.120013 12.064015
-7.607025 -1.690586 21.487957
-0.327080 -1.680532 5.026171
1.891875 0.151808 4.501142
-0.328166 -1.811833 5.300234
-1.262172 -1.974082 4.803781
-5.761631 -0.785475 15.158954
-0.434345 -1.813284 5.494413
-1.296672 -2.509137 10.290980
-1.882823 -0.785300 4.835058
-3.353190 -2.718103 12.533471
-0.373046 -2.042311 5.218709
-1.865694 -0.934750 4.812809
-3.426741 -2.909171 11.781904
-0.312725 -1.905458 5.318978
1.329162 -0.636917 4.675074
-4.174844 -3.871171 16.796448
1.343212 -0.864659 4.725908
-1.349492 -1.896551 3.454276
-3.457752 -2.235849 10.115356
-8.222462 -1.467933 19.697323
-3.523791 -2.259616 10.400916
-1.758095 -1.947868 4.991063
-0.093452 -1.478259 3.085210
-6.439280 -2.519319 15.902920
-1.782934 -1.979105 5.034781
-4.604666 -3.123269 12.013152
-0.304752 -2.307999 4.799685
-1.974788 -2.231940 7.614800
-0.654767 1.009198 2.635231
-7.931243 -1.328094 18.143738
-1.532292 -2.650097 10.622212
-7.215569 -2.990034 19.812504
-3.678879 -2.665280 10.707639
-0.173195 1.077804 2.802276
0.422341 -0.288784 5.446925
0.151511 -0.111122 5.742188
0.680528 -0.681455 7.096624
-2.909726 -1.371062 8.085504
-1.580617 -2.092986 3.964844
-1.192863 -1.925201 3.447860
-2.820500 -0.087863 10.852719
-2.111814 -1.995088 5.777315
-1.438937 -1.975509 3.526222
-1.171266 -2.523225 10.274242
-3.701696 -2.016179 10.562593
-6.855996 -4.047541 18.932007
-1.001788 -1.891308 3.704144
-6.073653 -3.876627 17.262043
-1.880101 -2.761734 11.296858
-7.591733 -4.056633 19.305405
-2.977345 -0.617685 7.383242
-0.842625 -2.052856 3.434181
0.761657 0.905494 3.625542
-2.920612 0.062356 8.025944
-2.037234 -2.028123 3.558050
-3.160248 -1.731996 8.948101
-6.522186 -2.036771 16.058239
-2.664734 0.293812 7.049728
-0.594799 0.980921 2.927690
-0.601729 0.983627 2.936691
-2.598555 0.205031 8.392454
-2.705282 -2.618976 8.376510
-6.225807 -2.731848 15.529351
-6.895777 -1.364779 19.664005
-1.441146 0.916155 2.872713
-1.165298 0.918579 3.165558
-1.281949 -1.790492 2.991893
-6.317483 -1.016405 16.722383
-0.687368 0.771501 4.811410
-7.174231 -3.665048 19.682556
-1.234619 -1.783246 3.038530
-0.662127 0.508270 6.272222
-4.188769 -0.935003 8.780603
-3.155686 -2.083214 8.936475
-7.996977 -4.180809 20.823523
-2.886741 -1.285084 10.712047
-3.964180 -2.994314 11.241798
-2.137780 -2.310458 6.394295
-2.062924 -0.022336 4.744445
-1.835502 -0.673624 4.920639
-3.653829 -3.037211 11.380878
-5.391937 -2.146378 18.877859
-2.123568 -1.782501 5.720875
-0.600984 0.990618 2.964649
-1.870338 -0.730217 4.930876
1.036861 -2.193084 5.215034
-8.408081 -1.535891 21.538298
-8.339995 -3.518456 19.259928
-1.170488 -1.997341 4.202050
-1.678954 -1.682560 4.781612
-3.657138 -1.208638 10.252057
-3.665057 -1.509982 10.215157
-3.363151 -1.134650 5.292979
-2.833740 -2.736401 9.701334
-5.605531 -3.986245 17.333277
-1.251862 -1.882114 3.598153
-6.535773 -1.076880 15.996054
1.178374 -1.655492 3.451335
-7.329837 -4.050300 19.004532
-1.677211 -1.585360 2.909445
-2.656373 -2.697203 9.189210
2.045716 -0.128397 4.951038
-0.822823 -1.904236 3.759739
-8.313018 -1.419262 18.807505
-1.115503 0.880582 3.030366
-7.851713 -2.234766 18.088734
-3.435193 -2.645877 10.541161
-3.309201 -1.421767 9.574672
-1.495581 -0.691401 9.175917
-2.701048 -0.057323 10.617049
-0.748666 -2.302322 8.257710
-3.382780 -2.872542 11.648366
-2.345715 -0.539734 6.435888
-1.580194 -2.501623 8.390226
1.445154 -0.143566 5.015731
-1.506746 -1.990679 3.757641
1.313578 -0.024611 4.872676
-2.641407 -1.107440 7.371384
-1.655320 0.792310 2.991122
-1.331475 -0.091933 9.690609
-3.200217 -0.449341 13.138090
-2.935408 -2.381590 10.909334
-6.151622 -1.408352 18.583185
-3.498736 -2.458346 10.976917
-2.949001 0.369971 7.587580
-2.487549 -2.603720 10.909711
-2.928986 -2.287331 9.037362
0.898247 0.246002 3.351066
-1.417577 -2.502909 8.536947
1.429103 -0.012473 5.035792
-0.283515 -1.846948 4.898826
-3.897879 -0.331246 10.614125
-9.772614 -4.345715 20.327374
-3.170171 -1.607767 12.104660
-1.245323 -2.165889 7.426148
-2.695399 -1.164997 9.913801
-3.190014 -2.028105 8.469057
-4.521039 -0.926503 17.422653
0.443594 0.728507 5.007060
-3.494658 -3.218002 11.922551
-3.111756 -2.066687 8.310382
0.218269 0.631494 5.723847
-1.935294 0.763663 3.850149
-6.908512 -1.061714 16.550907
0.420387 0.018012 4.688603
0.277604 -0.024022 5.854087
0.721216 -0.019472 4.000933
0.620168 -0.081435 4.455290
0.685439 -0.780195 5.654552
-1.256214 -1.886828 3.609436
-2.088381 -0.053213 4.821966
-1.420869 -2.425761 8.500000
-1.883220 0.816389 3.556917
-0.982013 -2.673900 7.380276
-3.655019 -2.910034 10.561131
0.310750 -1.987350 6.013953
-8.132528 -4.202244 19.003767
0.232476 -1.621286 3.956866
-1.335222 0.981495 2.354238
-7.968920 -3.237222 18.790472
-5.645449 -3.586315 17.768963
1.381868 -1.715261 7.226396
-1.099571 1.007511 2.391710
-2.088795 -2.269422 6.134593
0.744049 -1.281376 5.086995
-8.053434 -1.545250 18.530497
-2.851057 -1.758921 8.066294
-1.855600 -2.711923 7.657505
-6.804230 -3.623919 16.610806
-2.019325 0.736000 5.491754
-2.855022 -1.752304 8.062812
-5.796527 -3.712555 17.875992
-5.530170 -3.881883 17.875528
-3.847769 -1.230977 10.494436
-1.610306 -2.049811 5.471471
-8.390279 -1.457770 19.155577
-5.423753 -3.613689 17.897196
-6.522398 -1.120481 15.979015
-8.550410 -1.440659 19.012037
-2.875665 -1.686209 8.093697
-0.110597 -1.640477 3.333867
-2.022558 0.735639 5.497025
-6.490898 -1.360034 19.317253
-5.198843 -0.690022 13.473484
-0.321591 0.873937 4.176183
-2.112951 0.336865 7.682404
-6.018664 -3.933124 17.310925
-2.928580 -0.764536 8.170506
-5.471413 -3.377523 16.276344
-1.713461 -2.259852 6.461331
-7.875625 -3.347178 17.981037
-2.481853 -2.418909 7.857955
-7.242483 -4.195517 19.984203
-8.017350 -4.179528 19.386814
-1.542592 -1.950048 5.246969
-1.268839 -2.063900 4.713299
-1.324329 0.810686 4.027003
-1.728848 -2.046208 5.390944
-2.289381 -2.823237 11.146820
-5.884135 -4.064445 17.153418
-3.376334 -2.873853 10.168974
-6.572902 -3.359337 16.235001
-0.986015 0.901430 3.375958
-1.322298 -1.990009 5.320479
-5.988567 -3.974745 17.873186
-4.949593 -0.828754 13.012506
-6.275958 -3.672783 16.572622
-2.992351 -3.498373 11.553603
-1.365322 -1.645192 4.628481
0.467749 -0.325821 6.052633
-0.416355 0.838235 6.003334
-7.952213 -1.678682 21.462223
-3.682818 -2.127133 10.378756
-1.024442 -2.036498 3.792655
-6.215009 -3.277824 16.675615
-1.141248 0.950195 2.633062
2.006323 0.159428 4.773438
-0.635869 -2.300274 8.989694
-1.351716 0.255672 9.035146
-1.044969 -2.025711 3.877586
-3.892825 -1.750925 10.552364
1.759959 0.074200 5.100276
-3.006001 -2.283786 6.926883
-0.443336 0.833850 6.040533
-1.481281 -1.962326 3.785743
-3.597510 -1.651334 10.147135
-6.243042 -0.979143 16.596939
-2.344313 -2.543731 8.431728
-1.156908 -1.928284 3.974255
-6.787488 -1.877177 16.441948
-8.440854 -1.492796 18.925171
-0.475125 0.811157 6.050856
-1.038797 0.804268 4.293124
-7.449233 -2.948678 17.455778
-3.866417 -2.919461 10.803064
-0.748704 -1.764388 3.078795
-0.476600 0.928095 3.559426
-5.884004 -3.930055 18.013353
-7.419020 -2.939813 17.431257
-3.867999 -2.923823 10.799412
-5.958849 -3.968194 19.559252
-0.969861 -1.887415 3.550176
-3.053450 -0.175660 11.633074
-5.448942 -3.488180 15.283134
-1.420269 -1.990785 4.115161
-0.200621 -1.754868 3.264449
-7.206662 -3.940788 17.514477
-1.749605 -2.067545 4.553034
-2.843695 -2.495748 7.559155
-9.171588 -1.648374 20.895096
-4.514747 -3.761077 14.141619
-1.164233 -1.815102 3.048268
-0.444074 0.828422 6.061893
-8.151158 -4.270407 20.419197
-1.741949 -2.245582 3.750612
-1.115458 -1.664376 2.810428
-1.676156 -2.185749 4.581789
0.789516 0.939295 3.768968
-5.725382 -3.934059 19.359564
-1.742376 -2.245073 3.751954
-4.102354 -0.241125 11.337341
-1.371391 -2.011344 5.381876
-1.204781 -1.793843 2.578127
-1.356113 -1.995680 5.399775
-6.462055 -3.765396 16.367229
-3.576683 -0.341105 13.161737
-1.970995 0.295585 4.857144
-1.363387 -1.986793 5.404736
-1.186246 -1.799900 2.612561
0.066962 0.856788 4.677173
-6.285543 -3.797782 16.499157
-1.347250 0.853260 3.436964
-4.303905 -0.341855 12.271704
-1.480540 0.901392 2.748227
0.062888 0.848426 4.650317
0.045308 1.048578 3.021934
0.070115 0.862710 4.694443
0.873784 0.996617 3.332050
-6.757156 -3.600685 16.955109
-1.174424 0.922394 3.182775
-1.002836 -1.889583 3.158481
-1.740289 -2.136475 5.495379
-0.841822 -1.860201 2.703752
-5.621643 -1.487341 14.311331
-0.649080 0.500008 6.232939
-1.179412 0.864699 3.522112
-4.963749 -0.795062 15.934113
-0.600240 0.989577 2.939032
-5.603225 -1.755459 14.276035
-6.918268 -1.214008 18.231413
-3.666554 -2.169794 10.304394
-1.356463 -1.721896 2.769269
-6.926772 -1.212481 18.236715
-5.609568 -1.766650 14.296395
-6.205079 -1.452507 19.997940
-2.169804 -0.969023 4.624269
-5.537549 -2.518472 14.195016
-6.752971 -3.436614 16.533438
-5.579071 -2.240638 14.249985
-0.605904 0.995237 2.978722
-5.589492 -2.554680 14.248855
0.466474 -1.601098 4.176203
-2.104817 0.688946 5.749936
-3.220488 -0.316995 12.653652
-6.306258 -0.879542 15.622226
-2.986598 -0.342308 12.888415
-3.844724 -0.355155 10.560918
0.375791 -1.711313 3.351262
-8.950064 -1.544925 19.613937
-3.621712 -2.103980 8.405244
-2.154320 0.597920 5.737988
-6.066412 -3.677332 15.515162
-0.578988 -1.891309 2.817966
-2.329517 -2.517032 8.028708
-6.630206 -3.784472 16.653549
-1.048330 -1.749709 2.712941
-2.520338 -2.595595 8.778791
1.473973 -1.729531 3.901024
-1.524937 -2.083312 5.510955
-1.555174 0.734895 4.375164
-5.603662 -2.586747 14.248538
1.187127 -1.661531 3.473112
-6.906676 -1.477559 19.710724
-2.604679 -0.420849 13.179775
-5.562291 -2.969882 14.200971
0.937549 -1.670052 3.573131
-3.222614 -3.020129 12.032070
-3.205536 -2.799913 10.686727
-5.561298 -2.970847 14.200898
0.552676 -1.203967 5.713500
-1.028044 -1.744413 3.060013
-3.128019 -2.136425 8.868264
-2.889562 -2.623847 8.692345
-1.123335 -2.007901 4.172513
2.021448 -0.126873 4.885370
-3.171312 -1.975536 8.943632
-9.610676 -1.678498 20.442337
-2.661422 -2.603363 8.771635
-1.496746 -2.079011 4.229937
-3.304992 -0.380869 8.960423
-2.096847 -2.180668 7.503304
-7.133774 -1.391403 17.179989
-1.913643 -0.233312 3.610096
-9.789324 -3.347620 20.587376
-0.841288 0.757913 6.133365
-1.099632 -1.794675 2.846483
-1.819308 -1.510515 4.340796
-3.433617 -2.836945 10.635583
-5.504249 -3.143461 14.233624
-1.248747 -2.275044 7.033916
-0.077835 -1.770443 3.651967
0.209244 -0.070966 5.660221
-3.333364 0.002574 9.196391
-0.276269 -2.130469 5.425269
-1.738163 -2.063144 4.548837
-0.235920 -2.116785 5.336249
-5.386056 -2.204208 18.823862
-1.281237 -2.208657 7.668763
-1.939209 -2.298602 6.308988
-7.247062 -2.400794 17.179028
-2.850833 -0.342319 12.842425
-6.152654 -3.320526 15.516081
-1.740820 -2.319186 6.453718
-7.487054 -1.246347 17.474358
-2.043730 -2.374712 7.775851
-1.728149 0.753094 5.581117
0.510375 -1.473948 5.809594
-2.847290 -1.213512 7.887660
-4.658120 -3.376498 17.218754
-2.539565 -3.275821 11.652063
-1.759867 -2.077181 5.485504
-1.882762 -0.780416 4.832203
-5.280968 -1.556628 18.823174
-0.383838 -2.101212 5.209755
-2.929641 -2.697158 9.192046
-1.190542 -1.877694 6.434753
-7.506419 -2.849337 17.550854
-6.602372 -3.814951 17.197853
-3.261075 -2.142609 8.700093
-0.497494 0.884405 3.985888
-3.088781 -2.524429 8.656073
-2.613219 -3.059319 12.459373
-7.938223 -3.196562 18.009487
-2.749199 -0.086687 10.656049
-2.494521 -2.698048 9.745714
-1.963927 0.516510 5.923481
-3.202965 -3.110889 12.935999
-6.288821 -1.059367 17.381262
-2.020200 -2.186983 3.905581
0.039936 1.043302 3.020378
-1.729897 0.572750 5.687090
-3.485412 -2.981079 11.906238
-6.206229 -0.875191 15.335159
-3.190252 -0.306881 12.628562
-5.933631 -3.378690 14.993696
-1.192350 0.784651 4.360242
-6.047833 -3.438746 15.168554
-6.331123 -1.066229 17.368612
1.047591 -0.458446 10.613692
-3.986270 -3.046354 11.635677
0.041039 1.041200 2.998442
-2.762224 -2.568290 8.469312
-2.757981 -0.036932 10.580826
-5.268261 -3.590414 14.933680
-2.760465 -2.366657 7.792005
-1.921132 0.395733 6.878992
-2.630081 -3.291861 12.681998
-7.707405 -1.278607 18.016338
-2.337373 -2.183916 6.207865
-8.044950 -3.285543 21.144464
-3.444124 -2.836219 9.691854
-2.491507 -2.511603 7.948391
-1.556877 0.518474 6.633602
0.453538 0.734272 5.025311
-1.719897 -3.016449 10.111129
-7.199748 -4.232617 20.174971
-2.537595 0.204572 7.925553
-2.476983 -2.995546 12.319269
-3.163968 0.061830 8.642493
-7.909232 -2.088842 18.169933
-1.553571 -2.427347 6.280489
-3.611763 -3.276342 13.137068
-1.190681 -2.031247 4.265270
-2.831084 -3.082788 12.268249
-3.830428 -0.051652 10.212481
-1.702779 0.235176 8.784182
-0.301545 -1.779895 5.032221
-2.590799 -2.954093 11.596971
-2.482813 -2.368226 6.464603
-0.468454 -1.719210 5.062033
-5.255403 -4.315728 17.192486
-1.725174 0.569616 5.682753
-2.175039 -2.101085 5.761799
-2.088720 0.624955 4.760711
-2.647046 -2.607164 8.856084
-6.554181 -1.050060 17.154478
-3.473311 -0.095138 10.560373
-5.817536 -1.012009 17.366289
-3.202002 -1.016384 11.509921
-3.441853 -2.654324 9.597358
-5.990627 -0.844578 14.967084
-3.035077 0.092423 9.047776
-6.566787 -1.042060 17.173742
-1.722608 0.569929 5.688954
-6.215708 -3.232148 17.042282
-0.587144 0.777122 6.275372
-1.478534 0.947114 2.583180
-3.328676 -1.513927 8.321617
-5.355302 -2.185254 18.873611
-2.838261 -0.763412 8.006556
-5.501989 -3.577232 14.715230
-8.243253 -3.611768 18.871519
-1.210980 0.802648 4.137435
-1.731834 0.573811 5.686707
-5.112772 -2.616890 12.019911
-5.347431 -3.555736 15.094479
-2.371106 -2.532059 8.187867
-0.661162 0.646263 6.692760
-1.896221 0.582106 5.609920
-4.086843 -3.109559 14.340597
-9.357351 -4.356816 20.047768
-8.179237 -2.466303 18.559278
-2.396461 -1.257927 4.447098
-5.326192 -3.449574 18.522705
-2.855357 -2.618296 8.557123
-8.274255 -2.983019 18.250912
-2.483569 0.221915 6.646761
-8.333399 -3.842560 18.322971
-2.303673 -3.107897 13.400067
-3.050146 -2.797695 10.135358
-5.346374 -3.967214 16.573584
-4.867734 -2.232100 18.048397
-1.552131 -2.034635 5.606750
-2.609088 -2.574269 8.530585
-2.327335 -2.508569 8.005579
-1.092960 0.783085 4.379016
-0.764373 0.151693 8.951029
-1.958341 -0.262319 4.564998
-7.951263 -4.154773 19.282085
-3.496297 -3.007456 11.845231
-3.256140 -2.501878 10.022154
-1.897168 0.581161 5.609492
-2.384584 -2.539591 8.169566
-4.658600 -0.962232 17.624146
-2.476044 -2.592772 8.627361
-8.143582 -4.374436 20.060497
-1.744759 0.576185 5.720412
-5.952008 -1.712970 14.904562
-2.744338 -2.173342 8.051547
-2.591101 -2.612341 8.880079
-6.557900 -1.053076 17.168894
-7.014832 -4.204276 20.254419
-1.496003 0.576114 5.808415
-5.630745 -3.850600 17.945248
-1.382056 -1.949526 3.668802
-1.810434 0.863603 3.199686
-1.723078 0.569968 5.686572
-4.055549 -3.114411 12.369034
-0.754189 -2.386930 9.074442
-3.058076 0.099006 9.076278
-6.571878 -1.053829 17.182024
-2.434200 0.268818 6.484200
-1.271059 -2.136477 4.622189
-8.195388 -1.532985 19.265440
-1.778843 -2.002889 5.485178
-1.896699 0.204466 8.975992
-2.616067 -3.049597 12.444929
-5.502370 -3.583392 15.374784
-1.689680 0.753923 4.098027
-3.400955 -2.769094 9.675558
-1.318726 0.586209 5.762749
-5.634127 -3.562645 14.999094
-3.631782 -2.500790 10.265702
-2.202973 0.314346 5.802497
-4.055815 -3.070252 11.375336
-2.912524 -2.760216 9.814880
-5.244331 -3.535970 14.834573
-3.516149 -2.521712 9.968173
-0.593643 0.667861 6.379407
-3.746862 -0.083089 10.085135
-2.464846 0.184523 7.725259
-4.491683 -0.506951 13.305064
-7.428917 -1.967778 17.377274
-8.057056 -1.730880 21.234440
-5.023351 -3.784029 18.266098
-3.052861 -2.901862 9.294785
-3.432073 -0.115764 10.491561
-5.246546 -1.721136 18.749563
-7.305800 -3.895247 18.391371
-1.228306 0.691297 5.131488
-7.961642 -4.102394 20.701338
-2.754408 -3.110434 12.306166
-3.367908 -1.918064 8.448017
-2.394428 -2.519197 8.535678
-5.608201 -3.595461 18.308901
-3.051895 -2.790202 9.877792
-2.225919 -2.359582 6.650932
-3.363840 -1.920782 8.449752
-1.703404 0.235928 8.782585
-3.226914 -2.799548 10.059840
-2.477221 -2.307748 6.429026
-4.013511 -0.309065 10.825845
-2.407072 -1.264160 4.451584
-3.711134 -2.950855 11.173454
-7.435260 -2.469570 17.401287
-1.079694 0.985614 2.669509
0.317494 0.832713 6.641373
-4.118501 -3.040743 11.686017
-1.349751 0.652966 5.420606
-3.319921 -3.042654 11.893660
-5.588718 -3.554476 15.108020
-1.728042 -2.034724 5.215630
-8.692345 -2.199185 21.449509
-2.258680 -1.643551 4.539927
-3.803550 -2.123968 10.831672
-8.657165 -4.165572 20.626318
-8.459930 -1.477125 19.524090
-4.110163 -0.204533 11.110861
-8.172997 -3.438076 18.520393
-1.754904 -2.006924 5.149899
-3.041747 -2.181784 12.714610
-1.624007 -1.231539 9.697799
-8.477568 -1.472706 19.541290
-5.475821 -3.949291 18.653717
-0.016004 -1.876137 3.422657
-4.095950 -0.248959 11.276294
-9.405177 -3.960854 20.652910
-8.221522 -1.571886 18.727509
-3.026374 -1.225651 8.224450
-9.385454 -1.430949 21.099461
-4.697424 -0.501231 12.399434
-5.809900 -0.907707 16.314507
-8.160043 -1.441058 19.264435
-2.613146 -0.083890 10.580160
-4.141887 -0.238598 11.215045
-8.620773 -3.366291 19.462933
-5.545226 -2.265238 14.350519
-7.374477 -4.150172 19.696682
-7.559708 -1.714461 20.678976
-8.455258 -2.692402 18.990154
-3.418744 -0.286958 12.314483
-2.602368 -3.199584 12.485815
-1.920514 -0.449311 4.498518
-7.525683 -2.052978 17.574757
-3.061600 -0.215401 12.075123
-6.093312 -0.883853 15.174165
-6.179835 -1.497252 19.866465
-7.530011 -2.056957 17.579706
-6.843944 -1.302725 18.997269
-2.765790 -3.106439 12.387652
-6.740869 -1.174802 18.286398
-2.316940 -2.484921 7.959697
-1.804785 -2.160749 4.662373
-1.539362 0.656933 5.172262
-3.314437 -0.141054 8.974915
-2.977033 -2.497044 8.311295
-2.223208 -2.400621 12.645820
-6.839709 -1.302084 18.992250
-2.429358 -0.177786 12.215651
-8.302724 -3.528286 18.125809
-0.432649 -1.978398 5.102889
-2.463540 -3.711138 12.635269
-6.961581 -3.834698 17.662235
-7.556749 -1.982826 17.606550
-0.048093 1.042973 2.958644
-8.530626 -2.227586 19.071507
-3.297132 -3.040536 12.029944
-3.188037 -2.485227 8.244183
-7.496583 -2.780348 17.533266
-1.043954 -2.148114 5.051872
-7.495573 -2.776525 17.530983
-2.388230 -2.480468 7.792733
-3.889508 -0.198064 11.096780
-5.642199 -3.853461 17.494184
-2.073858 -1.628625 4.594390
-5.024876 -2.062701 18.234438
-8.415298 -1.482287 19.523195
-8.475289 -1.476890 19.536180
-6.190850 -3.704713 16.176706
-0.952120 -1.924743 3.328448
-4.288560 -0.345500 11.447664
-5.077024 -3.091172 14.122729
-9.036812 -3.655844 19.776604
-2.462182 -2.493189 7.852152
-1.728666 -2.082180 5.771479
-1.927567 -0.964404 5.012098
-5.436369 -3.570791 15.247168
-2.741521 -2.388848 7.832889
-2.898983 -2.298636 7.159543
-2.448367 -3.656121 12.560635
-1.129269 -1.899835 3.668907
-6.054579 -0.844279 15.069823
-1.416045 0.657633 6.306351
-7.619870 -1.222324 17.657000
-1.352579 0.653468 5.430426
-2.597008 -0.063279 10.652565
-3.200170 -0.470651 13.092912
-5.363701 -1.272110 18.523281
-1.231146 -1.924986 3.674824
-3.141202 -2.153107 8.759142
-1.285954 -2.136540 4.837161
-1.898927 -0.929221 4.935839
-2.081997 0.616532 5.224710
-6.019393 -0.998865 16.892241
-1.636897 -2.059876 5.776194
-4.117896 -3.037966 11.694903
-5.421692 -3.942159 17.508181
-0.319999 -1.965342 5.067602
-1.313999 -1.752276 4.923288
-4.081680 -0.796045 11.661530
-5.423622 -3.552569 14.791928
-0.662551 1.024131 2.680477
-1.560913 -1.937902 4.764098
-1.562886 0.859918 3.310919
-7.630424 -1.696565 21.633997
-1.528448 -1.806544 4.699315
-5.214141 -3.725324 18.557516
-7.890056 -4.109200 19.959343
-0.721114 0.767245 6.113694
-3.134079 -3.026313 11.920969
-6.514040 -3.762522 17.034492
-0.340617 -1.696523 4.995663
-4.122758 -2.878898 11.081648
-7.777802 -3.988994 18.291975
-2.013027 -1.163866 4.693917
-4.900956 -2.577522 18.288683
-2.941609 -2.799225 9.941281
-2.060387 -0.170342 4.794319
-5.488384 -3.099845 14.219527
-2.186745 0.763962 7.086466
-2.819396 -2.550119 8.108377
-5.948508 -1.716381 14.900947
-2.846949 0.284661 7.545477
-1.638457 -2.058335 5.776023
-7.255032 -1.198728 17.917786
-1.564263 -1.937259 4.763154
-5.769794 -1.737649 14.687475
-2.178733 -1.196776 4.508072
-1.581272 -1.960559 4.793556
-0.508889 1.052117 2.691243
-8.072535 -3.840212 18.496662
-4.104424 -0.258051 11.290332
-5.977299 -3.558170 15.429635
-1.961203 -1.601150 4.656172
-7.002874 -3.801410 17.057205
-5.234615 -1.739448 18.785040
-2.915154 -0.769819 8.575144
-1.716501 -2.082926 4.779510
-7.022976 -4.184835 19.743252
-1.403256 -2.071328 4.831226
-4.267591 -3.479378 16.943401
-8.179382 -1.478634 19.733786
-1.251076 -1.709813 4.812954
-4.017066 -1.629820 10.717514
-3.167963 -0.521379 13.019682
-1.604745 -2.066830 5.459585
0.243378 -1.936252 4.568508
-8.537808 -2.226770 19.081007
-3.413803 -0.287417 12.308526
-8.492798 -3.968348 19.329466
-7.472322 -2.475637 17.470646
-8.182387 -4.115860 18.910402
-2.738182 -2.385536 7.837630
-3.293913 -0.096349 8.951401
-3.827907 -3.060506 11.858486
-2.410707 -2.485154 7.864837
-4.387815 -1.731034 11.641108
-2.892605 -2.404284 8.206708
-1.558907 -2.040242 4.821335
-2.433529 -0.177979 12.208639
-2.997557 -1.008593 8.756903
-8.533970 -2.232397 19.079048
-3.756230 -3.053627 11.741061
-1.739875 -2.137393 4.767469
-2.314286 -2.651609 13.171407
-3.061137 -2.195675 7.221293
-3.831025 -0.881928 15.786064
-6.158075 -4.037897 17.129194
-6.962317 -4.282479 19.835217
0.434892 0.729795 5.055647
-1.450094 -2.078367 4.822462
-3.089462 -2.222128 7.244746
0.081166 0.917452 4.140926
-3.196532 0.133447 8.591304
-2.765103 0.131265 8.912642
-2.182981 -1.626979 4.550076
-2.224993 0.556370 4.821460
-0.979021 -1.898876 3.597984
-7.119049 -3.080410 16.948936
-2.510139 0.161895 8.901239
-2.773957 -2.805246 11.785360
-2.293266 -2.055929 10.006432
-3.727762 -1.566186 10.420792
-0.851444 -2.051277 3.469502
-1.032380 -1.964667 3.322773
-5.156346 -2.651702 18.519258
-2.104475 -3.021207 9.006046
-7.655411 -2.128143 17.776947
-0.451079 0.668737 5.980124
-3.683528 -2.259279 11.720256
-2.326845 -2.280527 5.978011
-5.604936 -2.886388 14.469493
-2.639814 -2.534557 8.068083
-1.055236 -2.037005 3.402941
-5.776900 -3.005172 19.436361
-1.513491 -2.031178 4.073754
0.585432 -1.539288 5.959904
-5.601911 -3.065584 14.457094
-1.851937 -2.099843 5.751520
-2.809608 -2.579866 8.440981
-7.552525 -3.055564 17.611076
-6.198264 -0.898756 15.354104
-5.151340 -2.679357 18.527782
-0.878247 -1.918783 3.044595
-0.655334 0.589855 6.549469
-3.329222 0.119522 8.918633
-7.623657 -2.514342 17.710590
-2.254811 -2.493448 8.113944
-2.155733 0.462677 3.985979
-3.678474 -0.309885 11.905697
-3.252496 -2.797858 9.714602
-6.071911 -2.472989 15.056299
-5.598590 -3.216646 14.470907
-6.570311 -3.815646 17.073969
-0.733161 0.941885 3.065613
-1.919431 -1.892509 5.147419
-6.200327 -2.109564 15.367826
-3.169426 -2.530529 7.884640
-8.148634 -4.168866 19.282068
-1.593501 -2.071896 5.850844
-5.518325 -3.568052 15.304887
-1.143071 0.899596 3.102940
-7.813927 -1.307976 17.961466
-7.836332 -2.579508 18.043610
-1.982351 0.414973 6.971991
-0.623466 0.914626 3.448023
-3.925122 -0.221026 10.677193
-7.590692 -4.162781 19.721823
-8.214197 -3.380053 18.821356
-7.628179 -2.255367 17.724884
-7.032830 -4.173965 20.093086
-3.145069 -3.039326 11.948500
-7.603251 -2.063347 17.694708
-1.485345 0.623218 5.430510
-6.211002 -0.895682 15.361226
-3.671489 -1.012964 8.655784
-6.054523 -0.877338 15.655195
-6.474520 -3.827905 16.859684
-2.299366 -2.496978 8.058913
-0.999090 -2.645581 7.274564
-5.813011 -3.937750 16.991640
-1.283330 -2.022914 4.781133
-2.947427 -0.290469 12.790557
-4.585256 -3.694521 16.951317
-7.814926 -1.215664 17.875113
-0.999021 0.807002 4.266053
-2.970719 -0.023669 10.218370
-1.873121 0.562527 5.557262
-6.059725 -3.175205 17.209637
-5.624095 -1.482908 14.346753
0.041518 1.041465 3.004781
-8.789706 -4.113763 20.004467
-7.609349 -2.020323 17.722527
-5.476725 -3.573414 15.309893
-0.860818 -1.826260 2.940808
-3.112752 -2.791292 9.699443
-5.571944 -0.878497 15.944797
-1.049555 0.929934 2.918525
-7.249750 -4.013015 19.008038
-3.402122 -1.871415 9.703286
-3.588396 -2.567730 11.530215
-2.618396 -2.330178 6.556470
-2.845249 -1.945355 10.592982
0.866756 -0.287122 6.265305
-7.411075 -4.022698 18.259907
-1.102340 -0.375799 9.916091
-3.305432 -2.960122 10.869781
-2.195484 -2.397953 6.367614
-6.931147 -3.514222 19.889328
0.282287 -1.754671 3.377460
-2.812365 -2.629337 8.888759
-2.691361 -3.031942 12.099724
-2.304145 -0.355903 10.562038
-2.322223 -3.031095 11.548931
-0.745002 0.192906 9.127594
-5.730346 -3.290792 14.678967
-1.818075 -2.352555 6.671360
0.466555 1.032909 3.288045
-3.385374 -1.928167 8.460769
-2.848989 -2.789751 9.791702
-2.379068 -2.513854 8.224026
-9.184333 -4.356992 20.254564
-5.600188 -2.151240 14.428516
-3.336426 -0.266994 12.042725
-6.533272 -3.912271 16.940689
-5.710895 -3.846542 19.186975
-1.124842 -2.068658 4.038491
-7.270766 -2.795109 17.220871
-3.808776 -3.587402 13.748703
-5.367789 -3.469020 18.006752
-5.517599 -2.538551 14.277188
-1.761691 0.821457 3.268161
-2.077961 -0.937759 12.533860
-3.355620 -0.845892 9.171102
0.221720 -1.716500 3.452973
-5.595471 -3.568083 15.419343
-1.247403 -2.662457 10.156928
-2.196395 -1.634009 12.962620
-0.048395 -1.723504 3.204474
-1.192283 0.788435 4.364344
-1.080791 -1.866435 2.878294
-4.678259 -3.589743 17.670889
-1.053236 0.938249 2.937729
-2.639019 -2.519109 8.053475
0.636703 -2.067189 5.936679
-5.392050 -2.193095 18.908049
-0.464883 0.661709 6.026099
-4.889088 -2.500684 12.200209
-0.465853 -1.972059 3.126841
-5.628351 -2.158437 14.457355
-1.123970 -2.066599 4.037762
-2.048968 -2.339131 8.028122
-2.876646 -2.648104 8.905148
-2.773192 -0.080357 10.747300
-5.342905 -3.627907 15.198577
-1.648077 -2.113569 5.594192
-3.643187 -2.907022 10.666293
-1.133913 -2.056149 4.097976
-5.483340 -3.181438 14.216146
-5.015255 0.615726 12.246241
-1.037265 0.925610 2.894370
-2.970636 0.198873 8.185981
-6.055595 -0.878785 15.654378
-2.322708 -2.525187 8.308489
-2.379914 -2.537579 8.538617
-2.288667 0.501015 5.961933
-1.801919 -2.336626 6.624781
-4.312304 -3.629183 17.018417
-0.561141 0.652270 6.044130
-0.717365 0.211872 9.019091
-1.804547 -2.327496 6.670615
-6.265885 -0.874973 15.514827
-2.759042 -2.271603 7.931951
-9.091486 -3.297051 19.964863
-0.931165 0.994060 2.530313
-1.157244 0.967426 2.675917
-7.586602 -4.062325 19.165314
-7.324999 -2.412240 17.251316
-2.840889 -0.933908 10.407804
-3.078957 -1.403851 8.125159
-0.863490 0.971494 2.818406
-2.080256 -1.977723 3.619488
-3.649253 -0.082076 9.885235
-8.841722 -4.129508 20.077377
-7.751196 -4.288015 20.975851
-2.282312 0.640055 4.869261
-2.668677 -0.742022 7.668725
-3.708180 -3.524274 13.563178
-8.516012 -1.491357 19.631090
-6.665983 -3.829628 16.918694
-2.133320 -2.272809 7.611615
-3.691150 -2.172754 10.360819
-2.244826 0.380718 6.834543
-4.756663 -3.641054 17.560638
-4.767565 -3.737548 17.763515
-1.171908 -2.543649 10.322293
-0.675554 0.407661 6.673858
-2.193882 -2.866896 12.032766
-6.225116 -3.510864 15.595949
-1.960072 0.400741 6.945354
-5.799508 -4.061675 16.295887
-6.051012 -3.796865 16.701384
-1.197300 -1.945713 3.718413
-1.367723 -2.438100 6.401735
-7.051589 -2.678029 16.891602
-2.243286 0.381697 6.837501
-1.278770 -2.531437 10.324352
-6.928049 -3.155815 16.764420
-9.139455 -1.755107 19.985924
0.242235 -2.855338 5.823955
-4.997073 -3.656300 17.989502
-2.120363 -2.320080 6.815722
-6.649203 -2.529799 16.862135
-6.846578 -4.069679 19.811934
-5.971504 -3.664473 15.544507
-2.262970 0.531154 4.334095
-6.246350 -3.069423 15.517463
-2.669971 -3.045624 11.857485
-3.473127 -0.187051 9.606190
-2.255702 -2.565783 8.547985
-7.704223 -4.160966 19.333399
-5.053406 -3.676564 18.321871
-1.915888 -1.598996 4.595996
-5.757936 -4.017498 16.218248
0.754456 -1.816213 7.039141
-5.881160 -0.873508 15.795546
-4.771941 -2.432425 12.362703
-1.280442 -2.077746 7.103602
-6.138707 -3.318761 15.500966
-4.830696 -2.557434 18.003304
-3.879950 -0.202737 11.094764
-6.389209 -1.069883 16.943466
-2.764285 -1.166996 7.704050
-1.041032 0.752745 4.771063
-3.993277 -1.178962 10.700877
-3.322652 -2.062120 10.604936
-4.484354 -0.923021 17.373358
0.039738 1.025960 2.964148
-5.024097 -3.468076 18.305201
-4.983909 -3.651393 17.385839
-0.668341 0.510231 6.261504
-3.650866 -0.814371 10.005028
-3.586104 -2.971929 11.318813
-3.652658 -0.649090 10.003278
-0.190566 0.706037 5.767766
-9.361114 -3.702768 19.772146
-7.455431 -3.991443 18.634033
-3.212881 -2.542951 8.047688
-0.702114 0.579551 6.637711
-2.468522 0.324747 7.667240
-2.156663 0.493058 6.402118
-5.374625 -2.031624 18.731705
-2.146147 -1.614937 4.537642
-1.110306 -1.953746 3.762854
-3.450611 -1.485740 9.536869
-1.161505 -1.950109 3.507653
-2.290994 -2.723777 7.955070
-8.503952 -1.509102 19.000475
-7.674510 -3.141152 20.472301
-5.766792 -0.870982 15.885555
-2.696205 0.165117 8.667328
-5.869396 -3.645053 15.385874
-7.867321 -3.322741 18.863722
-0.975098 -1.986332 3.427760
-7.469583 -2.879237 17.504179
-2.216636 -2.643846 7.598871
-2.958203 -1.701371 8.005458
-5.944798 -3.982813 17.567436
-8.131898 -4.172681 19.257578
-6.397934 -1.065341 16.942236
-2.849083 -1.664769 8.053562
-7.988398 -4.100337 20.351364
-3.898077 -0.222314 11.273043
-2.343219 -2.539810 8.399091
-3.048877 -0.224597 12.048088
-7.376544 -4.054174 18.569065
-2.251813 -1.227740 4.629699
-4.340788 -2.937783 14.847169
-0.469132 -1.691899 5.013467
-6.558784 -3.802422 17.071623
-2.101106 -0.356254 10.585193
0.018546 -2.038973 3.920694
-2.740567 -3.015687 10.713213
-5.437419 -2.102905 18.939152
-6.603734 -1.078582 17.326321
-2.008541 -2.558843 7.378854
-2.121578 -2.016596 3.677462
-1.353949 -2.193896 7.329720
-5.668234 -3.650010 17.875704
-7.765831 -2.076292 17.947580
-4.338181 -3.143190 12.237835
-3.130632 0.073106 8.704552
-2.756077 -3.181424 12.412777
-1.770381 -1.505788 2.719156
-0.598817 0.987464 2.954162
-2.839474 0.257841 7.567840
-2.481498 0.071931 9.627773
-5.500450 -3.157458 14.082940
-5.154243 -1.271113 13.201961
-7.612352 -4.006748 17.958670
-7.657184 -1.428146 17.911804
-3.304477 0.064465 8.921020
-6.852757 -3.043488 16.662689
0.316223 -1.799105 6.383677
-3.508117 -0.269423 11.867311
-3.030750 0.202527 8.173534
-0.739539 0.951108 3.093820
-4.309458 -1.199248 11.323818
-3.972720 -0.457804 8.670210
-4.421928 -1.616296 11.693152
-7.527258 -2.397003 17.575548
-2.528122 0.258484 8.283185
-8.626806 -4.105141 20.656179
0.141688 0.524942 5.906839
-4.500605 -3.021583 12.220074
-2.777696 -2.371413 7.795765
-3.958165 -0.480823 8.673097
-4.770741 -1.106248 17.798191
-3.019805 -2.483452 8.493828
-0.380661 -1.914703 5.048106
-4.707401 -1.115332 17.318731
0.239143 -1.737248 5.356879
-3.891383 -0.000714 8.542104
-5.653060 -3.921564 18.068642
-2.167604 0.588246 5.552797
-5.936968 -3.405013 14.958271
-2.002557 -2.359794 6.467921
-2.137684 0.578067 5.415510
-5.277249 -3.575148 14.986175
-1.736272 0.848102 5.302157
-7.209779 -1.274838 18.512032
-8.260737 -3.887684 19.198637
-7.009833 -1.198458 16.876900
-1.283739 -2.103389 4.760820
-2.685093 -0.170767 4.209128
-5.000522 -1.000379 18.457008
-0.993591 -2.430885 9.186483
-6.026683 -0.994131 16.898901
-0.851023 -1.725546 5.037566
-1.958242 -2.300440 6.919875
-4.199205 -1.206900 11.072115
-7.316053 -3.967491 18.905010
-2.007752 -2.279913 7.896989
-5.732454 -1.513595 19.339634
-8.242996 -3.395847 18.840216
-1.131135 -0.367114 10.231162
-7.536593 -2.001312 17.583311
-5.667355 -2.605866 14.519046
-1.423697 -1.953431 3.489282
-1.105980 -1.799172 2.855591
-7.402922 -4.321007 19.461853
-3.945975 -0.472959 8.673791
-7.819625 -3.150973 17.910456
-2.561067 -2.623690 8.906762
-4.646334 -0.639393 12.462379
-6.595418 -3.776945 16.596926
-5.250642 -3.576011 14.908597
-5.839188 -3.541589 17.879126
-0.937930 1.004419 2.558682
-7.720988 -1.242707 17.842104
-7.586354 -3.412766 18.994555
-7.939248 -1.693489 21.398726
-0.477182 -2.400983 8.662151
-6.791579 -1.233024 18.571959
-4.673972 -2.654063 12.329598
-0.282738 0.957543 3.267582
-5.136346 -2.619090 12.043414
-0.319426 -2.079863 4.502964
-2.779905 0.306190 7.323946
-0.930068 -1.903396 3.214319
-2.024445 0.129012 9.431004
-2.826562 -1.739975 8.053646
-2.712750 0.175140 8.701777
-7.858880 -3.342648 18.873207
-3.468683 -2.902814 11.097244
-1.614361 -1.804679 2.740356
-7.480577 -2.863822 17.548393
-1.850523 -0.887117 4.777155
-3.130178 0.098216 8.511712
-2.897790 -2.713732 9.051873
-6.918691 -1.182202 18.104109
-8.381034 -1.501179 18.853029
-0.463506 -2.395931 8.673160
-4.378430 -3.605278 17.184069
-1.461289 -1.539224 2.485116
-7.668890 -1.198649 17.697893
-6.298594 -0.989295 16.671112
-1.962999 -0.815229 5.065743
-3.127090 -2.314696 8.742837
-1.746240 -1.463965 2.671956
-7.793841 -1.241653 17.871687
-3.681630 -3.070113 11.368955
-2.909395 -2.266913 7.185186
-6.444167 -3.795014 16.911154
-2.839740 -2.649688 8.528742
-5.889837 -1.586918 19.603373
-2.311901 -1.591965 6.256227
-1.263021 -2.151435 7.526995
-3.817756 -3.038960 11.845816
-4.422647 -1.591250 11.692955
-2.779884 -2.205340 8.141389
-2.546711 -2.604625 8.867646
-6.339111 -1.057554 17.377272
-4.913482 -1.749937 12.911790
-5.931114 -1.431056 19.620430
-5.560540 -2.114085 14.355749
-7.924837 -2.201329 18.196768
-6.097670 -0.888176 15.187494
-1.124682 -1.833564 2.911072
-1.779070 -0.188884 3.128840
-1.237475 -1.713481 2.998538
-1.269645 -2.313600 7.127968
-4.997644 -2.593159 18.328312
-0.742426 0.951918 3.093355
-3.989097 -0.272989 11.606549
-1.227009 -2.066140 7.396068
-4.506311 -3.218544 13.547163
-6.987906 -4.082336 19.769438
-1.908116 -1.770368 2.798093
-7.712463 -1.245267 17.920465
-6.047881 -2.471014 15.046713
-1.768572 -2.360252 6.470804
-2.570203 0.059733 9.735779
-2.015261 -1.164848 4.706062
-5.585681 -2.173436 14.385401
-5.085167 -1.063481 18.433556
-2.201105 -2.106729 5.843893
-2.384739 -1.144552 4.492531
-4.886240 -2.490198 12.229889
-1.080966 0.622981 5.517930
-1.191137 -1.622004 3.041239
-1.730663 -2.293750 6.396463
-3.376441 0.035512 9.242311
-5.693822 -3.579130 15.112491
-1.085526 -1.706281 2.768727
-6.634552 -3.458225 16.320549
-0.911950 0.702934 5.349763
-5.815203 -1.333423 19.375240
-1.718084 -2.364441 6.482219
-5.666252 -2.169773 14.544630
-4.186725 -0.052205 8.998337
-2.725967 -2.278321 7.269760
-5.566365 -2.866757 14.099126
-2.220649 0.513916 5.811545
-5.676870 -2.144236 14.561443
-3.796005 -3.033300 11.785292
-1.271410 -2.305728 7.094628
-4.859988 -1.104771 17.756186
-2.010488 0.688536 3.755856
-7.578602 -4.037087 18.131132
-1.866701 -1.950127 5.013200
-5.259727 -1.282505 18.471865
-3.578371 -3.113185 11.451907
-8.079919 -1.452433 18.464449
-2.478179 0.311556 7.655820
-2.164611 -2.054077 4.153277
-3.571071 -0.061232 9.628473
-0.604894 0.754728 6.284078
-4.746979 -3.634472 17.598576
-1.432107 0.893580 2.975863
-2.060365 -2.359832 8.056759
-2.718539 0.026951 9.854928
-2.727745 -2.711286 9.380056
-4.369432 -3.491059 16.945221
-2.740428 -2.397878 7.838109
-6.360985 -1.116497 15.789694
-0.908268 -2.208184 3.674669
-6.180247 -0.884455 15.309426
-9.453329 -4.072864 20.085228
-3.638478 -2.328575 10.598192
0.303316 -0.341227 5.744291
-1.806451 -2.042020 5.392227
0.137131 -1.456087 3.424771
-2.733476 -2.380109 7.833304
-2.588359 -2.300681 6.514640
-3.081270 -2.759749 9.461528
-5.758847 -3.488579 16.960060
-5.643053 -3.571445 15.331117
-0.615027 0.659346 6.638578
-6.086551 -2.900156 15.334735
-7.751227 -3.466367 17.889975
-6.942840 -1.238741 18.193563
-5.483342 -3.568678 15.259009
-2.604176 0.436040 6.711355
-1.814301 -0.102582 3.471951
-1.482031 -2.283459 8.155728
-1.311976 0.851623 3.625999
-2.684581 -2.731390 9.389469
-2.908825 0.204176 7.853447
-2.336360 -2.582748 7.904516
-2.109629 0.618773 4.818303
-3.379664 -2.195527 9.917623
-2.657399 -3.002155 12.585505
-2.741737 -2.398621 7.837492
-5.516305 -1.438535 19.064119
-1.090870 -1.916870 3.706734
-3.077675 -2.745390 9.474340
-2.322515 -2.529255 8.306054
-3.116561 -0.753803 8.161488
-1.759943 -2.024548 10.036233
-2.143430 0.589100 5.724521
-6.907197 -2.489322 16.731361
-6.826517 -3.999921 19.673241
0.166200 0.752432 5.577557
-3.549662 -0.027073 9.589178
-4.163557 -2.351909 11.540347
-1.538320 -2.547032 6.540386
-2.646683 -2.746064 9.351402
-1.457015 -2.019849 3.496982
-1.252140 -2.415086 9.531607
-5.498328 -3.146461 14.043900
-2.711143 -2.733173 9.442561
-6.372382 -0.956233 15.775002
-3.214584 -1.462241 12.073167
-2.691168 0.236945 8.183983
-1.306173 0.690199 5.999187
-6.198076 -3.666572 15.934924
-5.623329 -0.877142 16.005163
-1.727313 -2.045970 4.516798
-3.245417 -2.034201 9.203403
-7.783911 -3.549302 18.789267
-2.877177 -1.326898 7.932361
0.309403 -0.351730 6.089562
-7.927741 -4.186327 19.543825
-3.290111 -0.327981 10.908311
1.448341 -1.655384 11.974445
-3.739839 -3.119711 13.759928
-1.397328 0.680866 6.269980
-5.056519 -0.687147 13.143897
-1.902294 -1.584011 4.565806
-5.753988 -0.875621 15.895130
-5.556916 -3.585526 15.465960
-1.361526 -1.962924 3.399170
-1.981869 -1.301481 5.456965
-6.583654 -1.335406 19.486149
-6.177554 -3.646824 15.705222
-3.854562 -2.981282 11.098122
-1.599167 -2.099320 5.586772
-5.536754 -1.440563 19.122543
0.276463 -1.765701 3.382772
-2.514474 -2.622350 8.750386
-4.071409 -0.271124 10.952026
-6.920724 -3.642247 16.654646
-7.391921 -3.838333 18.892120
-2.927997 -2.705862 9.430671
-1.481561 -2.260236 8.084059
-2.054829 -2.348175 6.507603
-2.228264 -2.343204 6.611187
-2.491828 -2.572233 7.877410
-2.228076 0.037865 10.176959
-6.040287 -3.666475 16.274151
-2.802466 -2.729064 9.511675
-2.715845 -2.365111 7.782530
-6.167420 -3.684659 15.851791
-3.080260 -0.756171 8.133885
-2.667479 0.081782 7.377674
-4.853544 -2.557271 18.108717
-2.334111 -2.536148 8.172171
-1.768018 -1.498229 2.710368
-5.210211 -1.166095 18.417904
-0.904344 -2.442860 9.856244
-1.045441 0.734330 5.934497
-1.055938 0.961423 2.600652
-9.059829 -4.354390 20.288279
-2.119210 -1.318934 5.743492
-3.305310 -3.022962 11.857931
-7.930436 -1.701710 21.374811
-8.316950 -4.122877 20.756767
-2.484327 -2.748062 11.179594
-7.783427 -4.034791 18.227283
-7.680635 -4.194822 19.436377
-6.912576 -3.977062 19.764843
-5.362497 -3.781214 17.959417
0.272104 -0.266472 5.550682
0.039282 1.042917 3.019314
-7.560777 -2.230747 17.463114
-2.632362 -0.329402 9.535769
-5.361285 -0.738135 14.527678
-1.269628 0.988575 2.366992
-7.333498 -3.921906 19.033794
-5.602066 -2.135450 14.439525
-6.312375 -3.411143 15.758029
-2.273007 -1.926370 6.333836
-6.432878 -1.110962 15.868749
-4.581756 -3.561695 16.841520
-1.374807 0.937329 2.605191
-6.455341 -1.047852 17.027735
-1.749724 -2.999192 7.202884
0.081337 0.912315 4.121631
-4.675474 -3.300132 13.982121
-1.485219 -2.293910 8.168013
-3.016911 0.024180 9.647736
-6.178853 -3.680814 15.881393
-2.741951 -2.739034 9.575468
-6.022810 -3.644702 15.892872
-8.341747 -4.162107 20.411327
-1.925420 0.391945 6.889221
-6.451284 -1.118727 15.888595
-6.214255 -3.357842 15.633063
-0.653821 0.997705 2.618527
-8.376655 -4.215050 19.377090
-4.258914 -1.250952 11.240287
-6.693597 -3.315714 16.186970
-6.348508 -3.123351 15.625364
-3.566416 -0.031804 9.617545
-5.061582 -3.045679 11.866080
-2.863057 -1.748863 8.107250
-2.264445 0.274137 8.136148
-7.906760 -1.277539 18.061390
-1.276558 -2.270058 5.080743
-2.631625 -2.566772 8.192620
-5.332625 -3.618330 14.986351
-0.737782 0.987602 2.847689
-4.654283 -0.546191 13.235288
-1.989702 0.307628 8.096167
-2.559798 -2.609624 8.830101
-4.189822 -0.249366 11.329476
0.257009 -1.736729 3.580147
-1.542446 0.709407 4.714520
0.311135 -1.660890 3.514254
-2.046925 -0.675019 4.750021
-4.188080 -0.258234 11.327671
-2.527536 -2.591730 8.727413
-6.168883 -1.371100 19.762114
-1.977638 -1.625080 4.628458
-5.656050 -2.268265 14.505100
-1.190268 -2.002145 4.206482
-6.803666 -3.871208 18.649992
-6.943975 -2.976842 16.738493
-5.657968 -2.617824 14.520104
-1.981299 -1.676380 5.563166
-8.022529 -1.393965 18.571835
-1.858606 -2.103236 5.568629
-0.204981 -2.733961 5.572753
-6.825487 -1.972216 16.442322
-3.725573 -0.305094 12.218602
-4.561958 -3.556238 16.715904
-8.257833 -3.879350 19.154699
-0.993493 -1.882570 3.685080
-3.091078 -3.591915 11.533280
-5.529202 -2.530158 14.286448
-5.543681 -2.537071 14.298847
-2.121930 0.120034 4.838857
-7.876121 -2.237750 18.115046
-6.439765 -1.346001 19.453215
-8.169716 -3.548215 18.512993
-1.315006 -1.646322 2.946095
-6.928048 -1.289235 18.773424
-5.657013 -2.603540 14.524024
-1.459635 -2.161351 4.892482
-2.450345 -0.677794 4.487828
-6.333240 -1.539238 18.209784
-1.459510 -2.159631 4.894232
-4.390838 -2.970783 16.140434
-7.001663 -3.013816 16.830933
-0.020408 0.963868 3.641384
-5.127399 -2.615789 12.037961
-5.819866 -4.001591 17.332504
-0.084865 -1.798563 3.727645
-2.476143 -0.331954 13.346951
-4.507194 -1.351079 11.820473
-5.597867 -2.142911 14.396080
-2.050205 -2.610092 11.636622
-8.300323 -1.407454 18.647585
-7.648845 -2.251281 17.745337
-2.260264 -3.030785 12.623824
-6.720302 -1.196745 18.248251
-4.336011 -1.223066 11.394579
-9.883772 -0.881369 20.230818
-2.138318 0.314482 7.817960
-1.943511 0.150267 9.515121
-7.706777 -2.835474 17.862396
-5.101196 -1.430736 17.593784
-3.995691 -2.984191 11.409641
-7.347331 -3.585024 19.016993
-1.603360 -2.198764 4.804420
-2.345308 -2.521532 8.247782
-5.878473 -3.356153 14.912268
-6.548976 -3.840893 18.327301
-1.435476 -2.094119 4.903131
-2.034076 -2.240994 5.950776
-1.280035 -1.645925 2.726001
-1.935477 0.141597 9.488085
-7.460759 -2.522342 17.436052
-2.081297 -1.600514 4.590316
-6.923323 -1.397468 19.715649
-5.534986 -1.277295 13.747584
-1.438468 0.896225 2.985430
-2.040466 -1.590634 12.643298
-0.731249 0.579710 6.846880
-4.418956 -0.344946 11.698824
-2.794023 -0.197550 4.123116
-9.402485 -3.588351 20.184483
-5.820594 -2.282483 19.455606
-1.145077 -2.840323 5.121149
-3.397111 -2.895236 11.695750
-3.375943 -3.208090 11.926105
-3.657989 -2.557369 11.543488
-7.749516 -2.660092 17.928875
-1.085714 -1.864951 3.830077
-1.061450 -2.188872 5.070290
-6.897103 -3.966118 18.835506
-2.334203 -2.503563 8.086464
-7.979360 -3.344947 18.044645
-6.076729 -2.392590 15.076007
-6.598275 -3.806324 17.193943
-5.751258 -0.789346 15.151567
-1.673720 -2.131711 4.761180
-1.755186 -1.934115 4.973081
-1.409132 -2.159085 4.911891
-5.608053 -3.570835 14.931329
-7.906126 -2.082516 18.167162
-4.488796 -0.364853 11.802139
-1.201365 -1.676339 2.816078
-6.759916 -3.826141 16.832644
-1.095322 0.895887 3.372202
-5.373683 -3.601456 15.137080
-5.248000 -1.526782 18.647150
0.262081 -1.594470 5.977962
-7.302940 -1.343832 17.344820
-0.029418 -1.853557 3.385760
-1.474275 -2.116135 4.893293
-6.642869 -3.836308 16.874668
-1.093115 0.896587 3.372872
-7.903180 -2.081909 18.150307
-1.097925 -1.532590 2.618389
-5.201907 -3.819902 17.772081
-2.585457 0.257054 7.976125
-1.862871 -2.570394 7.028223
-4.145268 -0.319668 12.168262
-7.884231 -2.649469 18.126810
-2.043756 -2.332034 8.014599
-2.494324 -2.668868 11.106440
0.264623 -1.783781 3.673204
-4.609106 -3.657402 16.987345
-1.907222 -2.114943 5.653173
-2.818888 0.279765 7.480068
0.159910 -0.108463 6.069823
-7.950502 -2.890310 18.233191
-0.917483 0.936276 3.157681
-2.098256 -0.145427 4.800608
-6.190094 -3.708219 15.878195
0.490907 -0.317083 6.221769
-3.207290 -2.862894 10.438651
-5.981557 -3.694906 16.032516
-3.520549 -2.701186 10.718851
1.775580 -0.612991 13.874261
-0.584534 0.646070 6.062511
-2.182462 -3.015157 12.622230
-5.616142 -0.884171 15.998076
-2.516211 0.444771 6.506116
-1.110268 -2.443844 5.356011
-2.477574 -2.168135 6.152976
-1.380753 -1.997190 3.431041
-1.936129 0.106608 9.879209
-7.445296 -1.337710 18.965313
-7.437728 -4.257452 19.881277
-3.711226 -1.527984 10.371565
-3.285157 -1.837873 9.184012
-3.642617 -3.340830 13.269241
-3.718067 -1.137711 10.314837
-4.016088 -0.314614 12.012398
-6.253366 -0.895666 15.440811
-0.912831 1.004235 2.484158
0.007937 -1.894617 3.663551
-6.124846 -3.927945 17.366081
-0.321851 0.862369 4.145892
-2.686751 -2.718172 9.202150
-7.902135 -1.766121 21.132875
-1.675658 0.914699 2.781711
-3.384015 -0.210589 9.433293
-0.750053 0.513579 7.219315
0.325517 -1.751965 3.388253
-6.894178 -4.262086 19.948626
-1.551374 -2.833737 11.096389
-2.160523 -2.171504 3.845460
-2.484038 -2.346018 6.506798
-1.332792 -1.941540 3.671877
-0.962880 -1.930936 3.669451
-7.275327 -4.241347 19.653168
-1.931435 -1.321287 5.344914
-7.483537 -1.729008 21.170597
-1.263122 -1.904071 3.632332
-2.617498 -2.718180 9.276011
-6.207818 -1.475472 20.010633
-5.535499 -3.563498 15.340825
-2.463596 -3.565566 12.317989
-2.077792 -2.258655 6.119201
-1.787165 -0.219047 3.389388
-3.676677 -1.670120 10.293980
-2.080934 -0.536442 4.824846
-2.838131 -2.731725 9.359487
-0.644742 -2.340666 5.458699
-5.695104 -3.579045 15.304976
-6.924612 -4.266673 19.912018
0.325925 1.024129 3.377473
-2.031336 -1.959583 3.587248
-7.913189 -4.205079 19.125853
-8.090180 -3.429293 18.693703
-4.319929 -3.114245 12.231846
-7.074992 -4.282046 20.455730
-6.186563 -3.202280 17.302036
-2.182567 -2.195072 3.515502
-2.187790 0.315262 5.779871
-6.299339 -3.070863 15.794852
-2.089772 0.633595 4.808438
-2.936426 -2.703325 9.193142
-2.473539 0.064866 9.625991
-5.765906 -3.895935 19.270086
-9.172763 -3.632027 19.929592
-6.602987 -2.569652 16.053940
-7.900971 -1.437246 19.621010
-6.463984 -1.054155 15.890741
-8.712852 -2.895523 21.203075
-1.607376 -0.053226 11.477394
-3.518613 -3.638637 14.152722
-1.937278 0.116433 9.906487
-8.330764 -4.240814 19.273760
-7.973358 -4.122206 20.742111
0.342984 -1.825337 3.525539
1.772428 -0.607764 13.852636
-0.880888 0.706702 6.139663
-9.301656 -3.761604 20.066444
-4.605966 -0.275136 11.928533
-7.103092 -1.198846 17.480934
-6.257925 -0.893399 15.452979
-1.669260 0.510872 6.677788
-5.296891 -3.689068 17.961847
-3.680165 -1.646791 10.293557
-8.082078 -4.212358 19.055197
-3.283152 -1.094770 9.305890
-5.021594 -3.287447 14.561708
-1.929545 -2.296154 6.469725
-6.237317 -1.385268 20.073416
-0.510542 0.656737 6.029354
-0.881896 0.706154 6.138323
-0.041084 -1.769514 3.132544
-1.001156 -1.924836 3.754793
-5.810147 -0.914120 16.356274
-3.928059 -0.307052 10.641287
-4.866456 -2.235978 18.069731
-4.638224 -0.537268 13.611310
-4.269201 -0.269664 12.278657
-5.059049 -2.073273 18.282787
-1.462184 -1.619129 2.390387
-8.304428 -4.226620 20.404541
-0.042936 -1.627005 3.066367
-2.810571 -2.354877 7.990723
-8.990622 -1.579136 19.691013
-1.356336 0.021785 10.829668
-7.324094 -1.240273 17.256384
0.288355 -0.026496 5.965204
-6.542357 -2.511458 16.942114
-3.710159 -1.526153 10.360109
-8.139876 -4.150580 18.943266
-5.975391 -3.842768 16.767073
-2.523005 -2.389887 6.566258
-1.277234 -2.091278 3.951428
-2.913426 -2.714388 9.140789
-0.707754 -2.323361 5.412944
-1.427005 0.902333 2.845394
-6.505475 -3.791632 18.236652
-1.586115 -2.127011 5.710753
0.557634 0.788145 4.547676
-6.097438 -3.683211 16.001802
-6.229835 -3.682237 15.983796
-8.910562 -3.735991 21.088104
-8.249889 -4.164313 18.990639
-0.787939 0.689568 6.222254
-1.270353 -2.463421 7.090550
-5.787417 -0.875419 15.858664
-1.809221 -0.106522 3.460494
-2.291056 -2.999381 13.179439
-8.504302 -2.510480 19.044497
-4.964698 -2.088467 17.359493
-6.366710 -0.951180 15.968051
0.240856 1.008280 3.435413
-3.132117 -0.027094 9.991208
-0.082014 -1.783838 3.382166
-2.196097 -0.991327 4.071742
-2.804548 -2.770615 9.752567
-2.051165 -1.784050 5.643198
1.086246 -1.099883 5.742394
-1.256689 -1.751024 2.948473
-3.385801 -0.124511 8.627723
-3.848799 -0.342826 12.511618
-8.122271 -4.187421 19.316870
-5.912957 -0.918014 16.275002
-1.765174 0.847547 3.172552
-2.809310 -2.346051 7.990538
-2.121752 0.608476 5.341703
-3.699414 -1.656193 10.347959
-5.533669 -3.541070 15.345725
-2.210726 -2.267511 6.229076
-3.402735 -2.806031 10.044138
-2.109262 -1.562395 12.416082
-7.749807 -2.982561 17.935492
-2.928186 0.209778 7.831885
-1.948903 0.393585 7.264852
-1.358161 -2.288782 7.895695
-3.278055 -2.853715 10.778547
-2.903041 -1.253014 7.902981
-1.190256 0.872787 3.544161
-6.393095 -3.818818 16.736771
-7.498575 -3.078740 17.490778
-3.914146 -2.249309 8.736865
-0.889975 -2.119323 7.998759
-3.336820 -2.954512 11.847249
-1.536862 0.712049 4.705659
-2.490481 -1.119983 9.284402
-3.853406 -3.349357 15.472226
-6.730434 -1.187900 18.265491
-6.133078 -0.841280 15.373340
-7.868800 -2.573725 18.080338
-1.173615 -1.705686 2.901603
-3.398103 -2.811577 10.039569
-2.298912 0.406113 7.096014
-3.614507 -3.041469 11.352994
-3.728446 -0.014941 9.116292
-8.421769 -4.138500 20.441809
-2.786597 -3.236519 10.914624
-2.897464 -1.385828 7.995803
-1.462261 -2.166960 4.898547
-1.327559 -2.839811 7.683617
-0.953596 -2.563942 7.134838
-6.916324 -2.485436 16.741663
-2.579943 -3.078518 11.577310
-6.732103 -2.334799 16.966875
-1.347975 -2.961870 10.158976
-1.679722 -2.057127 4.771033
-2.873085 -0.766755 4.894454
-3.704899 -1.170521 10.326586
-1.497984 -0.036142 11.172446
-2.817243 -1.323839 7.834300
-0.854457 0.933728 3.281879
-0.973401 0.997850 2.702440
-1.286469 -2.519543 9.760260
-2.660716 -1.837494 7.770828
-1.015565 -2.431044 9.018937
-3.551221 -3.059518 11.854517
-1.773938 0.757457 3.357662
-7.519883 -1.967170 17.507666
-2.846203 -1.172902 7.894868
0.187207 -1.356527 3.294589
-3.583726 -1.629439 9.743041
-7.343182 -4.230042 19.926586
-4.588737 -3.643373 17.004812
-1.857524 0.024874 10.451338
-7.495038 -2.854278 17.546570
-6.217607 -0.892264 15.477627
-1.836017 0.250536 8.630132
-1.178204 0.856908 3.511948
-3.317326 -2.945309 9.804451
-7.894184 -1.206570 18.124035
-4.239463 -2.179375 11.435166
-5.492857 -3.025367 14.227656
-2.791727 -1.309941 7.805502
-7.004042 -2.618410 16.845577
-8.110597 -4.077835 19.981312
-2.465937 0.481108 6.297697
-6.973052 -3.010613 16.806917
-7.705497 -2.531858 17.836853
-7.502321 -2.134254 17.480223
-1.638421 -0.072041 11.491331
-7.806848 -2.580273 18.023159
-5.949029 -3.598745 15.749246
-4.254548 -2.061606 8.527911
-2.551909 0.281861 7.804626
-7.839051 -4.028626 18.346617
-1.836758 0.251534 8.629812
-1.394663 -2.027833 3.474827
-1.074711 -1.792254 2.778515
-2.829756 -1.324889 7.860327
-0.755857 0.197253 8.787607
-8.168442 -2.270504 18.555305
-6.959169 -2.214121 16.797407
-2.685144 -2.674416 9.275216
-1.997658 -2.317145 6.314033
-1.393223 -2.010069 3.489181
-2.675328 0.238407 8.190557
-1.041841 0.743809 5.924818
-2.226672 -1.374244 6.319863
-3.131821 -2.534170 7.902110
-0.053507 -1.831619 3.596107
-2.049777 -2.303041 6.222111
-0.224982 -2.006883 3.713470
-5.995784 -2.436481 14.980282
-4.276190 -2.199149 11.489118
-1.432819 -1.967607 3.512040
-2.756704 -2.276762 7.927608
-1.729949 -2.481015 6.299575
-0.994480 -1.686460 2.749268
-8.149058 -3.247760 18.742855
-7.617235 -2.627115 17.699917
-1.840551 -2.362969 6.235012
-5.994072 -2.401249 14.994470
-4.499894 -0.977511 17.237499
-7.486386 -2.776474 17.521696
-3.172641 -2.550997 9.114594
-1.540434 -2.501796 8.207872
-6.846810 -3.762446 19.763668
-1.730028 0.649335 5.125382
-3.215133 -2.902755 10.043032
-0.736875 -1.799024 3.015232
-7.874300 -2.226340 18.093435
-3.496166 -2.687848 9.918902
-1.380599 -1.912933 3.382181
-1.835459 -2.374043 6.202447
-3.048966 -0.225257 12.047020
-2.522737 0.172688 8.954043
-3.717391 -3.073803 11.260051
-8.125916 -3.823752 18.545744
-4.204089 -2.981668 11.119563
-1.557688 -2.127101 5.394560
-5.766512 -0.872934 15.932366
-0.854897 0.740992 5.306141
-3.657679 -1.953498 10.172222
-5.236007 -1.475625 13.531830
-1.479910 0.350253 8.167529
-6.180249 -3.050902 15.555965
-2.569025 0.394503 6.739748
-1.172678 0.658092 6.071895
-2.726607 -2.556462 8.184637
-2.177426 0.429862 6.879981
-1.365926 -1.923250 3.627048
-2.117499 0.636113 5.713629
-2.624845 0.093983 9.423467
-4.502440 -0.449319 12.026235
-8.148039 -3.389903 18.499798
-1.335070 -1.948180 3.672945
-5.645682 -3.542358 15.520722
-0.864405 0.718211 6.113600
-4.940019 -2.810368 13.213476
-2.510444 -2.302360 6.417130
-4.734766 -2.030269 16.707504
-2.820246 -2.366333 8.001990
-3.083980 -0.183301 11.600586
-2.983428 0.087222 8.006973
-2.836668 -2.724400 9.209932
-5.255493 -3.338510 16.349400
-1.095030 0.610467 6.208272
-2.886176 -1.473166 7.994091
-5.889116 -3.936911 19.347574
-4.877069 -2.175210 18.117970
-1.957152 -1.599748 4.647191
-2.717712 0.241143 8.148803
-1.846916 -2.340069 6.830122
-1.785641 -2.074670 5.378847
-7.332731 -3.615878 20.174545
-1.898015 0.583293 5.821914
-1.864998 -2.313647 6.473212
-1.224788 -1.913669 3.667283
-2.412849 -2.530951 8.316750
-1.003693 -2.032769 3.825746
-1.746547 -2.407159 6.398133
-4.190185 -0.255392 11.149170
-5.603013 -3.530341 15.510978
-1.130812 -1.980496 3.561097
-8.152147 -3.334298 18.503857
-1.239341 -2.063108 4.242668
-2.693776 0.230925 8.160308
-2.810743 -2.461631 7.653763
-0.471297 -1.742024 5.111206
-2.208580 0.546311 5.866533
-3.388993 -0.976738 12.244063
-5.748910 -3.587988 17.699457
0.465003 -2.086577 6.033607
-3.706410 -1.537222 10.356023
0.216670 -0.334158 5.814713
-7.231655 -1.156736 17.140097
-8.432360 -1.408774 19.007130
-7.478891 -1.319280 18.981558
-5.609509 -3.993250 17.343100
-1.170253 -1.968348 3.777738
-3.015283 -0.007222 8.413009
-1.931970 -1.567219 4.601766
-8.602786 -2.238522 19.132734
-4.035387 -1.212747 11.124988
-4.315692 -1.241642 11.302667
-5.676251 -3.581746 15.630260
-6.882417 -2.586620 16.729874
-1.489866 -2.056082 3.623794
-2.052775 -1.952948 3.572597
-2.024512 -1.544597 5.606573
-6.409042 -3.712395 16.305590
-2.163174 0.555989 5.728744
-1.765077 -2.108682 5.454021
-3.848959 -3.030760 11.918166
-6.269109 -1.513887 17.647997
-0.438114 -2.015101 5.132287
-0.436265 -2.018072 5.132745
-4.006671 -2.987527 11.082932
-1.099921 -1.877178 2.974028
-2.079514 -0.298957 4.790937
-1.718232 0.641117 5.096303
-1.545427 0.269837 8.778407
-2.178801 0.652676 4.912703
-1.723721 0.249561 8.817295
-0.523524 -2.547858 7.343645
0.699854 -1.718315 6.680156
-2.916237 -2.739557 9.516047
-6.715626 -3.417068 16.425064
-1.170804 -2.004377 4.283769
0.228733 -1.278558 6.027387
-5.756556 -3.320021 17.030661
-0.976080 -2.105720 4.978433
-0.570792 -1.797083 2.706958
-6.044219 -1.414556 17.763510
-1.059209 -1.767235 2.736810
-4.354216 -3.100138 13.284554
-1.329393 -2.408416 7.393188
-6.497976 -3.091623 16.103319
-2.464842 -2.613656 10.980617
-5.031615 -3.490429 18.325317
-2.387893 -1.074643 4.416422
-3.053953 -2.757415 9.458783
-5.485060 -2.732495 14.236306
-1.278998 -2.667598 10.698524
-7.250677 -1.201328 17.914688
-2.142912 0.167362 4.853801
-5.950692 -2.993658 12.945321
-8.327025 -4.132108 20.238401
-1.834083 -2.762512 7.520920
-7.461540 -2.849549 17.471121
-3.438143 -3.220347 14.602801
-1.217853 -1.860138 2.706520
-7.500821 -2.914720 17.569307
-2.117385 0.033373 4.821074
-4.942747 -2.541673 12.941653
-0.567408 -1.790610 2.696227
-1.660397 0.503973 6.660202
-0.895982 0.922508 3.212270
-6.775625 -2.581234 17.395739
-7.453594 -1.969576 17.445230
-2.568172 -1.255741 7.114250
-1.105058 -1.835168 2.854594
-1.240559 -1.889189 2.764629
-3.063816 -3.080038 12.050404
-9.152646 -4.239438 19.841667
-0.981309 1.004959 2.724833
-8.904201 -2.309339 19.567434
-8.981730 -4.300891 20.193737
-3.611037 -0.139208 9.811918
-7.904500 -4.184093 19.069265
-1.030898 0.748547 4.758874
-5.248776 -2.132158 13.817147
-0.624142 -2.073437 5.077653
0.131602 -0.113813 5.515473
-7.629981 -2.291284 17.717558
-6.186428 -3.310189 15.865163
-1.937910 0.196205 9.154449
-0.728236 -2.084081 5.049354
-3.536243 -2.951855 13.080767
-9.087740 -3.855111 18.658739
-4.734419 -1.540597 12.652840
-1.146678 -1.767355 2.910331
-1.833451 -2.265212 6.304460
-3.902114 -3.038200 12.819663
-4.643969 -2.622898 12.273639
-1.794329 0.844435 3.322865
-1.731698 -2.307330 6.416243
-0.990936 0.905318 3.385071
-3.086072 -2.508307 8.686081
-4.119769 -0.310052 11.939584
-2.422298 0.435707 6.468035
-2.323885 -2.684436 13.315703
-0.898072 0.922761 3.211373
-7.762179 -3.005343 17.940376
-1.120156 -0.278344 10.451621
-2.179528 -2.354122 6.389689
-3.681824 -3.425025 12.143546
-5.628006 -3.599410 15.166376
-4.987147 -3.143939 13.814565
-1.814537 -2.264108 6.223295
-0.087418 -1.516061 3.202653
-3.403072 -0.157423 11.092287
-7.817942 -3.263878 17.913839
-3.735828 -1.095786 10.366850
-1.973058 -2.269673 6.367949
-1.493733 0.629100 5.453954
-4.297772 -1.692019 10.965788
-5.618366 -0.881936 16.033195
-3.252305 -0.165555 8.425806
-1.839779 -2.355701 6.780252
-3.813336 -3.450105 13.041621
-1.864038 0.809132 3.560110
-1.246865 -1.945732 3.712088
-1.911607 -0.204684 3.420493
-1.115349 -1.809101 2.692152
-2.851442 0.232885 7.606116
-1.108985 -1.946328 3.760654
-4.024573 -0.197788 11.084844
-3.535919 -0.850132 14.471626
-3.900510 -2.896111 10.948721
-7.101532 -1.199772 17.478842
-5.624115 -0.877490 16.035809
-2.645347 0.360935 6.934250
-1.095320 0.848341 3.783258
-0.661376 0.682239 5.695229
-5.619452 -0.882935 16.034876
-7.832381 -2.156541 18.048561
-2.108770 -2.298453 6.405452
-1.329617 -1.937679 3.663227
-1.617255 -2.053817 4.852514
-2.038694 0.605466 5.133382
-5.634819 -0.870300 16.020941
-0.452494 -2.053201 5.651020
-0.463830 0.661758 5.976700
-2.545750 0.279017 7.770707
-1.547287 0.851346 3.283149
-2.811239 -0.095541 10.805135
-5.666736 -0.874089 16.008184
-7.878611 -1.310410 18.054159
-2.493219 -2.349735 6.424540
-4.393762 -1.239257 11.359127
-7.212603 -1.719519 20.307938
-4.228894 -1.303265 14.768278
-0.027827 -2.057523 3.937017
-1.066033 -1.868201 3.638180
-3.714159 -2.939630 10.882912
-5.661513 -0.871415 16.009592
-1.811782 -2.311075 6.717629
-1.354092 -1.940240 3.434257
-2.120500 0.541455 5.475724
-2.596167 -0.179209 12.105420
-4.023509 -0.198285 11.083044
-7.842389 -2.696194 18.070723
-1.534090 -0.034158 11.265785
-6.740841 -1.885251 16.402771
-5.734864 -3.674084 15.111223
-3.869890 -0.225292 10.594032
-7.708643 -1.246880 17.915510
-3.638598 -2.804658 10.892370
-6.192397 -2.689985 15.470583
-2.970829 0.100076 8.018037
-1.768638 0.298718 8.273929
-4.028586 -0.310901 12.049525
-5.510540 -3.578139 15.387975
-1.998862 0.481660 6.664132
-1.438801 0.489954 6.917016
-1.035606 -2.120030 4.974721
-1.860340 -2.272610 6.338139
-3.824504 -0.975282 15.708961
-1.192339 -2.524144 10.520622
-1.761238 0.296592 8.278566
-1.927644 0.190421 9.116502
-2.182482 0.435686 6.899673
-1.306882 0.849808 3.613319
-0.450676 -2.042746 5.613876
-0.742595 -2.312446 8.242090
-5.333676 -0.870844 16.187748
-2.229518 -2.347236 6.614275
-2.939828 -0.764707 8.212405
-3.016686 0.160196 8.209370
-0.689656 -2.777505 7.055004
-3.134031 -0.189905 11.706596
-1.984297 -2.326933 6.828496
-2.698796 0.228405 8.160375
-2.913137 -1.194496 8.008747
-0.720769 -2.760631 7.038911
-7.852717 -3.339230 18.375357
-2.901711 -1.192212 7.996447
-0.739758 0.211775 9.268351
-2.909595 -1.195591 7.999520
-1.010088 -2.787208 7.602355
-2.598962 -2.538763 7.947490
-2.325968 -2.491324 8.070347
-1.616461 -2.308192 6.113649
-1.652025 -0.191552 10.703538
-2.965809 0.219485 7.917512
-3.857753 -2.091033 10.938988
-8.395742 -1.480946 18.906813
-1.342468 0.594013 6.229916
-1.107012 -1.860372 3.015519
-3.627696 -2.842150 10.529916
-8.118038 -3.698427 18.550201
-1.623920 -2.119255 5.558049
-6.774545 -3.010555 16.935783
-0.922058 0.942498 3.173324
-2.184848 -1.196402 4.538388
-3.689696 -1.527200 10.343204
-8.130206 -3.693558 18.558552
-7.807724 -4.156175 18.967653
-4.015268 0.170021 10.462694
0.846604 -0.653320 6.786545
-5.112489 -1.080401 18.397457
-8.168865 -2.407001 18.558449
-4.876553 -3.300929 13.221678
-3.307822 -2.567784 9.333774
-1.094335 -1.793284 2.950041
-0.796338 0.677307 6.303644
-1.784427 -2.098934 5.480839
-1.721080 -2.117285 5.771310
-0.863562 -2.065062 7.762156
-2.839285 -0.695633 4.833275
-6.308208 -1.375529 19.319801
-1.756816 -1.751284 2.928056
-6.167612 -3.708922 16.115177
-3.016788 -1.225722 8.079554
-1.219629 0.648852 6.185760
-6.051166 -0.915108 16.205656
-5.558244 -2.894260 15.150700
-1.465609 -2.090624 5.647322
-3.414209 -2.841089 10.167084
-2.220333 0.521273 5.868814
-0.646040 0.622710 6.331022
-1.131864 -0.358473 10.190749
-3.480541 -1.625532 9.619112
-2.347482 0.744666 7.627861
-1.243196 -2.057498 4.176235
-1.834128 -2.088060 5.488734
-4.673216 -3.181210 12.125877
-6.064037 -3.653407 15.955276
-8.092794 -2.265368 18.428631
0.308334 -0.370137 5.893285
-2.533236 0.404382 7.179347
-5.964635 -3.707232 16.087839
-4.044712 -2.172595 11.388247
-7.134660 -3.979493 17.635906
-1.201496 -1.982334 4.111171
-7.739479 -4.195415 19.791374
-2.509708 -2.592574 8.682648
-1.173322 0.755157 4.574528
-3.075151 0.073424 9.203315
-1.155088 -2.052696 4.245276
-3.819213 -3.719965 13.986231
-7.108024 -1.214192 17.719248
-8.702185 -3.084173 19.309868
-0.790591 0.941562 2.931035
-3.077685 -0.342345 12.999636
-7.348248 -4.060504 19.078125
-5.834403 -3.861033 17.337229
0.173684 -0.696586 5.776077
-7.946122 -4.378615 20.029329
-3.655858 -1.196517 10.223254
-3.263761 -0.720717 9.048120
-3.076423 0.071143 9.206450
-1.809933 0.687492 4.504859
-9.397116 -3.815984 20.432806
-1.208949 -2.046814 4.474690
-5.198294 -4.186436 17.002531
-3.068719 0.073710 9.205714
-7.084650 -4.019987 17.814116
-2.937608 0.078077 9.291634
-4.967137 -2.502292 13.054415
-2.925319 -0.769384 8.187306
-4.812714 -1.381697 12.717995
-7.548832 -4.079769 18.767254
-7.457482 -4.147159 19.261528
-2.088100 0.683342 4.569474
-1.136324 -2.060730 4.098305
-7.748417 -4.198627 19.781031
-2.789365 -0.711599 7.914311
-2.597272 -1.581651 4.198121
-2.618233 -2.676888 9.069934
-4.316308 -0.360956 11.520547
-1.170568 0.657759 6.077525
-8.821922 -2.299917 19.496592
-2.889560 -1.639626 8.096302
-9.183596 -4.364995 20.448189
-1.206089 -1.710062 2.985703
-8.178843 -4.214011 19.508026
-0.797175 0.950421 2.957348
-1.600755 0.680748 4.786996
-8.829836 -2.304769 19.497799
-6.375858 -3.197649 15.722621
-2.835094 -2.172213 10.179677
-2.828576 -2.643694 8.907648
-0.930477 0.768414 4.651013
-8.703569 -3.070745 19.317110
-1.374741 0.935466 2.871984
-2.651403 0.084466 9.429549
-1.803116 -2.026653 4.262921
-8.670897 -3.248252 19.252439
-3.437700 -2.319133 8.938450
-2.944727 0.082309 9.288143
-3.428375 -1.010408 8.458800
-3.089371 0.077276 9.235033
-2.857613 -1.130025 4.401537
-2.810632 -1.317064 7.853779
0.653010 -0.336436 6.175416
-1.805407 -2.122309 5.479207
-1.148616 -1.928780 3.474331
-1.937506 -2.054059 5.540313
-3.955554 -1.964507 14.813988
-7.770026 -4.227605 19.838116
-1.102540 -2.473749 6.500752
-3.867262 -3.148248 12.201032
-2.619389 0.088410 9.475705
-2.859021 -1.112648 4.312054
-8.028054 -3.242947 18.283976
-2.973670 -2.759437 9.430756
-0.340605 0.820989 4.730963
-2.616853 -2.678893 9.049990
-3.037318 -1.450549 8.278232
-0.238071 0.682833 6.048924
-2.721408 0.082589 9.403032
-4.877129 -3.070873 13.574146
-1.775260 0.545274 5.997693
-3.335796 0.108924 8.950423
-1.086406 -1.808617 2.905117
-8.945071 -3.568695 19.805399
-7.079226 -3.963390 17.599768
-1.371023 -2.007809 4.131273
-3.623467 -0.435046 10.303694
0.315781 -1.687394 3.554328
-0.365396 -1.874248 4.966739
-1.119597 -1.820521 3.076595
-1.696897 -2.121002 5.442707
-2.468729 -2.088205 6.800066
-8.108520 -4.199194 19.465044
-3.905480 -0.490664 8.556869
-3.862161 -3.048363 11.930218
-7.527450 -2.610357 17.600389
-1.436245 -1.999630 4.139291
-6.371160 -0.911006 15.756958
-1.503718 0.584874 6.067178
-6.459737 -3.158457 15.802621
-2.874486 -1.792910 7.970810
-8.276533 -1.492090 18.549204
-2.905694 -1.067599 4.467499
-1.726491 0.649040 5.116835
-4.485139 -0.913959 17.349712
-1.983235 0.627756 4.804876
-2.862005 -2.362927 8.184220
-1.588744 -1.762840 4.316017
-3.322998 -2.853646 9.872461
-3.796666 -0.984052 13.436157
0.312427 -1.735655 3.635259
-3.656915 -0.918218 9.978641
-1.348951 0.600804 6.240841
-1.639435 -2.379589 6.853209
-2.041706 0.380523 5.333181
-2.849004 -0.760037 4.855016
-1.234541 -2.184314 7.479042
-1.853031 -1.808098 4.978509
0.142371 0.635025 6.032760
-0.019737 0.982674 3.733686
-0.958199 -2.260358 8.693175
0.466247 0.021117 5.234847
-2.940366 -2.859797 9.856419
-1.401062 -1.907337 3.590936
-7.420562 -3.093062 17.522213
-2.683138 0.840597 6.135665
-1.650562 -1.924929 5.169005
-1.650214 -2.145722 5.705023
-0.437962 0.935964 3.347217
-4.216949 -2.469369 11.464542
0.261593 -1.722089 3.562377
-6.383843 -1.096996 17.687778
-1.925004 -2.846896 12.224687
-7.008714 -1.861235 18.090908
-7.470701 -3.103125 17.283403
-7.205328 -1.979860 17.080908
-7.439109 -2.272285 17.493540
-4.178750 -0.366138 12.363884
-8.196207 -4.009441 20.041449
0.244955 1.029349 3.493566
-3.178528 -1.754870 9.040548
-8.431101 -3.266329 18.939997
-2.663729 -2.684909 9.127072
0.625467 -2.932691 5.601245
-0.021506 0.950356 3.608281
-2.094397 -0.935622 12.690936
-5.585093 -3.630429 19.186401
-7.397392 -2.767101 17.307522
-2.636977 0.355030 6.910696
-8.238900 -3.039049 18.696375
-1.298254 0.654449 5.998020
-7.341778 -2.137764 17.228989
-0.754202 0.782629 4.597500
-4.047645 -3.052952 11.777557
-8.235461 -2.179345 18.710041
-4.848830 -1.012136 18.009569
-3.603940 -1.202655 10.113451
-1.367308 -2.035188 4.281190
-4.965505 -3.682744 17.559875
-4.549020 -3.058655 11.742493
-6.223804 -3.704481 15.957311
-0.065444 0.663591 5.978360
-1.855278 -2.181455 5.469228
-0.042309 -1.782131 3.119218
-3.274738 -0.776098 5.543324
-8.351231 -2.399141 18.845713
-2.003700 -1.509746 5.558450
-3.786220 -3.539983 13.655128
-1.165900 0.917826 3.163556
-5.251265 -4.305152 17.178606
-2.227074 -3.064441 12.616379
-8.262801 -3.045354 18.713842
-4.743171 -3.295024 12.933194
-1.503616 -2.018114 4.061433
-4.045597 -0.359156 12.427383
-2.193632 -1.653233 4.632991
-7.629622 -1.206005 17.622225
-1.665338 -2.133479 5.614426
0.583747 -1.486568 6.021237
-8.126373 -3.052101 18.591570
-1.903405 -1.896859 5.398509
-1.002822 -1.896952 3.177640
-1.484651 -1.758516 4.621283
-1.823109 -2.160820 5.708215
-7.271496 -2.721371 17.203817
-6.917367 -1.859487 16.852528
-4.679874 -0.424006 12.142865
-7.001594 -3.966085 17.658716
-1.142239 -1.880821 3.095853
-3.828595 -3.117309 12.068790
-4.185300 -0.367790 12.360380
-7.337943 -2.444525 17.284872
-4.074581 -3.038559 11.494566
-5.239808 -1.258635 18.663490
-8.220576 -2.199849 18.716318
-8.301322 -1.520684 18.787930
-1.582287 0.710324 4.589612
-3.740029 -0.558619 13.513523
-2.453303 -2.885183 11.966029
-1.455671 -2.080926 4.249825
-2.770151 -2.543723 8.404315
-1.545614 -2.247564 4.393674
-5.401260 -3.666300 18.020119
-2.831872 -2.729217 9.686126
-7.232588 -2.095803 17.063931
-3.641230 -2.814295 10.845827
-1.209657 -2.214906 4.288879
-2.657130 -2.681894 9.118001
-2.932759 -0.768938 8.206102
-0.944961 0.210973 9.911803
-0.740011 0.989209 2.875889
-4.179147 -0.716792 9.679076
-3.843288 -3.324417 15.446968
-7.375094 -1.199286 17.298492
-3.399911 -2.878041 11.653590
-5.598247 -3.658930 19.228880
-3.917156 -0.910687 15.825188
-6.375968 -1.068874 17.449934
-1.520865 -2.143585 5.758387
0.634901 -0.843188 5.886301
-7.403125 -1.290468 18.249910
-2.857029 -2.666639 9.031984
-3.763612 -3.028200 11.465754
-2.863730 -2.667419 9.013841
-1.675741 0.901959 2.844324
-2.082443 0.535121 4.807188
-0.668478 0.864576 4.048223
0.659328 -0.078084 4.610719
-7.343468 -1.925514 17.146315
-8.473434 -2.776758 19.006960
0.329389 0.659687 5.384610
-1.563354 -1.646524 2.635811
-6.762836 -3.932570 19.101082
-5.425817 -0.810623 13.909092
-0.622677 -2.451397 6.538843
-2.065877 0.058218 4.750425
-2.819040 -2.651592 8.390581
-6.769003 -2.079746 16.383276
-2.949315 0.086659 9.317867
-3.747629 -2.152933 9.514818
-4.546463 -0.952917 17.436243
-3.311055 -0.325559 10.913589
-4.993708 -2.523036 18.254860
-2.388291 -1.147424 4.478008
-4.949629 -2.526512 13.200285
-2.035322 -2.233001 6.019856
-3.183816 -2.085962 8.972034
-2.025812 -2.588115 11.546595
-0.748829 -2.354227 8.318756
-3.997011 -2.989695 11.414046
-6.692919 -1.964079 16.287092
-5.562634 -3.914054 17.966982
-3.542281 -0.118708 10.454449
-0.029073 -1.808151 3.138275
-0.884390 0.737021 4.759497
-7.401538 -1.968287 17.693951
-4.658883 -0.974123 17.594076
-3.337415 -0.811431 9.639302
-7.338603 -2.005973 17.298069
-5.804049 -2.997119 14.405044
-4.259011 -2.725563 11.931302
-1.177699 -1.851976 3.027740
-7.417586 -1.965937 17.404037
-7.390018 -3.065552 17.234497
-1.656918 0.787749 4.322645
-6.110647 -3.986333 17.036331
-1.497988 -1.668245 2.528649
-2.542858 0.347412 7.168823
-5.781639 -3.971658 17.239872
-3.045472 0.126778 8.152835
-2.633715 0.089551 9.483103
-3.902329 -3.186049 12.186927
-3.900624 -3.199789 12.281384
-7.278043 -2.014719 17.254951
-1.611410 0.689347 4.808756
-3.038091 -0.235301 12.011679
0.550764 -1.114622 5.953089
-3.531503 -1.657582 13.056465
-3.577819 -2.955529 13.228139
0.562039 0.794583 4.581745
-1.490741 -0.044689 11.050888
-1.243469 -2.041054 4.584895
-3.621847 -2.600507 10.266270
0.896362 -0.292521 6.466164
-0.604040 -2.411596 9.280157
-5.795385 -1.723114 14.740713
-5.244628 -2.735513 15.038531
-0.710722 -2.076957 7.756350
-4.189214 -3.069078 11.860605
-6.513529 -3.749529 16.468401
-2.209846 -2.766534 12.424069
-0.890440 -1.824443 2.851690
-0.951010 -2.729641 7.116250
-4.044317 -3.006733 11.520857
-1.409235 -1.576315 2.410053
-1.797224 -2.167243 5.802906
-1.303918 0.535244 6.527920
0.573141 -1.896901 5.427778
-1.620838 -2.183373 4.008451
-8.209854 -4.229125 19.524601
-0.632952 0.685134 6.247580
-0.974036 -0.283652 8.849239
-5.545854 -3.925349 17.981134
-1.519572 -0.712181 9.225608
-6.809110 -2.579303 16.625803
-0.895518 0.916329 3.211687
-1.359180 0.918154 2.919002
-2.113580 0.592788 5.630919
-1.494549 0.951264 2.596622
-8.815886 -2.310218 19.483337
-1.516618 -2.177289 5.732448
-7.553411 -1.948514 17.510223
-0.027742 -1.816585 3.685280
-2.528448 -2.606200 8.813478
-8.669281 -3.070696 19.284046
-3.203650 0.095726 8.678874
-2.609132 -2.631064 9.048200
-7.045878 -4.265551 20.370476
-1.900935 -2.207077 5.864128
-6.367060 -3.810436 17.370178
-3.439810 -1.585054 8.504561
-8.694468 -3.069576 19.304804
-5.332500 -1.224236 18.826828
-1.702272 -2.167510 6.016006
-1.101277 0.921439 3.155507
-8.458379 -4.257438 19.464834
-1.221788 0.931735 2.936246
-2.693701 -0.725812 4.613365
-8.260926 -4.220898 19.557629
-2.262166 0.392246 6.000252
-4.040303 -3.043994 11.516291
-3.849152 -2.566177 9.806616
-0.081466 -1.810810 3.427844
-2.846389 -1.301936 7.883872
0.313617 -1.725629 3.364030
-2.709177 -2.641091 8.744392
-2.874914 -2.666973 8.967557
-1.174116 0.664384 6.089435
-3.946828 -3.020104 11.291936
-8.185145 -1.605332 18.691225
-8.430541 -4.229049 19.439451
-2.572721 -2.618925 8.794181
-4.216486 -1.241196 11.097109
-1.833606 -2.163105 5.793966
-8.578864 -4.160098 19.213804
-9.131815 -2.682463 19.955250
-1.438064 -1.944409 3.643671
-8.204133 -4.246329 19.552664
-7.668230 -4.261489 19.669928
-4.095316 -3.188184 12.435914
-8.245389 -4.242987 19.640686
-1.861279 -2.164495 5.861930
0.465146 -1.691432 3.547073
-6.412549 -0.928075 15.999131
-1.798994 -2.152381 5.491363
-2.907743 -1.272412 5.135525
-0.100052 0.855853 4.555933
-3.244912 -0.444533 13.258932
-0.329217 -2.332612 8.600036
-2.704309 -2.696284 9.159362
-8.892463 -2.303449 19.547058
-8.179049 -4.176870 18.978107
-6.914331 -1.048641 16.559139
0.303632 -1.696672 3.305211
0.759166 -1.970333 5.308899
0.636015 -0.327390 6.039710
-9.100718 -2.507827 19.826807
-2.960630 -3.137998 12.065104
-4.198249 -1.223382 11.140394
0.076250 0.899235 4.091377
-3.758983 -0.098400 10.129359
-7.857039 -4.263341 19.876551
-7.945626 -4.208204 19.574900
-2.156271 -1.420506 5.883673
-1.163187 -2.072305 7.023710
-9.184797 -3.460679 19.941650
-5.771417 -1.492191 19.454243
-2.335826 0.362209 6.219107
-3.267608 -3.118243 12.003346
-3.008305 0.121835 8.112932
-3.571956 -3.025598 11.903974
-3.084727 0.086387 9.262964
-6.178034 -3.698839 15.874663
-0.034836 -1.609239 3.306417
-7.273426 -4.212914 19.967278
-6.161608 -0.909625 15.357303
0.320368 0.673626 5.499228
-7.838956 -4.245185 19.841768
-1.905829 -2.178452 5.692264
-4.460189 -0.314330 11.912068
-8.867293 -4.151887 20.100471
-0.303588 -2.486523 7.330087
-6.257893 -3.770451 16.521719
-1.151590 0.908518 3.120791
-4.222827 -0.907255 16.720560
-4.566494 -3.677032 17.581627
-4.052520 -0.314829 11.795802
-1.968808 -2.318522 6.921942
-2.339367 0.344981 6.212340
-4.646362 -1.289789 15.490409
-5.151445 -4.064574 16.847471
-1.496673 0.909296 2.782176
-1.432699 0.909727 2.871604
-2.892107 -2.689933 9.048878
-1.255454 0.612707 6.193778
-0.600996 0.993161 2.953374
-2.046102 -2.231022 6.010355
-2.253240 -2.824145 11.100964
-1.781044 0.581619 6.029841
-2.366198 0.401686 6.228306
-0.736926 0.950527 3.083881
-7.677455 -2.302142 17.795527
-2.034620 0.144741 9.469213
-1.985960 -2.174377 5.870122
-2.298349 -2.144367 6.194219
-2.820394 -2.241492 7.064574
-5.787813 -0.938817 16.507336
-7.719728 -4.207316 19.590582
-5.840097 -2.201285 19.523920
-2.829324 -2.681860 9.054718
-1.627720 -2.743141 6.882131
-3.322107 -0.940056 11.555868
-6.919999 -1.879594 17.976528
-3.734972 -0.698818 8.809386
-0.746308 0.965617 3.121823
-1.484640 -2.278980 8.141371
-2.182289 0.415738 5.720951
-2.053494 -1.526331 5.634063
-5.040352 -2.436256 13.020309
-7.931347 -4.183888 19.416489
-6.939062 -3.724829 17.145063
0.555904 0.804845 4.670375
-1.668439 -2.252252 6.199749
-4.055086 -0.309775 11.795376
-1.723567 -2.174520 5.963523
-4.396584 0.017246 9.297308
-0.689959 0.768099 4.784829
-3.634128 -1.009295 8.595861
-1.845378 -2.152517 5.727970
-2.574941 -2.720991 8.992568
-1.627801 -2.190742 6.138955
-6.842280 -1.306576 18.952648
-2.014649 -0.205817 4.678037
-7.967881 -4.219819 19.457762
-0.682609 -2.654495 6.909036
-5.473222 -3.885123 17.713512
-7.968297 -4.225050 19.446112
-8.678293 -1.490534 19.239088
-2.061301 0.528567 4.777118
-3.592788 -0.929771 13.014050
-1.429471 0.518854 6.754590
-4.315937 -1.707429 11.267562
-2.405795 -0.588845 9.907606
-3.841340 -0.373106 10.560906
0.142452 0.707222 6.002193
-0.298773 -2.186610 4.601890
-6.186193 -1.343862 20.031384
-1.881409 -2.189546 6.120042
-1.985452 -1.889748 3.455394
-4.985948 -2.722042 13.410796
-5.088653 -3.331594 13.722716
-0.380007 -2.060989 5.321464
-2.163724 0.398062 6.852767
-2.917896 -2.700235 9.117374
-4.549953 -0.526048 9.499885
-4.039309 -0.312961 11.792798
-4.268216 -2.001451 11.291931
-5.447586 -2.088503 18.955143
-4.535688 -3.640042 16.946465
-3.198497 -2.829242 10.610008
-1.786429 -2.147429 5.865799
0.416543 -1.952317 5.726074
-4.278241 -0.465627 13.146499
0.069311 0.584184 6.005657
-0.992922 -0.304503 8.793211
-2.046684 -2.207294 6.061148
-8.232223 -2.191452 18.718948
-8.399550 -2.463652 18.902290
-4.740584 -0.987819 17.758474
-2.753025 -2.671937 9.140199
-5.985859 -0.942848 16.437019
-2.014555 -2.175164 5.616965
-6.007249 -3.715940 16.140333
-2.672224 -2.697134 8.912893
-2.983856 -2.760382 8.822478
-1.139912 0.897712 3.095570
-8.725451 -1.640121 20.898945
-8.062998 -1.730987 21.246536
-3.213044 0.048817 8.872567
-5.349107 -1.427539 13.765686
-8.582469 -4.116637 20.547075
-2.908724 -0.499680 11.991744
0.514220 -0.144790 5.028782
-8.332051 -2.388862 18.818413
-2.847979 -2.711766 9.134777
-4.995654 -2.468682 12.936872
-1.653579 -2.157412 5.880116
-6.219714 -3.700640 15.748396
-1.000028 -1.896344 3.705478
-0.555927 0.040362 6.556129
-5.150816 -3.517404 17.382559
-1.838674 -2.191733 6.027038
-8.322994 -4.165310 20.417562
-1.860346 -0.153521 3.028147
-1.554332 0.852278 3.296017
-2.637512 -2.677956 9.132051
-3.177042 -1.729097 8.809899
-1.684859 -2.160892 5.753833
-5.985943 -0.941139 16.436466
-5.679963 -3.425817 19.345158
-1.802291 -2.351905 6.759862
-0.636402 0.634779 6.619954
-6.166281 -3.722246 16.300396
0.222833 -0.333512 5.849066
-4.899624 -1.559738 12.895369
-0.952580 -1.876306 3.427990
-2.030755 -2.229869 6.086137
-5.877180 -3.630134 15.976181
-8.214451 -3.030065 18.680317
-8.312502 -4.242767 19.274818
-2.647877 -1.222224 4.362561
-1.784341 -2.169910 5.720558
-1.874320 0.566458 6.188642
-1.243111 0.610133 6.463788
-8.241147 -2.198462 18.726418
-1.862765 -2.189587 5.931188
-8.174219 -2.490587 18.652279
-6.683993 -3.325023 16.188955
-2.014816 -2.224377 6.005811
-0.869662 -1.846872 3.045177
-3.057007 -2.618547 8.811419
-1.966893 -0.154027 3.174092
-8.286800 -2.221606 18.769896
-2.348991 0.478220 6.259880
-0.555115 0.039711 6.556238
-2.413266 0.758099 7.976373
-4.959705 -0.507874 12.853074
-8.221020 -2.960412 18.686026
-2.247777 -1.708581 5.930144
-4.442246 -0.334318 11.723723
-2.686804 -1.238126 4.400504
-4.168505 -2.908041 13.061195
-1.254227 0.540877 6.400384
-4.924212 -0.722357 12.945970
-1.793018 -2.170462 5.817574
-2.583461 -1.136422 4.625740
-1.905077 -1.561227 4.531060
-6.160148 -3.719102 16.305456
-1.782243 -2.180191 6.038755
-3.124425 -2.604623 8.821954
-2.852413 -2.676126 8.923964
-2.819458 -2.674414 9.055823
-9.018363 -2.810916 19.736504
-8.887374 -4.330049 20.108448
-6.847162 -2.600646 16.657129
-1.667363 -2.167093 5.721917
-4.270581 -2.017041 11.297870
-2.912262 -2.682960 9.040291
-0.294273 -2.346152 4.875902
-2.669737 -2.658227 9.166108
-5.841086 -3.599692 15.883500
-6.705149 -2.536143 16.152454
-1.843234 0.214706 8.991996
-1.632099 -2.180427 5.587862
-9.440117 -1.736394 20.344303
-0.578844 0.921076 3.352910
-1.901188 -2.198334 5.968157
-9.775116 -4.361702 20.037085
-1.300845 0.656816 5.999556
-5.728464 -3.460570 17.541325
-3.169407 -1.473663 8.206866
-1.631960 -2.203649 6.109637
-6.617455 -1.119821 17.589291
-0.907750 0.929098 3.130150
-1.862733 -0.929816 4.813598
-9.456642 -1.721517 20.402018
-5.000813 -3.703470 17.479059
-2.832567 -0.759243 4.839897
-0.870306 -1.895279 2.823579
-7.022050 -4.183154 20.233490
-1.187979 -1.875137 3.056882
-7.799189 -4.205868 19.069992
-5.614700 -3.801653 17.747053
-6.622871 -1.116093 17.586075
-1.716088 -2.161306 5.794057
-6.679102 -3.787872 16.735199
-3.126963 0.139049 8.776155
-2.755976 -2.667280 8.953682
-2.076174 -1.970092 5.651000
-2.150109 -0.702659 4.615221
-8.996004 -3.439595 19.647459
-1.087901 0.907983 3.118749
-9.033984 -2.980752 19.803844
-1.835977 -2.117714 7.281133
-2.411848 -2.581814 8.325597
-9.346360 -4.292526 19.698248
-9.527826 -4.053234 19.788847
-0.738960 0.952796 3.119084
-1.590809 -1.892480 4.965997
-0.680161 0.608727 6.547950
-1.708692 -2.195129 6.085548
-2.898654 -2.713878 8.697800
-1.798549 -2.167614 5.680932
-3.001585 -1.217299 8.069466
-2.042161 -2.060740 5.603735
-8.135857 -4.141271 20.456461
-6.695169 -2.528536 16.147934
-3.976792 -0.346693 10.778850
-1.322120 -1.990069 3.788832
-5.744948 -3.655324 19.468380
-2.765239 -2.670451 8.800119
-8.949142 -4.320042 19.959900
-8.797784 -4.266040 20.033154
-0.393496 -1.848003 6.148304
-3.979887 -2.891476 12.545910
-7.907082 -4.001633 21.013971
-9.428122 -4.160669 19.780460
-1.465689 -1.619901 2.392767
-2.136506 0.479087 4.054334
-1.778494 -2.162818 5.710842
-4.068202 -2.923270 11.233191
-1.281143 -1.792473 2.993033
-3.711332 -0.736961 15.677256
-8.227882 -2.548826 18.828363
-7.191060 -4.249362 20.205481
-2.393336 -1.142027 4.465171
-0.921535 -1.893528 2.956506
-0.636235 0.607581 6.597114
-3.732766 -3.054317 11.410513
0.091699 -1.829492 3.569872
-0.924877 -1.900600 3.203210
-9.408190 -2.414374 20.317532
-8.650190 -2.473860 19.284389
-9.419797 -3.256914 20.385662
-1.174120 -1.661294 2.812145
-8.951490 -2.493581 19.651052
-1.736099 -2.170295 5.624945
-1.656332 -0.072065 11.339131
-9.997623 -4.291264 20.135212
-7.690744 -3.422722 17.878916
-1.840684 -0.880166 4.755987
-8.944573 -1.770492 19.716532
-2.748797 -1.297535 10.343956
-8.817380 -3.301669 19.473179
-7.508697 -3.978383 18.463087
-2.722317 -1.190638 4.818997
-1.771776 0.755126 3.355569
0.366324 -0.868247 5.611490
-1.255481 -2.480348 7.163905
-4.495983 -1.641774 11.833080
-5.272383 -2.587399 13.819143
-1.597620 -2.183663 5.952620
-0.227573 -1.997828 5.108216
-8.053662 -4.208551 19.438997
-4.025441 -2.542298 10.084112
-0.949680 -1.904616 3.626647
-0.616718 0.630565 6.157641
-0.923725 -1.844083 3.264506
-3.373641 -2.614489 9.456051
-6.228142 -1.455891 19.843189
-2.476600 -1.028666 6.915492
-2.796663 -2.716120 9.479297
-2.173435 0.520121 5.748699
-4.848829 -1.028732 17.953571
-3.899502 -1.019603 13.708648
0.229586 0.564095 5.862485
-7.186194 -4.218287 20.171782
0.458087 -1.864631 4.641269
-3.337041 -2.864281 10.782686
-8.159478 -3.961705 19.940901
-0.074169 -1.974362 4.015420
0.167031 -0.628176 6.039587
-4.223087 -3.140358 12.807518
-2.303977 0.423720 5.999057
-4.209494 -1.648133 11.085320
0.518017 -1.383800 3.697866
-4.770557 -3.232217 13.049130
-7.022481 -4.168642 19.730528
-2.101808 -1.157345 4.379580
-6.135302 -2.904284 15.389055
-1.139788 -2.125820 5.353447
-4.582098 -3.098039 12.004071
-5.018999 -3.767286 18.218327
-0.340751 -1.950865 4.853889
-3.172926 0.123557 8.566750
-5.536839 -3.883857 17.920944
-0.359303 -2.026345 5.016214
-1.169595 -1.966220 4.476961
-2.446032 -0.299336 4.509304
-1.238850 -1.731305 2.895750
-1.274312 0.564670 6.612126
-8.343599 -4.256570 19.670723
-8.681361 -4.207766 19.323935
-0.015824 -1.820307 3.038328
-7.112463 -4.225920 20.244717
-6.528452 -3.566454 15.991038
-6.230014 -3.754750 16.206879
-0.725281 0.930143 3.035939
-8.863136 -2.573171 19.504519
-1.783141 0.579743 6.026358
-2.893587 -1.712594 8.095772
-0.543142 -1.963763 5.084116
-8.367109 -1.479380 19.685181
-0.257205 -2.396389 8.451447
-5.088525 -2.910427 13.454567
-6.248786 -0.931916 16.230732
-1.826970 -2.725562 12.004072
-1.019634 -2.538300 9.116679
-1.828463 -2.147424 5.641206
-8.914530 -1.457899 19.497568
-2.810259 -0.027375 10.787975
-3.512310 -2.586829 8.485682
-3.098568 0.132579 8.797760
-2.843530 -2.222479 4.413245
-4.586917 -2.814008 14.250617
-1.959745 -2.122289 5.487407
-6.836353 -1.089255 17.309710
-1.780363 0.585372 6.025800
-2.898101 -1.667286 8.105082
-1.778658 -1.727710 4.901993
-8.003474 -4.091355 20.151052
-2.338983 0.478005 6.234998
-8.844177 -2.294854 19.513184
-3.342378 -0.400467 13.576321
-3.464578 -3.224910 14.762975
-3.465437 -1.595809 9.594625
-0.844809 -1.830170 2.736762
-2.741342 -2.668909 8.715893
-3.497402 -2.589709 8.492861
-7.038882 -3.056603 16.996269
-1.959704 -2.191114 3.856281
-2.538920 -1.500286 3.996050
-0.232718 -2.390210 8.482256
-3.529410 -1.608933 9.695551
-1.544887 -2.186191 5.789011
-2.861006 0.273769 7.612550
-4.115658 -3.065921 11.986423
-2.746368 -2.689038 9.437922
-1.090245 -1.822642 2.822337
-4.813511 -2.046056 17.403019
-3.077319 -0.756530 8.117742
-1.275917 0.528942 6.505713
-3.496542 -2.589468 8.491531
-8.196157 -4.219726 19.607605
0.321500 -1.762541 3.468055
-8.238727 -4.235898 19.635790
-8.537974 -1.475587 19.560940
-1.975224 -2.329174 6.946270
-1.597134 -1.621760 2.546942
-8.280931 -4.240850 19.580297
-6.727726 -3.289699 16.236759
-6.465761 -1.032984 15.878462
-8.249873 -4.207366 19.544098
-1.785176 -2.136012 5.598125
-8.690378 -2.577645 19.393904
-0.651472 0.610751 6.602378
-1.509884 -2.192945 5.670614
-3.641268 -0.742263 15.360570
-8.218565 -4.233086 19.647070
-3.204705 -0.987748 8.195916
-0.634851 0.665284 6.315242
-3.092557 -0.185913 4.820612
-1.957522 0.386863 7.148314
-2.725479 -1.249431 4.446246
-1.496406 -1.670815 2.527557
-6.367233 -3.402750 16.151323
-2.532053 -2.749855 8.893703
-2.154982 0.461125 5.751053
-0.527015 0.659781 5.900104
-0.713133 -1.915730 2.986276
-8.528442 -2.510780 19.062496
-8.392853 -2.464720 18.897772
-2.661459 -3.067127 12.707648
-8.043567 -3.601442 19.931017
-4.917928 -1.039025 18.036402
-8.502389 -2.230166 19.055607
-1.867092 -1.706766 2.934274
-1.808783 -1.501865 2.745774
-6.597853 -3.225708 16.108286
0.297694 -1.443571 3.575350
-0.642568 0.633182 6.599120
-1.611985 -1.695310 2.684336
-8.427763 -3.012129 18.934919
-1.585930 -2.164592 5.841611
-1.973323 -2.175139 5.797139
-8.836549 -4.204314 19.058586
-4.959510 -3.683089 17.546291
-3.845838 -3.020090 11.408783
-6.833870 -3.771849 16.762457
-2.450270 -1.685726 4.645631
-6.358102 -1.076072 17.520386
-1.254847 0.753017 4.492726
-2.205204 0.456445 5.802188
-8.254667 -2.965373 18.704967
-3.075708 -0.338616 12.992751
0.146680 -0.112596 5.753242
-1.018514 0.901456 3.395975
-1.746076 -2.168392 5.859764
-3.245854 -0.799282 9.215137
-7.947739 -4.227520 19.575647
-1.811601 -2.168601 5.887102
-4.826193 -2.388502 12.721291
-2.938497 -2.433934 8.309477
-7.137689 -3.817240 18.762598
-1.875527 -2.157895 5.603027
-1.537308 -2.598071 10.460029
-1.010177 -2.403820 9.032597
-1.911127 -1.751567 2.764686
-7.009793 -1.233773 16.883865
-2.261279 0.514381 4.261308
-2.326979 -1.269645 4.768565
-1.934264 -1.772178 2.792458
-4.096754 -3.072401 12.006736
-2.990651 -1.248855 8.021718
-8.541396 -2.215739 19.081011
-1.830055 -1.518718 2.774730
-8.440272 -3.131220 18.971895
-0.662344 0.610588 6.576983
-1.625939 -1.643983 2.491592
-4.272676 -1.078034 15.502751
-4.323445 -1.876295 15.789118
-8.968899 -1.479189 19.612675
-1.133950 -1.874149 3.333888
-2.515118 -2.711495 8.858156
-3.119991 -0.291013 10.612783
-1.205361 -1.618873 9.283291
-2.018821 -2.109413 8.742426
-9.453838 -1.465991 20.151241
-2.739850 -2.786780 11.707126
-2.116426 0.627425 4.777697
-8.415016 -4.271951 19.428467
-5.194812 -2.571685 18.664701
-8.180245 -2.288893 18.586252
-9.037674 -2.596601 19.788179
-1.223263 -2.078268 8.360570
-1.664989 0.915598 2.777251
-1.358034 0.477932 6.677145
-1.794960 0.859479 3.169089
-1.720639 -2.201044 5.917467
-2.064738 -2.238069 6.219230
-1.309739 -1.841078 3.090673
-5.979021 -3.734336 17.789255
-7.428494 -3.980118 18.561567
-7.236645 -2.989469 17.307379
-1.590690 -2.270518 6.087204
-2.177548 0.439383 5.765135
-1.965301 -0.433508 4.596064
-4.240778 -0.392176 12.501568
-8.133278 -2.465685 18.546721
-3.261690 -0.085951 10.674246
-4.608691 -2.457195 12.865369
-2.051421 0.613720 6.871914
-1.825681 0.782993 3.458423
-1.652766 -2.182816 5.799916
-5.824642 -3.529967 17.788639
-3.589311 -3.377064 13.096488
-9.278995 -1.638933 20.574551
-3.157494 -0.233000 11.654991
-3.167158 -2.895783 10.451779
-9.531655 -3.013783 20.519001
-4.675536 -0.394732 12.271008
-1.577145 -1.644364 2.451098
-9.259212 -4.290710 19.967012
-0.874523 -1.956291 2.900683
-1.543271 0.846461 3.278676
-1.815549 -2.228829 6.082823
-8.639340 -4.174188 20.661072
-3.642289 -0.307427 12.381099
-7.346756 -1.949951 17.298079
-2.868898 -1.050975 4.415040
-3.258986 -2.640363 12.090078
-2.121137 -1.993677 5.713493
-0.911632 0.940061 3.151664
-2.318331 -1.906387 6.023537
-1.282738 -2.503131 9.783390
-2.562395 -2.717053 9.008313
-2.868439 -1.294668 4.329264
-2.469604 -2.819632 11.021332
-9.334192 -4.335351 20.039803
-1.674688 -2.229492 6.239648
-0.900932 -1.942773 3.033682
-3.316691 -1.803522 9.277151
-0.913997 0.938636 3.151101
-9.512742 -1.679682 20.408045
-3.644896 -0.306134 12.379994
-6.642817 -3.479227 16.326857
-2.942902 -1.328727 4.435363
-9.297534 -4.261731 19.659569
-2.267324 0.488926 5.892372
-4.169233 -3.074931 11.688479
-0.052486 -1.625645 3.039941
-1.860936 -2.242085 6.252492
-3.441933 -0.348610 12.777079
-2.752855 -1.225110 4.285537
-0.076529 -1.792864 3.670373
-9.810429 -3.684187 20.578531
-0.440942 0.951390 3.383355
-2.604742 -2.668689 9.028364
-1.977431 -2.199717 5.832717
0.242604 1.022381 3.488195
-8.046823 -3.273542 18.189959
-2.353487 -2.363583 6.615434
-7.059004 -1.254138 16.915327
-1.504256 0.916961 2.800982
-6.627807 -3.573136 16.190580
-2.176361 0.319984 5.744991
-8.112293 -4.291366 21.059210
-2.656200 -2.664207 8.860207
-8.344162 -2.413041 18.847015
-1.895537 -2.172932 7.430565
-2.826716 -2.011436 9.015424
-1.468629 -1.632004 2.483653
-1.627500 -1.674691 2.462369
-1.211515 -1.835693 2.666704
-2.752148 -2.710574 9.318530
-1.304695 0.844179 3.607392
0.256895 -1.723906 3.305964
-3.052681 -2.768984 10.131728
-1.725346 -2.199931 5.971687
-0.427984 -1.811844 5.454716
-1.659154 0.124502 9.971560
-0.915821 0.940648 3.154806
-9.159408 -2.640003 19.913212
-3.209039 0.120085 8.654861
-1.647802 -1.692803 2.485212
-2.525930 -2.793063 8.937680
-9.217569 -1.508412 19.893774
-4.354275 -2.303667 11.963881
-1.144924 0.902882 3.105426
-1.006045 -2.398114 9.043734
-8.600300 -4.280389 19.726334
-3.749520 -1.020229 13.041208
-6.766807 -1.041022 16.322161
-0.078678 -1.842061 3.745204
-2.729200 -2.707631 9.253769
-9.207439 -2.639050 19.923208
-1.480598 -1.644362 2.503094
-2.978964 -1.070463 4.454880
-2.597139 -2.691310 8.986963
-0.913685 -1.902188 3.151978
-6.957237 -3.793236 17.901653
-3.106097 0.068145 9.383946
-2.935618 -2.684931 8.749069
-1.361183 -1.978766 3.755766
-2.751238 -2.666579 9.190537
-8.575586 -4.284562 20.164164
-7.857384 -4.056937 20.915163
-0.020511 0.963067 3.638120
-5.393902 -3.656052 18.056749
-9.462992 -4.210850 20.261078
-2.510651 0.418741 6.500921
-2.060525 0.035058 4.752756
-8.118839 -4.007592 20.571079
-7.224364 -4.419606 19.603905
-2.398905 -1.719579 4.788161
-1.507609 0.915011 2.799238
-1.521843 0.558391 6.460253
-2.254419 0.477572 6.521706
-1.839517 -2.184451 5.719750
-1.101156 0.919468 3.141675
-9.446744 -3.532831 20.298370
-0.079599 -1.837171 3.745195
0.245485 -1.725842 3.300560
-1.862368 -1.799315 5.105926
-2.939009 -2.460994 8.260996
-1.112291 -1.802626 2.684054
-9.150462 -2.373919 19.936895
-1.795588 0.868445 3.220140
-7.724375 -3.384603 17.582630
0.260195 -2.070587 4.780180
-7.791710 -4.332554 21.065338
-5.523872 -3.621919 17.870859
-7.860523 -4.288771 20.963943
-1.697755 -2.244170 6.351062
-6.312572 -3.751414 16.627773
-2.097157 0.590870 4.798512
-2.930892 -0.784750 5.003773
-1.007155 0.728459 4.658301
-2.211039 -2.243784 4.020594
-2.594946 -2.261827 7.432683
-0.828541 0.135637 8.198454
-4.958155 -0.893721 16.781837
-3.197505 -2.061537 8.988688
-7.533293 -4.177129 19.616287
-2.297322 -2.504696 8.062895
-1.201372 -1.990845 4.106923
-1.658216 0.111720 9.932823
-8.446796 -3.011868 18.954485
-1.363409 -1.900452 3.414149
-8.459104 -2.367228 18.992849
-2.084607 -2.069556 3.758757
-2.310040 0.371782 7.159213
-6.505177 -3.802292 16.416805
-5.034430 -3.111856 15.192758
-0.623897 0.915833 3.450860
-3.515532 -2.513529 9.967685
-0.789992 0.878230 3.754164
-4.508664 -0.807827 12.183270
-4.666173 -2.667720 10.012675
-3.813372 -2.891446 13.527258
-0.020454 0.962728 3.640372
-2.673274 -3.003682 10.527442
-1.110874 -0.306752 9.960624
-2.988385 -3.339720 12.778954
0.596383 -1.939397 5.894905
-3.164703 -2.555737 9.100503
-0.911390 0.932919 3.137220
-1.144784 -1.790580 2.633597
-1.782133 -1.816294 2.798261
-3.724420 -1.100636 10.333144
-3.270404 -0.266018 11.563213
-1.460220 -1.952343 5.519268
-4.085967 -0.348213 10.992588
-3.288962 -1.946431 9.240813
-5.327744 -3.485921 18.608334
-3.573632 -0.334955 12.087929
-3.713558 -2.161995 10.399358
-8.955303 -2.802237 19.679707
-1.741761 -2.391508 7.266113
0.067998 0.634326 6.330210
-2.411451 0.451831 6.297782
-1.238582 0.817287 4.861668
-4.221573 -2.417969 9.235710
-8.727416 -1.474496 19.282928
-2.940480 -1.386347 8.061737
-3.149384 -1.803155 9.079973
-2.862715 -1.370692 7.968256
-6.091763 -1.445209 19.630690
0.223977 0.665568 5.987728
-2.039795 -1.597081 12.679189
0.469258 -1.392851 5.477315
-9.072444 -1.526165 19.743917
-5.519522 -3.830081 17.626936
0.603067 -1.941545 5.912900
-2.983378 -0.750219 8.207465
-2.860656 -1.127023 4.399375
-1.971950 -2.483806 11.171132
-0.090577 -2.079295 4.268929
-2.767848 -2.542246 8.394245
-1.493329 -1.808463 6.156988
-2.892421 -1.489354 7.998360
-4.998059 -3.695681 17.481422
-1.975887 -2.082355 8.668003
-2.372864 0.093128 9.674704
-8.150174 -4.198620 19.319008
-2.766090 -2.376033 7.884165
-8.077921 -4.062821 20.488668
-0.624952 0.400161 6.206583
-1.529959 0.838605 3.251340
-8.616535 -2.385691 19.191050
0.468131 -1.418643 5.579237
-7.337947 -4.521173 19.841438
-1.795278 -2.230069 6.183032
-8.293375 -2.178977 18.758928
-1.515118 0.589846 6.212143
-1.001943 -1.895371 3.238277
-1.153552 -1.872516 3.270948
-4.574815 -3.623094 16.918510
-1.752165 -2.214469 5.980357
-0.039814 -1.815950 3.343545
-8.400554 -2.228685 18.906666
-6.683405 -3.394667 16.362309
-5.384033 -3.991323 17.437052
-8.730132 -3.081335 19.333384
-8.691987 -3.077173 19.296888
-8.841340 -3.190741 19.437578
-0.936049 0.575353 6.523716
-6.251050 -3.799273 16.510393
-8.449815 -3.277941 18.948524
-0.021305 0.950052 3.606787
-6.504019 -3.517183 16.028708
-8.828771 -2.565390 19.446882
-6.301370 -3.815170 16.354956
-0.579406 0.922137 3.352682
-4.568609 -3.547968 16.801771
-3.669143 -0.909571 15.004096
-1.878769 -0.171217 3.111365
-1.431874 0.892688 2.968173
-6.298179 -3.766405 16.333900
-0.999002 -1.882585 3.154219
-0.667839 0.607836 6.571036
-1.849506 0.796265 3.507456
-8.732246 -3.076643 19.340158
-1.624550 0.536339 6.571090
-8.470575 -3.273240 19.011147
-1.705769 -2.225433 6.048851
-7.559186 -3.900090 20.539843
-8.292389 -2.180915 18.759542
-6.036250 -2.820219 15.587530
-8.892758 -2.447791 19.580734
-1.164392 0.926067 3.153837
0.112896 -1.459549 3.380227
-0.725356 -2.849692 7.782949
-6.267216 -3.784333 16.266024
-2.082388 -2.233822 6.165485
0.087053 -1.717815 3.356341
-1.064065 -1.939987 4.891375
-5.858376 -2.272453 19.568268
-1.261406 -1.716695 2.632692
-8.625283 -3.230661 19.225643
0.115580 -1.445326 3.350494
-2.007953 -2.370201 7.056896
-9.038661 -2.985273 19.807568
-1.393893 -1.947348 3.326616
-1.120949 -1.805540 2.865928
-3.554463 -2.786625 12.966675
-0.850638 -1.876122 2.825057
-1.552242 0.539719 6.541673
-2.962329 -0.787446 12.126471
-4.953561 -0.910246 16.750341
-9.114131 -3.207694 19.884020
-1.865606 -2.235495 6.080743
-2.282654 -2.762589 12.941014
-6.245978 -3.786644 16.504242
-1.415289 -1.958746 3.423304
-1.686211 -2.198378 6.483845
-1.445130 -2.008996 4.099561
-2.145326 -2.348084 6.861886
-2.544506 0.594589 4.734997
-2.975274 -0.758576 8.213990
-6.799308 -1.036274 16.482500
-0.198260 -1.790352 3.294909
-4.120939 -2.415766 11.344154
-8.607329 -3.225092 19.208498
-1.701946 -0.347133 9.218843
-1.132231 -1.694963 2.859445
-6.289098 -3.778537 16.309195
-3.638751 -1.517766 10.255335
-8.176818 -1.552292 20.629084
-1.886236 0.529608 6.395807
0.243091 -1.647727 3.390931
-1.868574 0.532088 6.372902
-2.070629 -1.510488 5.633543
-2.196115 -2.161806 3.689457
-0.678419 0.596262 6.579647
-8.642827 -2.444635 19.216843
-1.958706 -2.255002 6.229646
-9.019121 -3.420120 19.763378
-2.612360 -0.075543 10.598628
-9.068072 -1.522014 19.732367
-6.026272 -0.953034 16.569324
-1.113080 -1.761273 2.834394
-4.619541 -1.226863 15.828767
-1.676119 -2.411975 6.316363
-6.424814 -3.763499 16.574583
-2.641965 -2.674102 9.269797
-1.519734 -1.685275 2.542442
-2.482679 0.075754 9.648907
-6.382211 -3.777817 16.665094
-0.304720 -3.086714 7.794064
-5.056055 -2.069535 18.268850
-2.283367 0.473024 4.251544
-8.684159 -3.065066 19.299578
-3.629696 -1.209499 10.227103
-3.659770 -0.500867 10.011276
-8.707980 -3.071807 19.319284
-7.771569 -3.370645 17.602837
-6.340784 -3.767309 16.441055
-2.265558 0.479240 6.542305
0.302511 -2.313141 5.267370
0.231188 -1.692170 3.432116
-5.053564 -2.595325 13.409509
-8.119709 -4.615950 19.561033
-0.102755 -2.495603 5.048534
-3.105685 0.058345 9.344110
-1.669923 -2.259748 6.209277
-6.918266 -1.017569 16.506008
-6.281562 -3.779306 16.298569
-1.049331 0.911105 3.184089
-2.109764 0.339836 7.702446
-2.484341 0.405322 6.507299
-7.178761 -1.941322 17.106417
0.237059 -1.672495 3.419631
-1.093909 -1.827811 2.956146
-5.648726 -0.778570 14.282690
0.314910 -2.341084 5.357193
-6.734657 -1.974066 16.426462
-2.247291 0.458856 6.500893
-3.390960 -0.307148 11.577641
-8.421905 -2.222550 18.916443
-1.950883 -2.219177 5.812501
-1.079200 0.900154 3.101943
-6.323212 -3.763272 16.557241
-0.623772 0.926494 3.467301
-4.061676 -2.771645 13.670967
-9.485413 -4.021252 19.759249
-6.328224 -0.958801 16.371630
-8.654048 -2.758785 19.227373
-2.472660 -1.810263 6.218495
-1.662823 -1.246931 9.778253
-7.153626 -2.006483 17.106091
-8.726278 -2.384261 19.346823
-6.899196 -1.056307 16.527021
-0.087203 -1.726411 3.615487
-2.160035 -2.042924 5.767115
-9.309277 -1.586897 20.081930
-8.070325 -4.583027 19.480648
-3.132869 -2.538260 11.676376
-6.610853 -3.782168 16.377974
-8.443102 -3.009927 18.951466
-6.358349 -3.781676 16.464556
0.540128 0.782647 4.567366
-1.385804 -1.947887 3.539062
-6.182671 -3.783201 16.403746
-0.895064 -1.880971 3.145385
-6.331461 -3.768591 16.128748
-1.627950 0.529935 6.564751
-8.652818 -2.271431 19.261766
-6.382811 -3.762341 16.505777
-3.390697 -0.304823 11.578813
-8.684259 -2.274467 19.284395
0.430970 0.879409 4.502915
-5.722444 -3.919027 19.331829
-6.156837 -3.859391 16.415472
-1.632073 0.514240 6.560745
-5.610256 -3.805996 17.748093
-7.758697 -4.294693 21.219488
0.627495 -0.553030 5.509311
-2.979091 -0.874977 4.446410
-8.505733 -2.504574 19.025192
-2.108963 -2.164391 6.003605
-6.012650 -0.955049 16.564581
-1.770483 0.338027 3.393060
-3.162486 -2.746219 9.596046
-0.209531 -2.012402 3.660783
-2.747631 -1.280159 10.157957
-8.457889 -2.689006 18.990969
0.847655 -0.680269 7.017963
-8.659441 -2.273937 19.268414
-6.137871 -3.831008 16.308205
-9.031553 -4.266045 20.525846
-8.449136 -3.011043 18.946819
-0.213491 -1.972996 3.591735
-2.073588 -2.045759 3.715971
-6.250371 -3.797086 16.271822
-2.286029 -2.166839 6.121263
-0.874705 -1.722102 3.025173
-0.923635 -1.890414 3.180082
-6.464542 -3.640802 15.974515
-1.548103 0.536193 6.541128
-8.717478 -3.149358 19.343414
-4.300165 -1.132655 13.056633
-9.468613 -4.369453 19.780918
-6.164553 -0.959246 16.475971
-5.290936 -3.701673 17.976070
-8.681285 -3.442554 19.291435
0.228694 0.664670 5.968590
-0.596030 0.802655 4.487854
-4.565184 -3.597602 16.764610
-3.281320 -2.161203 9.216575
-7.986969 -4.060042 21.214291
-1.960142 -2.229876 6.227198
-6.162330 -3.821350 16.358528
-2.054023 -2.260720 6.120097
-6.150974 -0.966506 16.481579
0.540578 -1.508508 5.562092
-8.622262 -4.431872 19.844547
-3.508347 -0.193422 9.706525
-2.043715 -2.005848 3.648038
-6.307033 -3.775205 16.340214
0.423142 -1.492971 3.559247
0.184145 -1.440301 3.418080
-2.242287 -1.225612 4.621638
0.444016 0.720342 4.948261
-2.075302 0.096146 9.734130
-1.880825 -2.270659 6.415641
-1.703477 -3.038064 10.135913
-6.022418 -0.959498 16.576500
-9.560478 -3.686051 20.299713
-2.019218 -0.679155 4.724619
-2.662570 -0.727884 4.616397
-1.318735 -2.049258 4.854558
-1.483870 -1.756151 4.620203
-8.133675 -4.537797 21.090044
-2.122786 0.517209 6.329814
-7.629585 -1.332576 17.790543
-1.086719 -1.747063 2.793591
-1.041469 -1.910346 3.710384
-1.747531 -2.298821 6.495725
-1.822720 0.314610 3.502397
-1.862141 0.375965 3.533460
-2.104423 0.511897 6.308324
-9.328670 -1.653777 20.366619
-5.772687 -3.698349 17.660124
-0.333057 -1.661052 4.991426
0.748746 -1.003660 7.096456
-5.511880 -4.014221 17.487833
0.995666 -1.779632 7.068554
-1.886048 -2.238620 6.158989
-2.582978 0.062283 9.754192
-6.287675 -3.792767 16.203733
-5.624711 -4.019758 17.413277
-7.077342 -4.234875 19.869854
-6.683627 -3.611582 16.253391
-6.335404 -3.787978 16.095516
-0.198332 -1.752015 3.242795
-7.484915 -3.188644 17.323812
-3.692978 -3.062449 13.618123
-7.835233 -4.473285 21.282366
-1.839874 0.794804 3.462151
-1.909460 -1.989861 3.334455
-2.122463 0.541889 5.985643
0.735095 -0.470181 7.227965
-3.163866 -2.018851 9.099174
-8.853238 -4.313671 20.105539
-0.471829 0.899504 3.488975
-3.131948 -2.077383 8.406510
-8.120957 -4.526440 21.064281
-0.672188 0.617301 6.594883
-1.999700 -2.225394 5.930874
-1.089209 -1.813427 2.800960
-2.117399 0.422139 3.989298
-2.370556 0.464236 6.324356
-1.986161 -2.091271 8.714239
-6.261516 -3.779490 16.532835
-2.147461 0.432193 4.036668
-2.399981 -2.181424 6.237107
0.972527 -0.750608 7.905186
-9.020864 -4.331279 20.051613
-2.969081 -2.748938 9.275809
-8.470484 -2.219646 19.013094
-1.756896 -2.230520 6.005832
0.244148 -1.681871 3.299118
-8.007913 -4.138881 20.804928
-6.387595 -3.767460 16.224833
-7.933150 -4.043820 21.103970
-1.597651 -1.997460 4.196177
-5.308936 -1.060485 10.429148
-2.650646 -0.234402 9.478921
-1.803954 -0.364598 9.467806
-1.782726 -0.368077 9.672749
-5.800889 -3.702188 15.543306
-2.039185 -0.164509 4.722140
-1.829896 0.251042 8.629449
-2.826619 -1.610390 4.318921
-2.116794 -0.704952 4.552460
-2.183956 0.443861 5.772919
-6.535067 -3.849670 16.976864
-1.086685 -1.967784 4.959606
-2.488412 -0.411967 6.825536
-2.056530 -2.069264 3.377924
-1.537274 -1.868397 4.322331
-6.870977 -3.281163 16.564350
0.330022 0.687285 5.629101
-0.587262 -1.484476 7.086334
-6.144061 -3.976609 17.389128
-1.986322 -2.285354 7.877835
-2.971632 -2.478666 8.337393
-5.642193 -3.979826 17.415693
-2.222935 -0.386906 9.395356
-7.602780 -1.694404 21.194590
0.428329 -0.205562 5.720226
-2.146551 0.644411 4.877547
0.321748 -0.291073 5.289686
-2.828433 -2.943151 9.614253
-1.529132 -2.211256 5.642931
-6.858795 -1.265433 18.066826
-0.234194 0.680929 6.015097
-2.118468 -2.133968 3.461976
-1.626280 -2.045239 4.338638
-1.015953 0.737041 4.701859
-2.846295 -2.630922 8.623843
-0.086968 0.629626 5.907671
-3.009937 -1.719130 4.546241
-2.507114 -1.601785 4.334080
-2.084938 0.111863 9.776382
-0.658695 -1.522385 8.018921
-5.193158 -2.696819 18.627998
-2.502806 -1.569916 4.235081
-2.500017 0.451580 6.425670
-8.097221 -4.141409 20.761698
-1.798975 0.626284 5.356903
-1.331038 -1.927700 3.652910
-3.179639 -2.165260 9.102527
-2.077382 -1.084339 5.640740
-1.824188 -1.919632 4.949380
-5.968296 -4.111435 19.534565
-2.876366 -0.628119 7.685850
-1.225841 -2.281750 7.065945
-6.960858 -1.051889 16.831196
-1.403241 -1.983997 4.126307
-0.786177 0.916539 3.571313
-0.690638 0.421142 6.490950
-3.604606 -1.646910 10.164186
-5.042603 -2.046172 18.516361
-3.312791 -0.339145 8.973766
-7.260733 -3.860753 18.315653
-4.304478 -3.052883 13.177679
0.168590 -0.106005 6.115375
-2.527526 -0.074285 4.566012
-2.728576 0.027706 10.036503
-0.901341 -2.124208 8.048673
-0.464193 -2.726396 7.635821
-1.426785 -1.988489 4.125597
-0.516246 -2.380834 6.967603
-3.284331 -1.112851 5.205544
-5.902383 -0.907790 16.193651
-3.485320 -0.829750 13.977310
-1.897032 -1.579712 4.553874
-2.373726 -0.655186 4.554658
-1.506063 -2.019780 3.817157
-1.117322 -2.074423 3.947409
-1.231778 0.736029 4.901542
-6.314416 -1.406185 20.171135
-2.003208 -2.021173 3.638341
-2.415463 -2.348542 4.130463
-1.888208 -1.561433 5.134939
-2.777076 -2.747812 9.504885
-1.947596 0.552792 6.574232
-0.322538 0.881084 4.195284
-2.737749 0.032791 10.064640
-1.929447 0.558775 6.506610
-4.013859 -2.264412 10.863123
-2.230788 -2.155449 3.888874
-2.509733 -0.623500 10.247705
-2.881668 0.022631 10.031708
-1.428102 -1.971898 5.475730
-2.809706 -1.095847 4.604955
-1.884007 -0.836354 4.889852
-1.342667 -2.060704 4.955301
-0.692494 0.773103 4.788121
-2.774714 -0.745869 4.840528
-3.676605 -0.137045 10.054083
-1.870806 -1.836465 5.116205
-2.132587 -1.913208 9.234847
-9.326496 -3.949617 19.137121
-1.335565 -2.015717 4.953262
-2.760149 -1.080518 4.536790
-0.262138 -1.802191 4.648943
-1.158066 0.685169 5.136777
-1.194401 -2.043762 4.286151
-2.395527 0.322879 7.117194
-0.212191 -2.293790 5.731293
-2.985967 -0.608381 4.825002
-3.027110 -0.885697 4.516168
-0.788412 0.879229 3.747513
-1.187305 0.870970 3.534052
-3.107417 -2.794791 13.289254
-3.176026 -1.864091 9.086162
-5.785452 -3.493323 17.729286
-0.668573 0.867100 4.044643
-2.027766 -0.430569 4.722632
-0.787383 0.876181 3.740953
-1.190040 0.872024 3.539781
-3.210466 -2.463781 9.157224
-6.024889 -0.986030 16.895966
-5.109757 -3.034075 18.416019
-1.186737 0.868824 3.531396
-7.086785 -3.866818 17.150955
-0.218922 -2.561935 5.271858
-5.629642 -3.664445 17.872839
-0.321826 -1.766702 5.042552
-2.977841 -0.864259 4.440212
-1.255164 -1.971384 3.731051
-3.082281 -2.752267 9.473450
-2.736152 0.020691 10.102000
-3.215755 -1.049786 8.989095
0.160837 0.549144 6.058805
-2.802253 -2.727018 9.515443
-6.962261 -1.244496 18.890354
-1.448810 -1.986133 3.688616
-1.513747 -2.107759 3.675497
-5.084175 -3.272896 18.338032
-1.701863 -2.144383 3.740147
-1.969529 0.867691 3.686901
-2.902407 -1.059409 4.452820
-5.159276 -2.540881 18.526014
-2.848963 -2.770797 9.735903
-2.952613 0.018053 9.964707
-1.537512 0.838700 3.506597
-2.987001 -2.828723 9.489876
-2.171691 -1.192721 4.526148
-8.105568 -1.172645 18.194654
-1.736658 -2.189655 3.800442
-3.027776 -2.751450 9.791418
-2.107282 -2.047315 3.747054
-6.127295 -1.140260 17.934395
-2.820653 0.017733 10.023137
-3.065054 -2.747389 9.517812
-1.083848 -2.000412 3.838232
-3.107767 -2.209429 8.849900
-7.563865 -3.932997 20.544897
-1.296305 0.782697 3.964333
-7.881905 -3.167384 18.134571
-3.155895 -2.816585 9.468324
-1.952507 -2.245454 7.743343
-2.837595 -2.820982 9.540041
-7.326047 -1.207445 18.048244
-3.576668 -0.882350 10.153778
-3.233349 -1.191250 8.883147
-3.292821 -0.564585 8.947487
-6.170258 -1.110553 18.021254
-3.008494 -2.760318 9.618205
-1.478802 -1.748197 4.611202
-2.939337 -1.143628 4.740994
-5.258079 -2.326537 18.723646
-2.351663 0.008974 10.435856
0.019323 0.581948 6.154278
-3.122889 -2.063296 8.849012
-3.018184 -2.835623 9.403316
-4.086664 -2.177548 11.782812
-4.674942 -1.776886 6.979784
-5.772932 -3.872182 17.840311
0.166163 -2.946610 5.937268
-2.252140 -2.277293 3.983348
-5.814426 -3.545064 17.745646
-2.195509 -0.413524 9.360338
-1.198707 -2.059721 4.390482
-2.079434 0.537145 4.819492
-3.129882 -2.292729 8.746211
-6.722826 -3.682372 17.343666
-0.381176 -1.928162 5.090022
0.158767 -2.945338 5.917924
-2.538713 -2.056311 9.435407
-1.138816 -2.033816 4.217295
-2.376702 0.435841 6.149719
-1.921790 -2.200904 7.607883
-5.341794 -3.585389 17.961891
-2.666085 -1.786515 4.815543
-3.110730 -2.786696 9.542209
-5.769981 -3.870766 17.836096
-1.809023 -0.204296 3.266096
-0.413052 0.689360 6.149822
-5.951835 -4.036635 17.607267
-5.307658 -3.766973 18.094656
-6.475107 -1.035697 17.018042
0.246354 -2.808510 5.770218
-5.082849 -1.071256 18.337616
-2.050998 -1.684877 5.529263
-3.345055 -1.516287 12.453952
-1.771389 -0.226121 3.377165
-5.409946 -3.562704 18.073494
-2.470507 -2.571986 4.168405
-0.310609 -1.929370 5.157090
-3.096274 -2.772738 9.487575
-2.215371 -1.606393 4.491484
-7.357940 -3.972580 17.814695
-2.929899 -2.761218 9.453394
-7.393707 -1.223227 17.339497
-0.060145 0.581014 5.987955
-5.752563 -4.122005 17.868505
-2.567308 0.547819 4.744119
-3.169085 -2.556048 9.116769
-2.483358 0.549333 4.406816
-0.177635 -2.454640 5.095717
-5.356700 -3.598958 17.916498
0.246980 -1.247549 6.308259
0.180237 -0.128751 6.153272
-5.674039 -3.847308 17.877178
-3.153881 -1.912959 8.912077
-3.152123 -1.928955 8.897554
-3.161419 -0.842368 10.506927
-3.825898 -1.176508 13.431442
-4.871504 -1.268362 12.587191
-0.248756 -3.144545 6.296533
-3.749935 -0.392124 10.150166
-3.015554 0.099710 8.263004
-3.481841 -3.032737 14.681016
0.013764 0.568649 6.110342
-0.901681 0.785809 4.475954
-3.073837 -1.811005 8.834089
-5.258608 -3.505352 18.760246
0.042071 -2.839055 5.713420
-5.881768 -2.301743 19.776609
-2.983567 -2.746870 9.497542
-1.178875 -2.051977 4.194187
-2.089168 0.622123 4.766451
-5.460725 -1.486970 18.725965
-0.906474 0.780156 4.468565
-7.554756 -3.989640 18.136055
-4.944600 -3.777177 18.185465
-1.090362 -2.017394 3.848253
-7.704719 -1.181122 17.694304
-2.879161 -2.817619 9.696003
-5.932447 -1.118174 18.160913
-1.181557 -2.002036 3.793672
-2.870958 -2.818849 9.736118
-1.292201 0.800629 4.269364
-3.138518 -2.794872 9.428182
-2.587278 -1.168526 9.686443
-7.391590 -1.224210 18.191893
-3.672961 -2.298786 11.373576
-1.583072 0.776022 4.162621
-4.393363 -2.396458 11.407404
-3.888102 -0.975836 15.774294
-1.144528 -1.988486 4.104971
-1.411869 -2.001072 3.999564
-5.567305 -3.973007 18.058287
-3.235154 -2.034618 9.157549
-2.528097 -0.074963 4.572887
-8.273723 -3.612389 18.563572
-3.594305 -0.034414 9.701941
-5.981976 -3.937716 19.600586
-1.024425 -1.958888 3.791928
-5.331872 -3.262518 16.107807
-3.139029 -1.908324 8.898763
-5.039785 -2.181471 18.377747
-3.125356 -2.241209 8.745907
-3.240772 -2.036669 9.154534
-5.677589 -3.845444 17.873894
-2.588627 -0.580637 6.967413
-1.882441 0.816231 3.545866
-1.782376 -1.749550 4.907335
-1.146262 -2.056576 4.209180
-0.687819 0.767407 4.776467
0.243979 -0.186290 6.197633
-2.240730 -1.201393 4.274685
0.003485 0.909658 4.164781
-3.742343 -0.109935 10.124950
-4.174566 -0.444422 12.385026
-1.205530 0.799395 4.133275
-3.655168 -3.267356 12.552705
-0.906724 0.846244 3.991181
-5.491160 -3.684413 18.021152
-3.342029 -2.827171 9.886011
-6.739749 -2.472120 16.383736
-0.941089 0.842524 3.955140
-1.679282 -2.434897 7.015522
-2.812388 -0.068311 10.762403
-3.008139 -2.785891 10.145167
-3.010584 -2.834449 10.228008
-1.708215 0.771623 3.879678
-3.565441 -2.735348 10.731057
-8.098037 -1.628446 18.577765
0.082119 0.518468 6.278663
0.321265 -0.262392 5.977382
-3.161881 -2.913210 9.902905
-2.621052 -1.152774 4.654365
-1.323404 -1.927062 3.649553
-0.323925 0.878334 4.185013
-3.804957 -0.249436 10.216591
-2.506608 -2.145974 7.102771
0.316201 -0.263456 5.934809
-1.931755 -1.911600 5.211338
-6.529835 -1.059837 17.131428
-3.561585 -2.766415 9.738556
-1.796574 -2.609282 7.455719
-1.152604 -2.013611 4.150957
-3.493840 -0.101119 10.498902
-1.433289 -2.031498 3.759184
0.194595 0.840439 4.834971
-6.292295 -1.062649 17.388857
-0.320805 0.880925 4.192090
0.058198 0.570031 6.246070
-6.301164 -1.061664 17.323559
0.114043 -2.852559 5.768673
-2.679342 -0.056009 10.617262
-3.697025 -0.135433 10.228799
-6.056223 -1.037136 17.300133
-0.377677 -2.823044 5.884987
-2.159137 0.653848 4.899886
-1.718959 0.639687 5.092176
-1.271093 -2.054835 4.526356
-1.406329 -2.057493 4.219838
-1.974501 0.646477 4.831105
-7.129785 -1.245899 18.454741
0.072061 0.877038 4.732453
-2.822924 -2.891762 9.743702
-2.868587 -2.846288 9.640025
-1.924701 0.761191 3.839099
-1.203039 0.839484 3.759274
-7.461688 -1.199400 18.299347
-0.429615 -1.740817 5.203136
-0.898633 -2.383324 6.680930
-2.822068 -0.005224 10.349372
-1.012974 0.823860 4.115971
-3.104316 -2.830875 9.528584
-1.744838 -2.073688 4.565637
-8.259398 -3.338142 18.736084
-2.976171 -0.006782 10.260983
-1.925535 0.761074 3.836838
-2.965505 -2.837487 9.596393
-2.254398 -1.963404 6.574491
-3.601806 -3.330837 13.138766
-2.876166 -2.807141 9.783578
-0.230853 -2.614286 5.378730
-2.998559 -0.014455 10.245772
-0.743076 -2.276963 8.240273
0.188581 -0.670990 6.256571
0.194700 0.840528 4.831427
-5.363921 -0.806882 13.813315
-5.625609 -3.641401 17.892872
-4.495482 -3.021046 12.230670
-2.002871 -1.504191 4.306998
-5.814925 -3.555639 17.820559
-5.883214 -3.083726 16.207624
-2.536990 0.540442 4.702736
-6.275692 -1.057807 17.404041
-1.851197 -0.771164 4.769578
0.085534 0.536195 6.351676
-1.871095 -2.086733 5.203085
-0.341411 0.808818 4.701204
-1.026048 0.741160 4.741735
-3.716429 -1.127988 10.080899
-2.650015 -0.053926 10.752971
-8.197104 -3.613706 18.545027
-3.658629 -0.720001 9.965058
-7.262081 -1.159158 17.471827
-7.878682 -2.361009 18.132122
-1.782918 0.473657 6.230042
-1.192640 -2.035074 4.267688
-3.673907 -0.949488 10.820325
-3.696542 -1.529719 10.343746
-1.147048 -2.055525 4.199665
-3.444095 -2.637847 9.643217
-1.141962 -2.047831 4.175733
-3.173437 -2.802180 9.775913
-1.220882 -2.032678 4.319934
-3.370515 -0.874056 9.911713
-3.260884 -2.770769 9.744781
0.334314 -2.737909 5.814249
-1.561225 0.784224 4.163543
-0.691496 0.773700 4.799801
-1.083453 0.772646 4.352021
-1.180439 0.773328 4.329245
-6.257964 -1.106804 17.831253
0.282031 -0.031394 5.905746
-7.510912 -1.218122 17.541830
-7.021760 -3.959258 17.732582
-1.240857 -2.126775 3.938027
-7.067852 -3.951672 17.616730
-2.978880 -2.786438 9.694120
-1.694506 -0.792599 9.820322
-2.071685 0.477036 6.133080
-2.195078 0.351293 5.781840
-1.980791 -0.982713 5.045675
-3.112159 -2.804003 9.812414
-1.240234 0.677601 5.195403
-2.076215 0.475067 6.131466
-1.028221 0.750045 4.756691
-1.693008 -0.804123 9.815347
-1.174635 -2.111388 4.263124
-5.724656 -3.550382 17.936199
-1.724570 -2.091806 4.761621
-2.070151 -1.356587 5.659119
-3.293247 -2.827092 10.155010
-1.907033 -2.125715 5.261934
-1.236839 -2.061671 4.233450
-1.258933 0.678441 5.187758
-1.160931 -2.125415 4.139874
-1.432477 -2.024766 4.108577
-2.937115 -2.819994 10.028828
-0.596111 0.813603 4.521580
-0.080839 0.824120 4.816144
-2.672214 -0.729909 7.573071
-2.789582 -0.089266 10.706097
-3.212999 -2.499786 9.151554
-3.268250 -1.931711 9.221148
-1.562038 0.739076 4.388439
-3.492582 -1.590667 9.602254
-1.169873 -2.105245 4.231913
-2.753218 -0.038219 10.564794
-2.074655 0.674476 4.552737
-6.222461 -4.262096 18.552114
-3.493076 -1.591306 9.601919
-3.070932 -2.860126 9.754433
-1.178704 -2.048977 4.236782
-3.526361 -2.242587 9.773937
0.324037 -0.039935 5.650302
-1.875967 -2.033265 4.236495
-3.492639 -2.235195 9.728819
-1.317627 -2.378273 7.305850
-7.338367 -1.148211 17.509968
-3.584413 -1.174101 10.071122
-3.291264 -1.946057 9.246192
0.041547 -2.878996 5.770081
-1.444678 -2.003842 4.089948
-6.313759 -1.069511 17.456360
-2.028147 0.569018 6.927048
-1.563786 0.743007 4.388237
-2.944671 -2.825000 9.931458
-6.184204 -1.504422 19.862677
-1.578182 -2.209813 4.408470
-2.597867 -0.052256 10.687541
-2.384615 -0.474528 4.539139
-2.931011 0.104026 8.055624
-1.692995 -0.791748 9.821098
-1.283713 -2.028993 4.788663
0.067375 0.862143 4.696736
-3.474021 -2.687105 9.631623
-1.350881 0.760785 4.336881
-1.186014 0.780851 4.342972
-1.376002 -2.098192 3.860471
-9.002661 -4.355282 20.012489
-0.690252 0.792706 4.630363
-5.741111 -3.662127 15.048258
-8.110636 -2.252803 18.455959
-1.200128 -2.055946 4.314081
-1.200052 -2.156460 3.984764
-1.584868 0.774534 4.163777
-2.635792 -0.034965 10.686993
-1.180248 -2.080956 4.336781
-3.281977 -2.024234 9.232140
-1.394733 0.496999 6.605876
-3.537066 -2.332294 9.801888
-6.990542 -4.154302 20.134462
-3.511317 -2.198325 9.719401
-1.034035 0.755171 4.764646
-5.788373 -3.018268 19.446053
-5.591269 -3.649984 19.188833
-3.557120 -1.723881 9.769260
-1.195972 0.781607 4.362016
-3.365846 -2.609981 9.440866
-3.665763 -0.716418 9.967773
-2.030204 -2.375448 7.055374
-3.661985 -0.134117 10.001805
-0.598033 0.819641 4.526515
-1.572641 0.749146 4.399444
0.579733 -1.437243 6.034979
-1.929555 -0.803211 5.007441
-2.561093 -1.158643 9.663766
-5.450190 -3.562183 18.034075
-0.974173 0.793049 4.427706
-4.734961 -3.292684 12.907515
-5.834009 -3.581350 17.814079
-0.781590 0.061935 8.216030
-0.724885 0.711269 5.228371
-3.819244 -0.236378 10.529766
-1.573495 0.747501 4.399543
-3.984996 -0.176454 10.746315
-6.382158 -3.442652 17.138542
-7.525787 -1.112309 17.420135
-7.304554 -2.362000 17.229164
-8.631917 -4.059716 18.427326
0.526007 -0.645424 6.218658
-1.915866 -2.723450 7.691446
-3.749246 -0.092800 10.194618
-7.103016 -3.910097 17.271196
-1.661477 -1.904602 9.431910
-7.448629 -2.471174 17.448925
-1.887244 -2.755775 11.353007
-1.892358 -3.270826 12.329166
-3.252112 -1.099408 9.208892
-0.969238 0.786744 4.406450
-2.509074 -1.151921 7.095713
0.216685 0.580440 5.836499
-2.619992 -0.034445 10.719879
-3.177479 -2.807939 10.489007
-0.725551 -2.252059 8.591618
-3.681830 -1.101284 10.319143
-3.867373 -0.276322 10.580619
-1.186009 0.780865 4.342302
-1.276282 0.779605 4.224533
-7.360804 -2.938014 17.228519
-2.436491 -2.960843 12.112315
-1.092212 0.783943 4.379018
0.415166 -0.202111 5.610006
-2.529143 -2.197927 7.330513
-3.530116 -0.187389 11.513516
-1.030127 -2.810461 7.712235
0.589605 -1.443932 6.076746
-2.430263 -1.042199 6.873659
-3.653741 -1.543427 10.276896
-1.024167 -2.808646 7.727914
-2.240947 -2.340429 9.836117
-3.182322 -2.847052 10.491768
-2.735195 -2.095645 9.790724
-6.274921 -1.434064 20.247972
-3.070638 -1.905157 8.823730
-1.402408 0.804376 5.721369
-0.166405 -2.729634 5.568539
-3.320714 -2.032854 9.552410
-5.888026 -1.588119 19.565331
-3.026429 0.022015 8.359115
-0.906933 0.794340 4.498240
-5.593180 -3.634581 17.884857
-4.146144 -3.169389 14.504044
-8.032484 -2.447859 18.381624
-3.675932 -1.180618 10.301182
-3.925708 -0.198251 10.663948
-0.597465 0.812308 4.511952
-3.840434 -0.363120 10.557503
-3.669751 -1.173531 10.294556
-3.483167 -2.666136 10.592555
-1.884176 -3.212225 12.185884
-3.907904 -0.179862 10.626523
-1.773386 -2.450736 6.434181
-0.040451 0.663767 5.986518
-3.046232 -0.690550 8.121384
-7.093210 -1.099884 16.968479
-2.307927 0.369352 7.149812
-0.737787 -2.439089 8.574954
-2.754353 -2.013431 8.141955
-3.379949 -2.684852 12.272814
-1.667961 0.409351 7.221658
-4.986020 -0.595056 10.893465
-1.389787 -2.296380 7.496171
-1.514380 -2.382195 6.968140
-3.641798 -2.687380 9.168900
-1.210402 -2.457694 7.061052
-3.470679 -2.653559 10.582743
-2.177738 -2.344378 6.765969
-2.360940 -2.246932 6.159622
-1.755904 -2.350699 6.473230
-2.530477 0.363544 6.618517
-2.562931 0.339338 7.212486
-1.978397 -2.315440 6.814974
-3.516935 -0.158006 9.748347
-3.623178 -2.496384 12.697261
-2.651939 -2.395602 6.936385
-2.162023 -2.319309 6.736637
-0.748998 0.513116 7.230717
-3.382802 -1.000420 9.518496
-1.212510 -2.523937 7.131471
-2.626762 0.219861 7.084479
-3.725882 -1.040124 13.634168
-1.977457 -2.345901 7.283123
-4.056823 -2.334164 11.304214
-2.171028 0.405429 6.862703
-4.157146 -2.923993 12.883741
-1.842065 -2.323162 6.808560
-1.668133 0.407051 7.218429
-1.303142 -2.667977 7.391001
-0.960233 0.143731 9.535165
-4.775267 -2.267800 9.171152
-1.951609 0.399871 7.275294
-1.679298 0.480489 6.889577
-3.022662 -1.391594 8.249155
-5.037642 -3.160068 13.874986
-1.860530 -2.403221 6.854672
-2.184399 -2.352887 6.776426
-2.890031 0.069658 9.223310
-1.285299 -2.619912 7.326048
-2.196527 -2.484681 6.325599
-0.622616 -2.329316 9.087871
-8.030416 -2.242251 18.334921
-1.894227 -2.429464 6.953822
-4.734428 -0.527482 13.491288
-2.177111 -2.365694 6.529298
-2.001639 -2.329345 6.734105
-2.581546 0.333515 6.807776
-1.924269 0.343579 7.609914
-2.104508 0.048642 6.142409
-2.095243 -2.107574 11.795104
-3.461956 -0.548646 9.780113
-1.733595 -2.357585 6.394166
-2.301248 -2.279287 6.571927
-2.212792 -2.205825 6.362440
-0.689425 0.525786 7.043670
-1.343090 -2.127218 7.537401
-2.375659 -2.288827 6.223741
-1.762915 0.294367 8.256914
-1.787798 -2.339878 6.604128
-2.041497 -2.313319 6.410036
-0.795286 0.238277 9.247499
-1.866848 -2.320417 6.316786
-3.647073 -2.612779 11.634153
-2.308359 0.371330 7.137154
-1.708198 0.473532 6.766415
-1.916303 -2.846499 12.207429
-0.832905 0.485833 7.343196
-4.301974 -0.374644 8.704466
-3.643168 -0.298052 11.923779
-0.374017 -2.230964 8.119665
-2.358146 0.354225 7.255361
-2.656927 -2.369011 6.609601
-2.478687 -2.362248 6.459562
-2.397033 -2.288271 6.213174
-2.441050 0.422735 6.532027
-4.480818 -1.986978 12.083448
-0.871262 0.443459 7.564540
-3.569308 -1.628999 10.081818
-2.113230 -2.306959 6.286412
-1.786486 -2.373322 6.579761
-0.867299 0.448113 7.578061
-2.698132 0.324249 7.083139
-1.824519 -2.388391 6.851676
-3.381430 -1.443455 11.932645
-2.024304 -2.344536 6.760342
-2.132487 -2.301479 6.462070
-1.807645 -2.412105 6.632055
-2.177567 0.408533 6.882987
-0.896193 -2.381483 9.645243
-2.380498 -2.295129 6.232334
-2.919142 -0.767188 8.183762
-2.563380 0.333428 7.173747
-2.743242 0.306181 7.133142
-1.845540 -2.419584 6.793545
-2.805635 -2.401680 7.840743
-2.548657 0.272130 7.822140
-4.859469 -1.324309 9.316302
-0.745825 -2.281898 8.215901
-2.258701 0.440278 6.589565
-4.136557 -2.006218 8.406484
-2.853856 -0.346291 12.867274
-2.889120 0.064318 9.225666
-0.744242 -2.264914 8.204560
-2.353645 -2.556026 8.430825
-3.734393 -2.603957 11.795246
-2.859162 0.223266 7.647247
-2.441405 0.425146 6.529183
-2.192886 -2.364341 6.791279
-0.284907 -2.633912 7.507950
-1.816292 -2.621280 11.406142
-1.661444 0.401836 7.200457
-2.180228 -2.328096 6.437160
-2.907070 0.275126 7.659261
-1.680793 0.423865 7.251857
-0.747252 0.509827 7.228878
-2.364869 0.376133 7.133753
-3.322481 0.062383 8.985939
-4.755387 -2.498515 10.879862
-2.177027 -2.391021 6.953558
-2.211014 -2.386749 6.828035
-1.376145 0.508365 6.751022
-1.249187 -2.406786 7.251712
-2.727097 -2.379924 7.806609
-2.658988 -2.371854 6.755553
-2.218644 -2.430407 6.605488
-2.118390 -2.506618 6.533329
-0.381798 -0.580987 8.397233
-2.962192 0.127826 8.140532
-2.656732 0.272990 6.989703
-2.243688 -2.248717 6.395368
-4.805570 -2.743420 10.220066
-1.948117 -1.498140 11.854253
-1.671976 0.471356 6.830671
-2.458829 -2.320424 6.456252
-2.246792 -2.441413 6.500099
-1.855333 -2.432697 6.769485
-1.718737 0.277908 8.978326
-4.897332 -0.999757 9.736259
-1.999177 -2.347823 6.862032
-2.018615 -2.349174 6.850279
-2.541134 0.342121 7.219200
-2.972191 0.138211 8.125566
-3.016971 -2.407582 7.359195
-2.591165 -2.335901 6.452806
-3.176309 -2.424257 9.187263
-2.595604 0.364189 7.002853
-1.984829 -2.341844 6.971801
-2.144629 -2.352826 6.868159
-0.324297 -2.344587 8.395545
-2.628557 -2.553185 8.185787
-2.201881 -2.399023 6.609681
-5.006670 -1.009390 9.923782
-5.096947 -0.695995 9.488203
-1.167243 0.445400 7.176167
-1.948386 0.458874 6.769846
-2.245760 0.292577 8.035355
-0.951366 -3.219532 8.097932
-2.211235 -2.392512 6.634765
-1.829245 -2.431324 6.685439
-2.013685 0.456550 6.755478
-2.243987 -2.390566 6.685000
-1.882713 -2.392702 6.910380
-2.064641 -2.394318 6.834608
-5.035139 -0.323833 9.565159
-1.275701 -2.484472 9.770614
-2.750715 0.317767 7.142838
-0.961078 0.163078 9.683771
-2.589189 -2.332460 6.849686
-1.858660 -2.400707 6.842628
-2.537516 -2.388745 7.705394
-2.905067 0.071960 9.208940
-1.012695 -2.843291 10.224401
-2.247377 -2.248973 6.418885
-5.104549 -0.434096 9.651670
-6.904705 -1.573773 19.130039
-4.155839 -2.260396 11.536056
-2.300423 -2.219153 7.201871
-1.130569 -0.331399 10.179582
-3.390771 -2.883498 10.008970
-4.521490 -0.452035 8.919463
-4.999515 -1.330021 9.869989
-2.694844 0.303884 7.103450
-2.586290 0.203910 8.353099
-2.371263 0.372616 7.160604
-1.282033 -2.603139 10.535053
-2.405863 -2.323707 6.268069
-4.083692 -2.586398 11.649296
-3.316664 -1.978469 9.337555
-1.758366 -2.343342 6.969668
-1.906012 -2.368898 7.047642
-2.580825 0.354430 6.981080
-2.658087 0.334285 7.016686
-3.086535 -2.128891 8.866839
-1.774065 -0.129512 11.859462
-3.064801 -2.490910 8.628227
-1.985235 -2.363892 7.313024
-1.243317 -2.128762 7.474300
-1.705617 0.473155 6.759658
-3.063823 -2.501056 8.720515
-2.428811 -2.708397 9.562052
-1.237709 -2.360286 7.200479
-1.972456 -2.325664 6.939530
-4.639064 -0.846389 11.059078
-2.440757 -2.317719 6.403391
-2.250426 -2.336469 6.757263
-3.700225 -1.642783 10.345978
-5.302695 -2.500486 9.869874
-1.696789 -2.491420 7.078540
-2.150834 -2.337655 6.863188
-1.694893 0.465627 6.850560
-2.300287 -2.622722 13.138429
-1.475935 0.476333 6.888222
-0.425778 -0.705675 8.210682
-2.026432 0.437760 6.742625
-2.177505 0.408980 6.879487
-0.946304 -2.727147 7.372876
-5.009908 -2.154081 18.159994
-3.418614 -2.460354 7.758668
-2.731733 -2.224256 6.450751
-1.161622 -2.079525 7.031505
-1.985220 -2.346319 6.972873
-2.858764 -2.434893 12.097967
-3.078662 -2.500647 8.659669
-2.592149 0.323413 6.867181
-2.256743 -2.339712 6.762505
-2.550415 -2.294418 6.397934
-3.692248 -1.109161 10.282588
-2.340770 -2.343077 6.605540
-2.178230 -2.347024 6.766555
-2.554494 -2.330350 6.874842
-3.893333 -2.932168 13.646615
-0.629693 -2.282202 8.949194
-2.914538 -2.530957 12.334641
-1.180561 -2.145105 7.156720
-1.255314 -2.349689 7.159054
-1.929394 0.357517 7.656483
-4.672873 -0.838511 11.038296
-1.435408 0.490077 6.910120
-1.670254 0.417244 7.253487
-2.917252 0.072836 9.282071
-2.235074 -2.355248 6.623251
-2.870299 -2.397123 6.849129
-3.820431 -2.380181 11.966914
-2.425804 -2.505738 8.456433
-3.440022 -2.052917 9.605219
-1.274592 -2.110251 7.044286
-1.037120 0.154145 10.016993
-2.610934 0.267731 6.929726
-4.829106 -0.341054 9.307285
-2.649923 -2.392552 6.930812
-2.567141 0.365549 6.686755
-2.017503 -1.511513 11.885432
-2.356302 0.375749 7.157927
-1.707971 0.477221 6.767993
-5.173436 -1.002949 10.135232
-5.100578 -0.698154 9.500707
-4.702979 -0.488563 12.433704
-4.753043 -1.325345 12.678741
-2.875518 -1.184165 7.948351
-2.014468 -2.379887 6.899603
-2.659169 -2.405040 6.954487
-0.837827 0.387641 7.855027
-1.246790 -2.138978 7.500709
-1.993415 -2.379904 7.334821
-1.848682 -0.219885 11.586180
-2.634507 -2.302439 6.446427
-2.948153 -2.034724 8.557410
-1.211067 -2.087766 7.192369
-2.296962 -2.393554 6.835377
-2.227850 -2.416344 6.856604
-2.317013 -2.421848 6.873578
-2.573213 0.333927 7.194441
-3.591730 -0.039821 9.007695
-2.837381 -2.455195 11.978662
-3.260042 0.063973 8.820580
-2.311251 0.369374 7.150813
-2.006869 -2.396055 6.680184
-0.751722 0.510473 7.219134
-0.623919 -2.315825 9.160439
-4.420248 -0.101572 8.672553
-1.267268 -2.578621 7.243716
-2.769504 -2.542319 8.375889
-1.822526 -2.408900 6.700841
-5.027665 -2.392463 9.511025
-3.347671 -2.884844 11.701185
-2.654701 -2.356584 6.866158
-3.030418 0.135429 8.134763
-2.139848 -2.257386 7.636077
-2.288304 0.379409 7.160826
-1.124533 -0.377113 10.222029
-3.312528 -2.798667 9.841861
-2.017840 -2.357970 6.975835
-0.941894 0.283713 8.820024
-2.741654 -2.440092 6.988366
-2.912414 -2.329594 7.145988
-2.001988 -2.374312 7.008438
-1.390076 -2.525935 7.182137
-0.434340 -2.640610 7.501474
-1.213054 -2.893050 7.638185
-0.584182 -2.658994 7.490192
-3.326077 -2.852383 11.568100
-1.352134 -2.185321 7.290090
-1.797425 -2.422176 7.080122
-4.922431 -3.115696 13.696734
-3.444588 -2.815891 10.133464
-1.219553 -2.588825 7.234313
-2.142692 0.314310 7.840710
-3.330270 -2.857565 11.561337
-1.329736 -2.155933 7.216227
-1.468567 -2.477630 7.105920
-3.328459 -2.857646 11.569302
-1.209245 -2.070781 7.169340
-2.039333 0.438290 6.815484
-2.518465 -2.331097 6.642722
-2.729381 0.359906 7.128255
-2.172368 -2.331371 6.368811
-2.191701 -2.364579 6.790731
-2.920286 -2.389880 6.978814
-1.473715 -2.452922 7.103422
-2.602509 0.369278 6.774046
-2.874281 0.372941 7.429952
-1.706401 -2.414393 6.960620
-1.161669 0.083202 10.201328
-3.004961 -2.346235 7.067588
-1.811573 -2.380643 7.419104
-3.261548 -2.754373 9.725727
-1.953285 -2.359327 7.159031
-2.044668 0.438225 6.814108
-2.686022 0.340437 7.018724
-1.287565 -2.568261 7.272193
-3.381380 -1.061157 9.449292
-4.075494 -2.349587 12.567066
-1.830501 -2.382812 6.740948
-3.210670 -2.806915 11.425517
-2.889575 0.259421 7.701177
-2.187584 -2.371893 6.407879
-2.550865 -2.478971 7.964827
-2.587765 0.343597 7.214100
-2.766206 -2.539552 8.387356
-0.946334 -2.784259 7.455121
-3.122457 -2.722656 11.147445
-2.534788 -2.348677 6.663534
-1.277257 -2.620460 7.307491
-2.848812 -2.544832 12.212051
-5.081675 -1.544353 9.745040
-1.803002 -2.352681 7.380475
-2.595863 0.368890 6.755470
-2.619852 0.326895 6.881600
-2.013494 -2.367025 6.990280
-1.435505 -0.037098 10.856617
-3.147133 0.024976 8.613830
-1.945503 0.396246 7.252313
-2.020651 -2.359876 6.969464
-2.268754 -2.374774 6.816717
-2.984570 0.088906 9.464475
-1.512470 -2.542227 7.199636
-2.944665 0.132382 8.140346
-1.964623 0.364692 7.515835
-2.587445 0.202322 8.371109
-2.091896 -0.936660 12.631396
-2.397669 -2.288967 6.309921
-3.436692 -2.932683 11.759085
-2.301490 -2.398351 6.837063
-0.964690 -2.857079 8.563295
-3.002119 -2.402557 7.326522
-2.470272 -2.759129 9.734287
-2.801913 0.277850 7.415324
-1.947317 0.398083 7.258707
-2.986866 -2.139658 7.156069
-1.770670 -2.372077 7.005008
-2.632432 -0.067869 10.673144
-1.996330 -2.439011 7.295593
-1.860384 -2.369587 6.864137
-1.933353 0.382268 7.222044
-1.019343 -2.501593 10.016203
-5.034812 -1.329927 9.874358
-2.303823 -0.413717 12.190804
-2.934310 -2.291664 12.394585
-1.974522 -2.702245 9.929024
-2.529277 -2.389666 6.480447
-4.245121 -2.252171 11.886040
-1.388118 -2.495993 7.138479
-1.279212 -2.576287 10.468289
-2.650805 -2.361608 6.597589
-2.585270 0.343818 7.199956
-4.513542 -2.394665 12.566485
-2.211682 -2.385136 6.817877
-0.678149 -2.704147 7.511316
-0.838042 0.409219 7.923509
-2.183359 0.418066 6.898265
-1.942031 0.393255 7.246194
-2.622865 -2.367486 6.901851
-2.699237 0.296284 7.180764
-2.281393 -2.367301 7.160009
-1.469847 0.362355 7.770562
-2.184865 0.416718 6.888027
-3.506310 -2.451201 11.191714
-2.210387 -2.427090 6.497892
-2.284690 -2.370863 7.164770
-4.046015 -2.983064 11.435520
-3.012887 0.211248 8.046639
-1.977792 -2.405697 7.245863
-2.289483 -2.378538 7.175805
-1.961567 0.360060 7.503345
-1.481519 -2.560799 7.225666
-5.153026 -0.641774 10.361299
-2.929303 -2.398233 6.991788
-2.042247 -2.401471 6.837537
-2.190298 -2.389513 6.599137
-2.583277 -2.329094 6.452739
-2.681706 -2.373968 6.892642
-2.716133 0.340460 7.129885
-2.244185 -2.361998 7.191903
-0.746994 -2.344911 8.289375
-3.608106 -0.135704 9.832647
-5.095670 -1.349653 9.986291
-2.716295 -2.375586 6.882086
-2.040025 -2.317299 7.988072
-1.470140 0.374968 7.783869
-1.826032 -2.455058 7.546278
-1.925936 -2.429232 7.458377
-2.178389 0.412430 6.884027
-1.292438 -2.609904 10.111217
-1.337535 -2.735562 7.738334
-2.261950 -2.212669 7.357756
-1.489098 -2.290771 8.168835
-2.001621 -2.371329 7.000803
-2.142248 0.313752 7.835442
-2.537982 -2.342183 6.654745
-2.246572 -2.258725 6.382256
-1.764467 0.387182 7.448750
-0.625618 -2.312460 9.004262
-2.184225 -2.835490 12.073317
-2.386275 0.326719 7.541526
-1.938592 0.394248 7.242105
-4.631954 -1.228218 13.798462
-1.629452 -0.117285 11.256013
-2.437376 -2.310823 6.409817
-3.626931 -1.021925 10.057479
-4.110823 -2.603510 11.725299
-5.093450 -1.251903 18.008961
-0.905575 -2.437086 9.966846
-2.852767 -1.328071 7.919395
-2.671597 0.337308 7.037659
-4.346092 -0.467471 8.679228
-4.383071 -0.368872 8.793971
-4.644406 -1.228768 13.819820
-2.623667 -2.362739 6.898165
-3.938804 -2.132998 11.120949
-3.384465 -0.312860 11.223490
-2.605604 0.208679 8.413949
-2.908693 -1.197271 7.973314
-5.138496 -1.350690 10.025393
-2.207360 -2.387285 6.813540
-1.759221 0.390527 7.460438
-1.768407 0.291445 8.266013
-2.040654 -2.387602 6.820438
-5.065703 -0.323277 9.678987
-2.168215 -2.328257 6.744188
-1.852188 -2.348250 6.850122
-2.016378 -2.342982 6.768661
-2.523722 0.361267 6.644152
-1.166146 0.135059 10.521436
-1.894104 -2.384594 7.393140
-1.682542 -2.404841 6.949840
-2.497305 0.389370 6.719578
-2.026578 -2.377062 6.989513
-2.448559 -2.296308 6.381906
-1.730396 0.444643 7.073503
-2.014106 -2.347294 6.768804
-2.443455 0.343694 7.537004
-2.419939 -2.271849 6.415326
-2.924104 -2.397232 6.938744
-2.836649 -0.253443 11.670076
-1.312157 -2.686871 10.274952
-2.957669 -3.434322 11.463265
-1.539920 -2.634159 10.436434
-4.250219 -2.282425 12.070480
-4.056959 -3.013435 11.458944
-1.778542 -2.348973 7.391329
-2.281299 -2.317889 12.792526
-1.018261 -2.472269 9.118650
-3.194897 -0.782398 13.088178
-2.807409 -2.454802 7.483819
-1.524264 0.307297 8.157198
-3.415455 -2.816914 10.059210
-1.714976 0.434327 7.087756
-2.283417 -2.442905 7.861102
-4.227201 -2.252093 12.245105
-1.726274 0.436363 7.061156
-1.018692 -2.439538 9.041072
-2.659273 0.333762 7.013910
-2.708420 0.318578 7.110713
-2.243736 -2.362576 7.205701
-2.368698 -2.362080 7.171096
-5.428588 -1.619542 10.215320
-3.305183 0.051438 9.006997
-1.968073 -1.467902 11.660233
-3.365153 -2.779879 9.974468
-3.027615 -2.162798 7.200203
-2.967405 -2.442055 7.053966
-2.166592 -1.033045 12.796943
-3.828983 -3.312525 15.389145
-3.490934 -2.637873 12.455162
-2.455595 0.281745 7.546799
-1.607661 -2.868604 11.293145
-2.503817 0.393280 6.800282
-2.711462 -2.413342 6.954504
-4.191019 -2.602327 13.034527
-1.763661 0.388499 7.457497
-2.186903 0.422279 6.904438
-1.853022 -2.564328 7.259594
-1.487091 -2.298228 8.181914
-2.484577 0.302749 7.605126
-3.364576 -2.780728 9.983959
-1.334141 -2.451035 7.614269
-4.202660 -0.028699 9.225065
-2.627840 0.255240 8.105446
-2.915476 -2.431329 7.435009
-3.057151 -0.498229 12.586631
-1.209292 -2.513668 7.773183
-2.262249 -2.384328 6.877128
-0.954366 -3.076018 8.914332
-2.173455 -2.350623 7.710863
-3.677788 -0.514364 10.224600
-2.611992 0.367732 6.855379
-2.051400 -2.471565 7.134361
-2.061217 -2.443391 7.066980
-2.439049 0.327117 7.478148
-1.274467 -2.131954 7.548868
-2.188728 0.420316 6.898853
-1.201400 -2.568723 10.778352
-2.574472 0.377330 6.743701
-2.162040 -2.393765 7.286430
-2.686026 0.323134 7.101301
-2.032742 -2.431273 7.076210
-1.736513 0.441562 7.126114
-1.469110 0.371397 7.768851
-1.991793 0.447233 6.876826
-1.310857 -2.603690 7.512167
-2.376976 -2.351907 6.731413
-1.176666 -2.332860 7.437464
-2.302665 -2.392623 7.197858
-2.549445 0.320017 7.199659
-2.901163 -2.377866 6.660925
-2.272196 -2.487699 6.936352
-1.178880 -2.332005 7.446240
-3.505022 -2.674518 9.900573
-2.892833 -1.392602 7.965526
-2.083168 0.421547 7.003644
-4.359632 -1.232562 8.669682
-1.843458 -2.546731 7.224782
-3.233077 -2.315632 7.427677
-2.704456 0.252751 7.213830
-2.244538 -2.428509 7.128780
-1.286699 -2.189882 7.647679
-2.102906 0.421169 7.019310
-1.177718 -2.106028 7.199855
-3.992007 -1.932522 8.226010
-2.847856 -2.621179 8.626740
-4.327454 -2.083626 8.612607
-2.959081 0.050504 9.467846
-4.263458 -1.215348 8.559973
-1.176177 0.064981 10.182349
-2.595603 -0.329177 13.087884
-0.758693 -2.363946 9.018427
-2.857193 -1.331825 7.936640
-3.558020 -1.190084 10.010071
-2.309878 0.241528 8.357855
-4.168441 -0.921538 8.772630
-2.965201 0.060044 9.469913
-2.046743 -2.326181 8.014900
-3.164069 -1.856524 8.995352
-3.443875 -1.553520 12.832726
-2.323683 0.241250 8.350101
-3.438927 -2.221283 8.866880
-2.350500 0.246527 8.363302
-3.181439 -2.892675 10.461392
-2.323629 -0.462976 12.365018
-2.187815 -2.423831 7.215437
-2.153412 -2.443899 7.090689
-2.343515 -2.402859 7.001344
-2.643084 0.363430 6.931306
-1.251569 -2.245856 7.690462
-1.285823 -2.127702 7.156710
-2.100874 -2.208763 7.417538
-3.228725 -2.274659 7.003519
-1.348845 -2.189632 7.285982
-2.312908 0.375911 7.162419
-2.308347 -2.209625 7.241317
-2.523115 0.405147 6.578948
-1.961440 -2.304044 7.251064
-1.195059 -2.156208 7.231806
-2.374341 -2.316804 7.334703
-2.459963 -2.371277 7.051183
-3.649095 -1.615146 13.541562
-2.009327 -2.408855 7.380613
-1.551924 -2.673235 10.547059
-2.508692 -2.373103 7.214687
-2.818088 -2.405619 7.862442
-2.004541 -2.463721 7.284215
-1.741386 0.434146 7.137964
-2.035712 -1.524541 12.050840
-2.016587 -2.414709 7.382046
-2.153871 -2.262687 7.507351
-2.519989 0.401317 6.745464
-1.997545 0.441849 6.881163
-3.308349 0.055426 8.956144
-3.205159 -2.425852 7.104217
-3.266240 -0.174412 11.826913
-3.094196 -2.512363 8.693108
-1.358989 -2.263307 7.375438
-4.420539 0.050581 8.651359
-3.028271 -2.302549 7.146101
-4.244744 -0.543312 11.454235
-4.686773 -1.250096 13.965279
-4.084754 -1.171671 8.639061
-1.593749 -0.096864 10.914907
-3.185856 -0.165272 10.828666
-1.875968 -2.725799 11.320686
-3.172597 -2.721260 11.175681
-2.117550 -2.380540 7.282655
-2.335830 -2.529666 8.192555
-2.530239 0.376313 6.592311
-4.424269 -0.102893 8.678070
-3.316256 -2.030596 8.634192
-1.892163 -2.161458 7.389372
-2.093387 0.412384 7.035999
-3.067930 -2.207738 7.238059
-2.596849 -2.128836 6.959433
-3.613791 -0.947819 9.974872
-4.129523 -1.175029 8.653554
-2.600895 0.350085 7.230715
-3.093466 -2.419054 7.174337
-3.336063 -0.350602 11.912345
-2.844563 -2.266183 7.108466
-4.007594 -2.469417 12.565880
-2.054528 -2.356567 7.275373
-2.449495 -2.354984 7.032410
-4.290265 -2.071050 8.574049
-3.002996 -2.141930 7.170574
-3.431604 -0.787200 8.797182
-4.626204 -1.833852 16.373262
-3.603952 -2.488141 12.644417
-2.744926 -2.395545 7.846837
-1.131759 0.156266 10.548016
-2.932734 -2.396387 6.968372
-4.103825 -2.597791 11.762005
-2.960845 -2.116984 7.124413
-2.755069 0.324127 7.210689
-2.281704 -2.355613 6.991290
-2.837117 -1.317590 7.823851
-1.766228 0.298374 8.265378
-1.030337 -2.628938 10.211957
-2.759155 -2.396877 6.921286
-1.538089 -0.059896 11.195811
-2.949758 -1.398782 8.081499
-4.263772 -3.033682 13.103810
-2.441325 -2.444798 7.284369
-3.024461 -2.437928 7.280942
-3.043549 -0.512310 12.536835
-2.620080 -2.360933 7.051155
-2.440264 -2.442427 7.281476
-2.418176 0.301923 7.605070
-2.640962 -3.013762 11.780001
-2.845737 -1.951462 8.369195
-2.610281 -0.068943 10.631658
-1.913083 -2.197513 7.453115
-4.358534 -1.215012 8.957177
-1.472297 0.386940 7.798711
-2.683678 -2.391586 6.859492
-2.449126 -2.427843 7.335945
-1.910875 -2.200708 7.453590
-3.011089 0.159092 8.160139
-4.336429 -0.379039 8.733407
-1.917344 -2.194366 7.451941
-2.489169 -2.808633 11.838525
-4.502741 -0.372089 8.892417
-2.280943 -2.457236 8.198950
-2.756077 0.316716 7.268203
-1.525071 0.324304 8.184572
-1.250221 -2.062132 7.055852
-2.892111 0.275120 7.638852
-2.347530 -2.549736 8.435962
-3.384212 -2.598021 8.416079
-1.287236 -2.038286 7.052741
-2.426242 -2.502548 8.453262
-5.030150 -3.159273 13.879120
-1.992740 -2.246097 7.832424
-1.392566 -2.507593 7.742260
-2.754333 0.239924 7.354067
-1.476988 0.319225 8.096803
-3.302189 -0.770958 8.585425
-2.286265 -2.420863 7.267863
-1.989142 0.319782 7.764741
-3.131750 0.276365 7.408881
-2.674234 -2.408801 7.188533
-2.565897 0.351898 7.203986
-2.283877 -2.414889 7.261413
-2.970300 -1.227371 8.035284
-2.071560 -2.523369 7.180887
-2.101794 -2.524663 7.165196
-2.741784 -2.429760 7.415342
-1.954911 0.401808 7.277723
-4.055888 -0.459318 11.878461
-3.356683 -0.019914 9.277869
-3.374055 -2.744228 12.599311
-4.138175 -0.547777 11.248572
-2.509393 -2.428146 7.129432
-2.849860 0.266365 7.588654
-2.961558 0.024218 8.198847
-3.591642 -1.797952 13.567066
-1.502365 -2.355496 8.306025
-2.414482 -2.464946 7.160470
-2.496258 -2.438855 7.047882
-1.176919 -2.076316 7.097291
-2.498069 0.310120 7.597538
-1.543921 -2.634824 10.595802
-3.566251 -0.791270 9.001065
-2.923112 0.008761 8.131849
-3.585354 -1.816574 13.566847
-2.842642 -2.492594 7.543441
-3.373211 -0.092998 8.631301
-4.181642 -1.181951 8.717853
-3.052457 -0.045524 8.524980
-2.460602 0.323227 7.654588
-2.405408 -2.409486 7.244219
-2.372469 0.241263 8.459477
-2.287006 -2.206832 7.172405
-2.358993 -2.500714 8.275025
-3.486992 -2.153852 8.925558
-3.934562 -2.260845 8.987373
-3.029472 -2.446061 7.274382
-3.013682 0.129177 8.104319
-3.219444 -2.142070 9.050650
-2.805902 -2.496225 7.536823
-3.481595 -2.162500 8.928938
-3.632538 -1.518778 10.212431
-1.133315 -0.302437 10.365302
-1.474125 0.379490 7.792879
-2.996509 -1.922108 9.084114
-3.021774 0.030576 9.605684
-3.912832 -2.259770 8.998497
-1.463246 0.336738 7.707695
-1.523101 0.322434 8.176517
-2.360029 0.348054 7.260412
-1.160959 -2.200135 7.205264
-2.046034 -2.321323 8.009398
-2.596469 0.208367 8.383320
-0.949971 -2.526884 7.898022
-0.890344 -2.502190 10.001392
-2.923568 0.271819 7.720782
-3.199018 -2.443209 7.796351
-1.014516 -2.472468 9.895046
-1.332901 -2.087947 7.471495
-2.207170 -2.393067 7.268778
-2.535141 -2.504763 7.887056
-2.298100 -2.392377 7.192291
-2.835322 -2.743726 9.711808
-3.957997 -1.765149 14.209114
-2.977701 0.265621 7.861080
-3.157365 -0.350847 11.662229
-2.959267 -3.427490 11.405094
-1.277702 -2.176821 7.127090
-2.317555 -2.531635 7.200013
-2.207247 -2.479027 7.951550
-0.949033 -2.529886 7.904138
-2.727728 -0.371736 12.310210
-1.896396 -2.183336 7.421849
-2.195193 -2.350783 7.596163
-1.984396 -2.421507 7.269186
-0.955042 -2.555857 8.006273
-2.746176 -2.413145 7.486781
-2.523256 -2.447754 7.153905
-1.469470 0.380017 7.794670
-2.436668 0.322205 7.623821
-3.294643 -2.491741 12.379696
-2.664693 -2.410945 6.984550
-2.939177 0.229805 7.831359
-3.728590 -1.225309 10.352394
-2.527622 -2.449635 7.161594
-2.983803 0.019292 9.543194
-3.033323 -2.566714 12.321157
-1.985720 -2.419723 7.268860
-2.649034 -2.419393 6.997818
-2.881891 -2.516890 7.651556
-3.078727 -1.799129 8.830723
-3.340573 -2.747508 9.902241
-2.461136 -2.431268 7.496519
-3.439049 -0.198502 9.577456
-2.261346 -2.801066 11.050282
-2.174681 -2.418010 7.315797
-2.721188 0.298014 7.216254
-2.926213 -2.537760 12.381498
-3.065110 -2.777461 10.151310
-3.273219 0.110645 10.209067
-1.292266 -2.634170 10.140147
-2.745722 0.224800 8.484648
-4.413311 -1.226764 13.518288
-2.379954 0.223721 8.547663
-1.478924 -2.576098 11.088117
-1.280074 -2.114382 7.123945
-3.651766 -2.863398 10.601527
-3.599017 -1.641819 10.154749
-2.957145 0.294927 7.760538
-1.472393 0.373638 7.798858
-2.203707 -2.429824 7.950771
-4.138583 -1.343645 8.650307
-2.554436 0.284245 7.839798
-3.612308 -2.816940 10.490415
-2.740294 -2.411866 7.115037
-3.381644 -2.924623 11.824225
-2.781880 -2.720619 9.699734
-3.489253 -2.656702 8.641294
-2.299124 -2.394383 7.192069
-2.287737 -2.874300 11.238858
-2.549512 -2.717146 9.090176
-1.479289 0.352468 8.158239
-2.793671 0.278619 7.390644
-1.341342 -2.118839 7.527510
-3.383177 -2.079931 8.741192
-2.957711 -1.427773 8.070743
-1.171533 -2.147501 7.233458
-1.886803 -2.766284 11.369912
-4.379768 -2.366097 12.028118
-2.336502 -2.407504 7.820307
-3.000909 0.020431 9.606500
-3.866875 -0.334643 11.578525
-3.473388 -0.174357 9.555074
-2.271649 -2.855340 11.186404
-2.337470 -0.496509 12.379968
-2.430943 -2.396480 7.308524
-2.443130 -2.506486 7.207939
-3.594881 -1.502042 10.141698
-2.795656 -1.642666 8.285399
-2.762275 -2.861490 9.487037
-2.765978 0.305669 7.318280
-2.918864 -2.769733 9.995760
-2.131463 -2.201570 7.347764
-2.289856 -2.485469 8.035260
-4.002439 -0.086563 8.811013
-0.965274 -2.424646 7.782547
-2.511886 -2.431581 7.917031
-3.555950 -1.642194 13.160962
-2.757950 0.316719 7.274008
-2.779210 0.274692 7.367139
-2.380321 -3.009884 11.619939
-3.224621 -2.924474 10.742254
-1.947345 -0.251763 11.904372
-2.541839 0.303355 8.934686
-2.187757 -2.275428 7.538244
-2.319141 -2.424641 7.229965
-1.709011 0.258102 8.856381
-2.593632 -0.083367 10.507976
-2.038324 -1.524865 12.136527
-4.103027 -0.482987 11.095668
-2.284533 -2.440402 7.906079
-1.975152 0.278896 8.029278
-1.051040 0.407864 7.897892
-0.940807 -2.523911 7.886242
-4.868588 -2.314334 17.964273
-2.539299 0.272060 7.753719
-1.298975 -2.077699 7.162133
-0.745488 -2.427389 9.172009
-2.568828 0.354031 7.283056
-2.628970 0.336039 7.131726
-2.768131 0.257218 7.398954
-2.301728 -2.395260 7.205889
-2.607980 -0.072131 10.631448
-1.762692 0.287544 8.260434
-1.033894 -2.498201 9.854169
-3.104985 -2.310933 8.965307
-2.810842 -2.328992 7.222766
-2.328094 -2.258228 7.244639
-1.470442 0.385288 7.798272
-1.314736 0.095367 11.099275
-1.284361 -2.658464 10.228041
-4.451584 -2.307326 13.380881
-3.252802 0.037254 8.970066
-1.275161 -2.075746 7.085388
-3.142491 -2.359244 9.121211
-2.821410 0.276944 7.456485
-2.677582 -2.192887 7.062593
-1.975025 -0.252731 11.973578
-1.123527 -2.475017 9.125980
-2.150128 0.306889 7.852943
-3.588338 -0.042224 9.014706
-2.394721 0.291104 7.585763
-2.399144 -2.420063 7.220009
-2.547150 0.344393 7.233720
-2.763767 0.285592 7.339567
-2.904265 0.192690 7.850510
-3.028014 0.133043 8.154478
-2.285485 -2.327671 7.536781
-1.971900 -2.338217 7.277863
-2.968510 -0.325755 12.054219
-1.759746 0.280278 8.236994
-1.928767 -0.192589 12.180158
-1.514262 -2.695226 11.495658
-3.074381 -1.413913 8.238231
-1.170049 -2.070418 7.077497
-1.765619 0.290792 8.273932
-1.283251 -2.058372 7.074759
-1.638217 -2.744467 11.465038
-1.846942 -0.329444 10.904131
-3.768612 -0.257882 10.417468
-1.921349 -2.232829 7.492005
-2.726195 0.258620 7.290458
-1.017465 0.154090 9.924633
-2.726614 0.217710 8.410134
-1.012773 -2.497110 9.169191
-3.003913 -0.768812 8.340759
-1.848433 -0.197330 11.795724
-2.838871 -2.919595 12.150061
-2.315368 -2.920616 11.315962
-2.720310 -2.388143 7.838696
-2.361417 -2.505558 8.485871
-3.933157 -0.900334 8.454813
-2.689796 -2.719739 11.505145
-2.760754 -2.276745 7.936981
-3.128623 -2.469280 7.915872
-4.242392 -3.026178 13.079625
-2.763507 0.268253 7.385255
-2.388276 0.314455 7.538360
-2.402991 0.215531 8.556941
-0.934909 -2.605540 8.021785
-3.829972 -2.205051 8.847855
-3.037502 -0.054112 8.508023
-3.235077 -2.506097 7.785205
-1.004935 -2.499356 9.264270
-3.906786 -2.705257 12.138737
-1.232029 -2.043252 7.089157
-1.530607 0.295668 8.134902
-2.755573 -2.448457 7.460738
-2.344278 -2.367772 7.622068
-2.896718 0.220495 7.790984
-2.925940 -1.358375 8.048299
-0.901200 -2.451540 9.881002
-1.232725 -2.047909 7.092561
-2.339775 -2.439625 7.776806
-3.575354 -1.605163 10.107104
-3.419598 -2.195161 8.827995
-3.032656 -1.716812 8.703320
-3.834803 -2.995515 11.497149
-3.401685 -2.710864 12.458655
-2.364278 0.359896 7.263814
-2.166369 -2.445147 7.832961
-2.018412 -2.377192 7.194860
-2.804682 -2.426590 7.132542
-1.244430 -2.175154 7.563485
-2.793219 0.325795 7.195023
-4.327429 -2.305574 12.361565
-2.726403 0.273776 7.230583
-2.766325 -2.601619 8.269749
-3.944982 -2.649255 11.204625
-3.017408 -2.438813 7.239279
-1.239736 -2.082715 7.146228
-1.969906 0.353404 7.574020
-3.843894 -2.351780 12.002353
-2.615485 -2.786562 11.491661
-2.410498 -2.483020 8.423975
-2.315428 -2.495710 8.122970
-2.919942 -2.449757 7.603259
-3.026179 -2.458435 7.264780
-2.936335 -2.369225 7.166691
-2.358053 -2.315599 7.310219
-2.231292 -2.408179 7.758064
-2.725729 0.272272 7.259843
-2.749331 0.264434 7.339590
-2.325573 -2.237918 7.268384
-2.750483 -2.420543 7.480585
-2.813503 -2.435196 7.542636
-2.794001 0.270841 7.401123
-3.539455 -2.491374 10.012821
-2.774738 0.270633 7.352892
-3.589602 -0.801921 9.047650
-2.903339 -2.322638 7.176433
-3.309592 -2.396086 7.514606
-1.706295 0.218552 8.719211
-3.341670 -0.213298 9.321376
-1.083683 0.114305 10.055414
-3.637701 -1.524115 10.218244
-2.339304 -2.482930 8.108434
-2.481864 0.307643 7.591562
-2.107150 -2.909923 10.618213
-4.171410 -1.183441 8.716443
-4.161114 -1.183289 8.705371
-3.368231 -0.207589 9.367248
-3.703773 -2.670066 11.836081
-1.549296 0.327200 8.197832
-2.029865 0.127357 9.447699
-1.109854 -2.952914 10.245274
-3.934377 -1.775277 10.844821
-1.433086 0.026167 11.241302
-1.942599 -2.727310 11.861357
-2.070972 -1.019177 12.016302
-3.713968 -0.597518 10.350024
-1.758956 0.282840 8.244967
-4.361311 -0.367664 8.772316
-2.297638 -2.504261 7.984925
-2.332845 -2.274885 7.258109
-1.479529 0.332056 8.132380
-3.868240 -1.663504 13.853893
-2.676399 -3.078401 10.509982
-2.668098 -2.542190 8.158664
-2.594375 -2.539095 8.089401
-3.118285 -2.425687 7.615746
-2.951050 0.243094 7.841383
-2.991213 -0.365066 12.089452
-2.433239 0.309444 7.616227
-2.603451 -2.485669 7.833614
-2.372089 -2.494185 7.883379
-1.789280 0.268851 8.400213
-2.814449 -2.412103 7.847807
-2.710670 -2.213516 7.855337
-2.683973 0.321555 7.049737
-2.946834 0.185634 7.922973
-2.550322 0.280470 7.805939
-2.472472 -2.495659 7.820406
-3.380728 -2.467975 7.568323
-2.302843 -2.479883 7.893275
-1.942948 -1.497767 11.790253
-3.309165 -0.224996 9.266602
-1.019423 -2.412683 8.977544
-3.304883 -2.275499 7.384995
-1.939804 -2.292408 7.570437
-3.096799 -1.248222 8.324420
-3.643529 -1.615329 13.505010
-2.977912 -2.497694 7.740829
-3.209694 -2.503723 7.734059
-4.295864 -0.476327 8.627120
-3.194627 -2.485237 7.710620
-4.282808 -0.473316 8.616082
-1.116289 -2.938319 10.206008
-3.361704 -2.771939 9.968628
-2.798013 -2.464889 7.567369
-4.339629 -0.468026 8.681341
-2.803942 0.224636 7.497696
-3.113184 0.027809 9.785906
-2.279118 -2.483173 7.869919
-2.304639 -2.485792 7.825110
-1.479549 0.335458 8.141750
-2.877868 0.240519 7.668649
-3.958345 -0.690681 8.896995
-2.524752 -2.838087 12.011423
-2.244779 -2.792260 11.016539
-2.529960 -2.452718 7.603936
-2.499375 -2.364466 7.224704
-2.787300 0.267124 7.440139
-1.243491 -2.264799 7.703450
-2.449653 -2.378619 7.418583
-2.503593 -2.365588 7.230964
-4.353534 -0.123736 8.420185
-2.531127 -2.452241 7.599501
-1.997947 -2.303610 7.597815
-2.280944 -2.434322 7.701805
-2.218360 -2.372424 7.590211
-1.997784 -2.303282 7.599036
-3.961523 -0.689558 8.892394
-3.747142 -1.219513 10.416326
-4.165796 -0.916153 8.764736
-2.176773 -2.300887 12.282549
-3.605757 -1.212584 10.147273
-1.394586 0.060104 11.280105
-4.098557 -1.354571 8.766108
-4.485315 -0.462007 8.837568
-2.348978 -2.512770 8.073356
-1.708454 -2.981040 10.046316
-2.833006 -1.840171 8.066289
-2.369030 -2.519045 8.314743
-7.772056 -3.942950 20.708548
-1.273257 -0.019959 10.159803
-2.854859 -0.062591 10.263231
-3.625488 -2.804668 10.555406
-2.284665 -2.495930 7.875662
-2.754352 -2.562379 8.266322
-5.422280 -1.257598 18.784748
-2.910090 -2.399064 8.268339
-3.179426 -2.538555 7.900895
-3.178908 -2.538949 7.899665
-2.500090 -2.547508 8.235672
-3.009520 -1.922952 8.353287
-2.632299 -0.363370 12.578129
-2.362111 -2.545829 8.262805
-2.330175 -2.527952 8.157512
-2.347825 -2.563393 8.083701
-1.826277 0.241589 8.596705
-2.937171 -1.749646 8.010519
-2.701127 -2.549619 8.099359
-2.915753 0.188392 8.393744
-4.663152 -2.476717 13.324290
-2.949905 -0.788522 8.205917
-2.923962 -1.390191 8.020190
-2.343272 -2.554113 8.349007
-2.302628 0.239170 8.363999
-2.336167 -2.541459 8.195322
-2.933734 -0.767528 8.212922
-2.905669 -1.391650 7.984460
-3.007899 -1.390908 7.996166
-2.867791 -2.458824 7.916033
-1.948841 0.265349 8.455012
-4.993844 -1.236827 17.672974
-2.612034 -2.552634 7.792468
-2.683626 0.232190 8.137030
-2.952589 0.193336 7.926164
-3.033925 0.131103 8.140139
-1.198580 -2.521744 10.650194
-1.142257 -0.398662 10.165755
-3.738820 -2.185351 10.471106
-3.137446 0.124764 8.458961
-2.595722 -2.643162 9.017307
-2.023392 -2.392950 7.832752
-5.685879 -1.521457 14.824618
-3.531955 -2.487399 9.992309
-1.921673 0.185569 9.101529
-4.181897 -0.566112 11.370865
-3.814327 -2.078223 10.598017
-2.322976 -2.531700 8.318157
-1.832445 0.247316 8.626993
-2.595213 0.213506 8.393521
-2.924925 -0.770861 8.210403
-2.947453 -0.773205 8.238105
-2.949521 -0.771681 8.237469
-3.958320 -0.451449 10.798181
-0.894542 -2.817849 9.897547
-3.308564 -0.124589 11.182753
-3.223340 -0.081161 10.342308
-1.711985 0.244842 8.786464
-4.933559 -2.334905 13.146591
-2.180774 -1.621379 12.856558
-1.829457 0.256622 8.626881
-2.766040 -2.579350 8.287914
-2.356967 -2.509636 8.144007
-2.435612 -2.519061 8.479671
-2.723691 -2.696254 9.375987
-1.567890 -0.066091 11.329069
-2.967619 0.129304 8.138840
-1.138961 -0.319602 10.388149
-2.983683 0.140211 8.153701
-1.864475 -2.692154 11.237649
-0.886246 -2.496250 9.956607
-4.965482 -2.523358 13.255372
-4.057919 -2.644549 14.514178
-3.244100 -0.077222 10.386114
-3.845575 -0.286534 10.556941
-3.277709 -2.763336 9.757997
-2.452673 -2.588920 8.441929
-2.390708 -2.563169 8.570843
-3.169335 0.121855 8.623468
-2.947028 -2.411237 8.385657
-7.927588 -1.682301 21.398342
-3.487880 -0.074403 10.243756
-2.504703 -2.600990 8.856462
-3.638751 -2.075105 8.716321
-3.198854 -1.466660 8.226986
-3.400837 -2.805561 10.044685
-1.829476 0.251573 8.629637
-2.942985 -1.728747 8.009850
-3.349560 -0.161751 9.333136
-0.903089 -2.433171 9.963303
-2.760302 -2.411661 7.858135
-4.113447 -3.235865 12.025126
-2.782302 -2.592934 8.316964
-2.879998 -1.350736 7.916173
-2.867828 -1.330856 7.901716
-1.112409 -3.003043 10.344893
-3.618221 -1.014645 9.955326
-3.663366 -1.111379 10.238344
-2.580663 0.134523 9.189640
-1.527040 -2.615492 10.523099
-2.827024 -1.170580 7.751446
-1.354713 0.017077 10.806308
-3.253800 -0.490277 13.321091
-3.088206 0.112859 8.719872
-5.580541 -2.696619 14.459643
-3.645166 -0.391185 12.951361
-2.780548 -0.063344 10.734610
-2.752959 -0.069223 10.649030
-3.248580 -0.489326 13.323498
-4.827083 -3.066908 13.245057
-3.341054 -2.753267 9.916310
-3.263032 -2.161640 9.130812
-2.340084 -2.615604 8.347289
-2.587237 -2.622411 8.684193
-1.352160 0.253535 9.028688
-4.220923 -2.997678 12.993178
-2.191829 -2.723147 8.510986
-2.876967 -2.608028 8.739819
-2.904394 -1.702855 8.135030
-2.888166 -1.782832 8.113514
-3.081959 -2.352548 8.705480
-3.340707 -2.894828 11.730300
-3.618896 -1.654369 10.185191
-2.892400 -2.632867 8.694740
-3.247586 -0.081031 10.426655
-2.766523 -2.638064 8.206120
-2.904274 -1.681578 8.137512
-1.920787 -2.858163 12.235511
-3.574783 -0.900767 14.590210
-1.202453 -2.487558 10.547900
-3.672005 -3.207232 11.583949
-3.843646 -0.606298 10.718938
-3.295846 -1.017212 9.355858
-3.937403 -3.080566 11.617126
-2.461307 -2.536850 8.171310
-3.358891 -3.489591 13.613092
-3.511047 -2.495560 9.962892
-3.034209 -2.729303 11.261262
-2.469865 -2.577714 8.883397
-2.105413 -0.949790 12.641817
-5.323744 -3.235582 15.963037
-1.560850 -2.972999 11.374730
-2.871226 -2.345775 7.919337
-3.897478 -0.621785 10.831635
-2.554640 -2.580581 8.277966
-2.867637 -2.577516 8.232933
-2.406881 -2.535225 8.509421
-3.256437 0.058467 9.006365
-3.102337 0.138090 8.381670
-2.885562 -1.351355 7.912799
-2.755347 -2.279433 7.917983
-2.373457 -2.532881 8.518538
-2.599817 -2.562428 8.474028
-3.761136 -0.105119 10.155046
-3.518205 -2.527106 9.969215
-2.123749 -1.540485 12.805518
-2.886397 -1.245083 7.887956
-2.789101 -2.611699 8.328378
-5.527865 -2.854712 15.540110
-2.894377 -1.248782 7.896204
-3.334390 -0.332926 12.220766
-1.261474 -2.692099 10.190856
-2.873419 -2.389299 8.156789
-3.246070 -2.782877 9.701160
-2.926065 -1.835418 8.161011
-2.042408 -0.258860 12.285991
-0.973608 -2.626897 10.314086
-2.865531 -1.217087 7.915658
-2.420372 -2.584919 8.339723
-4.484955 -0.991321 15.108916
-3.967188 -2.297166 10.895058
-2.419413 -2.588103 8.336679
-3.679357 -1.204802 10.265184
-2.935067 -0.758825 8.168460
-2.798789 -2.324623 7.984257
-2.798701 -2.317478 7.989969
-2.837561 -2.741822 9.705521
-3.168455 -1.741556 8.949454
-2.651701 -3.017550 12.628931
-2.431975 -2.914278 12.004588
-4.409657 -2.703940 13.727817
-2.837153 -2.375449 8.028750
-4.473758 -3.074240 15.437989
-2.812614 -2.773323 9.773267
-2.875931 -1.660598 8.091777
-3.643225 -0.297660 11.873806
-2.818430 -2.353495 8.006002
-1.971524 -2.828679 12.217973
-2.913695 -0.792817 8.139779
-2.001910 -3.238717 9.399520
-2.104524 -0.953277 12.549514
-2.853414 -2.768991 9.877937
-3.976822 -0.316466 11.605225
-3.159039 -2.398537 9.083699
-3.978774 -0.308435 11.584300
-4.862948 -3.055301 13.501070
-2.121027 -1.510449 12.601931
-2.807407 -2.643197 8.841268
-3.609981 -1.511904 10.166557
-1.641010 -0.048811 11.476851
-1.927543 0.194103 9.101514
-2.466543 -2.590821 8.563556
-2.561223 -2.657204 9.026480
-2.943382 -0.756530 8.171558
-3.101892 -2.554789 8.127572
-2.840585 -2.595765 8.528506
-2.932545 -1.368351 7.998786
-2.403671 -2.648283 8.536534
-2.325881 0.139361 9.125005
-1.542214 0.204893 9.265272
-3.574330 -0.336085 12.214331
-3.552681 -3.336139 12.970230
-7.764346 -3.976948 20.709257
-2.925944 -1.375861 7.993334
-2.941244 -2.666504 8.888535
-2.334150 0.151352 9.154466
-1.545345 0.201865 9.263896
-2.931605 -0.756657 8.155901
-2.892996 -1.661261 8.106166
-3.748111 -3.561189 13.630444
-2.950401 -1.223046 8.042166
-2.813775 -2.588003 8.558935
-3.551126 -3.333322 12.969123
-1.922069 0.195767 9.097001
-1.194160 -2.558659 10.727217
-2.188294 -2.839772 12.083981
-3.687141 -1.911188 10.381961
-1.944956 0.134883 9.484056
-3.075266 0.083275 9.160273
-3.710276 -0.378675 13.152126
-1.346761 -3.049007 10.339235
-2.941349 0.087869 9.241724
-3.247013 -0.229667 8.328271
-2.947650 0.096449 9.235373
-2.484693 -2.609009 8.643063
-1.919520 0.192759 9.099801
-3.155053 -2.074362 8.933110
-3.092067 -2.378393 8.741360
-2.339199 0.155862 9.169889
-3.402016 0.010873 9.338091
-2.164008 0.134027 9.287883
-2.601256 -2.569452 8.479805
-2.068712 -3.555708 9.830935
-3.029885 -2.452965 8.591292
-2.950727 -2.434841 8.343078
-3.244096 -2.474552 9.212810
-3.468524 -0.174817 12.633211
-3.227925 0.093648 8.737780
-6.083602 -2.144831 15.523394
-2.472391 -2.591722 8.574227
-3.292814 0.063675 8.955000
-3.594226 -0.305705 11.769549
-1.282723 -2.593578 10.503407
-1.682350 -0.104722 11.615337
-3.167510 -0.271850 8.236268
-3.643564 -1.148969 10.006777
-3.294152 -2.144697 9.265303
-3.166970 -0.271825 8.236470
-1.545875 0.206952 9.268670
-2.957788 -3.443404 11.488968
-8.073146 -2.687315 19.627584
-3.333263 -2.807681 13.439209
-2.447839 -2.692510 8.726212
-2.969466 -0.752445 8.209081
-2.919059 -1.752797 8.134584
-2.976233 -2.446770 8.416177
-3.242985 0.103246 8.761956
-1.544517 0.204601 9.269138
-3.168438 -0.269822 8.236198
-2.578311 -2.660322 8.953763
-3.173617 -0.269274 8.232435
-2.452904 -2.697523 8.736319
-3.175550 -0.266606 8.235573
-3.809039 -0.401933 10.520655
-3.205355 -1.768601 9.032043
-2.756081 -2.708924 8.997784
-3.463115 -0.259432 11.542065
-3.952431 -1.989192 14.803889
-4.449480 -1.223994 11.868315
-2.658673 -2.750519 8.997030
-3.302953 -2.567152 8.325294
-3.923854 -1.249755 10.687675
-2.501100 -2.651307 8.640213
-2.605209 -2.669679 8.948421
-1.960177 -3.100519 12.328318
-2.705637 0.169077 8.695875
-2.615462 -2.681109 8.974105
-3.577277 -0.346069 12.036485
-4.725227 -0.134547 13.286734
-3.176152 -2.729895 13.389300
-3.548249 -2.093410 10.144128
-2.594429 -2.649012 8.850431
-3.186180 0.116006 8.630528
-3.231305 -0.245221 8.293135
-2.873622 -1.741059 8.085375
-2.981706 -0.586857 8.128385
-3.163781 0.109489 8.569263
-2.778543 -2.724788 9.698016
-3.893120 -0.215191 10.624833
-2.878336 -1.531301 8.000154
-2.538265 -2.753263 11.334533
-3.183746 -1.754204 9.063957
-3.859514 -0.232311 10.584853
-2.877141 -1.343320 7.887878
-3.509878 -2.517576 9.934761
-5.907869 -2.287044 15.224812
-2.636366 -0.056311 10.688182
-3.051966 0.098789 8.304131
-3.275080 -0.092170 10.586628
-4.068001 -1.990789 11.554368
-6.799569 -3.648783 17.092043
-3.849729 -2.699950 12.154451
-4.012921 -0.326340 11.710074
-2.115917 -1.273619 12.715942
-5.027923 -1.411504 17.422302
-5.410311 -2.177147 18.855864
-3.251015 -2.357445 13.661951
-1.921201 0.191549 9.087865
-2.859011 -0.340295 12.878158
-5.889798 -1.625880 15.488678
-2.857694 -1.696282 8.059420
-3.620022 -0.156405 9.917932
-2.245341 -1.003008 12.960049
-3.307955 -0.089472 10.649705
-3.031579 0.103840 8.268449
-3.731798 -3.338064 12.861475
-3.092151 -2.517866 8.681563
-3.599313 -1.669783 9.789158
-3.546432 -0.079811 9.618818
-3.235616 -2.108891 9.057799
-2.855153 -0.017829 11.020009
-2.205019 -1.639800 13.092565
-2.662333 -2.676097 9.185347
-3.617689 -1.023328 10.006962
-5.829655 -2.415564 15.009493
-3.660688 -1.046580 10.008075
-2.800786 -2.682804 9.176459
-2.671523 -2.757515 9.303609
-1.657890 0.113390 9.937506
-3.491277 -2.668256 10.613431
-2.084926 0.105286 9.770653
-3.388067 -0.138209 9.386246
-3.493241 -3.252100 12.792360
-6.549830 -1.660722 16.916887
-2.783406 -2.812302 9.510395
-3.499506 -0.996277 9.742527
-3.693770 -1.961723 10.398044
-2.628187 -2.745584 9.073797
-4.131637 -2.926290 12.841685
-2.953137 0.083758 9.376628
-2.636718 0.096393 9.514255
-3.448300 -0.132376 9.469408
-2.502589 -0.470765 12.926692
-2.641779 0.102350 9.512816
-2.650291 0.101396 9.540227
-2.916173 -2.654796 8.930175
-2.558063 -2.660502 8.867646
-2.615749 -2.684288 9.043080
-2.361511 0.077053 9.643214
-3.637390 -1.642753 10.256845
-2.686315 -2.652164 8.834822
-3.355478 0.013245 9.037631
-2.909429 -2.645450 9.071915
-2.767455 -2.680469 9.159117
-2.648798 -2.682798 9.155712
-2.359680 0.071746 9.631124
-2.475453 -0.330221 13.375484
-3.367311 -0.018661 9.300215
-3.749488 -0.099501 10.108223
-3.228641 -0.486114 13.196091
-2.365288 0.078277 9.652226
-2.914562 -2.609067 8.895257
-5.894840 -3.078394 16.074026
-2.088571 0.105667 9.778766
-3.567728 -0.823628 14.532504
-2.572409 -2.567556 9.070902
-6.029016 -2.332005 15.587236
-2.966403 0.083443 9.408224
-1.712185 -3.006065 10.089836
-3.559646 -1.100424 9.852732
-3.992876 -1.620755 10.795037
-3.266738 -0.260526 11.892670
-3.830024 -2.777834 14.343558
-3.194730 -2.860509 10.512296
-2.489487 -2.847756 11.087725
-2.248305 -2.856605 12.719748
-3.172760 -1.702780 8.942220
-2.949126 -2.678346 8.901640
-2.633373 -2.715291 9.086862
-2.639821 0.088610 9.623802
-3.850879 -2.259128 10.644086
-3.401615 -0.295023 11.624872
-3.291092 0.109200 8.850027
-3.163956 -2.414260 9.099762
-3.231174 -1.758917 9.138993
-3.094863 0.071015 9.320929
-2.664077 -2.687348 9.061223
-2.926532 -1.669989 8.128336
-3.306049 -2.940708 10.710896
-3.543586 -2.396847 9.790456
-3.162461 -2.016941 8.934338
-2.785266 -2.737173 9.721370
-3.419833 -1.602950 9.531865
-2.908850 -2.646802 9.082321
-2.788372 -2.651355 9.081383
-2.977855 0.067803 9.455379
-3.354705 -0.031068 9.289163
-3.646787 -3.016505 13.467963
-4.890412 -1.986736 16.678827
-3.140983 -2.531167 9.063049
-2.891271 -2.649456 8.849785
-2.746923 -2.661927 9.015680
-3.123964 -2.385949 9.042585
-1.708188 -3.009793 10.103389
-3.080925 -1.879388 8.563922
-2.587550 -2.677305 8.976558
-2.576103 -2.727014 9.014111
-4.029426 -2.976462 11.416510
-3.776331 -2.762760 10.921095
-2.763773 -0.061238 10.700849
-2.841318 -2.745784 9.713611
-2.022148 -1.571694 12.432067
-3.068232 -2.487442 8.657312
-3.170135 -2.435649 9.106110
-3.189129 -1.451041 8.832909
-2.076896 0.102490 9.752322
-3.338677 -2.863125 10.770697
-3.207417 -2.869622 10.897758
-4.116532 -3.119903 15.204664
-5.773919 -2.738632 14.837882
-2.568145 -2.681567 8.913214
-2.969186 0.061893 9.439494
-4.262059 -2.233212 11.901035
-1.889126 -2.775779 11.355105
-2.653257 -2.663719 9.183326
-2.583393 -2.710574 9.089238
-2.979878 -0.760430 8.230944
-3.237049 0.013580 9.043703
-3.019631 -2.665612 9.186649
-2.243160 -2.331351 12.690600
-2.371897 0.091068 9.673380
-3.295073 0.062559 9.088870
-3.288429 0.081013 8.891311
-2.910769 -2.644136 8.739120
-3.029706 -2.501513 8.499167
-2.782373 -2.779486 9.739097
-3.975104 -0.503320 14.326493
-4.015157 -2.980746 11.401535
-2.739482 -2.664647 9.331668
-2.991406 -2.784802 10.165951
-2.625557 -0.067486 10.627629
-3.457708 -1.583333 9.573044
-2.728260 -2.962348 10.402869
-4.312378 -2.889270 11.857195
-4.300424 -0.272771 12.538194
-3.310624 0.069293 9.122689
-1.928272 -0.156377 10.576595
-5.567710 -3.078599 16.722559
-5.810059 -2.760021 14.918414
-3.806381 -2.091945 10.565218
-5.371593 -2.802613 14.889912
-5.704993 -3.086788 14.985890
-2.720995 -2.693726 9.512896
-2.776849 -2.688253 9.450173
-3.289865 -0.275143 12.028499
-4.573107 -1.240581 12.052113
-3.651329 -0.128028 10.748913
-3.406340 -0.296567 12.210241
-3.499235 -1.597785 9.668821
-3.248186 -0.002485 9.438569
-2.229112 0.037570 10.188418
-3.284583 -1.565532 9.336701
-4.693988 -2.653056 12.337523
-5.261015 -2.525655 13.839600
-2.214857 0.013927 10.109237
-3.236711 0.024136 9.540109
-4.070970 -0.312887 10.940521
-4.681760 -0.458829 12.292556
-2.837667 -2.838421 9.478039
-3.226979 -2.175484 9.332796
-5.986124 -3.681879 16.128675
-3.255924 -0.450615 8.910920
-5.041909 -2.087136 18.247248
-3.647854 -0.999697 9.992381
-1.871618 -0.216450 11.759274
-4.401832 -2.594580 15.162761
-3.589431 -3.772956 14.331819
-3.465741 -3.566350 13.847297
-6.300388 -1.618647 16.285187
-3.155435 -1.938764 8.915798
-2.982157 -2.809905 10.094214
-3.075006 -2.746101 9.455669
-2.825472 -2.721021 9.239187
-2.916665 -2.722487 9.198985
-2.662544 -2.712248 9.117725
-3.451471 -1.683332 9.529139
-3.292692 0.025440 9.504251
-3.231316 -1.720004 9.147099
-3.393929 -2.236790 9.412086
-3.165737 -2.562842 9.102038
-2.974614 -2.763620 8.991295
-3.031790 -2.738937 9.305022
-2.790958 -0.107697 10.761532
-2.175552 -2.810907 12.001405
-6.796267 -3.634823 17.044886
-3.403451 -2.163729 9.429611
-3.260974 -2.524323 9.223920
-3.810009 -2.160930 10.494910
-2.870186 -2.691507 9.255140
-3.217521 -0.861787 8.865105
-3.222350 -0.954730 8.870601
-3.208575 -0.828487 8.978750
-3.348206 -0.033657 9.285001
-4.180050 -2.022586 15.591676
-2.691572 -2.687473 9.431007
-3.255358 -0.812902 8.905710
-3.622959 -2.786353 10.839961
-3.199128 -1.035352 8.841603
-3.071745 -2.708951 9.216173
-2.951790 -2.703956 8.974419
-3.417094 -1.475178 9.482262
-2.782416 -0.057700 10.698418
-3.135145 -2.725548 9.532491
-3.169789 -2.562031 9.095843
-3.646188 -0.148821 9.971162
-4.117359 -0.340527 12.102457
-2.941217 -2.758013 9.592834
-3.211662 -1.234435 8.855866
-3.286728 -0.561675 8.945167
-2.082642 -2.898808 12.635656
-3.146585 -1.974235 8.906269
-3.745234 -0.919188 15.250252
-3.146082 -1.975098 8.906594
-3.215277 -0.507527 8.986975
-4.205265 -1.173609 15.249438
-3.105802 -2.402402 8.716486
-2.912618 0.032244 9.751709
-5.327219 -3.404168 14.251704
-2.736141 -2.724766 9.400509
-3.212270 -2.481155 9.182360
-3.344823 -2.523264 9.540781
-4.000074 -2.300582 10.891047
-2.724202 -2.724466 9.472695
-5.646379 -2.870721 14.606361
-3.828682 -0.258377 10.531558
-3.086493 -2.709907 9.274601
-2.158747 -1.026428 12.731741
-2.027180 -1.579411 12.515863
-2.904458 -2.722183 9.239090
-2.846754 -2.718521 9.306407
-3.425939 -2.612692 9.630482
-2.829534 -2.750516 9.751867
-2.804668 -0.079138 10.764525
-2.860651 -3.269490 11.170166
-3.891748 -3.530220 13.233740
-2.709915 -2.729776 9.336300
-3.346039 -2.119118 9.354036
-2.934534 -2.713811 9.227654
-2.941912 -2.694000 9.146399
-2.937913 -2.704359 9.014871
-3.330085 -0.005225 9.202157
-3.094820 -2.664141 8.868413
-4.580060 -0.511107 12.203489
-3.257218 -2.230991 9.207615
-3.259998 -2.528435 9.220327
-3.655438 -2.865661 10.602387
-3.301888 -0.396435 8.997331
-3.469415 -2.192372 9.668798
-3.420154 0.053381 9.298258
-3.194848 -2.598412 9.131104
-3.094481 -2.660433 8.869094
-3.155300 -2.846927 10.422189
-3.087067 -2.765878 9.776498
-2.675979 -2.745051 9.237421
-3.061315 -2.793403 10.163561
-2.670604 -2.810067 9.433353
-3.831320 -0.538040 13.837255
-3.135623 -1.969687 8.895074
-4.345097 -3.584722 13.635242
-4.764882 -0.842113 12.670663
-3.241954 -0.381005 13.219879
-4.571256 -2.994783 16.282831
-2.842060 -2.753345 9.718418
-3.656063 -1.108127 10.007408
-3.226425 -2.930152 13.768913
-3.596728 -2.910651 11.455147
-3.892877 -2.739587 10.709108
-3.282859 -2.527261 9.339972
-3.234688 -1.933517 9.196997
-2.275874 -2.850343 11.144993
-3.052881 -2.718303 9.434183
-2.359941 -3.167610 11.562415
-2.954572 -2.726955 9.219594
-3.146360 -1.957969 8.899394
-5.152336 -3.024489 15.621104
-2.840522 -2.712781 9.127667
-2.797569 -2.717638 9.153756
-3.380130 0.033875 9.248179
-3.185080 -1.731264 8.817577
-3.257371 -0.403768 9.034485
-3.292409 -0.528033 8.952080
-3.620487 -0.081887 9.831267
-4.572400 -1.285316 12.104789
-3.218102 -2.157752 9.165282
-5.644340 -2.927096 16.115406
-4.301730 -0.408109 11.571160
-2.943725 -2.694116 9.130253
-2.829839 -2.718226 9.361694
-2.659483 -2.769040 9.296264
-2.693717 -2.722663 9.207157
-3.127742 -2.122019 8.868490
-3.240527 -1.013980 8.886506
-3.207404 -1.496974 8.847738
-2.092520 -0.932194 12.703909
-2.923072 -2.668285 8.948172
-2.604122 -0.052688 10.690302
-6.101581 -1.644081 15.333060
-4.107550 -3.130140 14.401448
-3.628791 -2.592052 10.266063
-4.588155 -0.641898 12.365100
-2.252956 -0.979358 13.005404
-2.196367 -1.635558 12.962666
-3.804137 -2.170060 10.557161
-2.904781 -2.679307 9.136711
-4.554654 -2.321894 12.011651
-3.150361 -2.441106 8.819487
-4.797493 -3.221197 13.082079
-3.092115 -2.390567 8.761465
-2.755636 -0.039571 10.567214
-4.658851 -0.498290 12.344507
-5.460917 -1.448356 18.830591
-3.242144 -2.783435 9.691339
-2.854814 -2.768192 9.737242
-2.883813 -2.769869 9.546857
-3.051895 0.020678 9.839114
-3.323180 -2.567285 9.387764
-3.039135 -2.789170 10.133639
-3.517073 -2.873125 10.652329
-2.993751 -2.725049 9.549184
-2.724963 0.026325 10.015219
-2.812302 -0.073967 10.753855
-3.514425 -1.637731 9.658189
-2.774672 -2.743738 9.516281
-3.359339 -2.779386 9.971359
-2.768433 -2.752706 9.621523
-2.618691 -3.134359 11.685081
-4.216631 -0.426850 11.396453
-2.839876 -0.074894 10.878635
-3.501235 -1.628326 9.644450
-3.134612 -2.774855 9.750166
-2.894433 -2.755519 9.605895
-3.278368 0.022240 9.486390
-2.105417 -2.553532 11.320861
-3.346956 -2.747850 9.536349
-3.279505 -2.702285 9.400991
-2.900960 -2.731829 9.130033
-2.725312 -2.749550 9.349552
-3.444204 -1.470032 9.508750
-3.719391 -0.115739 10.076492
-4.456687 -3.203170 13.163272
-3.328642 -2.727920 9.514970
-3.217705 0.005325 9.774972
-6.252098 -2.403195 16.074976
-3.446350 -0.083218 9.449372
-3.212335 -1.989023 9.165092
-3.566785 -0.112016 9.771773
-3.485165 -0.068590 9.491866
-3.170993 -1.902753 8.930947
-3.224477 -2.772010 9.671444
-2.740222 0.037902 10.037713
-3.560007 -2.459933 10.057726
-3.603988 -0.971745 10.036044
-3.452608 -0.155080 11.184741
-3.231564 0.016273 9.763390
-3.654377 -0.962515 10.094733
-2.926784 -2.703892 9.082201
-3.169158 -2.449522 9.106561
-3.415199 0.025639 9.334930
-3.292240 0.030556 9.501459
-3.367624 -0.016560 9.305863
-3.230782 -1.699974 9.146671
-5.332267 -1.376888 17.806787
-3.211782 -2.745167 9.101962
-2.699549 -2.749636 9.437023
-2.821336 -2.698693 9.145238
-2.235244 0.053332 10.213789
-3.185583 -1.727451 8.816806
-3.998363 -2.964893 11.376112
-3.234870 -1.229196 8.877470
-3.678448 -0.982632 10.083702
-2.930987 -2.699961 9.190127
-3.559421 -2.696054 9.904833
-3.148537 -1.950896 8.904320
-3.808791 -2.132207 10.583213
-3.222427 -1.700572 9.117311
-3.234420 -0.774042 9.006500
-5.697045 -0.768911 14.410076
-4.260186 -2.185697 11.517236
-2.821096 -0.093890 10.842258
-2.798374 -0.343819 12.850459
-5.081901 -3.233353 13.735980
-3.109661 -2.383101 8.734806
-3.186111 -1.658692 8.823268
-3.179779 -1.849035 8.811954
-3.318957 -0.125373 8.977205
-3.520880 -1.633872 9.687549
-3.270204 -0.945600 8.917411
-3.199167 -0.457771 13.099695
-3.730959 -0.127859 10.280898
-3.760182 -2.913290 11.087614
-3.515277 -2.297477 9.769458
-4.736544 -1.607852 12.707144
-3.484632 -2.335671 9.725985
-4.010042 -3.023911 14.060612
-4.614703 -3.268369 13.924061
-3.720875 -0.977270 10.149096
-3.629426 -2.610920 10.137075
-3.221758 -2.784516 9.773475
-2.918129 -2.808691 9.992985
-3.009101 -2.773090 9.783290
-3.475292 -1.624893 9.607438
-2.879471 -2.788242 9.429817
-3.143811 -1.888791 8.897023
-3.632642 -2.620708 10.136869
-3.146668 -2.744653 9.520257
-3.066670 -2.735361 9.464811
-3.157501 -2.747666 9.498191
-4.677161 -3.499120 12.566899
-3.736195 -0.141231 10.190729
-3.189821 -1.823087 8.820859
-3.260396 -1.072093 8.903763
-3.527869 -1.608406 9.716063
-4.096380 -2.832052 12.815922
-2.338166 -2.946369 11.396737
-4.167981 -2.893365 12.964590
-3.137655 -1.875729 8.891990
-3.276391 -0.572062 8.935657
-3.296165 0.038985 9.513927
-3.296816 -2.969828 14.030165
-3.308894 -0.282341 12.086722
-3.272298 -0.576699 9.046852
-3.130060 -2.091451 8.879066
-3.828587 -0.104531 10.445177
-4.642820 -1.218833 16.686422
-4.160402 -2.137035 11.408167
-4.103784 -3.434553 12.726422
-4.703645 -2.672026 12.343582
-3.731939 -0.174507 11.092295
-5.093264 -3.082062 15.436782
-4.941726 -0.600807 12.919183
-2.630320 -0.051168 10.694390
-3.160557 -1.955822 8.918188
-4.908426 -1.635869 13.018200
-2.969502 -2.838453 9.421954
-3.220479 -1.268624 8.867869
-4.370480 -2.258276 16.074381
-3.140099 -1.929887 8.895283
-2.893326 -2.824891 9.522832
-3.225401 -1.688623 9.138354
-2.847527 -2.833335 9.548130
-4.555371 -0.436717 12.094031
-3.000533 -3.606335 11.651218
-3.103758 -2.258287 8.756970
-4.763567 -0.479262 12.506363
-7.199850 -3.318871 17.797981
-3.311195 -2.852395 10.738527
-3.593390 -2.766980 10.773209
-4.205724 -2.355820 11.131428
-3.542536 -2.534919 10.007229
-2.409988 -3.555045 12.376926
-2.911572 -2.759158 9.814663
-3.071721 -2.770803 9.582710
-3.210843 -1.515559 8.849444
-2.337765 -3.171902 11.564945
-3.686621 -0.718079 9.986102
-3.314070 -2.795354 9.850440
-2.869690 -2.759892 9.698139
-3.492309 -2.701187 9.657950
-3.630543 -0.054589 9.811233
-3.460032 -0.105248 10.527662
-2.836151 -2.768845 9.699789
-3.246583 0.006708 9.867683
-2.851430 -2.772685 9.739174
-3.647627 -1.007085 9.980684
-2.880081 -2.759695 9.674042
-3.230798 -2.756684 9.686647
-3.166329 -2.765546 9.588757
-3.070344 -2.787615 9.661412
-3.463744 -1.585386 9.574701
-2.824154 -0.319905 13.032463
-4.342114 -1.219585 11.728457
-4.309500 -2.403590 11.282026
-4.421213 -0.357488 11.724069
-2.869983 -2.751759 9.795259
-4.136568 -2.135033 11.356687
-4.683138 -3.546169 13.743346
-3.593272 -2.323155 9.871066
-2.190034 -2.856413 12.003357
-4.432137 -1.962193 16.198759
-2.845436 -2.845083 9.854723
-2.805755 -2.912953 9.782180
-2.802927 -0.009654 10.280013
-3.892078 -3.291570 14.165467
-4.648662 -2.620244 12.281812
-2.810964 -2.925529 9.797022
-3.716560 -0.998385 10.067835
-2.806196 -2.915084 9.779192
-2.639125 -0.053635 10.702293
-2.951545 -3.514597 11.522364
-6.082793 -3.127584 16.993265
-2.933561 -2.780017 10.028275
-2.973504 -2.844717 10.115530
-2.472468 -0.336451 13.322103
-3.332068 -2.895926 11.738133
-3.736462 -3.619380 13.734206
-3.862887 -1.710932 10.574056
-2.886654 -2.820693 9.797554
-2.990797 -0.014540 10.243004
-2.992985 -0.012386 10.244448
-3.746594 -0.106328 10.165248
-3.185159 -2.843935 9.902206
-3.140225 -1.892655 8.894634
-6.924323 -1.808165 16.790709
-2.983773 -3.108438 9.901333
-3.139870 -1.901831 8.901268
-3.141832 -1.863235 8.900831
-3.262006 -2.868602 9.718116
-3.544297 -2.328591 9.806632
-3.252616 -2.863909 9.735460
-2.181378 -2.821216 12.033164
-2.453609 -2.972709 12.152091
-5.776572 -3.506317 17.669218
-4.628558 -0.500731 12.304688
-3.241112 -2.881266 10.609380
-2.762136 -2.809331 11.814674
-2.853355 -2.900802 9.834627
-3.624123 -0.328441 12.335661
-3.500697 -1.599600 9.617302
-6.532770 -3.115148 16.113810
-3.135030 -2.735574 9.501947
-3.668056 -1.093836 10.242469
-2.679798 -0.059382 10.607910
-3.306122 -2.100144 9.272182
-3.106277 -2.789218 9.530336
-3.299270 -2.108030 9.273853
-6.884404 -1.881853 16.667891
-4.189187 -2.323605 11.077219
-2.887064 -3.046268 12.323623
-3.830048 -2.783239 10.550970
-2.813815 -3.155583 11.029795
-3.678790 -1.097206 10.259642
-4.608932 -3.155496 15.811633
-5.748106 -1.439220 17.064985
-4.230438 -0.404647 12.533491
-2.479288 -2.833811 11.044347
-4.201157 -0.396277 12.447268
-3.135620 -1.870868 8.890989
-2.171060 -3.300057 12.059127
-3.245483 -2.048294 9.203276
-3.755606 -2.029977 10.310649
-4.556199 -2.001623 16.612881
-3.522958 -3.000500 14.823991
-3.753126 -2.030291 10.307347
-3.667395 -2.632593 10.167179
-3.751653 -2.037000 10.306841
-4.125656 -3.376934 13.214056
-3.686803 -1.101106 10.314519
-7.151415 -1.916369 17.176939
-2.325508 -3.082570 11.597903
-4.684682 -0.428002 12.379910
-3.686276 -1.100714 10.275347
-4.957371 -3.687396 18.161882
-3.298226 -2.866423 10.140624
-3.445201 -0.104704 10.520121
-2.319217 -2.418300 13.232968
-2.987891 -2.828268 9.972187
-2.177412 -0.032461 11.040186
-5.372215 -3.287426 16.227213
-3.754294 -0.838101 15.277816
-4.474874 -2.283003 11.956032
-3.643910 -2.814192 10.858891
-3.777754 -0.111693 10.360519
-2.191041 -0.311275 12.623213
-6.876453 -2.607746 17.393034
-4.500571 -0.334905 13.022930
-3.674542 -1.107287 10.031156
-3.632288 -2.618035 10.119877
-4.468072 -2.276450 11.960590
-3.623825 -1.153336 9.967318
-4.212543 -0.413039 12.452332
-3.915003 -0.274347 10.658562
-2.970839 -0.339733 12.846641
-4.201496 -0.408334 12.458023
-4.192810 -0.423891 12.459571
-2.733862 -3.180630 13.029387
-6.172241 -3.224280 16.812248
-2.302829 -3.004997 11.444862
-2.491672 -2.641108 11.073950
-3.553504 -2.450982 10.043284
-3.900972 -0.198236 10.631914
-4.485122 -3.266194 13.340383
-3.372091 -2.800062 9.979378
-3.147830 -2.809914 10.106376
-4.500782 -0.432689 11.969615
-3.533385 -2.548131 9.984445
-3.570472 -2.705926 9.917623
-3.687139 -1.177304 10.318630
-3.630575 -1.508201 10.165724
-3.174339 -2.856596 10.367402
-3.646793 -1.212081 10.255536
-3.632774 -1.505916 10.162548
-3.237968 -2.954901 10.576774
-4.272995 -3.527931 12.994440
-2.133835 -0.316112 12.336952
-3.631262 -2.881912 10.541277
-3.697572 -0.987487 10.066669
-3.459723 -2.863405 10.261205
-3.246586 -2.859262 10.154520
-3.712292 -1.530753 10.370859
-3.423643 -2.850845 10.173538
-3.697497 -1.530995 10.350918
-2.388628 -0.086627 11.200298
-3.739206 -0.114491 10.293566
-3.172186 -2.820489 10.362740
-3.452546 -2.851213 10.258540
-3.667230 -1.703119 10.298452
-4.979731 -0.660282 12.990151
-3.220567 -2.834554 10.443156
-3.177892 -3.052371 10.266077
-3.314119 -2.904192 9.977512
-2.532108 -2.787566 11.307114
-4.180619 -3.120837 11.647876
-3.071385 -3.552873 11.474895
-2.412248 -3.517483 12.337341
-1.887934 -3.278324 12.325932
-3.596418 -2.831950 13.120565
-3.608584 -2.778216 10.782054
-3.853097 -2.803987 10.567620
-4.848005 -2.799373 12.016600
-3.487330 -0.219753 11.521419
-3.411548 -3.527044 13.766964
-3.502573 -0.213161 11.579430
-3.830490 -0.136220 10.497890
-2.807359 -0.082608 10.848744
-3.652539 -1.643886 10.272363
-3.547198 -1.614802 9.742004
-3.660066 -1.129787 10.028415
-3.786583 -0.096135 10.190713
-5.731655 -1.561908 19.109570
-3.546776 -2.822291 10.034981
-3.073035 -2.853701 10.207241
-3.215749 -2.857821 11.331493
-3.367643 -2.755262 9.595219
-3.012419 -2.850756 10.245173
-3.472550 -2.914170 10.117829
-2.424039 -3.557088 12.435409
-3.044774 -2.993430 10.118526
-3.278581 -2.996679 11.817904
-1.871242 -3.210156 12.333607
-3.371904 -2.803540 14.156248
-6.194843 -0.906070 15.397750
-2.466037 -0.343154 13.264152
-4.407724 -0.251097 11.537467
-3.253427 -2.793796 9.703524
-3.736983 -0.578356 10.131290
-3.495395 -0.095258 10.497142
-3.478236 -1.587427 9.590420
-3.702509 -0.992207 10.040036
-3.342788 -2.726066 9.585733
-3.491885 -1.593226 9.599212
-3.566428 -1.727464 9.783528
-3.438490 -2.766030 9.800548
-3.754759 -0.089210 10.240647
-3.516336 -2.310333 9.766942
-3.688735 -1.523610 10.256984
-3.577497 -1.622750 9.761047
-2.116662 -1.273363 12.739261
-4.592464 -0.310871 11.965922
-4.820660 -1.289915 12.519353
-4.832050 -1.404297 16.749216
-6.022535 -3.882163 17.232075
-5.583392 -3.281015 16.607906
-5.535794 -3.553470 16.032581
-3.657904 -2.601163 10.304404
-6.022802 -3.888462 17.231531
-3.692991 -2.638510 10.342641
-2.170305 -0.049816 11.006373
-3.710318 -1.010690 10.106702
-3.637890 -1.661986 10.188439
-3.714561 -1.217744 10.296562
-3.488768 -0.086627 10.575123
-3.697833 -0.989092 10.101855
-3.624848 -1.660750 10.177473
-3.694789 -1.217575 10.275412
-3.062449 -2.822885 10.163901
-4.487696 -0.283684 11.736013
-3.581969 -1.624188 9.770462
-3.617824 -1.655515 10.170273
-2.557679 -3.145097 11.543134
-5.214514 -2.724820 13.530904
-2.113999 -0.927125 12.783360
-3.624494 -2.875793 10.522994
-4.715591 -2.335171 12.649414
-3.629213 -2.848603 10.599613
-4.683758 -0.544894 12.464768
-3.878695 -0.272362 10.600852
-3.699558 -0.710613 10.009169
-2.873107 -0.357695 12.769320
-3.878665 -0.272758 10.602488
-4.526128 -0.304010 11.825834
-2.880896 -0.048658 10.622141
-5.848133 -2.972803 14.503262
-7.513680 -1.944203 17.839436
-7.057949 -3.153920 17.010868
-3.960644 -2.965289 14.698000
-5.889837 -3.607477 17.557302
-2.536310 -2.817593 11.345907
-4.085306 -3.115906 14.376122
-1.935480 -2.898720 12.288479
-4.206323 -2.189768 15.544065
-3.293512 -2.825838 10.726218
-2.536310 -2.817593 11.345907
-5.705908 -2.991092 15.956776
-6.324600 -3.391030 16.104431
-4.446060 -2.561197 11.963312
-6.624192 -3.056960 16.319410
-4.091841 -3.088097 14.214748
-6.151867 -3.232651 16.662014
-3.577882 -0.218624 11.782701
-4.252995 -0.449442 12.764379
-3.249433 -2.911206 10.753723
-4.669018 -0.521188 12.489768
-3.542487 -2.742795 9.980182
-2.221321 -3.050833 12.573389
-3.547488 -2.745643 9.977688
-3.868382 -0.275622 10.588261
-3.411146 -2.889347 11.685644
-3.704457 -1.106470 10.056007
-3.864014 -0.280228 10.586494
-2.885508 -0.052010 10.677912
-5.522054 -1.783940 14.134602
-4.453923 -0.279312 11.664025
-7.964535 -1.964601 19.813875
-4.826075 -1.290613 12.533467
-3.690581 -2.910614 10.660495
-6.733395 -2.376579 17.307709
-4.875932 -0.577712 12.785005
-4.255397 -0.442013 12.840357
-6.589296 -3.088515 16.222919
-4.253741 -0.441463 12.836657
-5.367992 -2.879297 14.397437
-3.509296 -2.678452 10.667961
-3.862463 -0.350726 10.578409
-3.274345 -2.942064 10.663746
-3.580073 -2.757116 10.736177
-4.257638 -0.445981 12.833337
-3.932244 -0.184623 10.669331
-4.905095 -1.654312 13.084170
-3.538585 -2.870167 10.444214
-3.382602 -2.957685 10.406831
-4.091884 -0.244035 11.313234
-3.122231 -3.086635 12.733719
-5.517968 -1.455169 19.002369
-4.305888 -2.925676 15.031734
-6.853017 -2.498862 16.667315
-3.796031 -3.054877 12.109267
-1.938460 -2.941545 12.397362
-4.509563 -3.215576 13.584438
-5.775609 -3.101690 15.110444
-5.520816 -1.756443 14.133159
-3.917751 -1.471479 10.805730
-4.470923 -1.287639 11.844883
-3.523795 -3.207047 12.891239
-2.228001 -3.163445 12.651715
-5.717711 -3.198119 17.033300
-4.691014 -2.671052 12.354563
-2.509135 -3.222682 12.657022
-4.691489 -0.483202 12.433234
-4.769395 -1.390568 12.892701
-5.726627 -2.534944 13.291988
-4.844226 -2.475487 12.226601
-3.267594 -0.378062 13.275656
-5.571326 -1.393640 13.098908
-4.645825 -2.279153 12.578180
-2.094511 -3.006638 12.901898
-4.657143 -2.270783 12.655406
-6.689692 -3.214544 17.047119
-3.203463 -2.954397 10.497579
-3.565036 -2.413611 10.035702
-3.525578 -2.727596 9.962606
-3.911684 -0.187212 11.073619
-2.690299 -0.314804 13.061409
-3.665962 -1.674550 10.311078
-3.539184 -2.616261 9.985323
-3.578093 -2.952475 11.305243
-3.252467 -2.922415 10.766417
-3.530113 -2.883852 10.432840
-4.398136 -0.405124 11.747690
-3.239383 -2.903915 10.737662
-4.445896 -1.231409 11.593623
-5.885149 -3.615883 15.898012
-2.680660 -3.090640 12.825084
-2.940624 -0.318769 13.041806
-2.852433 -3.098992 12.167930
-3.663333 -1.584641 10.050891
-3.544197 -2.599808 9.985457
-3.656892 -2.205594 10.293156
-3.570606 -2.887851 10.501850
-3.597386 -2.117974 9.962069
-3.615386 -2.894052 11.563408
-3.499724 -2.879244 10.352743
-4.128939 -0.238382 11.186133
-2.533062 -2.886471 11.440865
-3.292029 -2.916127 10.654857
-4.147949 -0.324515 11.007102
-3.121909 -3.055799 12.692404
-3.501285 -2.863643 10.626094
-3.241617 -2.946657 10.595498
-2.489786 -0.119477 11.465530
-2.507889 -2.669408 11.120267
-3.265660 -2.947324 10.783505
-2.458152 -0.112193 11.401619
-7.105028 -3.112628 17.030729
-3.690238 -1.099219 10.329266
-3.632310 -2.509206 10.275011
-3.698957 -1.657483 10.330174
-3.691527 -1.685405 10.324829
-4.633958 -1.951991 16.375135
-3.749729 -0.495425 10.152077
-4.669506 -2.390613 12.000190
-3.323911 -0.201090 11.629510
-3.705487 -1.219063 10.340973
-4.264780 -1.543152 11.249833
-5.085853 -2.610897 13.170574
-3.705055 -1.185401 10.329220
-4.801717 -2.456769 12.725717
-5.105979 -2.651577 11.999358
-5.056196 -2.677296 12.096175
-3.616476 -3.277524 12.921163
-2.184171 -2.948306 12.295231
-3.593966 -2.997143 14.399094
-3.414047 -3.134495 14.487317
-4.591661 -0.384071 12.057734
-2.896943 -3.232205 12.388536
-4.996750 -3.168119 13.684309
-4.810170 -2.150040 12.782721
-3.252291 -0.475622 13.279858
-3.997836 -0.285535 11.917986
-2.611826 -0.315571 13.137980
-2.456541 -0.104322 11.426007
-3.703374 -2.828425 10.484031
-4.509579 -0.347736 11.865570
-3.557164 -2.421575 10.036572
-3.524072 -2.891001 10.652592
-6.029359 -3.873041 17.210070
-3.224192 -2.878510 10.707454
-2.463411 -0.100983 11.451618
-5.621876 -1.460361 14.303395
-2.464820 -0.105910 11.424646
-3.412358 -3.010280 11.934664
-2.200727 -1.043532 12.629417
-4.078150 -2.864786 12.710855
-4.813473 -3.026702 13.455200
-4.851536 -2.481534 12.798259
-3.717649 -1.080058 10.320169
-3.039512 -3.003995 11.939572
-4.017184 -2.764330 12.645712
-5.618682 -3.584173 15.515328
-4.011054 -0.980216 15.581760
-2.996688 -0.331829 12.941517
-3.691544 -3.057924 11.443325
-3.346423 -2.862944 11.705215
-3.420972 -2.955868 14.467870
-2.635721 -2.976986 12.562503
-3.868792 -3.384582 16.331940
-2.180956 -3.037434 12.469967
-7.641299 -1.949750 18.172070
-3.649704 -3.031186 11.549985
-2.853908 -3.011371 11.935888
-4.931266 -3.140068 15.571429
-6.917710 -3.161540 16.730724
-4.831273 -0.747211 16.674801
-5.357339 -2.504163 13.860371
-4.624151 -0.492107 13.055042
-3.682344 -1.550777 10.297111
-3.727972 -1.094616 10.365028
-3.195340 -0.330661 12.596387
-3.638933 -0.298361 12.381953
-3.854494 -2.852004 10.885752
-4.231159 -0.266364 11.241337
-6.931655 -3.212717 17.319841
-3.367373 -0.204147 11.689619
-3.782406 -1.180496 10.488436
-3.961705 -2.831695 10.925113
-4.206699 -1.683556 10.925788
-4.114120 -0.261944 11.197835
-3.664618 -2.804942 10.437757
-4.326024 -3.142865 12.194046
-3.286973 -0.231371 11.912307
-3.700860 -1.681594 10.349916
-4.098181 -0.241171 11.298301
-3.307966 -0.281533 12.073967
-4.147335 -0.251916 11.241161
-3.475693 -2.910340 11.113598
-3.367906 -2.838754 11.064724
-2.596029 -3.134492 12.486162
-3.253016 -2.910815 13.739483
-5.685646 -0.764490 14.409493
-4.753644 -3.244514 16.300751
-6.125017 -1.556761 17.758589
-4.694156 -3.235791 15.013719
-7.973341 -2.004975 18.769424
-4.020448 -0.318015 12.030229
-4.655692 -0.646217 12.475788
-4.019866 -3.047883 11.676832
-3.360506 -2.826380 11.638800
-2.965834 -3.113032 12.095733
-5.431112 -3.286032 16.305786
-5.526690 -3.157682 14.078233
-6.721944 -3.383353 17.278124
-3.736357 -0.315156 12.225305
-3.200614 -2.998325 11.969448
-3.748770 -2.997675 11.232179
-3.786413 -3.006277 11.310391
-4.321786 -0.286575 11.448795
-4.319333 -1.650332 11.417980
-4.382848 -0.358242 11.458210
-5.385200 -3.074556 13.934999
-3.803343 -2.098858 10.483428
-3.609554 -2.958910 11.373386
-2.491810 -0.109807 11.494423
-3.273137 -0.238912 11.953045
-3.784463 -0.175247 11.013814
-4.310997 -2.029807 11.355070
-4.064276 -0.205006 11.026642
-3.896421 -2.960712 11.235362
-3.932494 -3.067687 12.891790
-4.048039 -0.306186 12.079601
-5.016622 -1.976845 13.458109
-7.055759 -1.956333 17.277952
-3.688056 -1.652807 10.300190
-2.885131 -3.070596 12.128798
-4.100005 -2.982640 12.780244
-3.744587 -0.305613 12.248366
-3.412457 -2.787325 12.688014
-3.006303 -3.007821 12.089775
-3.713361 -1.170020 10.333734
-3.935182 -0.301486 10.644581
-5.612382 -2.278302 14.455026
-4.765652 -2.813746 12.883982
-6.936793 -3.291126 16.917944
-6.826529 -1.739404 17.690485
-4.441041 -0.267007 11.623509
-3.695792 -3.117218 11.501765
-3.654863 -3.161632 11.403765
-3.952569 -3.026064 11.297020
-4.511945 -0.194147 11.645674
-4.000139 -0.209339 11.053440
-4.305641 -1.579011 11.471415
-3.210369 -3.063357 12.098786
-4.052811 -1.599414 10.808948
-4.307794 -1.576933 11.471519
-4.303922 -1.624496 11.430890
-4.127744 -0.268541 11.053515
-3.887214 -2.881299 10.920161
-3.759463 -2.625212 10.422998
-4.829619 -1.375188 12.261230
-6.304626 -3.264398 17.237997
-6.150208 -3.284496 15.894382
-3.754134 -0.305127 12.307282
-6.880741 -3.984524 19.636353
-3.611454 -3.144061 11.773179
-6.208847 -3.181701 17.362770
-5.519119 -2.786176 13.730501
-6.880442 -3.727731 17.662666
-4.322988 -3.205527 12.935524
-4.889927 -2.804451 12.148972
-5.145144 -3.275958 13.890045
-3.593597 -2.820555 13.111019
-4.080257 -3.126086 12.299536
-3.710858 -2.992567 11.666366
-4.672303 -1.262179 12.516636
-4.160211 -3.616182 12.990444
-4.868258 -2.448019 12.782384
-7.182210 -3.141003 17.186573
-5.248781 -3.436626 14.973967
-3.651811 -3.221218 11.586437
-3.252383 -0.381991 13.257278
-3.903305 -0.217428 11.281092
-4.410866 -0.283140 11.634420
-4.336153 -0.313183 11.375068
-4.365349 -0.307191 11.764750
-3.767108 -3.116436 12.165286
-4.551730 -0.248791 11.802331
-7.065145 -3.263265 17.670015
-4.801378 -3.269360 13.070146
-4.755174 -2.392430 12.629803
-3.548030 -3.004152 11.313668
-4.293854 -1.280418 11.343746
-4.003053 -2.936990 11.161681
-4.426270 -1.246874 11.596280
-4.457329 -0.348149 11.776459
-4.388584 -0.326215 11.797909
-4.288449 -1.560409 11.266256
-4.521434 -0.528811 13.385453
-4.925465 -2.520049 12.123272
-3.976386 -0.263598 11.617943
-4.279446 -1.701618 11.227015
-6.192689 -3.190607 15.513372
-3.379283 -2.971555 11.855535
-5.287003 -3.346902 14.249052
-5.084171 -3.299468 15.559949
-6.223660 -3.640705 15.789551
-4.592279 -3.262000 13.814362
-4.189097 -0.523489 11.521826
-4.255752 -1.223312 11.145124
-2.258931 -3.221032 12.745051
-5.038442 -2.124436 13.162523
-4.714992 -2.333418 12.319179
-4.571784 -1.373790 11.983827
-3.935172 -3.070257 12.106764
-4.941526 -2.031954 17.313309
-3.039553 -0.222831 12.035493
-3.700574 -3.035950 11.224873
-3.801724 -3.024871 11.013002
-2.601808 -3.184574 12.473590
-3.814006 -3.023945 11.235221
-5.089127 -1.614664 13.262712
-4.904907 -2.843349 13.242517
-4.261458 -1.693839 11.209196
-4.282269 -0.285493 11.360464
-4.675969 -2.304470 12.527978
-4.417439 -0.340935 11.729055
-3.723216 -3.010543 11.679751
-3.385327 -3.175025 11.934363
-3.789768 -3.077297 11.718293
-4.372966 -1.617336 11.561349
-5.903789 -0.675705 14.644294
-4.665793 -0.527578 13.344878
-4.866359 -1.334261 12.213170
-4.504251 -3.025263 12.232102
-2.769008 -3.007228 12.214485
-4.365525 -3.158666 12.542467
-5.133340 -2.395056 13.410176
-4.087322 -3.102648 11.821399
-4.471517 -0.343615 11.666698
-3.522699 -3.022702 11.895151
-3.733040 -3.018786 11.184243
-3.589024 -3.083771 11.297074
-3.933956 -0.291180 11.873234
-3.931609 -3.017351 11.630042
-3.649753 -3.050103 11.211081
-2.942278 -0.329508 12.765147
-4.338012 -1.647028 11.529936
-4.254691 -2.019086 11.271315
-3.852016 -3.060914 11.796280
-5.077592 -2.573308 12.029926
-7.180954 -2.381108 17.317154
-2.854711 -0.369537 12.753505
-2.470934 -3.048167 12.389648
-3.816596 -0.327169 12.415998
-3.646481 -0.369314 12.946829
-4.175141 -1.644272 11.101373
-6.463732 -1.933388 15.962389
-3.879444 -3.140155 11.099552
-5.109648 -1.352746 13.303653
-2.447868 -3.330588 12.728632
-5.258350 -3.420286 14.816445
-5.794975 -3.494962 17.712543
-3.150889 -3.059982 12.131042
-3.980156 -3.036192 11.702375
-4.228550 -2.963666 13.213984
-2.909368 -3.082542 12.332405
-4.412093 -1.595395 11.661045
-4.428792 -1.599377 11.673429
-4.861212 -2.496385 12.164010
-5.410968 -2.176906 18.862486
-2.604606 -3.263772 12.561882
-5.025763 -1.427040 17.378157
-2.925595 -3.020686 12.152735
-3.311955 -0.425696 13.470954
-4.744627 -1.547331 12.608436
-4.309248 -0.334594 12.280272
-4.583189 -1.518026 12.371830
-3.456692 -3.565499 13.888997
-3.647669 -0.315247 12.382573
-5.847066 -2.282444 19.545536
-2.885520 -3.066290 12.122058
-3.023585 -3.005543 12.064829
-4.131956 -3.056758 11.698145
-4.511629 -1.290689 11.825417
-3.658473 -3.344461 13.266988
-5.274601 -3.397178 18.310699
-2.761662 -3.080392 12.335662
-4.419641 -0.925258 17.210999
-3.862866 -3.369035 16.240618
-4.827652 -0.528779 13.627894
-2.839166 -0.258729 12.469826
-4.440368 -0.348915 11.740267
-4.196808 -1.241821 11.087022
-4.172938 -1.625444 10.973408
-3.107422 -0.309816 13.114770
-5.033651 -2.176071 18.263416
-4.690016 -0.482873 12.433517
-4.327282 -3.068588 13.221370
-2.593568 -3.166047 12.398013
-2.743232 -3.007413 12.228559
-2.593339 -3.084718 12.304753
-4.001736 -3.051923 11.715851
-2.841680 -0.250560 12.491354
-3.473641 -2.997323 11.910971
-3.247669 -0.471094 13.267246
-4.281149 -1.258910 11.252721
-4.872319 -2.287896 17.949230
-3.688257 -3.031085 11.316122
-3.367074 -2.977473 11.838643
-3.313355 -3.023145 12.028046
-3.797061 -3.016548 11.318532
-3.743018 -3.425537 13.562336
-4.464593 -2.992458 12.172545
-3.748482 -3.051165 11.726322
-4.446415 -0.347050 11.822108
-4.099860 -3.149022 12.342968
-5.079269 -1.278195 17.596474
-4.483820 -0.359003 11.880252
-4.085021 -3.033270 11.597180
-3.096219 -3.292691 12.227180
-3.904071 -3.059207 11.791528
-4.597106 -2.159980 12.033670
-3.047896 -3.321723 12.271123
-3.038250 -3.317033 12.320020
-2.613215 -3.070558 12.541318
-2.953245 -0.307743 12.845831
-4.763810 -3.089907 16.847944
-2.679354 -3.018310 12.277631
-4.894767 -1.743913 12.875685
-3.876441 -3.129420 11.558785
-3.181899 -3.156250 12.103099
-4.192351 -3.087202 11.831722
-2.954078 -3.202842 12.303005
-3.752234 -3.075158 11.868628
-2.745762 -3.131015 12.331164
-4.528061 -0.364371 11.928831
-3.869847 -3.522211 13.546953
-7.113588 -2.675101 18.062943
-2.495805 -3.133748 12.584021
-2.607578 -3.288599 12.627680
-2.881459 -0.312980 12.954186
-2.933515 -0.313511 12.965719
-4.522312 -0.418572 12.029469
-2.853104 -3.088517 12.308279
-2.952868 -3.289417 12.432929
-4.088334 -3.050693 11.887100
-3.087654 -3.138402 12.128220
-3.019801 -2.915962 11.974617
-4.463565 -0.355822 11.802273
-3.173729 -0.319950 12.587066
-3.108751 -3.282431 12.331738
-3.865280 -0.355091 12.535503
-5.675642 -2.147917 14.534477
-5.619481 -1.463668 14.301985
-3.221703 -0.490434 13.159511
-3.999996 -3.070398 11.737414
-4.171101 -2.911618 13.080216
-4.522122 -1.617996 11.839807
-4.153569 -3.170496 14.500290
-3.802713 -3.021089 11.716028
-3.448195 -0.340922 12.801651
-3.686612 -3.053304 11.441959
-2.594852 -3.397859 12.644129
-4.472651 -0.329855 11.776296
-4.464247 -1.634103 11.793996
-3.087006 -0.370037 12.925347
-3.043781 -3.017859 12.118902
-4.026632 -3.029634 11.492126
-4.466451 -1.632581 11.793854
-3.311222 -3.170254 12.060268
-5.166412 -3.255422 14.091724
-5.305163 -2.450897 13.834822
-4.188296 -3.422627 16.054083
-4.181042 -3.067430 11.818447
-3.598901 -3.067635 11.960875
-3.605302 -0.365984 12.808636
-3.091042 -3.291118 12.210002
-4.258701 -0.387655 12.496315
-4.085775 -2.858320 12.965900
-2.608320 -3.375392 12.734479
-3.682091 -3.053692 11.867617
-3.758805 -3.209455 12.295814
-4.483139 -1.634842 11.821196
-3.944930 -0.367669 12.695503
-4.696821 -0.581213 12.166740
-4.315434 -1.262702 11.349259
-3.162936 -3.051996 11.996752
-3.693634 -3.503851 13.789688
-5.323953 -0.616986 13.608084
-5.139359 -2.933255 12.469875
-3.158690 -3.048279 11.989446
-4.257779 -1.258232 11.234825
-6.716078 -3.623227 17.291155
-4.802190 -0.571872 13.613507
-3.703485 -3.020905 11.725655
