ply
format ascii 1.0
element vertex 9368
property float x
property float y
property float z
end_header
1.327846 -1.387783 19.492811
1.060692 -1.394923 19.096478
1.060096 -1.394256 19.100746
0.672029 -3.347202 18.992867
0.700430 -2.966251 18.862209
2.158157 -4.138855 19.156906
1.766183 -4.050812 18.292517
0.565049 -3.525199 19.749233
0.704101 -3.613295 18.679401
0.608142 -3.455429 19.475874
0.670147 -2.675608 17.770231
0.659430 -2.680617 17.797337
2.378845 -1.316848 18.297626
2.288489 -1.232814 17.823803
0.661672 -3.326277 17.667686
0.958794 -1.185484 17.752411
2.297796 -1.218860 17.870716
1.312310 -3.770706 17.763668
2.136188 -4.065667 19.038193
0.722041 -1.415037 17.960894
1.829280 -1.238131 18.062061
0.683077 -2.686489 17.809128
2.354179 -3.153189 17.820158
1.817203 -1.194148 17.843922
0.695065 -1.200277 17.888203
0.742090 -1.244553 18.238123
0.790311 -3.804168 20.012329
2.306057 -1.345256 17.912729
0.765169 -1.288838 18.095369
2.263266 -1.227144 17.555149
0.634037 -2.125749 16.894928
1.838327 -1.225971 18.090326
1.075472 -1.253470 18.012032
0.704064 -1.219250 17.965031
2.286434 -3.821579 17.654049
1.818684 -1.191707 17.852058
2.005198 -1.317790 18.844709
0.719594 -4.084119 20.908991
2.447692 -4.627775 20.584492
1.084683 -1.622482 20.790106
2.715952 -2.964378 21.082600
0.778876 -1.615688 20.671656
1.824638 -3.997245 18.209442
0.647820 -1.103308 17.471884
2.454596 -1.632961 21.026983
2.233973 -3.369644 17.487835
1.907741 -3.770267 17.704994
0.600334 -2.627795 16.709173
2.316375 -1.328700 17.954809
0.625998 -2.121770 16.918432
0.740789 -1.627528 19.149796
1.822912 -3.952006 18.128490
0.658176 -3.319294 17.682314
2.288900 -1.207527 17.709181
2.391207 -2.265357 18.623941
1.313003 -3.785454 17.794386
2.323000 -4.020020 18.856201
2.213373 -3.813439 17.465500
0.691644 -2.153289 17.810066
0.606850 -2.975552 16.740438
0.609625 -2.979344 16.725039
0.656608 -2.807698 17.884840
0.626828 -2.736089 18.096445
2.290051 -3.875159 17.992002
0.597130 -2.122202 16.831242
2.338879 -1.371572 18.301474
1.848348 -4.115669 18.909397
0.738716 -1.239041 18.237013
0.966278 -1.276259 18.207470
2.552340 -1.696841 20.657213
0.649758 -2.134727 16.950146
0.592009 -2.154963 16.841150
0.646471 -2.146945 18.039783
0.621758 -2.120094 16.938036
0.583656 -2.465403 16.647581
2.185422 -4.057217 18.264544
0.804007 -1.602431 20.359060
0.608359 -3.480471 16.926044
0.607277 -2.180111 16.768639
2.312816 -1.174892 17.256001
0.805057 -1.598271 20.397141
1.461499 -1.613138 21.061716
1.712441 -1.479512 19.817947
2.320580 -1.335629 17.981056
2.309470 -3.874523 18.508766
0.709408 -2.284113 18.804153
0.724718 -3.238019 18.638062
2.344372 -3.970744 18.966692
2.426985 -3.647505 19.283897
1.786921 -1.642103 20.857128
0.678106 -1.159108 17.412884
0.697059 -3.337184 20.798803
0.613222 -3.478419 16.948929
2.376251 -1.563814 19.219494
2.344144 -1.183830 17.488922
1.398094 -1.100598 17.110693
1.096964 -1.388542 18.760986
0.709699 -4.310362 18.471338
0.619958 -2.157634 16.772442
0.607649 -2.129110 16.803696
0.705030 -4.342638 18.530764
0.970071 -1.138813 17.404242
0.617747 -2.128299 16.774796
0.669419 -2.043900 17.143034
1.011944 -1.238639 18.106897
0.988611 -1.107368 17.183266
2.202369 -4.103959 18.356226
0.854556 -2.926033 20.164782
0.681054 -1.251186 16.853596
0.607080 -2.622383 16.676855
0.633129 -2.963441 16.647850
0.617113 -2.180503 16.720379
0.600402 -2.627904 16.707926
0.982557 -1.113354 17.223173
1.653094 -3.742629 17.208210
0.612029 -2.485856 16.769548
2.330661 -3.163392 17.789486
2.293631 -3.978912 18.802277
2.135620 -4.102684 17.950975
2.506559 -1.715395 20.275084
1.094411 -1.370365 18.858223
2.292309 -3.860640 18.448891
1.970135 -3.882433 17.599476
1.841089 -3.620255 17.422909
2.271644 -1.185828 17.461823
2.375481 -1.081369 17.257986
0.713232 -1.512496 17.991217
1.954096 -3.856973 17.563736
1.563646 -3.656274 17.257843
0.654827 -1.210163 16.939463
2.277813 -3.352103 17.379545
0.954368 -1.173643 17.793724
2.387764 -1.699262 19.347527
0.978640 -1.093134 17.120300
1.811452 -3.877476 17.971081
1.402071 -1.088737 17.107025
0.975450 -1.088260 17.120922
1.821604 -1.136379 17.430744
1.874596 -1.137219 17.424088
2.292644 -3.384592 17.432190
0.654920 -1.114217 17.270441
2.307541 -1.110806 16.957457
0.612359 -2.156996 16.788105
2.333692 -1.197416 17.469574
1.601575 -3.735050 17.386332
0.643773 -1.110425 16.988514
0.634261 -2.056091 16.967644
2.388666 -1.648277 19.273821
0.683217 -2.046165 17.985960
1.713165 -1.411696 19.641266
0.642779 -3.422205 19.322952
0.729485 -2.278255 18.680307
2.421839 -1.532915 19.383131
1.624408 -3.774058 17.794312
0.700350 -2.137728 17.753765
1.313285 -3.748685 17.724445
0.970328 -4.049622 19.158321
1.731322 -1.037552 16.631622
0.589837 -3.072082 16.768490
2.030265 -1.081054 16.833061
0.631178 -3.455960 16.941332
1.329682 -1.060060 16.827723
1.330440 -1.059347 16.827690
2.085099 -1.059929 16.736160
2.269303 -3.357023 17.116051
0.617025 -1.049694 17.397947
1.613436 -1.024129 16.580004
0.630039 -2.145165 16.993687
0.681001 -2.052289 17.030546
2.079316 -1.067655 16.718746
2.321005 -1.603252 17.415945
2.233158 -2.019903 16.609264
1.474240 -1.128698 17.400692
2.294291 -2.900347 17.234459
0.608011 -1.122101 16.820063
2.315741 -2.732168 17.321934
1.644045 -1.030785 16.577698
0.664153 -3.104923 17.685776
2.035068 -1.057575 16.731028
0.664557 -3.110313 17.703804
0.604122 -3.050004 16.716990
2.321970 -2.422770 17.358969
2.325815 -1.853349 17.412365
1.311527 -3.733383 17.699039
1.093204 -4.722820 19.206787
1.640977 -1.035873 16.561993
0.605899 -2.042692 16.742037
0.630832 -3.464490 17.519417
1.306395 -3.670436 17.570116
0.613937 -2.627121 16.699148
1.693173 -1.426635 19.372349
2.296018 -1.146115 17.039028
2.280627 -3.598044 17.002909
2.343077 -1.176125 17.503149
2.306580 -1.090244 16.950253
0.961099 -1.072770 16.988638
1.822884 -1.058109 16.799393
1.548970 -1.114354 17.273640
0.610045 -1.131045 16.808882
1.557763 -1.108283 17.270233
1.207615 -1.119682 17.308456
0.631871 -2.071412 17.015434
2.308897 -3.874568 18.508757
2.313497 -1.129215 17.083351
2.044151 -1.067204 16.831938
2.485928 -1.721503 20.322355
2.347991 -1.083794 17.098091
0.704817 -1.522814 17.937712
0.636481 -3.576727 17.444744
2.290328 -1.136924 16.954432
1.646037 -1.032718 16.564005
0.575768 -1.049873 16.786961
0.953033 -1.076401 17.030552
0.624992 -2.121020 16.928535
0.634621 -2.020403 17.004587
1.820806 -1.063292 16.783802
2.270600 -3.032985 17.162933
0.636332 -2.062800 16.974161
0.645730 -2.018142 16.952290
2.303169 -2.345001 17.308094
2.269547 -3.470877 17.115196
2.328549 -3.267857 17.293652
2.303009 -1.176268 17.180738
1.823214 -1.060301 16.803654
2.296090 -2.189519 17.303600
1.541033 -1.105684 17.237118
0.655756 -3.244647 17.398211
1.700752 -1.087562 16.955191
2.495129 -1.727705 20.579115
2.500507 -3.472132 19.923000
0.660833 -3.409693 17.644188
2.269979 -3.393099 17.365259
0.636282 -1.177975 16.994188
0.654132 -1.116813 17.052330
0.641652 -1.069673 16.761658
2.296559 -1.098378 16.858496
2.277441 -1.123286 16.733963
1.563089 -1.132645 17.208063
1.600035 -1.267793 18.315372
0.682600 -1.172542 17.348515
1.121867 -3.936229 17.321669
0.599354 -2.173412 16.770916
2.245974 -1.152538 16.675053
0.910030 -3.882101 17.102194
2.255629 -1.121589 16.692596
1.910145 -3.776782 17.297007
0.624929 -2.130079 16.757866
0.555195 -3.627453 17.248388
0.585042 -3.088571 16.780787
2.007404 -3.227341 16.137627
0.760953 -3.936958 16.991234
1.119790 -3.876444 17.217222
1.548362 -1.109685 17.184595
2.079572 -3.245528 16.170416
0.650924 -2.045899 17.285097
1.945124 -3.149114 16.220779
1.786096 -1.112263 17.137823
1.965985 -3.361344 16.201349
1.981428 -3.205069 16.320393
1.101481 -4.452325 18.678280
0.662945 -3.318249 17.675667
1.309802 -3.979301 16.959507
2.057802 -3.191813 16.197220
0.671884 -2.125440 17.970173
2.328018 -3.451506 17.554958
2.355172 -3.190936 17.697136
1.303418 -4.001213 17.778578
2.197948 -4.138922 18.887287
2.376179 -3.210933 17.741903
2.477850 -1.518509 19.623459
2.348640 -2.304329 18.598892
1.913165 -3.775117 17.718920
0.726762 -2.285569 18.707237
2.435481 -1.054357 17.507658
1.735315 -3.903417 17.066235
1.729486 -3.957042 17.581890
1.405014 -1.518904 20.518999
0.765461 -1.438298 18.846809
2.050697 -4.042702 17.414265
2.612043 -1.702652 21.174782
1.884478 -3.726697 17.231762
2.430839 -2.287548 18.735977
0.657744 -3.135936 17.721960
0.665749 -1.136625 17.430395
2.303227 -1.995085 16.761356
2.299828 -3.143945 17.500780
0.627986 -2.071245 17.032631
1.311746 -3.745870 17.729950
2.392921 -1.727087 19.460892
1.755907 -3.904379 17.148018
0.758729 -3.119591 18.212543
1.400944 -3.824536 17.000208
2.158422 -3.378043 16.192539
2.243012 -3.259520 16.489504
2.192448 -2.610984 16.356276
0.593075 -3.124549 16.774776
2.683222 -4.144299 20.816551
0.638190 -1.177986 16.959606
2.278698 -1.132563 16.766226
2.273271 -1.130416 16.753250
1.982111 -3.197710 16.336546
0.807339 -3.954705 17.252342
2.247397 -1.004005 16.295990
2.432765 -1.107728 17.724436
0.652411 -3.492126 17.180182
0.560344 -2.651488 16.726284
0.563949 -2.481959 16.746119
2.242524 -1.996593 16.590460
0.604325 -2.130723 16.858669
0.594239 -3.438118 16.679451
2.251977 -1.140115 16.680668
0.555245 -3.512653 16.726810
1.586770 -1.185579 18.074291
2.529222 -1.729259 20.747339
2.023263 -3.969194 17.435606
0.698183 -2.149994 17.812561
3.560036 -1.707687 17.936308
0.773737 -2.272078 18.284893
1.247553 -1.385792 19.017416
1.170940 -0.998100 17.127531
0.760465 -3.904233 16.974129
1.207626 -3.937826 17.207943
1.715884 -3.979199 16.859678
0.601315 -2.537191 16.712807
2.038731 -3.491586 16.383009
1.707926 -1.090285 16.958101
2.184269 -2.447479 16.364801
0.826649 -1.084607 17.083200
2.268878 -1.998549 16.675446
2.307252 -2.999014 18.760067
0.675646 -2.694650 17.741663
2.426926 -2.392930 18.758783
0.710851 -2.063878 17.674036
2.326129 -1.420382 18.531542
0.701020 -2.655935 17.523602
2.444693 -3.474701 19.479145
0.749219 -4.014370 20.708487
3.330129 -3.199860 17.364559
3.330129 -3.199860 17.364559
0.696564 -2.050158 17.058210
2.343509 -3.971374 18.359087
1.013061 -3.923496 17.191105
0.697619 -3.918912 16.925108
1.393361 -1.515336 20.632746
2.436213 -3.271190 17.915556
1.411467 -0.948228 16.476095
1.797187 -1.042750 16.997375
2.250988 -0.994573 15.989996
2.289645 -1.091682 16.794258
0.630987 -0.983009 16.358646
2.191195 -3.133464 16.166479
1.632413 -1.105917 16.852646
1.132270 -4.592886 18.960676
2.388119 -1.108591 17.515709
1.098011 -4.756957 19.262835
0.701223 -2.062412 17.787035
2.394948 -2.261320 18.624134
0.780089 -3.875636 20.221739
1.326366 -3.919064 18.108807
2.430980 -4.628765 20.576807
2.475056 -1.802905 20.779045
0.676470 -2.691705 17.710972
2.528240 -1.248479 16.258986
1.668145 -1.019117 18.795183
1.142027 -3.911186 17.156267
2.243536 -1.033845 16.243340
1.795774 -3.895196 17.518122
0.784354 -1.000801 16.387070
2.171818 -3.499529 15.932619
2.213634 -0.981106 15.878657
2.144757 -3.461476 15.906214
2.187408 -3.386489 16.136412
1.438243 -1.015666 16.348295
0.585193 -3.382882 16.613304
2.207331 -1.037064 16.206343
2.160731 -2.575247 16.130894
2.308292 -1.012066 16.258074
2.554996 -0.998181 16.165741
1.431102 -0.996479 16.377184
2.385372 -2.848653 19.130480
2.027666 -3.908999 17.176321
0.710958 -3.603481 18.645609
2.218178 -2.944540 16.142063
1.987189 -0.968875 16.043842
1.756686 -0.995873 16.241373
1.644023 -0.942957 15.973278
0.723554 -2.291242 18.791988
0.759035 -4.035180 17.862188
1.553521 -0.977378 16.133774
2.343577 -1.999979 16.921875
1.689096 -3.831874 16.519415
2.719815 -1.153180 16.589191
2.094944 -3.213649 16.337240
1.695526 -3.848269 16.593887
2.090887 -3.276261 16.339108
2.128816 -3.287824 16.466246
2.075612 -3.166377 16.192213
1.738835 -3.725749 17.171862
2.168720 -2.564383 16.216429
1.401192 -3.889012 16.829271
0.616721 -2.148068 16.760515
0.854597 -3.825167 16.516665
2.281846 -1.043144 16.191631
1.441110 -0.984832 16.415287
1.645530 -1.035314 16.554104
1.161189 -0.938042 15.974059
0.303503 -1.019460 16.787199
2.062929 -3.288421 16.156166
1.428643 -0.996184 16.373598
1.995134 -0.951303 16.059891
2.263824 -0.988813 16.054688
1.498391 -3.882660 16.810741
2.355292 -2.737831 16.181807
2.275708 -2.816631 17.162643
2.148731 -2.562536 16.100710
2.340806 -1.997457 16.890902
2.289109 -2.651757 17.226515
2.182423 -4.212970 19.526400
0.711710 -1.445576 17.928221
1.100798 -3.911556 16.894392
2.095241 -3.924737 16.494598
2.353530 -1.176417 17.524445
2.388756 -4.132262 19.153234
2.253514 -3.771098 17.578545
0.869412 -3.883749 16.613773
1.891243 -0.961717 16.100250
1.153427 -1.039871 16.796524
0.940817 -0.926810 15.897648
2.445454 -1.264687 16.347971
2.017546 -0.907773 15.718567
2.019498 -3.146330 16.154219
0.873906 -3.883293 16.613466
0.588094 -2.618559 16.586615
1.375792 -0.987466 16.411774
2.018306 -3.295645 16.162233
2.167345 -2.472403 16.177324
0.935210 -1.026185 16.628073
1.866526 -1.122931 17.662498
0.504718 -3.837872 16.557341
2.160897 -2.471720 16.162062
2.002342 -3.332497 16.137220
2.324600 -3.938240 18.814463
0.698243 -3.898637 16.580025
2.178137 -3.125549 16.177879
0.524776 -3.792572 16.485023
2.065243 -0.944234 15.929482
1.613509 -0.954794 15.943851
2.231813 -0.904800 16.153269
1.901219 -4.232548 19.206305
2.262191 -0.982206 15.992995
2.159653 -3.515408 15.904404
2.427386 -2.772991 16.351931
1.993091 -0.959663 16.062002
2.305284 -2.008645 17.332062
1.281190 -3.776778 17.386263
2.211432 -2.427578 16.219908
1.626947 -0.938078 15.990729
1.874865 -0.966211 16.148222
1.161069 -0.936908 15.977191
0.095416 -1.122926 16.446678
1.979788 -0.954116 16.080635
1.526340 -1.035986 16.656990
2.041009 -3.496779 16.442316
2.190400 -3.601257 16.332922
1.703364 -1.091953 16.942511
2.227738 -0.976828 15.790025
1.772889 -3.799423 16.443476
2.190084 -2.584432 16.198284
0.090164 -1.127588 16.447350
1.160159 -0.944577 15.957603
2.023920 -3.791320 16.230009
2.222740 -1.018369 15.928405
1.897594 -1.358064 18.654608
2.124704 -3.351045 16.149809
1.774183 -4.155091 19.632475
1.389621 -3.825256 16.723904
2.175230 -3.370868 16.116171
2.053024 -3.191318 16.152689
2.021968 -3.880264 16.903494
2.167635 -3.357371 16.088181
1.757210 -0.988282 16.257002
2.059309 -3.193506 16.166597
2.167241 -3.360038 16.089783
1.199606 -3.624980 16.173420
2.058695 -3.275289 16.108788
2.063539 -3.225846 16.131262
1.758375 -0.990247 16.250067
0.663883 -2.724033 17.882002
1.156797 -0.942048 15.965267
1.546738 -0.984523 16.119755
2.445813 -4.636156 19.358450
2.010359 -3.284698 16.137291
0.738768 -3.711592 16.225023
1.195395 -3.575886 16.065395
1.574433 -1.134929 17.569246
2.284388 -3.466406 17.423857
0.734983 -3.718781 16.224901
2.506002 -1.257224 16.204723
1.622468 -0.937836 15.981622
0.920745 -0.919495 15.931104
1.153829 -0.933042 15.988921
0.588061 -2.654428 16.794695
2.261856 -2.174891 16.212431
0.848743 -4.599109 19.057814
1.543538 -0.978129 16.134718
1.098452 -0.858453 15.584149
2.244601 -3.097163 16.429897
1.988863 -0.940877 16.120420
1.772387 -3.700158 15.875891
1.644891 -3.811018 17.887444
2.175389 -0.993316 15.542888
1.160196 -0.928628 15.996737
1.671020 -0.861132 15.487455
1.035530 -3.880260 17.098078
2.677840 -3.847807 16.477291
0.058357 -3.545696 16.108900
1.158329 -0.928302 15.995137
0.618278 -2.045725 16.704420
0.807480 -3.934950 17.220016
2.217732 -1.011772 16.439039
2.299796 -2.313163 17.289728
0.060546 -3.545770 16.108694
2.212796 -0.994363 16.309114
1.439905 -0.978202 16.434927
2.193980 -2.564825 16.227787
2.584291 -1.236832 16.329453
2.485434 -1.046899 16.048241
0.909715 -0.908580 15.944783
1.608369 -3.808918 16.858088
2.158656 -3.104786 16.122358
2.141542 -0.893509 15.469458
2.311761 -3.705464 15.767694
2.168130 -1.011160 15.293655
2.147360 -3.345106 16.152746
1.097395 -0.876935 15.605038
2.011272 -0.912134 15.702310
2.023265 -3.196577 16.109467
3.136413 -2.725802 17.455345
1.863556 -4.112418 18.873421
1.876491 -4.147330 18.951849
1.726269 -3.694933 15.804613
1.893026 -4.176957 19.000896
2.110206 -1.000758 16.286505
1.725534 -3.697807 15.807284
2.409123 -1.379577 18.741663
1.102344 -3.849122 16.773346
1.780827 -4.222100 19.898211
2.358663 -1.405126 18.262913
1.122936 -3.912678 17.434649
2.294875 -3.202068 17.569340
1.809462 -4.022073 18.613792
2.290338 -0.916983 15.952997
0.588478 -1.044729 16.813227
2.053277 -3.909602 16.959770
0.638091 -2.023504 16.986292
2.007918 -3.224770 16.138632
2.131832 -3.342932 16.120335
1.578806 -0.965713 16.178648
1.490545 -0.987610 16.432953
0.701174 -1.220997 17.902031
1.207947 -1.126591 17.394554
0.525095 -1.230755 15.246068
2.149905 -4.036613 18.205170
0.604835 -2.475485 16.691259
2.178415 -4.076279 18.310188
0.900556 -0.997897 16.535425
2.393067 -3.513019 19.234465
0.715054 -3.827849 16.746904
0.638079 -3.514174 17.687050
2.222815 -3.637514 15.864161
0.621535 -2.131236 16.772659
1.286414 -3.803211 17.459219
2.222360 -1.988310 16.603579
0.901162 -0.996080 16.508970
0.569934 -3.210989 16.878862
2.375736 -3.992412 18.820051
2.309871 -1.089244 16.904568
2.382932 -1.566619 19.266975
2.139667 -4.040808 19.057306
0.601387 -2.535045 16.701616
2.102515 -3.964936 18.061014
1.874374 -3.765047 17.347866
1.644625 -3.747937 16.417589
2.571609 -1.214742 16.511635
2.206200 -1.980362 16.527308
2.108888 -3.955162 18.013147
2.381626 -1.669831 19.271406
0.610744 -3.379437 16.533190
1.701402 -3.869782 17.482658
1.672742 -3.785096 16.489880
2.016513 -3.877370 16.896246
2.190894 -3.426135 16.302595
2.190258 -2.017330 16.470196
2.295849 -2.979226 16.044600
2.043722 -1.668141 20.070642
1.742090 -1.658040 20.473015
2.226196 -1.168260 16.624655
2.608493 -1.209708 16.557838
0.904117 -0.983374 16.456554
3.045668 -1.487828 17.134430
2.289409 -3.835598 18.485909
1.502145 -0.985325 16.387457
0.901562 -0.982321 16.455713
0.316066 -1.028188 16.741993
2.022371 -3.148289 16.156158
2.201663 -2.578724 16.283331
2.339560 -3.253816 17.693850
2.312274 -3.318675 18.882551
0.582220 -3.487883 16.631605
1.858305 -3.661005 17.097492
0.687604 -2.338600 19.753067
1.258753 -1.298811 18.272335
2.550658 -3.601162 15.960674
0.693362 -4.345017 18.506569
1.631931 -0.957044 18.329880
1.073608 -3.892268 16.809473
2.345613 -3.251159 17.712673
2.311317 -4.397809 20.098797
3.226091 -3.599618 17.676090
2.735424 -3.819334 16.336792
3.563033 -3.860702 18.401764
3.573361 -3.858806 18.393284
0.670513 -3.373657 17.531757
3.516042 -3.807274 18.256302
2.320572 -3.537789 17.584656
2.208436 -1.998007 16.526276
2.165361 -3.107069 16.103588
0.702101 -1.220916 17.951347
2.235229 -2.619496 16.330183
3.184752 -3.542509 17.518539
1.670119 -1.247816 18.987814
0.640110 -0.862792 15.745460
1.814179 -4.136079 18.946985
2.213643 -2.577926 16.291531
1.183570 -0.210964 19.508850
1.634209 -0.929347 18.453224
2.274721 -3.507480 17.511499
0.190928 -3.502448 15.980844
2.705374 -3.780666 16.270048
0.196687 -3.500769 15.971621
2.140839 -1.017478 16.598984
0.722309 -3.577177 18.585350
0.573160 -2.055220 17.018066
2.215890 -4.159841 18.918646
1.941834 -0.888110 15.604482
2.288138 -3.293392 15.425560
0.593958 -2.612849 16.564642
0.555678 -3.691371 16.309320
1.590537 -3.897921 17.064884
0.694741 -2.388268 19.583828
0.725001 -3.560023 18.509371
1.093824 -4.807028 19.366159
2.194452 -2.614114 16.375734
0.775214 -3.557452 15.996407
2.224938 -4.161519 18.911331
1.903762 -3.745192 15.845274
2.141243 -0.902561 15.256711
2.262764 -0.970995 15.968814
1.546546 -1.109939 17.235739
0.319800 -1.166437 16.095966
1.607750 -3.614355 16.153730
2.556014 -2.460488 16.095432
1.764894 -0.905357 15.612987
1.540657 -0.850517 15.397570
2.187316 -3.100452 16.283882
2.263463 -0.945771 15.876051
2.180851 -4.057528 18.264189
1.957562 -3.352018 16.219711
1.767918 -3.953199 17.227200
1.531489 -0.870083 15.351015
2.334483 -3.287366 19.223837
2.126191 -1.056295 15.231090
2.245959 -1.431521 17.776325
0.524129 -1.234766 15.242723
0.552342 -0.824401 15.307772
0.882949 -0.796957 15.179409
2.188452 -3.588091 15.774574
0.622270 -1.148669 16.758547
1.494521 -0.915551 15.859784
2.117597 -0.920063 15.198018
1.763777 -0.908171 15.612803
1.416752 -0.807165 15.129942
2.011001 -3.700388 15.790400
1.808884 -3.371908 15.581980
1.538740 -0.855528 15.386194
0.966781 -1.471852 19.595772
0.886781 -0.810998 15.151028
1.962279 -0.797839 14.918488
2.229842 -0.927143 15.629206
1.612404 -3.777699 15.861619
1.964972 -0.797177 14.925091
1.524932 -0.922788 15.922910
1.219876 -0.810062 15.170986
1.104253 -3.595364 16.177404
2.274931 -1.388040 17.928570
1.846479 -3.441220 15.695845
2.405572 -3.260183 16.053053
0.602577 -2.958916 18.751783
2.141195 -3.497408 15.851075
1.893672 -3.725558 15.811395
2.394972 -2.606590 20.497154
1.088392 -4.118588 17.803259
0.533539 -3.761757 16.458384
2.293258 -3.667866 19.927368
2.130234 -3.340615 16.112406
0.448460 -1.223915 15.640160
0.738797 -2.285768 18.563520
2.016501 -0.880080 15.015113
1.818216 -0.834504 16.529814
2.177729 -2.451935 16.323074
1.427582 -3.830312 16.071283
1.449635 -0.791488 15.144023
2.700947 -4.165740 20.864801
2.061395 -3.927583 17.676878
1.907044 -3.628484 16.169807
1.458953 -0.799440 15.114238
2.133362 -0.956467 15.235415
0.687734 -2.676528 17.707071
0.523464 -0.805350 15.321114
1.609451 -3.763301 15.841022
0.543171 -0.817760 15.159006
2.406439 -3.621258 15.601302
2.183326 -0.905505 15.350441
0.763925 -3.725924 15.919825
2.346615 -3.490309 19.286249
1.076646 -0.798964 15.124414
0.584657 -2.492450 16.743412
0.531458 -0.813237 15.108436
0.518461 -3.446550 17.409739
0.475414 -1.287832 15.438719
0.573156 -2.067799 17.128937
0.479294 -0.830785 15.081203
1.259181 -1.283593 17.723238
2.417731 -3.271492 16.080593
2.367929 -2.761928 16.292641
2.496709 -2.659299 21.047216
1.339646 -1.364595 19.440050
0.763503 -3.779737 16.014132
0.996073 -4.118745 18.920147
0.539558 -3.387313 17.336470
0.906751 -0.934343 16.196077
2.077593 -3.282038 16.735941
0.722222 -3.834031 16.567245
1.978310 -3.208563 16.411343
2.131086 -3.464802 15.831625
1.572514 -1.252788 17.688267
0.159934 -3.733981 16.370537
2.083279 -3.991609 18.940643
1.562394 -1.237374 17.814426
0.904858 -0.949162 16.143351
1.560343 -3.342498 15.588113
1.072451 -0.798511 15.090623
1.244210 -1.257110 17.823120
2.027977 -0.833519 15.102421
1.242143 -0.793457 15.000679
1.793740 -1.074965 16.884140
1.178654 -1.069863 16.892456
1.913517 -3.579721 15.932689
0.996680 -3.955141 18.950518
1.947328 -3.665988 15.448591
0.637183 -0.821203 15.307093
0.194701 -1.090837 16.927341
1.570965 -1.221533 17.839178
1.480919 -0.947601 16.010859
1.511684 -3.936766 15.628797
2.189352 -0.980265 15.591432
1.992089 -3.425134 16.357594
2.380388 -2.294672 18.586697
2.170381 -3.618736 15.818975
2.074768 -0.804017 14.807417
0.731506 -0.768011 14.889454
0.602307 -0.763208 14.983816
0.522997 -0.808861 15.285015
1.455678 -0.787697 14.964278
0.509114 -0.769946 14.876079
1.662138 -3.648469 15.814369
2.173295 -3.618965 15.826375
2.065325 -2.517828 14.927749
2.064422 -2.898786 14.995229
2.017527 -0.846801 15.123548
0.502840 -0.766099 14.922963
2.322822 -1.864383 15.661314
2.267395 -2.769218 18.563953
1.392600 -0.783236 14.905643
0.650972 -0.755296 14.730008
0.366884 -1.644082 14.143303
2.377378 -3.718346 19.213995
2.273092 -3.241577 17.459955
0.892314 -0.932673 16.072948
0.621648 -0.816098 15.272007
2.080335 -3.400893 14.861053
2.092872 -2.457362 14.998876
2.341598 -2.803254 16.220736
0.503736 -1.342891 15.300085
1.778987 -3.639136 15.120941
2.202093 -2.549417 15.279216
2.117907 -0.989252 15.197281
0.683244 -0.819915 15.377429
1.046661 -0.835296 15.411735
2.109332 -0.996780 15.161469
0.716587 -1.525243 17.912437
2.115865 -2.732031 15.024742
2.118708 -0.939880 15.155334
1.729871 -3.636485 14.986234
2.275964 -1.200653 17.253613
0.863910 -0.774307 16.891081
1.359535 -3.765542 15.178752
1.435799 -3.796514 16.008806
2.109088 -3.484944 14.976391
2.540491 -3.150229 16.161047
2.359895 -1.866773 15.772588
2.338723 -1.348682 15.755764
1.896042 -3.611934 14.943882
1.531756 -0.863019 15.345042
1.231365 -1.143054 17.987869
2.090064 -0.867884 15.088367
0.606972 -1.052662 16.769278
2.052653 -3.527461 14.755834
2.259951 -3.045610 15.975387
2.307972 -3.259852 18.994003
0.525930 -0.812090 15.301336
2.120643 -1.850142 15.124545
1.535985 -0.860612 15.372192
1.869760 -3.653910 15.003083
0.532331 -3.724470 16.373898
0.877456 -0.900423 16.291887
2.245111 -2.722316 18.478542
2.480323 -3.337515 16.069098
2.255660 -2.455233 16.403353
2.116991 -0.925036 15.192616
1.168083 -1.035023 17.004694
2.537251 -3.138222 16.144110
1.145675 -1.052417 16.754793
0.614005 -2.141784 16.710712
2.089871 -3.309454 16.383238
2.369055 -2.849945 16.293976
2.218683 -3.346810 19.349224
0.365481 -1.190248 16.206947
2.499915 -3.063271 16.047478
1.761402 -1.056232 16.654266
1.934220 -3.670075 15.341744
2.349673 -1.895530 16.292938
2.131552 -3.512425 14.989617
0.711039 -1.520307 17.812626
1.285144 -1.358117 18.556826
0.517167 -0.800569 15.206601
1.669809 -3.653970 14.859296
1.850095 -3.636110 14.985110
2.300633 -3.468554 19.787645
2.391268 -2.394157 18.615995
1.370679 -1.566769 19.847805
1.406607 -0.832501 15.050275
1.149072 -1.036081 16.811134
1.618934 -3.673079 14.977901
1.497161 -1.023787 16.809294
0.910375 -3.695933 15.007118
1.663093 -3.644414 14.966234
0.519440 -0.746129 14.585994
0.534009 -1.350561 15.141527
2.107951 -0.856095 15.150373
2.241592 -2.006291 16.683874
0.786793 -1.388851 18.639740
0.400606 -1.471912 14.167345
1.940174 -3.616035 14.943863
2.178368 -3.055804 15.236547
0.806685 -3.716423 15.028347
1.697649 -3.605507 14.957069
0.812185 -3.689422 14.984459
1.629382 -3.629815 14.727901
1.952054 -3.561602 14.535126
1.950542 -3.580522 14.538218
0.448320 -3.582298 14.938719
0.461828 -2.686524 15.000758
1.412292 -0.812861 15.104549
1.417262 -0.802623 15.128510
1.400890 -4.041452 15.612930
1.409813 -0.822044 15.078538
1.601554 -3.686028 14.951756
1.910892 -3.625763 14.959120
1.606343 -3.631408 14.915927
1.890878 -3.615745 14.959802
2.176030 -4.161783 18.256805
1.879444 -0.685717 14.855451
0.439012 -0.766557 14.404792
0.397266 -1.163382 13.982949
1.648374 -3.734690 15.563042
2.103917 -0.794892 14.875796
0.397697 -1.156051 13.987010
2.134853 -0.756438 14.923386
2.227129 -2.604221 16.431438
2.051388 -0.819698 14.190756
1.842149 -0.789995 14.948488
1.929424 -3.681864 14.810211
0.393825 -0.918954 13.819146
0.684049 -2.110171 17.870375
0.459155 -3.604996 14.928148
0.382773 -1.273259 13.777337
2.316789 -2.850185 18.780725
0.734119 -0.808673 14.800782
1.663959 -0.731768 14.569203
0.737703 -0.792299 14.840802
2.059845 -3.513299 14.803557
1.580787 -3.736731 15.789780
0.377726 -1.282068 13.810210
2.082713 -3.112544 14.867467
1.649836 -0.760926 14.505048
1.422842 -0.636462 13.960281
0.393177 -0.961700 14.021127
1.315844 -3.702491 17.475662
2.084625 -4.167349 20.914057
1.877833 -3.793817 17.486637
1.005556 -3.988902 19.043411
2.287730 -3.326085 15.988851
0.521287 -0.799479 15.184851
0.662337 -3.322302 17.651892
0.520291 -2.126423 17.783260
0.396005 -1.425988 13.972813
1.970952 -3.618495 16.009882
2.049105 -0.729938 14.306497
0.385593 -0.901344 13.832634
0.374187 -0.701266 13.686102
0.473188 -0.697010 14.302697
0.865795 -0.664923 14.235257
0.875411 -0.866683 15.770531
0.388485 -1.107502 13.833243
2.079819 -2.460412 14.974852
1.985202 -4.741805 19.905384
0.384655 -1.030046 13.867378
0.327391 -1.384091 13.581616
0.746764 -2.278657 18.546505
2.353986 -3.207654 15.758813
0.304566 -1.622244 13.647313
1.714439 -1.057077 16.167191
2.245979 -3.458968 19.523897
1.397884 -0.706069 14.483177
1.418121 -0.713992 14.455719
0.401401 -1.235419 13.977141
0.650687 -0.642977 14.224235
2.084996 -3.155626 14.878831
0.415544 -1.714392 14.204206
2.058599 -0.801351 14.659781
0.406398 -0.977154 13.984671
1.011502 -0.577932 13.671023
0.381664 -1.394508 13.751001
1.103436 -0.611063 13.811432
0.394234 -1.162898 14.010777
0.865792 -0.668889 14.226041
0.508292 -0.581682 13.721958
1.731698 -0.630581 13.869294
2.127554 -0.871495 14.867000
2.074998 -0.783289 14.682532
0.407362 -1.642670 13.981326
0.418455 -0.603702 13.893077
0.395698 -2.768781 14.078073
0.585066 -0.579808 13.726597
1.092763 -0.594615 13.794937
1.413720 -0.657389 13.928713
0.319128 -1.546333 13.576221
2.054335 -0.835831 14.171440
0.416723 -0.699675 14.287513
0.490981 -0.566393 13.713229
1.552322 -0.713941 14.398570
1.735189 -0.626715 13.882409
1.106179 -0.613495 13.803330
0.380628 -1.001003 13.428793
2.059793 -0.842104 15.114264
0.413722 -1.101194 13.934468
1.924601 -3.120629 16.162779
0.333375 -1.388712 13.574817
0.393439 -1.087136 13.972531
2.320388 -1.389548 18.237225
1.764857 -3.623075 15.089188
1.753616 -3.590905 15.032355
0.352126 -1.038433 13.357510
0.351096 -0.937344 13.286946
0.867845 -0.680901 14.194542
0.381510 -1.108416 13.843793
0.168103 -1.651041 13.741800
0.356576 -0.981220 13.434587
0.144360 -1.660867 13.740448
0.412074 -0.952863 13.931231
0.362864 -0.910511 13.434772
0.367583 -0.912611 13.426455
0.340005 -1.164102 13.340597
0.079483 -1.697452 13.876795
0.172696 -1.685492 13.877761
0.168079 -1.638094 13.791514
0.365506 -1.377479 13.589132
0.364827 -1.326311 13.380348
0.391998 -1.289437 13.816142
0.368869 -0.675740 13.723397
0.491263 -0.568898 13.711407
2.066690 -0.645831 13.882677
0.396023 -1.286786 13.734129
0.072207 -1.695596 13.902080
0.406815 -1.318076 13.967028
1.557443 -1.081638 17.575287
1.416624 -0.650489 13.943200
0.237964 -1.609529 13.819438
0.870797 -3.527124 14.352453
0.152481 -1.683342 14.012610
1.886158 -3.439130 14.119828
0.384117 -1.035484 13.859741
1.724369 -3.345554 18.530178
0.412617 -1.163919 13.992893
0.398421 -1.045874 13.817693
2.305039 -3.091644 16.677752
1.794555 -3.455886 14.197101
2.062663 -0.683630 13.973688
2.186975 -4.136019 19.438168
0.348309 -1.237621 13.210053
2.025127 -0.993825 16.272308
2.175414 -1.351645 15.388450
1.832696 -1.106737 16.904213
1.890967 -3.441706 14.023632
0.406204 -1.171643 13.961455
2.046529 -0.664407 14.007674
0.604687 -2.457977 16.573929
1.114911 -0.993506 16.420368
0.417583 -0.713663 14.219828
1.939786 -3.317869 16.130384
0.352808 -1.226506 13.231733
1.000688 -0.677203 14.267629
0.417428 -1.146794 13.968291
0.399143 -1.354150 13.986898
0.470488 -0.685383 14.359600
0.995405 -0.670725 14.299683
2.266462 -2.893802 16.004570
0.400958 -1.232686 13.966689
2.263876 -2.887492 15.969671
0.148179 -2.821716 13.499271
0.655912 -0.658262 14.181712
1.689834 -3.546882 14.547861
1.490926 -3.308445 14.383732
1.331868 -0.682301 14.254772
1.419912 -1.884239 20.576252
1.313238 -3.409217 14.586001
1.150160 -1.086013 16.842560
1.753208 -3.891998 16.295017
0.383874 -1.474373 14.234814
0.594880 -0.670421 14.251017
1.502749 -3.921710 15.587077
0.881492 -3.485623 14.316908
0.423466 -1.713083 14.162332
0.882218 -3.488050 14.316764
0.664176 -3.327989 17.695667
0.863789 -0.667384 14.230781
0.738362 -0.748894 14.820950
2.506791 -2.840456 16.387472
1.792038 -3.644022 14.778605
0.542351 -0.812538 15.239468
1.172656 -3.897547 16.378218
0.608217 -3.082710 17.218288
1.397705 -0.813107 15.247089
0.712632 -2.118724 17.843128
2.238365 -3.165750 18.510035
0.728096 -0.758535 14.760560
0.114867 -1.667856 13.908164
0.443332 -3.642622 14.992975
1.529847 -3.404625 14.106638
0.852249 -0.874630 15.698518
2.020363 -3.702555 15.812727
0.460551 -0.788658 14.314031
2.419375 -2.791238 16.137341
1.784350 -3.423358 14.001393
2.352772 -3.808886 16.673206
0.618345 -2.049001 16.709389
1.391760 -1.664158 20.248537
2.152113 -0.618903 13.584213
1.911135 -3.476881 13.895559
0.987572 -0.656498 14.181608
2.052223 -0.741627 14.328747
1.816248 -3.475983 14.019061
0.744577 -2.253333 18.292057
0.437842 -0.620802 13.826899
0.372521 -0.951906 13.266637
1.471515 -3.384520 14.041446
0.393705 -1.348743 14.008483
0.644750 -0.684658 14.089216
2.003025 -2.612187 13.650157
1.410446 -2.964159 13.179138
0.659907 -0.664838 14.171868
1.215010 -0.661608 14.148705
1.018929 -0.561535 13.453620
0.371119 -0.955855 13.357526
2.146124 -0.580848 13.344309
0.475487 -3.168293 15.005796
1.215794 -0.660836 14.148642
1.142821 -2.900030 13.091036
0.389465 -0.528229 13.413436
0.385659 -2.846236 13.558725
0.879902 -0.673471 14.259224
0.512159 -0.589081 13.706356
1.112970 -3.714077 19.263287
1.779794 -4.154669 18.384876
0.379947 -0.997122 13.412207
2.059777 -3.203169 13.326502
1.538841 -0.987415 16.076036
1.733271 -0.628097 13.881533
0.389657 -1.424861 13.995965
0.371968 -0.841023 13.205746
0.334325 -1.547186 13.524813
0.271235 -3.647200 14.198923
0.383557 -1.421774 14.123068
1.902352 -0.553649 13.211601
1.574621 -3.552162 14.891582
1.653974 -3.318613 13.746750
1.797529 -3.347736 13.709114
2.079074 -0.674713 14.018075
2.041054 -2.619110 13.727900
0.552788 -0.836060 15.070475
0.406598 -2.784777 14.079296
1.040594 -3.252279 13.955563
0.030009 -1.711662 14.179941
1.999801 -2.705088 13.636228
0.408292 -1.167701 14.004084
0.388040 -1.288080 13.854063
0.357962 -1.200786 13.212815
1.403303 -2.971210 13.170505
0.358553 -1.296025 13.222725
1.406362 -2.965099 13.170342
0.387114 -1.074563 13.985204
1.113351 -3.139811 13.500056
1.035732 -0.803997 15.181957
2.076452 -3.151150 13.255201
1.451162 -3.037913 13.293584
2.073582 -3.193708 13.338669
1.110275 -3.110433 13.463741
2.020879 -3.740273 15.874451
0.364651 -0.892291 13.295330
1.016109 -0.552252 13.482091
2.008528 -2.710988 13.651806
1.825646 -3.489044 14.025640
0.156014 -1.662994 13.764482
1.420978 -3.232410 13.788974
1.482447 -1.186491 17.101202
0.369030 -1.640067 14.139741
2.126245 -2.339822 13.611938
0.376800 -0.658688 13.819805
2.139927 -1.605752 13.534207
2.078860 -0.577839 13.419376
2.139032 -0.818148 13.520103
1.108361 -0.601068 13.834624
2.103860 -2.674813 13.529193
2.100108 -3.185637 13.479021
1.742943 -2.557306 13.936279
2.146583 -0.593850 13.413600
1.906384 -3.692398 19.120287
1.476997 -3.169167 20.730761
0.361667 -0.820561 13.256761
1.196508 -2.939004 13.147494
1.142178 -1.079011 16.692566
2.151825 -0.592061 13.448533
1.420534 -2.990459 13.231041
1.020138 -0.554236 13.475477
0.351052 -1.160743 13.435797
1.884233 -0.532650 13.135852
0.348227 -2.803621 13.239489
1.019463 -0.554870 13.475514
0.938020 -0.496852 13.112972
0.501409 -1.225659 15.608768
1.375576 -0.793492 14.971493
1.382452 -0.789283 14.971094
0.373614 -1.276740 13.362260
0.016718 -1.689820 14.072365
1.688643 -0.965278 15.934074
0.372492 -0.638477 13.454906
0.329037 -2.793619 13.100796
0.354135 -1.405908 13.589849
2.069043 -2.595022 13.458907
2.078608 -2.392708 13.501558
0.383189 -2.926630 13.981950
2.046054 -2.767685 13.756063
0.309004 -1.309450 12.981686
1.881263 -0.530656 13.141829
2.027319 -0.786827 14.314202
0.326275 -0.992396 12.823282
0.336853 -0.837665 12.886874
0.574257 -3.472142 13.909909
1.143691 -2.898023 13.078249
0.092284 -1.679309 13.771885
0.486133 -0.481968 13.051725
1.158899 -2.893522 13.073304
2.127263 -1.577195 13.313208
1.420226 -0.509777 13.038467
0.396412 -1.354216 14.013532
0.563936 -3.487736 13.871037
2.067337 -1.126410 15.062075
-0.017540 -1.695992 14.196070
0.389440 -0.533661 13.412896
0.364577 -1.028052 13.356780
0.375508 -0.916991 13.330828
0.836531 -0.704391 16.140608
2.226766 -0.825800 13.958062
0.333426 -2.761700 12.946767
0.353892 -3.350847 13.771421
0.365817 -0.896113 13.295060
0.835862 -0.747311 15.845318
0.322629 -1.225023 12.764744
0.322629 -1.225023 12.764744
-0.132725 -2.826716 13.850116
0.322207 -1.067098 12.759456
0.333037 -1.058193 12.608096
0.341674 -0.850442 12.848075
0.329727 -1.060418 12.608279
0.335147 -0.937989 12.653693
2.144523 -0.624037 13.746936
0.081432 -2.726059 12.961913
0.209191 -1.610847 13.878495
0.359061 -0.942077 13.291382
1.262656 -2.948034 13.236960
1.289826 -2.998821 13.335186
1.733118 -3.855025 16.243439
2.056993 -0.802569 14.614227
2.026663 -3.250718 13.224264
1.757819 -0.511673 13.003961
0.362646 -1.037689 13.381980
0.369654 -0.864468 13.280510
2.117935 -2.607791 13.563881
0.365967 -1.042028 13.381435
1.903551 -3.389613 13.182209
0.334356 -2.725754 12.815519
1.365208 -2.964863 13.323806
0.371929 -2.883417 13.626149
0.353418 -1.004547 13.428205
1.105877 -3.002251 13.324383
0.550401 -0.467044 12.947113
0.318001 -0.892178 12.696733
0.703301 -1.220028 17.937471
0.316843 -1.053870 12.686733
2.142564 -4.136532 19.389105
1.427775 -3.806849 15.994214
2.407933 -3.445621 18.132526
2.103421 -1.390230 15.108349
1.105621 -3.021244 13.335617
2.347343 -1.387256 18.482332
0.338668 -1.540985 13.473031
0.359232 -1.243407 13.166220
1.557050 -3.075902 13.426636
0.377509 -2.761230 13.224926
0.188029 -1.627837 13.003484
1.393088 -1.042660 16.285295
1.983533 -0.569854 12.786219
2.345355 -1.179980 17.506813
0.396361 -0.459320 12.836869
1.731814 -0.452536 12.628805
2.390826 -3.273551 16.054926
0.486243 -3.404044 14.515558
0.053391 -1.688859 14.226833
0.480121 -1.135126 16.564686
1.760583 -3.401853 13.355867
2.120512 -0.971680 15.216907
1.152659 -3.103890 13.162638
0.372505 -1.322042 13.240757
0.346517 -0.826226 12.747480
2.105314 -0.566911 13.127211
1.137872 -3.109570 13.176096
0.344775 -1.039390 12.829893
1.139629 -3.117558 13.175558
0.366748 -1.022465 13.328194
0.301715 -2.720222 12.581684
1.991984 -1.392372 12.813329
0.315659 -1.206897 12.689435
1.087810 -3.189429 13.356112
1.942840 -0.460425 12.481075
1.912204 -3.625211 14.914600
1.999455 -3.102432 13.575581
2.071491 -2.857801 13.838273
0.454042 -3.614075 14.951294
2.271166 -3.135353 15.758475
0.426145 -1.714784 14.168971
1.200424 -3.868680 20.616825
1.972783 -2.987037 13.124332
1.560416 -3.268365 13.917244
2.117386 -2.911710 13.529396
1.933211 -3.484549 13.336439
1.512319 -3.314504 14.357038
2.169222 -3.403976 16.629190
0.379977 -0.455952 12.991652
2.174324 -3.115044 17.043531
2.100574 -3.361321 16.478018
0.339376 -1.235653 13.423305
1.978499 -0.836768 14.303056
1.952674 -3.147636 13.012285
0.706650 -3.850351 16.354607
0.169054 -2.759839 13.333732
0.745285 -1.945189 19.703531
0.938087 -3.706537 13.599941
1.294882 -3.047122 13.167511
1.655156 -3.213173 13.539845
0.277729 -2.677246 12.302846
1.725243 -3.318620 12.952446
1.992194 -3.865006 18.540224
0.556261 -0.505772 12.807329
0.535362 -1.063151 16.029564
0.281688 -2.557539 12.235598
1.563880 -0.833623 15.040655
2.007731 -2.828718 13.634508
1.805624 -3.308364 12.660393
2.039873 -3.748077 15.876644
2.009383 -3.282048 16.139246
2.137944 -2.855287 15.480433
0.238982 -1.458179 13.513926
0.300726 -1.034539 12.947607
0.270253 -0.608001 11.589272
0.346056 -0.809078 12.475050
0.300271 -2.222982 12.155648
0.397489 -0.364345 12.211457
1.232667 -0.524248 13.290888
1.105896 -4.400554 17.878195
0.844039 -3.751881 13.686141
0.402143 -0.362987 12.211196
0.268548 -0.625562 11.596419
2.120759 -2.985894 15.144344
0.583244 -4.276378 20.190872
0.898331 -3.359670 14.190280
1.704822 -3.322248 12.871744
0.268320 -0.625460 11.601335
1.329909 -0.833499 15.143534
2.007946 -3.035050 13.209743
1.855695 -2.005043 12.331790
1.292384 -0.370411 12.106274
1.975000 -0.689484 12.759915
0.318205 -0.330347 11.945343
0.781890 -0.344438 12.148352
1.894320 -2.756267 12.440177
0.229697 -2.190182 11.369839
0.978247 -3.961703 14.025887
0.841106 -4.353470 18.458090
1.082646 -4.357012 20.478800
1.765020 -1.635283 20.883713
1.916155 -0.457647 12.333609
0.337777 -0.800429 12.533972
0.684762 -2.698886 17.785368
0.912865 -0.663563 14.267948
1.892488 -2.788894 12.432934
0.287081 -1.539518 12.098084
0.143080 -1.214504 11.518611
1.831523 -3.245594 12.775217
2.204038 -3.361513 19.213551
0.323256 -1.414379 12.456063
1.893405 -1.788542 12.251075
1.895427 -3.005328 12.446422
1.954039 -0.506799 12.730577
0.360313 -0.533995 12.358533
1.298726 -0.358849 12.130509
1.112689 -0.423989 12.609556
1.206443 -0.519847 13.264380
1.128291 -0.344893 12.117451
2.049373 -1.428080 12.974463
1.366961 -0.991651 15.987057
0.601279 -3.581459 17.766241
1.009648 -3.734962 16.117838
2.067062 -2.935994 13.384096
1.971964 -0.579168 12.763777
1.349863 -3.801698 17.886559
1.144330 -3.070373 13.494432
0.412429 -0.699628 14.269931
0.937638 -3.322295 14.472776
2.091792 -1.550714 13.066432
2.230593 -1.053044 16.214104
1.830570 -2.603500 12.227402
2.126652 -1.128725 13.705500
0.285987 -1.461579 11.917274
0.224589 -2.205671 11.363605
0.142139 -1.214320 11.523516
0.184213 -1.624665 14.220025
0.448020 -0.784868 14.330541
1.369229 -0.995188 15.986880
0.310597 -0.294073 11.818197
0.286995 -2.783158 12.646475
1.963933 -1.419027 12.769414
1.954038 -1.177300 12.674329
0.622750 -3.530381 14.133385
1.849260 -0.354359 11.881025
0.851354 -0.305411 11.891766
0.285372 -1.462144 11.917302
0.227845 -2.188300 11.367934
0.257368 -1.162391 11.517360
0.199091 -1.697884 13.889956
1.884026 -0.400168 12.310898
0.653532 -2.099952 17.902901
1.910172 -2.774863 12.476889
0.594155 -2.609487 16.583906
1.919168 -1.458301 12.036864
1.744769 -0.445440 12.669088
0.309075 -0.732605 12.930794
1.295379 -0.355952 12.137942
0.312398 -1.324648 13.142298
0.573484 -0.839990 15.228814
0.286194 -1.485245 11.973407
0.147303 -1.260305 11.518878
1.755711 -3.311888 13.305850
1.407244 -2.847247 18.509266
0.284274 -2.564487 12.145244
0.216841 -2.625441 12.937090
0.363633 -2.902457 13.922010
1.291276 -0.365764 12.120097
1.663236 -0.331105 11.843829
1.705133 -3.274640 13.674838
1.896478 -1.902456 12.310767
1.913306 -0.406352 12.155631
0.532367 -1.139089 16.107744
1.906328 -2.854933 12.473651
2.196418 -1.761241 15.523469
1.917970 -1.601785 12.109241
1.886210 -2.227614 12.087829
0.084876 -0.227317 11.616824
1.848966 -0.357127 11.884889
1.929711 -0.442208 12.422633
1.687034 -0.350466 11.943666
1.913059 -3.206554 12.405017
0.345418 -0.580332 12.630162
0.306203 -1.416525 12.641895
1.911171 -2.027077 12.429680
1.249185 -2.895028 12.718832
0.303885 -2.219560 12.125700
0.876968 -0.499323 13.169157
1.661952 -0.334005 11.839355
1.291575 -0.363878 12.128859
1.810875 -3.495833 14.167120
0.309389 -1.550109 11.955624
0.266816 -0.540355 11.613506
0.421762 -1.719167 14.279688
1.905139 -2.242165 12.117040
1.929520 -1.827946 12.505339
0.142738 -1.213198 11.521914
0.317526 -2.145785 12.218903
1.963844 -2.702389 13.517893
1.897050 -1.693293 12.112717
1.928359 -1.824864 12.497620
2.126574 -0.685564 13.711044
0.634867 -3.149650 13.438914
2.053325 -2.886047 13.789208
0.310527 -1.551959 11.955497
0.356173 -0.398473 12.539618
1.221205 -0.277597 11.555345
1.603960 -4.452476 17.638271
1.927521 -1.825651 12.497702
1.891761 -2.055956 12.095775
0.329557 -0.439511 11.998261
0.267329 -0.536708 11.621325
1.908284 -0.410335 12.133562
0.420154 -4.110345 16.136688
0.310570 -1.550702 11.955499
1.905137 -1.991059 12.391209
0.356173 -0.398473 12.539618
1.727727 -3.180895 12.477166
1.842409 -3.264060 12.795852
1.347139 -3.118911 13.171064
2.174427 -3.141903 16.196142
1.786371 -0.376368 12.035583
1.793522 -0.342815 11.854837
1.154662 -3.110040 13.197165
0.307892 -2.588051 12.129045
0.436055 -3.957211 15.784037
0.306115 -2.597127 12.117186
1.918846 -2.034528 12.458431
1.804106 -3.532053 19.065411
1.654991 -0.335625 11.823513
1.327339 -3.778283 17.777458
0.271176 -0.608871 11.612220
0.145644 -2.682861 13.538291
0.360375 -1.016927 13.378567
0.950753 -3.782266 15.210321
2.116061 -1.561412 13.174051
1.015630 -0.333425 12.013004
0.215803 -2.627394 12.937208
1.954449 -2.034119 12.378639
2.113432 -0.588237 13.215008
2.022147 -3.776573 18.017464
1.156228 -3.150561 13.697361
1.944387 -1.923340 12.414084
1.917705 -2.222353 12.121366
1.941313 -2.027497 12.343167
0.293796 -1.539861 12.015699
0.345766 -3.431814 13.295446
0.852316 -0.311529 11.877445
0.341976 -1.279598 13.407080
1.430159 -3.215144 13.330931
1.934092 -0.410610 12.264931
1.571265 -0.386754 12.305859
1.885903 -0.331394 11.759577
1.229228 -1.682171 19.063255
1.898327 -3.545517 15.893135
2.067255 -2.896846 13.379250
1.896230 -2.230018 11.855642
0.256583 -0.251474 11.591114
1.890302 -1.898230 11.777448
1.923724 -1.696499 11.963896
0.621483 -3.423136 13.154420
1.067562 -4.210562 17.422970
0.272264 -0.551674 11.588327
1.281009 -3.356374 12.954393
1.929836 -1.615710 12.134016
1.942526 -0.408163 12.251931
1.730838 -0.402948 12.402887
2.189157 -1.157375 16.526321
1.292245 -0.363121 12.125268
1.300972 -0.354512 12.124147
0.624711 -3.383567 13.064854
0.352095 -0.342696 12.083382
1.462251 -3.208766 13.384752
1.563568 -0.396101 12.292888
1.928400 -1.701257 12.182208
1.931397 -1.608493 12.133904
0.281622 -3.102506 12.302504
1.891083 -1.969326 11.753116
0.278734 -2.555382 12.278022
1.883343 -1.749233 11.619564
0.271048 -0.548850 11.596441
2.178903 -4.079851 18.321413
1.861478 -0.346990 11.900246
1.430059 -3.205914 14.044940
1.922266 -2.265517 12.165049
1.700429 -3.273200 12.864544
1.903198 -0.365513 11.992440
1.924353 -1.647805 12.176170
1.863233 -0.348828 11.899958
1.572240 -2.868227 12.629983
0.273115 -0.616985 11.597034
2.046250 -3.846594 18.515856
0.351163 -1.179153 12.343101
0.361707 -0.584005 12.462451
0.392711 -1.282807 13.871851
0.362827 -0.417555 12.241032
0.340040 -0.333765 11.980418
0.114888 -1.792582 14.755485
1.923579 -2.075825 12.174364
1.967254 -3.040886 13.058772
2.044508 -0.835166 13.146530
1.704796 -0.269684 11.353993
1.035756 -4.170506 17.290493
0.275073 -0.763553 13.392448
2.052565 -3.295090 13.262924
1.632043 -3.359277 13.386060
0.351190 -1.113996 12.357023
0.368839 -0.533838 12.363922
0.366235 -0.251508 11.570410
2.292977 -3.755354 15.811129
1.907542 -0.377689 11.920290
0.269224 -1.578203 13.367634
2.140560 -2.410565 16.066444
0.277706 -0.760093 13.429642
0.249896 -1.321571 13.702856
0.759097 -3.422172 19.130249
0.338457 -0.354337 12.055336
1.228799 -3.460357 13.588859
0.269375 -0.545120 11.610208
1.918704 -2.259303 12.142228
1.676924 -3.460199 13.584150
2.362597 -4.353086 17.645428
0.327523 -1.167510 12.566098
0.497009 -3.835323 14.591832
1.796865 -0.284548 11.504333
0.143445 -1.213880 11.517393
1.604880 -4.460919 17.679901
0.324266 -1.027701 13.031909
0.863387 -0.265052 11.532086
1.626631 -3.348773 13.370019
1.837879 -0.256838 11.287683
1.954889 -0.500888 12.260967
0.275046 -0.552203 11.586395
1.223517 -0.274831 11.566308
0.714256 -0.238942 11.350990
1.372283 -3.464586 20.625753
1.050497 -4.954132 18.226604
0.583720 -3.832365 13.929535
0.127044 -2.845912 13.535927
1.891474 -1.944167 11.711982
0.792148 -3.113862 14.733463
1.208122 -3.436637 13.092172
1.278266 -0.493482 13.061619
1.667067 -0.324223 11.849786
1.882180 -3.682253 18.870209
1.908867 -2.104632 11.972402
0.348285 -0.376624 12.379112
0.230210 -2.250875 11.328999
1.907195 -1.906032 11.816632
1.927388 -1.685947 12.007167
1.626264 -3.354529 13.377936
0.300714 -1.551508 11.984386
0.057636 -1.764778 14.681692
0.956548 -0.632383 13.975315
1.824045 -3.071281 12.155137
0.085811 -1.703491 14.330157
1.906702 -2.252725 11.929909
2.111041 -3.994556 18.941818
0.272773 -0.334309 11.628696
1.882870 -2.071832 11.712031
2.109922 -2.587529 13.535068
0.729020 -1.433338 17.653465
1.653379 -0.862854 15.337412
1.828557 -3.075610 12.176156
1.298143 -0.354643 12.131104
1.771878 -3.213555 12.724836
1.920104 -1.680192 12.004169
0.334353 -3.126369 14.295998
1.889578 -2.021852 11.660432
0.090810 -1.692270 14.329398
1.206804 -4.047326 16.676920
0.092083 -1.708394 14.329521
1.869729 -0.343477 11.904854
0.702683 -2.066296 17.809635
0.955413 -0.628991 14.000374
0.614777 -3.231040 13.540003
1.515191 -3.258121 12.577068
0.126990 -0.235923 11.615732
1.924350 -1.565762 12.113525
0.343479 -4.271343 18.004351
0.595528 -2.576466 17.270941
2.089649 -0.652203 13.988867
0.098401 -2.919403 13.743368
1.143682 -2.900672 13.069193
1.919582 -2.267623 12.145739
1.915230 -2.101991 12.139549
1.828454 -0.293000 11.600327
0.311583 -0.292769 11.889997
0.714805 -0.221258 11.380595
1.903558 -0.355686 12.029257
1.918256 -2.056120 12.046030
1.886836 -1.751041 11.639525
0.716162 -0.223381 11.380476
1.902755 -2.046678 12.006359
1.185114 -2.852092 20.812855
1.870328 -0.304201 11.611448
1.859725 -0.244617 11.171252
1.912627 -2.067918 12.141247
1.906604 -2.046746 12.005919
1.881683 -0.285725 11.456480
0.332550 -0.317293 12.047263
2.319321 -4.487193 18.808270
0.242450 -1.280838 13.259952
0.602925 -3.581026 14.329988
0.293950 -2.644285 12.219046
1.930761 -1.847201 12.085852
1.145927 -2.738065 19.928608
1.647146 -0.882477 15.108561
0.304102 -1.441704 11.827565
2.029392 -2.603129 12.908561
1.431588 -3.135483 13.292468
1.894132 -2.071138 11.735727
1.928901 -1.843509 12.086002
0.271458 -1.210270 13.185396
1.376751 -3.068452 13.187160
1.199640 -3.855961 20.473892
1.213457 -4.184254 17.030239
2.256459 -1.347368 17.766878
1.927330 -1.841878 12.086153
0.314668 -0.302133 11.891083
0.268002 -0.255601 11.583055
1.882119 -0.321940 11.603527
1.942849 -1.493308 12.084848
1.917610 -3.518041 14.023087
1.055981 -0.900066 15.386261
0.862872 -0.258372 11.547821
0.079246 -0.225326 11.542888
0.339120 -1.542326 12.264210
0.312964 -0.306278 11.819008
1.211057 -3.007638 12.933317
1.800410 -0.278792 11.512039
0.335466 -0.354890 12.194164
2.276420 -3.351167 14.370050
1.932081 -0.386347 12.090456
1.896855 -2.879052 12.443546
1.284083 -0.368387 12.080728
1.911937 -0.390544 11.995464
0.320610 -0.279829 11.700307
1.927466 -1.696725 11.979631
0.339583 -0.353954 12.678340
2.241223 -3.341998 17.427395
0.478942 -0.819171 14.527908
1.831268 -0.252901 11.289566
1.800269 -0.335227 11.841610
0.819941 -0.290924 11.785411
1.904910 -1.683525 11.951077
1.493155 -3.273102 12.329383
1.931620 -2.040264 12.503856
0.299303 -2.621820 12.165117
1.973065 -0.410114 12.409398
1.861683 -0.263287 11.293445
0.389562 -2.813851 13.426593
1.287006 -0.204782 11.059209
1.299125 -0.361658 12.144835
2.283000 -4.181675 17.136250
1.896141 -1.756952 11.668210
1.883450 -2.067632 11.714405
0.302338 -2.611942 12.131626
1.729130 -3.914066 19.228458
1.969944 -4.640305 19.744297
0.820345 -0.300084 11.755123
1.872005 -2.197069 11.602344
2.232848 -4.163740 16.749210
2.145106 -1.665927 18.089790
1.159244 -0.300494 11.717816
0.859831 -0.266680 11.542309
1.685139 -0.631599 13.793510
0.994706 -3.730090 13.698118
1.292565 -0.363125 12.116508
1.168799 -0.299477 11.716629
1.349511 -3.372473 13.414042
1.153273 -3.606570 19.334736
1.892245 -1.756575 11.650683
1.834128 -0.275907 11.374485
0.220084 -2.306195 11.374256
1.482803 -3.321234 12.614964
1.897108 -0.348806 11.842894
0.428055 -0.797895 14.261842
0.928585 -3.324830 14.443493
0.269423 -0.555461 11.602820
1.869263 -2.199041 11.565206
0.808294 -0.297891 11.784304
1.660941 -0.337359 11.843804
1.994467 -4.471008 18.047184
1.379339 -3.450633 13.581673
1.800025 -0.282674 11.510498
0.817094 -0.290579 11.737007
2.002373 -3.721784 15.850466
0.807942 -0.286338 11.764019
1.695729 -0.341905 11.989832
1.287699 -0.205924 11.056116
1.850962 -0.264895 11.320678
1.920928 -0.394038 11.632681
1.901657 -0.332027 11.702233
0.302041 -1.478756 11.880335
2.115054 -1.577908 13.281209
1.598378 -0.619574 13.821999
0.713103 -0.237769 11.370182
1.875441 -0.341268 11.949337
1.678671 -0.352894 11.948952
1.792709 -3.144779 11.893645
0.088875 -0.246340 11.591135
1.599803 -0.614407 13.821901
1.766551 -3.233561 12.360475
1.859115 -0.306885 11.709282
1.805631 -0.220549 11.077357
1.842434 -0.243962 11.136738
1.898809 -1.987668 11.773561
1.885251 -2.017144 11.642674
2.092477 -3.300619 16.025387
1.536477 -2.958382 19.246782
1.242861 -3.513595 13.738243
2.017736 -0.648965 12.981850
0.271302 -0.616206 11.584435
1.937005 -1.525411 12.116877
1.880823 -2.022971 11.643187
0.866028 -3.487836 13.240104
0.619469 -3.495783 13.291541
0.408314 -4.279786 17.965620
1.858993 -4.383282 18.886719
1.695676 -0.341271 12.006971
0.097303 -0.249824 11.575386
1.297294 -0.368684 12.143028
1.719877 -3.977500 17.589127
0.320807 -0.317311 11.872763
2.182520 -1.763717 15.606431
1.920132 -2.259053 12.171787
1.857804 -2.135580 11.535391
1.469775 -3.299222 12.732865
0.236891 -0.236291 11.570909
0.308518 -0.288583 11.732211
1.912326 -0.347670 11.832990
2.263269 -1.557946 13.694530
1.851395 -0.229322 11.204553
1.959821 -0.448755 12.501669
1.923464 -2.287548 12.181966
1.832926 -0.247397 11.278222
0.604244 -3.471431 13.235926
1.299541 -3.193703 13.036276
1.904620 -0.348292 11.794632
0.300180 -0.263907 11.634781
1.507855 -3.338601 12.293341
1.467931 -0.185837 10.942066
0.634794 -2.076062 16.268986
0.722708 -1.217238 16.288340
0.298618 -0.239323 11.607411
-0.009019 -0.224910 11.549065
2.026729 -3.152530 16.167669
1.920717 -0.344683 11.880543
1.831917 -0.287743 11.646579
2.218364 -1.463542 13.597579
2.377543 -3.215816 14.967344
0.923586 -3.486068 14.560894
0.621961 -2.310719 15.616445
2.092299 -1.741196 18.410553
1.918459 -0.362762 11.887135
0.328490 -0.320679 11.928704
0.143551 -1.220904 11.541232
1.860443 -3.125257 12.358459
0.323951 -1.542884 11.836170
2.206922 -0.621513 14.579971
1.675291 -0.324649 11.895129
0.715768 -0.236087 11.382294
1.576248 -3.335215 14.173011
1.182079 -3.264285 13.557383
1.504148 -0.430820 12.634231
1.895793 -0.338847 11.733696
1.708197 -3.260743 12.558224
2.076924 -1.453289 13.197188
1.760605 -3.321412 13.366794
2.089604 -0.660538 14.138058
2.052559 -3.105514 12.964683
0.558882 -0.156801 10.908279
1.855391 -0.267325 11.240829
1.283637 -0.728687 14.313217
1.668209 -0.331312 11.873237
0.233038 -1.465704 13.587825
0.514207 -3.401936 12.557340
0.414828 -1.336402 13.805914
1.824898 -0.185587 10.760107
1.793432 -3.252449 12.805220
1.970145 -0.422075 12.440083
1.878901 -0.286139 11.399923
0.133579 -0.253763 11.593070
-0.006497 -0.239912 11.559002
1.422223 -0.148309 10.601038
1.291300 -0.201870 11.083825
1.891639 -0.315195 11.645561
1.910215 -0.373625 11.490403
-0.002782 -0.237110 11.560338
0.862575 -0.258795 11.575933
1.845234 -0.233150 11.046708
1.864197 -3.344754 13.225712
2.169856 -1.207500 16.636026
1.898265 -2.015722 11.715478
1.189453 -0.431969 12.694839
0.773958 -0.266553 11.629076
1.628717 -3.900298 17.330023
1.516088 -0.176691 10.834776
1.696567 -3.426639 18.900490
1.866840 -0.311777 11.651727
1.898800 -1.756777 11.680151
1.887704 -1.824931 12.324492
0.128651 -0.238788 11.607662
1.112997 -3.177415 13.371378
1.927844 -1.826850 12.511702
1.038225 -3.594820 13.441349
1.901078 -2.042879 11.709178
1.927029 -1.493999 12.065958
0.353451 -0.423064 12.664959
1.901425 -1.770934 11.679763
1.458588 -0.193655 10.952332
2.063496 -3.280501 16.152390
2.180138 -3.150473 15.384983
1.452514 -3.190929 13.360272
1.442220 -3.152902 13.345449
1.503264 -0.423378 12.599655
1.221320 -0.607626 13.623625
0.210202 -2.361994 11.478888
1.452506 -0.201294 10.955137
2.251557 -2.824583 15.717497
1.830454 -0.276537 11.492043
1.825093 -0.284539 11.461225
1.810760 -0.171497 10.693260
0.755389 -0.271665 11.586500
1.630117 -0.744365 14.548136
0.554540 -1.146144 15.498335
0.997963 -0.868010 15.214590
0.716359 -1.516963 17.882998
0.332410 -2.480143 11.809272
2.177169 -2.435812 16.226776
1.509913 -3.271320 12.159458
2.068452 -3.938303 18.753805
2.094595 -0.814111 14.960253
1.475061 -0.391347 12.391438
0.025296 -2.872035 7.792643
1.548453 -0.798730 15.085370
1.533129 -0.573225 13.547731
2.330096 -2.831842 18.790276
2.303374 -1.363412 17.936174
1.356875 -2.859805 12.866336
-0.372659 -2.686134 9.446965
1.708658 0.106715 8.862197
2.609575 -2.494706 16.229839
-0.150016 0.562844 6.018332
2.491311 -1.826808 20.875826
0.519813 0.596375 5.789651
0.840958 0.591385 5.743172
0.700652 -1.205698 17.349813
1.015295 0.494947 6.040611
-0.734961 -1.195433 10.569432
1.671168 -2.913780 16.697456
1.083586 -2.406586 6.682059
1.690784 -3.400862 17.321404
2.213929 -1.032860 16.224640
1.447626 -2.462201 6.929270
2.217482 -4.144789 17.519840
1.849658 -0.235623 11.072078
1.805412 -0.169612 10.639124
0.773935 -0.212184 11.277847
0.991330 0.224893 8.949935
2.312943 -3.708137 15.762964
1.232551 -2.333424 6.650442
0.144143 -2.581483 7.140530
0.023265 0.346854 7.453334
-0.825823 -2.635920 9.605541
0.423682 0.610493 7.437553
0.505537 -0.950870 15.421397
0.760588 -2.431087 8.233644
1.274819 -2.515256 12.351760
1.515777 -2.657511 16.997383
0.406572 0.553344 6.063086
0.939203 0.169438 8.589093
1.738806 -0.048426 10.083175
1.589947 -2.767384 9.662751
1.176729 -0.146764 10.771700
-0.151620 0.500235 6.465580
1.453030 -0.118241 10.517773
-0.483708 -2.069414 8.055468
1.895630 -1.078305 17.064411
1.622529 0.054190 8.525942
1.833462 -0.820279 16.625111
1.332051 -2.583464 13.381454
1.740308 -1.627994 20.837194
0.434406 -0.109544 10.645646
1.088650 0.448353 6.526459
0.387672 0.552143 6.021504
1.744380 -0.076022 10.175694
0.762543 -0.064987 10.290863
1.397491 -3.871080 16.802431
2.302572 -0.851497 14.339775
0.737153 -0.132315 10.720775
2.010562 -3.941579 17.237974
0.227845 -0.124576 10.842337
1.650689 -3.767075 15.927306
0.434519 -0.107272 10.645738
2.471603 -3.506115 15.782143
1.027183 0.512630 6.082225
-0.148640 0.523442 6.162863
1.294413 -2.292760 6.649703
1.230978 -0.777364 14.902146
1.491046 -3.084111 17.952362
-0.744039 -2.657218 10.202606
-0.771013 -1.800056 10.179936
1.848348 0.270156 8.983734
1.610463 -3.762525 16.815449
2.254296 -4.294928 19.857140
0.680965 -0.082768 10.221608
0.809539 -2.530308 13.594929
1.077759 -2.322143 14.884296
2.095892 -1.305124 16.676392
1.011572 -2.704093 8.904099
1.464735 -2.421066 6.488276
0.639735 0.557418 6.056851
0.199734 0.603853 5.781279
0.308399 -1.443906 11.762539
-0.130927 -2.828300 8.031813
2.268591 -3.708961 14.160141
0.303877 -3.217068 15.765615
0.448381 -1.026866 14.274175
2.167038 -3.845241 15.006606
0.496710 0.496513 7.830379
1.277495 -3.162555 13.826052
0.473880 -3.479694 13.181383
2.018219 -3.284767 17.574800
2.204999 -0.655067 13.875491
1.467683 -2.197938 6.025433
1.952286 -0.372474 12.078321
1.809460 -3.401102 15.449980
1.377883 -2.399370 6.479333
1.429206 -3.836107 16.076649
1.496703 -0.939031 16.070425
1.356316 0.639102 5.339531
1.831602 -0.103924 10.485315
0.442942 -3.042057 8.721221
1.703625 -3.398779 17.519697
2.110286 -1.059835 15.163712
0.926220 -1.689394 18.463993
1.303319 -3.402126 17.739824
1.849586 -2.586639 10.977514
1.103406 -2.228752 18.202381
1.123772 -2.933918 11.547711
0.801938 -2.283300 7.152968
0.657350 -0.795821 15.120438
0.658287 0.548829 6.040059
0.984530 -0.232875 10.852751
1.409620 -2.752151 12.810018
0.844149 -0.768859 17.961397
1.486096 -1.920887 6.496702
1.229877 0.035476 9.754712
0.216259 -0.064637 10.685490
0.700749 -0.051417 10.545218
1.800639 -0.064789 10.062157
1.080733 0.437420 6.486651
1.458807 0.581401 5.234533
1.691106 -2.688054 12.455740
1.423663 -0.003602 9.929090
0.522404 -0.775283 14.908371
0.804651 -2.562017 13.721309
1.463923 -1.731743 11.418272
1.816298 -4.144283 18.936331
0.956121 -2.598046 9.222518
1.062897 -2.352072 6.583482
1.298818 -3.805845 17.493137
1.001691 -2.237270 6.945735
0.879925 -0.017210 9.902686
0.935890 -2.070406 6.606386
1.418349 -0.011942 9.926157
2.104600 -3.304160 16.041878
1.671493 -3.847862 15.307315
1.749459 0.020548 9.620622
0.499652 -0.871346 15.401901
1.292335 -0.025702 10.080208
1.939743 -3.672670 15.266444
0.414744 0.415327 6.765795
1.830483 -0.121416 10.480602
-0.738269 -2.639282 10.198263
1.913069 -3.644148 14.987668
1.795339 -0.121482 10.283158
-0.686845 -0.378713 10.726191
1.093470 -0.311837 11.944991
1.443027 -2.404538 6.751158
-0.188475 -0.722910 6.165215
1.248127 -3.225324 11.087370
1.367825 -3.186268 13.610741
-0.172245 -0.692580 6.013183
1.686093 -1.485570 12.085400
1.574514 -0.762957 14.681116
1.097507 -3.008712 14.372537
1.802951 -0.332599 14.911786
1.392275 -0.777788 14.924790
1.393292 -0.779626 14.925662
1.467628 -1.574676 5.339675
0.524772 -3.487178 17.341833
1.500051 -1.622213 5.386812
1.634517 -3.706595 12.291080
-0.247619 -2.871873 7.804814
1.533960 -4.036012 15.785838
0.687859 -3.389074 19.232552
0.804902 -0.501561 13.072154
1.695208 -3.083858 13.073065
1.067930 -4.069188 14.558738
1.499560 0.544289 5.465479
2.301516 -3.420614 18.980665
1.947818 -0.826343 13.633396
1.894368 -3.473302 14.364609
1.450223 0.569924 5.221853
1.753578 -3.168469 11.771046
1.995878 -2.978984 12.693171
1.390564 0.507278 5.976432
-0.138992 0.505507 5.859112
1.430857 0.554411 5.183276
0.647198 -1.910230 5.514269
0.509059 0.406325 8.398983
1.643524 0.556445 6.603980
1.481008 -1.909574 6.481059
1.580641 -2.064753 18.878996
0.353866 -1.401103 13.583912
2.076046 -3.174965 14.859158
1.980881 -1.573793 13.186570
1.130284 -3.126986 14.957686
1.478988 -1.915769 6.479063
1.165407 -3.032227 11.839394
0.720690 -2.976244 13.773950
1.564518 0.411990 6.752656
1.104843 -1.685383 16.359303
0.334097 -2.310212 8.247945
0.929114 -3.442430 16.961807
1.277188 -1.998119 17.638973
0.716428 -1.948193 5.674096
1.000986 -2.849154 12.391171
0.153235 -2.719059 9.601470
1.673815 -1.807960 7.232589
0.530387 -0.885061 12.431773
1.317605 -3.543095 20.399025
1.820404 -4.177939 19.052992
-0.450812 -0.464025 9.282866
0.189242 -2.547256 6.070946
-0.360749 -2.227217 7.757921
-0.661069 -0.407268 10.651469
0.503423 0.374065 8.198566
-0.577762 -1.693390 10.257889
0.321529 -1.574204 12.802922
-0.412041 -0.469288 9.027884
1.250821 -0.100373 10.050353
1.025039 -0.955012 15.483815
0.799966 -1.993572 5.495599
1.400466 -1.642809 5.118493
0.897950 -0.876100 15.770815
1.028111 -0.889369 16.320902
1.235396 -2.236935 5.780983
0.564670 0.099069 8.852402
2.096323 -0.805186 14.882117
1.975492 -3.416867 19.487610
1.211138 -3.023750 11.827465
2.039839 -0.831063 14.685021
0.533045 -1.975222 12.790654
2.086484 -0.793122 14.822241
1.416813 -2.138734 5.190744
0.961799 -0.846232 14.901116
1.974483 -3.871253 19.771227
2.174652 -1.755650 18.695000
1.288322 -3.194637 16.685165
2.370904 -3.567813 19.202778
1.458200 -1.178373 5.071731
0.758998 0.704728 5.018398
-0.206735 0.620056 5.598781
0.927696 0.021125 9.341267
2.031686 -0.854146 14.221088
2.063641 -1.693641 14.916077
1.877421 -1.380202 15.686664
0.801709 -2.015178 5.533512
-0.043416 0.642662 5.377204
1.489195 -1.750125 5.284607
0.501909 -0.757304 14.806992
2.429693 -1.725915 20.191513
1.077500 -3.041753 10.704441
1.501899 -0.706092 5.006648
2.037235 -3.273980 13.238833
2.066803 -1.684653 14.939378
1.018868 -2.252436 5.311067
2.048043 -0.739242 14.423807
0.606474 -3.491484 13.278441
0.503505 -2.627549 17.696798
1.508716 0.548846 5.480757
1.523322 0.080072 8.988648
0.094269 -1.708183 14.234527
0.811305 0.016132 9.692964
2.023752 -0.837357 15.146713
1.655704 -2.711567 13.949739
0.390935 -1.464693 14.211411
1.475494 -0.860778 4.934604
1.710713 0.050399 9.217074
1.497223 -0.244733 5.521791
1.948600 -3.156760 16.255682
1.384873 -2.389928 6.637655
1.239791 -2.684715 10.002091
1.172929 -2.881752 18.644842
1.193277 -0.036716 9.753029
1.265610 -0.084642 10.106418
0.468070 -1.231541 15.723764
1.278814 -3.563641 16.823027
0.723329 -1.553369 16.055668
1.501036 -2.374661 12.188695
1.003411 0.056112 9.334477
2.246637 -1.157005 16.711103
0.722021 -0.739163 14.806077
0.937889 -2.270594 5.440654
0.564300 -2.613273 16.748964
0.989486 -2.259575 5.359083
1.292180 -1.311708 18.327919
-0.038362 0.636297 5.428138
2.151390 -2.583302 16.048733
1.374642 -3.006364 10.580726
0.198080 0.589441 5.756701
0.579783 -3.496064 16.654106
1.742081 0.013644 8.956916
1.801309 -2.226493 17.033108
1.446842 0.560347 5.224199
0.753607 0.478685 6.816125
0.329081 -1.286509 11.928516
2.302332 -3.472232 18.881777
1.420368 -1.462281 4.961735
1.901912 -2.254821 12.091321
1.694657 0.100449 8.857451
1.545447 0.655952 5.186802
1.365089 -2.697089 14.274891
1.499763 0.543427 5.459756
-0.372815 -2.663480 9.374328
0.890785 -3.780103 20.820473
1.966006 -3.818113 16.879572
1.421267 0.530372 5.864941
2.151921 -3.134498 16.144493
1.697476 -0.128804 9.800428
0.645350 -3.373249 17.723213
0.616491 -2.138240 16.696381
1.533714 0.620454 5.023469
1.451263 -1.647522 5.292041
2.036730 -0.776522 14.358077
0.968664 -2.733966 12.214774
1.222094 -3.036370 19.153324
-0.120860 -2.890140 7.459594
0.429152 -1.616605 13.256291
1.116792 -2.239295 5.275765
0.644717 -2.029289 16.915054
1.736575 -3.449707 17.731380
1.451908 0.483288 4.544236
0.541149 -1.097869 14.911244
2.312642 -3.179960 15.865333
-0.044504 0.646203 5.390569
2.058942 -3.395924 14.823221
0.592579 -2.155464 16.911125
0.334886 -2.593686 12.520875
1.018351 -3.916622 18.822348
0.848180 -1.919986 5.509191
2.299223 -3.857547 18.562265
0.697863 -1.405480 16.985321
0.640795 -2.028095 16.929144
1.416815 -1.986762 4.878974
1.432263 0.537538 5.874010
1.279740 -2.187703 6.671427
1.712798 0.014144 9.330421
1.443106 -0.691012 4.895646
1.336458 -2.017362 10.901734
1.443249 0.153414 8.594585
-0.265638 -0.334474 7.598279
0.534407 -3.975720 13.221598
1.564247 -2.726916 8.675105
1.080004 -0.837598 15.520290
0.594853 -2.612512 16.577103
2.097046 -2.966050 15.226684
1.851836 -0.971041 13.766890
0.750366 0.689973 4.989373
0.582379 -0.650772 14.153361
1.080528 -1.685272 14.977880
1.192971 -3.465186 14.270889
-0.147729 -2.920671 8.206166
2.187301 -1.993959 16.512119
1.661233 -3.336074 18.359186
1.750841 -3.115081 11.883308
1.661386 -3.655793 15.831483
1.483116 -0.359534 5.213004
0.948282 -0.313025 10.513264
1.888880 -3.070638 15.824821
1.467159 -1.252927 4.873878
2.099848 -0.780344 14.852139
1.431070 -1.772031 4.737604
1.720483 -2.456134 13.176704
1.101157 -3.245520 13.484235
0.934476 0.164303 8.995950
0.687187 -2.455493 5.822406
1.789255 -0.090285 10.119440
0.729928 0.113888 8.998344
0.658853 -2.740359 18.059814
2.277231 -1.228080 17.575403
1.348550 -2.358905 6.431936
2.027943 -3.716441 15.810542
1.277383 -2.264664 5.706604
1.468821 0.383255 5.029150
1.568272 0.664239 5.222027
0.658891 -3.842621 13.343914
1.937527 -3.615282 14.944500
2.345356 -1.180259 17.500975
2.189772 -3.145489 16.216755
1.488540 0.665422 4.735308
2.381023 -1.917723 20.722479
0.754002 0.688202 4.985860
1.211043 -4.405725 18.460608
1.506441 -1.188590 5.272444
1.671617 0.170035 8.451041
0.593280 -2.871994 14.670141
1.087952 -0.839618 15.570943
1.903429 -1.579081 16.479353
2.217830 -3.161380 18.496822
0.676294 -2.773787 17.771578
1.909498 -3.252058 14.935114
0.719376 -3.077930 17.067366
0.928556 -2.512750 8.541878
1.446303 0.561862 5.240869
1.437884 -1.876021 5.127627
1.217546 0.104953 9.047369
0.969818 -3.567335 17.351555
1.365355 -1.893821 5.041461
0.344333 -1.166383 13.327021
-0.206232 0.618255 5.591982
1.134629 -0.383938 12.462417
0.393963 -1.430194 13.991330
0.731785 -2.252854 5.653584
1.405565 -0.292099 15.543150
0.758671 0.697816 4.994631
0.459735 0.387214 8.006139
1.453298 -0.980002 4.876657
2.552533 -1.727242 20.876633
-0.522912 0.597061 5.710221
0.752856 0.685416 4.970916
2.021217 -3.180450 16.134838
0.360071 -0.907970 13.451773
1.072758 -2.607050 5.885231
0.347170 -1.007567 13.327546
1.013767 -2.239112 5.210901
0.981094 -2.181905 5.262620
0.482277 -1.247984 15.610071
1.552941 0.270412 5.211553
1.260359 -3.342834 14.464622
1.828620 -0.816253 14.867404
0.755146 0.687677 4.982934
1.638588 -3.154229 15.657244
-0.175944 0.722655 4.761691
1.425289 -2.367142 6.473208
0.653504 -0.577326 13.725234
1.059884 -2.863252 12.900795
2.049031 -2.813092 14.856629
0.194920 0.733088 4.804440
0.659180 -3.406132 17.648405
0.631169 -1.305025 14.380360
0.761596 -0.250572 11.402112
1.479193 -1.151975 17.206495
1.516946 -3.309503 14.230379
1.916022 -0.498491 12.582380
1.458398 0.074600 5.455156
1.391008 0.145132 8.629670
-0.200272 0.638102 5.427396
1.968217 -3.923262 20.898485
0.600298 -2.482060 16.614305
1.660838 -3.632449 15.086715
1.666741 0.164581 8.447670
1.962201 -3.603991 14.545275
1.553168 -3.127828 16.335510
-0.128840 0.607413 5.705628
1.085287 -0.857112 15.473469
0.676455 -0.065691 10.367067
0.205319 -0.248963 13.834384
1.349308 -2.936063 10.651245
1.625952 -1.635543 19.166788
1.536106 -0.405530 12.197570
-0.042062 0.714579 4.661238
0.521874 -0.915328 15.220284
1.375392 -1.720482 5.039644
1.480922 -0.361248 5.219612
1.872817 -1.761950 11.635585
1.481569 -0.353758 5.213272
1.129784 -3.890250 19.986593
1.410813 -1.203170 4.759083
1.454255 -2.288886 11.270792
0.530973 -3.691711 17.180445
1.456450 -0.986851 4.880079
1.865869 -2.195598 11.581223
0.938382 0.460731 8.630422
0.602879 -0.780664 14.873878
1.642659 -2.821054 10.069956
1.117266 -0.398207 12.186767
1.417925 -1.474820 5.189584
1.263568 -0.093313 10.088408
1.405945 -3.077185 10.787643
1.154765 -2.957623 10.578015
1.366461 -2.994349 10.637732
1.895523 -1.810097 12.377607
0.373032 -1.615923 13.727660
0.332887 -1.041360 12.821586
1.086763 -0.242427 11.392739
2.382312 -2.790211 16.332216
1.459737 0.539274 5.241207
0.354330 -1.038569 13.345615
1.684880 -2.464866 9.468586
0.510566 -3.647698 13.012671
2.292743 -2.257784 18.180571
0.643598 -3.428066 12.403006
1.591197 -3.006912 10.636874
0.671667 0.671118 5.373830
1.002135 -1.629310 14.075378
0.725614 -0.751264 14.784868
1.689739 -3.015018 11.624437
0.637565 -3.270142 13.722892
1.737415 -0.001171 9.594061
2.251116 -1.177370 16.761326
1.569023 0.418407 6.842639
2.247328 -2.630628 15.470938
1.514945 0.088339 5.133061
-0.144764 -2.850367 8.024097
1.106067 -0.242163 11.403955
1.459586 -0.928493 4.904251
-0.246039 -2.338539 6.161109
-0.569507 0.652902 5.363869
1.523340 -1.576458 5.174993
1.546414 -1.218376 5.363609
1.507648 0.547866 5.486357
1.466591 -0.927699 4.906931
1.660089 -3.712546 15.657156
0.468935 -0.799823 14.273000
0.603394 0.068050 9.372522
2.098216 -2.864518 15.126158
1.463348 -1.320671 5.058695
1.521726 -2.636284 9.813252
1.414307 -1.461105 4.937175
1.489538 0.498178 5.586443
1.032014 -2.950881 16.981495
1.923691 -2.997287 16.843143
1.805534 -0.127718 10.369814
2.216667 -1.837998 15.854305
-0.565826 0.657248 5.362458
-0.190167 -1.333648 10.471066
0.535435 0.134562 8.904853
1.774350 -0.007466 9.271800
0.457219 -0.776171 14.322635
0.937855 -2.080448 4.971294
0.384882 -2.804540 14.195862
0.640503 -2.309373 11.470103
1.431338 -3.722433 14.500848
0.373198 -2.828996 13.453780
0.901683 -2.449621 5.879612
1.499470 -1.147290 12.724175
1.557610 0.452670 6.564820
0.681322 0.701718 5.408523
2.174262 -3.395929 16.235521
0.530107 -0.813448 14.872113
1.490113 -1.401598 4.900770
0.582954 -2.773349 14.219810
0.711387 -3.845843 19.410973
2.134713 -4.123030 18.085506
1.945624 -3.576236 14.516176
-0.213714 -1.824329 5.778563
1.307607 -1.346099 18.858633
1.926566 -3.032622 16.360008
2.074802 -3.566554 14.846076
1.835647 -3.364374 12.706218
0.354835 -0.457998 12.648483
2.017334 -2.743898 14.714288
0.862731 -0.662779 14.231735
1.484546 0.631089 4.850608
0.534604 0.142013 8.920263
0.385045 -2.933505 13.993815
-0.038284 0.704383 5.024983
0.838503 -1.537464 16.346312
0.614968 0.063769 9.368406
0.388144 -2.757143 14.148512
1.275216 -2.161039 4.959114
1.563293 0.508515 4.913475
1.451888 -1.746444 4.784089
-0.676254 0.635537 5.364293
1.483081 -0.578470 4.980685
0.981887 0.017526 9.586721
1.522249 -0.367956 5.292691
1.474692 -1.377487 4.870789
1.008444 0.057743 9.348456
2.028045 -1.135923 15.674525
0.358155 -2.511902 9.103127
1.932588 -3.611188 16.025827
0.396500 -2.715264 10.045352
0.763005 -3.760525 15.988817
0.539854 -3.696393 12.645539
2.123158 -0.920911 15.217777
-0.038860 0.708893 5.035792
1.677794 0.144278 8.588134
0.533534 0.131851 8.906535
1.026362 -0.704748 14.395954
2.158039 -3.373879 16.156408
0.918025 -2.226812 5.299735
2.246561 -2.990703 16.387331
1.165520 -3.699995 16.000212
0.883584 0.060086 9.377766
1.006516 0.057642 9.349171
0.893182 -2.546501 9.041187
1.892010 -1.782885 11.734456
0.374078 -1.522585 13.180199
2.153923 -3.134077 16.924940
1.912029 -3.255982 15.852891
1.960081 -3.300099 12.600502
1.862850 -1.766940 11.629733
0.227237 -2.738364 6.144515
0.909748 -2.218719 5.093928
0.184675 0.623752 4.586429
1.855523 -0.403376 11.373225
0.672597 -2.709923 17.785686
0.832506 -3.699777 16.036236
2.242400 -1.139975 16.700514
0.754706 0.061772 9.379416
1.497854 -0.680118 16.151987
1.663725 0.161935 8.443125
2.079779 -0.718797 14.409958
2.280455 -1.029799 16.181120
1.594697 0.217960 8.081600
0.704079 -2.059259 17.807297
0.988028 -2.079016 5.860296
1.160740 -3.710288 15.974504
0.355892 -1.076794 13.351682
0.346531 -1.317473 13.379880
1.976017 -2.864166 13.529523
0.534030 -2.230283 17.935778
1.461251 0.051929 9.169974
0.193123 0.726494 4.791450
1.939252 -3.264696 12.535056
2.081202 -0.876000 14.620772
0.622297 -2.840563 18.734243
1.558639 -3.273126 14.214712
0.519705 -0.769550 14.716255
1.677893 0.088119 8.845047
2.290779 -2.516132 16.699038
0.363064 -1.182144 13.334755
1.704970 -0.024088 9.506964
1.885261 -0.432357 20.855848
2.413462 -3.766566 19.382631
-0.250327 -2.792942 7.365229
2.121043 -1.691337 13.561604
1.417670 -0.798902 15.166100
-0.184737 -1.315728 10.283336
1.027573 -2.154318 5.075035
1.827572 -0.940767 16.977205
2.171762 -1.240745 16.516098
0.348930 -1.276170 13.255487
0.506549 -0.773880 15.083987
1.669014 -3.687504 15.791306
1.750858 0.006782 9.584653
1.471908 -1.538829 4.839609
1.115308 -2.974648 11.692433
0.810697 -3.518429 15.968612
1.753862 -0.097249 9.959089
1.656503 -0.745224 14.547462
1.533855 -3.425541 14.570392
1.972480 -2.978822 12.631382
0.754797 0.060191 9.379429
0.396913 -1.156365 16.371275
0.280708 -0.280735 11.547708
1.763186 -2.589005 10.664033
1.450465 0.522716 5.243131
1.429850 -2.456623 6.696747
1.411683 -2.083648 5.155653
1.344430 -1.106037 16.095942
1.509940 0.065202 8.966274
1.016809 -0.690353 14.348581
2.186314 -1.815973 15.343062
0.819723 -3.825475 16.302721
1.433601 -1.619738 5.277758
0.551717 0.159536 8.711724
1.655669 -0.750137 14.531176
-0.247950 -0.335341 7.340720
0.625247 -2.515864 7.135090
-0.332400 -1.978651 7.847943
2.073984 -0.740324 14.464511
2.109357 -0.704784 14.508092
0.515327 -0.739634 14.608309
0.516779 -0.741524 14.604342
0.331437 -1.367901 13.075168
1.645992 -0.762255 14.494030
1.634000 -0.283264 10.283813
0.949648 -2.181673 5.193818
1.655507 -0.120130 9.161803
1.261816 -3.491281 14.393509
1.422356 -0.840116 15.332171
1.637104 -3.690375 15.622667
1.652011 -3.310742 18.198906
1.664792 -0.728426 14.586978
2.086626 -3.263518 17.107758
1.257049 0.498646 6.281229
1.695047 0.040776 9.189397
1.394196 0.146634 8.634759
1.712911 0.074524 9.061034
1.893509 -3.421883 13.404129
0.730286 -0.786127 14.896037
1.474386 -3.247592 12.204627
1.852695 -3.366016 13.061790
2.184995 -1.811985 15.343851
1.390449 -2.393496 6.642167
0.897805 0.078673 9.273001
0.739229 -1.978767 5.519501
2.201222 -2.596786 15.375052
0.808556 0.006411 9.685742
1.549531 -1.837976 14.172620
2.058176 -3.274448 16.109060
0.536443 -1.093428 15.411260
1.428340 -1.943471 4.629055
1.392163 0.184692 8.435401
1.628979 -2.825327 9.691733
1.520743 -2.627167 9.796437
1.393404 0.591287 4.569473
1.923267 -3.269013 15.955915
1.636251 0.072093 8.648350
1.442425 0.149886 8.588708
2.211770 -3.341008 19.296019
1.719303 0.058564 9.227911
2.077438 -0.713299 14.371801
0.781612 -3.524446 15.941864
1.889321 -3.719917 15.800920
2.165541 -3.680523 16.273830
2.160532 -2.905238 16.050947
0.985443 -2.260684 5.363782
1.535990 -0.860143 15.373310
0.886161 -2.049054 4.485259
0.704041 -1.941388 5.464107
1.956097 0.093969 10.330812
0.567957 -0.848299 15.211665
1.456052 -0.695719 4.922441
-0.207716 0.649480 5.464387
0.648782 -0.827324 15.258424
0.929743 -2.056852 4.424956
2.043483 -3.205029 14.686311
1.757208 -0.271009 10.947731
1.500686 -0.212018 5.056549
0.924796 -3.467846 14.738121
0.935753 -2.064301 4.443889
0.394190 -1.380246 13.454265
2.158954 -2.926847 16.081686
0.608854 0.676394 5.257642
1.477118 -3.791109 15.382092
0.890763 0.077521 9.300773
1.318507 -3.713481 17.554276
1.447857 0.152069 8.595807
1.377101 -2.373352 6.595644
0.646101 -3.108500 16.392994
-0.010777 0.740465 4.905415
0.753636 0.688590 4.983506
1.675160 0.084315 8.845156
0.804193 -2.268393 7.123495
1.406882 -2.084103 5.130276
0.360029 -1.550337 13.436893
2.165705 -2.691266 20.478458
0.649975 -2.273017 6.141322
1.443078 -3.136067 11.056073
-0.151746 0.454702 6.110432
-0.238169 -2.306783 6.095881
-0.202611 0.642017 5.438750
0.734232 0.139484 9.071329
0.613392 -2.119771 16.690735
0.271452 0.678232 5.212385
1.931770 -2.326029 18.046366
1.669389 0.167900 8.451348
0.032175 0.332952 7.394485
1.647880 0.194852 8.198314
0.035822 0.722884 4.933909
1.696630 0.099844 8.879991
0.315197 -3.667619 16.293758
1.709375 0.054051 9.213762
1.472692 0.575394 5.693309
0.822128 0.354569 7.735445
0.347957 -3.393752 15.623940
0.273250 0.680052 5.222111
1.191023 0.062766 8.968281
0.689902 0.708155 5.466591
0.364578 -1.232813 13.454254
0.826860 -1.938125 5.621985
1.816618 -2.826564 15.006021
0.267254 -1.552906 12.539385
1.214569 0.100708 9.041394
2.052278 -1.772753 12.553633
0.912897 -2.083014 4.810256
0.733143 0.119643 9.017882
2.050558 -0.736952 14.324123
1.329794 -2.244958 5.414261
0.345091 -1.275815 13.267982
0.651906 -1.821698 15.415279
0.198803 -2.866544 13.770720
0.635938 -2.564620 7.232280
0.403311 -1.042942 13.864005
-0.367455 0.705391 5.157794
0.727226 0.816463 5.767851
0.123734 -1.645657 13.961308
0.862075 -1.907902 5.620810
0.749495 -2.611865 6.872830
-0.253281 -2.703846 7.136367
0.637041 -3.589615 17.807810
1.478656 0.390770 5.041690
1.852836 -3.530046 14.835574
1.285285 -3.679560 17.181324
0.941312 -2.083369 4.686668
2.185972 -1.994652 16.487505
0.703392 -2.455990 6.532192
1.411571 -1.984367 4.883413
2.216181 -1.576048 18.378788
0.371474 -0.975927 13.362905
0.348766 -2.426952 8.839913
1.506816 -0.649304 5.023128
1.649382 0.190101 8.209934
2.286927 -1.029248 16.188204
1.485773 -2.084092 4.922499
1.465515 -1.655810 4.821512
2.169492 -2.856873 12.361932
0.157293 -1.685826 13.993827
0.379966 -2.700960 9.720514
1.586537 -2.746328 17.646700
0.378408 -0.921271 13.442864
1.051786 -2.101760 4.857986
0.728660 -2.090017 12.006157
-0.153791 -1.195820 9.380177
1.512924 -3.957880 15.652760
2.320287 -3.128608 15.917664
1.431046 -2.165840 5.181238
1.375080 -1.796711 5.008680
0.367616 -0.955335 13.364316
0.315948 -2.420357 8.517019
1.498833 -0.029034 5.073894
1.043765 -2.085123 4.541664
1.837212 -0.256804 11.109036
1.008565 -2.213538 5.628901
1.713188 -0.207403 10.181809
1.601972 -4.163809 15.760932
0.756077 -2.909748 16.386173
2.056972 -3.392828 14.803409
1.488479 0.234415 7.147182
1.488266 -0.701016 4.979621
1.476276 -1.218726 5.203008
0.349838 -1.160742 13.442685
0.610123 -1.158328 16.712196
1.111144 -2.219295 5.194379
1.372405 -2.439476 6.963489
2.063105 -3.138730 13.324806
2.003574 -3.685997 15.765220
1.692645 -2.840981 18.236876
0.916504 -2.091388 4.434099
1.052383 -2.106930 4.648334
2.337399 -3.195463 15.848001
1.661220 0.165528 8.375625
1.183939 -2.054583 4.552935
1.729967 -3.379300 17.369678
1.650951 0.196506 8.212703
0.999220 -2.211134 5.087869
1.694396 0.152955 8.646260
1.673046 -3.877686 18.192421
-0.278708 0.595068 5.689713
0.697581 -2.134922 17.691431
1.687497 0.090549 8.861796
1.497367 -0.879432 4.978901
1.376952 -1.525422 4.642010
1.239090 0.480324 6.180191
1.536307 0.033850 5.153148
1.461731 -1.781519 4.798989
1.478526 0.153730 5.042875
1.492247 -0.627832 4.995425
0.202297 0.589912 5.761813
0.892986 -2.142060 5.011728
2.259105 -1.173349 16.874165
0.980711 -2.056381 4.581019
1.492406 -3.188220 11.626756
-0.131151 -2.834118 13.855717
1.049662 -2.201732 6.210273
1.146620 -2.098668 4.774660
0.195941 0.741971 4.827974
1.999314 -3.838950 19.733475
0.516576 -1.038605 10.826976
2.195928 -2.948409 16.226246
0.878365 -2.104620 4.845973
1.002370 -2.110936 4.659194
1.785748 -3.418748 14.070330
1.546780 -1.918689 12.862771
2.374278 -3.510224 20.216015
0.719452 -1.970754 5.515933
0.795800 -1.781620 5.340533
0.873250 -2.119209 4.739244
1.808595 -2.099563 8.086626
0.623429 0.723068 5.243230
1.994339 -2.331762 12.489389
0.449703 -0.610799 13.875782
0.401495 0.556952 7.039711
1.624262 0.247481 7.814742
0.978738 -2.159377 5.010674
0.902614 -2.072662 4.795371
0.402867 -1.127532 16.716148
0.551663 0.616494 6.997467
1.153966 -2.006585 4.522883
0.931016 -3.424434 19.354826
0.023732 -2.880291 7.801585
1.464420 -1.434852 4.851805
0.191921 0.608930 4.525204
1.382879 -0.829008 15.316353
1.087964 -2.772847 10.967422
1.826284 -0.819118 14.849328
0.268559 -2.835318 7.697261
0.421619 -0.717462 13.745916
1.493827 -0.705452 4.990813
0.927392 -2.116099 4.709161
2.449734 -0.732885 20.907782
1.725967 -2.375802 9.250808
1.336425 -2.357419 7.287652
0.938038 -2.152060 4.913496
1.421347 -1.998160 4.894459
2.088495 -3.304369 16.048891
1.461930 -1.481480 4.834136
2.242336 -3.254028 19.340282
0.238782 -2.409225 10.478312
1.521104 0.135918 5.129447
1.482233 0.572433 5.071048
1.687906 0.073501 8.963408
-0.228126 -2.445286 5.961798
2.364571 -1.815077 15.920653
1.488891 0.696804 4.611845
0.986147 -2.189276 5.075677
1.722111 0.070506 9.233476
1.120020 -2.043893 4.408496
1.707458 0.010139 9.316073
1.482985 0.530087 5.420084
0.759227 -2.285426 7.121633
1.907487 -1.702391 12.228532
-0.255102 -0.304991 8.059914
1.221616 -2.135688 4.876137
0.274894 -2.631035 13.040850
-0.871242 0.511807 6.030042
1.407783 -2.337471 19.396137
0.674662 -1.370434 16.170206
1.214785 -3.238054 18.561823
1.340769 -0.074143 10.219130
1.356379 -1.416851 4.610977
0.548592 -0.838277 15.158867
0.939697 -2.157641 5.001638
0.400776 0.215037 8.515093
1.721336 -2.977331 10.394330
1.465665 -1.141593 5.198000
1.166099 0.105048 9.070846
1.635684 -2.797678 17.877401
1.891783 -3.552997 14.543327
-0.988084 -2.009090 5.276195
0.347229 -0.846175 13.281375
0.109956 -2.538364 6.061659
0.531207 -0.923394 15.197147
0.724874 -1.233395 16.080986
1.849060 -2.014564 11.622518
1.100039 -2.760255 10.907802
-0.766682 -2.161908 5.159237
0.854377 -2.325582 5.174294
1.876476 -0.065529 10.485876
1.707901 0.010028 9.321953
2.121757 -1.047111 15.540035
1.053859 -1.404009 16.806545
0.313048 -1.022790 13.522947
1.773067 -3.466892 17.703756
1.652895 -3.759218 17.226364
1.909204 -1.692972 12.035551
1.861803 -3.612352 15.086379
0.643288 -2.331870 15.372927
2.092551 -1.979860 12.715850
0.711206 -1.435450 17.974806
0.347964 -1.029336 13.363372
1.966336 -0.853427 12.959815
1.205862 -2.036257 4.416578
0.370629 -1.035915 13.431775
0.403023 -0.916216 13.850405
2.072307 -0.680270 13.987448
1.595201 -1.673760 5.336412
0.942050 -0.666732 14.815499
0.708130 0.872372 5.670915
1.993074 -3.408558 13.993652
1.512189 -1.575519 5.153632
0.396239 -0.617393 14.009947
0.647021 0.725944 5.256215
0.353931 -1.016270 13.307769
2.018860 -3.103052 13.503545
0.978461 -2.259334 4.958556
1.336808 -2.928515 10.011172
1.480202 -1.554761 5.086339
1.152532 0.781777 4.510110
0.633478 0.699798 5.148519
2.055713 -0.648242 13.876166
0.332987 -1.553886 13.679076
1.197812 -2.074250 4.621250
2.052613 -0.664208 13.974165
1.497201 -1.568032 5.121456
0.162710 -2.923287 13.865790
1.446437 -1.227490 4.838945
0.880881 -2.024687 4.712602
1.432554 -1.815312 4.766648
1.483021 -1.553680 5.084982
1.409012 -1.509138 4.717181
0.613566 0.264283 9.944327
1.430951 -3.382136 14.034161
1.463856 -0.386837 4.959667
1.032134 -3.504153 17.981775
1.104120 -0.613365 13.810031
1.453550 -0.778287 4.895687
1.635925 -3.298354 18.099075
0.671819 -1.816296 15.753561
0.983644 -2.185420 4.989316
1.019691 -0.553008 13.468709
1.272468 -2.057203 4.566769
1.262196 -2.045300 4.415747
1.409328 -1.982673 4.873616
1.420630 -1.940046 4.686238
1.479733 -1.547572 5.078168
0.351162 -0.441847 12.234165
1.469474 -0.128369 4.997885
1.485299 -0.841071 4.959295
0.905842 -0.892724 14.404127
0.380872 -1.353222 13.770178
0.396986 -0.920197 13.802806
0.360201 -1.095944 13.267047
0.348172 -1.235409 13.214949
0.277164 -2.637287 13.072989
0.396686 -0.584188 13.682345
0.929235 -2.227793 4.873093
1.481197 -2.019651 4.817773
1.199955 -3.643475 14.738857
1.416318 -0.650271 13.944936
1.482844 -1.550652 5.084600
1.469474 -0.367130 4.970324
1.487665 -0.125556 5.037866
2.135365 -1.652688 13.653517
1.129869 -2.844750 10.348558
2.239779 -4.259442 15.837425
1.530679 -2.654546 9.847016
2.310933 -3.519571 17.411781
0.354516 -2.804631 13.265269
0.095011 -1.681971 13.761515
0.351015 -1.038098 13.361234
2.107402 -3.566283 14.183965
0.395809 -0.916941 13.802822
0.366458 -1.167292 13.459648
1.915774 -2.750403 11.393970
-0.305707 -2.004171 7.856805
1.563496 -3.096661 15.881700
1.453982 -0.924074 5.204857
0.030772 -2.737086 7.486759
0.032589 -2.903605 7.955747
-0.358813 -0.329648 9.505877
0.610761 -2.111742 16.686567
1.435520 -2.468350 7.233627
1.092640 -3.626855 19.187969
1.644722 -1.513023 15.171991
1.125823 -1.046349 17.706474
0.962205 -2.159724 6.182688
-0.757095 -2.039725 5.024324
2.164368 -2.559920 16.244896
0.409970 0.179484 8.544164
-0.890179 0.568387 5.975094
1.368190 -2.351269 6.667955
0.793832 -2.310994 13.161365
0.623665 -1.913201 5.615147
1.582094 0.598602 6.500148
0.120639 0.594981 5.773142
1.640968 -2.046192 6.333697
1.337316 0.191248 6.543715
1.641218 0.230848 8.027908
0.985998 -2.182334 4.823529
1.017752 -0.489826 11.625474
0.283565 -2.679411 13.179590
0.660192 -0.663907 14.211297
1.468080 0.169042 7.502725
0.638097 0.714200 5.095239
1.379720 -3.313780 14.267648
1.963615 -3.255910 14.619842
0.352790 -1.114748 13.264992
1.496862 -0.702281 4.995543
-0.122104 0.708771 5.012737
0.384442 -1.319059 13.748998
1.798119 -3.413893 13.486053
1.597444 0.235667 8.047897
0.226203 -2.605737 5.907219
-0.169649 -1.242995 9.779295
0.943854 -2.097682 4.777396
0.754875 0.688809 4.981542
1.467880 -0.751988 4.935181
1.568629 0.412808 6.897940
1.509338 -2.592644 8.594909
-0.206811 0.615654 5.581550
-0.062273 0.738165 4.879275
-0.992680 0.442666 6.333932
1.129282 0.756413 4.452895
1.367740 -3.125025 12.944783
0.623693 -2.908397 15.602878
1.340453 -2.341742 6.332114
0.892358 -2.119835 5.621708
0.790290 -1.556778 16.099077
0.910991 -2.239957 16.362516
0.853078 -0.866181 15.647102
0.371505 -0.630532 10.929470
1.537324 -2.639425 8.733945
1.476588 -1.115576 5.216206
-0.226384 -2.725522 6.663882
1.244006 -0.517902 13.876657
0.658589 -0.009304 10.069398
1.950016 -2.927738 12.541837
0.393121 -1.148736 13.811577
0.756340 0.689107 4.986696
0.964217 -2.140620 4.778725
1.344547 -0.197870 11.053806
1.337399 -2.535403 16.287640
1.134439 -2.075394 4.594438
1.256355 -2.130731 4.842954
1.911458 -3.419711 12.365843
-0.117438 0.646086 5.879606
1.889102 -1.011574 14.056272
0.261772 0.786624 5.289248
1.173588 0.777742 4.397626
1.740748 -3.046425 17.671030
0.350040 -0.432121 12.279972
0.640111 -1.077058 16.751629
0.963672 -2.224551 5.121137
2.134192 -1.655766 13.757241
0.923648 -2.125320 5.098513
0.765207 -2.261974 7.065540
1.471469 0.482857 6.249825
0.266996 0.817781 5.396005
1.311500 -2.226046 5.166300
0.572666 0.087785 8.941778
1.421925 -1.665966 4.736717
1.046980 -3.161704 13.242531
-0.905359 0.727656 5.078098
0.604571 -0.668048 14.297030
1.324561 -2.782745 12.177318
0.423609 -0.793671 14.267560
1.505955 -1.374559 4.951965
1.248007 -2.404210 18.655012
0.935135 -2.221018 5.826141
1.083264 -2.261795 4.867344
1.079855 -3.157218 17.930149
1.432465 -1.398183 4.779094
1.975829 -3.307151 13.125841
0.192786 -1.681638 13.912049
1.898087 -0.623665 12.758171
0.396788 -1.152033 14.081939
0.250026 0.733097 5.115419
0.699307 -1.144862 15.509109
-0.203328 0.641920 5.436450
0.715352 -1.519785 17.896942
0.937208 -2.231844 5.633871
0.803777 -0.007830 9.635380
1.261773 -2.142184 5.007129
-1.044130 -2.100776 5.106289
1.236877 -2.088083 4.537164
2.053030 -0.657866 13.863896
0.264912 -0.279716 11.515585
0.477219 -3.177675 14.374937
0.251942 -2.559081 7.128589
0.631348 0.694273 5.050325
0.665454 -0.029716 10.031852
0.243867 0.703255 5.036354
1.161272 0.764571 4.364156
0.972495 -2.156169 4.652772
1.403932 -2.857190 18.388016
0.853427 -0.874274 15.587313
2.108531 -1.564941 17.715281
1.350921 -2.298151 6.967872
0.342410 0.207504 8.461977
1.146463 0.306819 11.118586
0.908827 -2.097919 4.768659
1.078158 -2.378428 5.539644
1.214384 -2.557899 14.522895
1.520776 0.469414 6.310323
1.891144 -3.522439 15.835948
1.677596 0.143692 8.543412
-0.118601 0.700505 4.989491
0.400488 -1.110377 16.844662
1.264755 -2.675494 11.670471
-0.891873 0.570298 5.984643
1.622292 0.213726 8.127818
0.686374 -2.686275 17.748543
0.701219 0.780296 4.342060
1.371522 -2.935960 12.738270
0.912817 -2.190192 4.745442
1.402859 -2.577563 6.599006
1.709764 -0.968098 16.183699
0.342521 0.777659 4.459066
1.695917 0.121514 8.725772
2.417216 -2.781512 16.114704
0.695286 -2.145561 17.870533
-0.341507 0.857357 4.096077
0.195384 0.733176 4.808861
0.882359 -4.071087 15.339941
0.636309 -1.167080 16.937374
0.870659 -2.039155 5.518724
1.048392 1.091014 9.719587
0.381312 -0.572676 13.671230
0.269993 0.810642 5.291162
1.987352 -0.601484 13.401424
-0.882817 0.381666 5.888165
1.428795 -2.808919 12.756184
0.466410 -2.606095 5.725796
0.939841 -2.164752 5.234365
1.246755 -3.109308 12.020104
2.022886 -1.443173 16.733231
-0.998415 0.630612 5.500110
1.075159 -0.504000 12.296724
0.882438 -2.085556 5.969026
1.223705 -0.727049 13.950065
0.121248 0.592771 5.776406
1.453199 0.534140 5.227229
0.356412 -1.310032 13.283971
0.956520 -0.468180 10.754651
1.659025 0.114275 8.615835
1.514013 0.614817 5.155699
0.370242 -0.846618 13.260738
0.224831 -2.610284 5.913362
0.369559 -2.538540 9.007078
2.147552 -1.685150 18.222960
0.369377 -0.690033 12.894713
0.385164 -1.073203 14.083330
0.901608 0.494892 8.186274
1.649498 -1.489669 10.788977
0.195778 0.732395 4.808513
1.655401 0.156426 8.427258
2.399378 -3.011052 16.401651
1.442646 -1.350485 4.481421
-0.508118 0.816004 4.348851
0.969028 -2.250487 7.059715
0.843898 -0.838686 15.317899
1.511122 -2.133742 11.503172
0.343121 0.790922 4.494796
0.380473 -0.457512 12.955039
1.146785 0.750077 4.326458
1.303173 0.791481 4.136386
0.344403 0.206192 8.479227
1.163028 0.768938 4.368322
1.469820 0.058979 9.171421
0.696976 -2.503735 5.910518
2.058364 -4.004846 18.969408
-0.900672 0.725207 4.890256
0.036002 0.726538 4.944074
1.486218 -1.267269 4.911601
1.128062 -2.143775 4.697621
1.646195 0.235344 8.163611
0.684636 -1.941272 11.200119
1.074777 -2.693068 17.261192
1.547258 -2.069366 6.662943
0.419128 -1.169211 13.948828
0.362915 -0.678069 12.247585
0.731701 -1.968327 5.501699
1.265744 -2.244505 6.986697
0.367785 -0.827493 13.242239
-0.986997 0.587764 5.854309
-0.365149 -2.590479 9.245289
1.436673 -3.171727 20.382542
2.366020 -1.580308 19.242531
0.842028 0.593072 5.743024
-0.159335 0.548393 6.225270
-0.244840 -2.000083 6.235816
-0.334932 -1.772251 8.095631
0.280664 0.788163 5.134076
1.620393 -2.454304 11.201607
0.233609 -2.371359 10.473716
-0.877830 0.327229 5.707280
0.015414 -2.844556 7.773567
0.345366 -3.807994 14.562662
0.269559 0.763497 5.062616
1.816344 -2.782352 12.351932
0.742438 -2.358037 8.181424
-0.832543 -2.197974 5.328673
1.315221 -1.194769 15.995214
-0.975787 0.610242 5.456820
0.615398 -2.125044 10.313394
1.451833 0.586507 5.515493
0.675085 0.896900 8.528147
1.904559 -2.254750 12.117572
-1.045511 0.688649 5.325407
-0.751547 0.651791 5.447754
-0.198041 -1.314983 10.315638
2.447227 -3.256210 16.285645
1.910721 -2.906230 12.318316
1.168810 -2.288068 11.734004
1.028173 -2.188426 6.231002
1.371285 -1.601478 5.086975
0.426414 -0.812806 14.033975
0.393779 -1.105119 13.898096
1.585823 -1.964914 13.014929
1.457478 -2.483094 7.442927
0.780800 -2.438314 8.325047
-0.201450 0.641842 5.422605
1.017533 -0.555005 13.466187
-1.040775 -2.095195 5.453376
1.352660 -2.879684 12.487803
1.409293 -2.224881 11.376103
1.308393 -2.479605 6.641068
0.898697 -2.157471 4.781630
1.516491 0.423688 5.116383
1.433301 -0.851031 10.848475
-0.904983 -2.244676 5.360356
-0.235494 -2.767918 6.709354
1.286034 -2.995852 13.102079
1.560087 0.408764 6.823746
1.093055 -0.175144 11.017766
1.206697 -2.097397 4.804601
1.482380 -2.017140 4.813541
1.444146 -1.683264 5.292554
0.961473 0.985554 9.005044
1.274176 0.501224 6.323617
1.737082 -2.361718 19.933395
1.078266 -0.340236 11.677749
1.521122 -3.043506 16.156679
0.586512 -0.545343 13.425315
1.423030 -2.028450 4.833417
1.823689 -0.229666 11.238777
0.648450 -0.010779 9.958729
0.539258 -0.563766 13.523811
1.231976 0.477563 6.171972
1.426877 -1.968902 5.180532
0.989919 -2.702846 10.089119
0.669353 -2.423361 5.754590
1.990030 -2.843102 16.650368
-0.906878 0.727592 5.085495
-0.048617 -3.195011 10.677691
0.776324 -0.343013 12.012053
1.475274 0.474320 4.644181
0.970191 -2.174988 5.854752
1.036829 -2.198613 6.251287
0.943510 -1.652173 13.166516
1.752334 -3.954477 15.722254
1.266625 -2.150549 4.952285
-0.763261 -2.050758 5.047731
1.340605 -0.314239 4.104137
0.970353 -3.538378 14.947860
0.377979 -0.913704 13.442942
1.472810 0.681000 4.583502
-0.786236 0.789946 4.548945
1.088434 -0.173351 11.019918
2.318577 -4.178678 16.002274
0.861239 0.299620 7.693262
1.536005 -0.851790 15.373421
0.374582 -3.148941 10.927391
1.918943 -2.805041 12.348552
0.644507 -3.102145 13.237481
0.394734 0.680706 5.480652
1.930112 -2.226358 12.530059
0.609473 -2.037996 5.698849
2.163429 -4.151777 19.412613
1.425666 -3.153144 7.034447
0.707480 -1.224264 17.933060
-0.615048 -0.523647 11.171043
1.469833 -1.404075 4.231173
1.464004 -2.726193 9.560448
-1.102933 0.747266 5.236304
1.756376 -3.103288 11.846797
0.876434 -0.945305 16.126083
1.038285 -2.283095 6.589840
0.341625 -0.808530 12.703485
0.911672 -2.411566 8.248667
1.009501 -2.627977 9.027675
1.365151 -1.106242 3.426704
-1.021959 0.665955 5.372179
0.927910 -2.778512 12.314720
1.015451 -1.770429 3.950235
0.884482 -2.447910 8.390073
0.612696 -2.846534 12.198679
1.447805 -4.229597 19.102589
-1.116448 -1.986783 4.281211
0.792414 -0.232130 12.246348
0.244200 -0.373114 11.294952
1.342081 -1.683711 3.619078
0.986950 -2.082499 6.062536
1.412167 0.793904 3.920271
0.896946 0.148961 8.765906
1.432768 0.523999 6.067901
0.585414 -2.624605 11.203632
1.335296 -2.377295 6.784226
1.459749 0.485894 5.297156
0.492623 -0.855489 14.990754
0.598764 0.386455 7.128513
-1.099824 -1.893321 4.765354
2.096571 -4.024606 17.805212
1.316820 -0.379433 3.134391
1.198153 0.284439 7.510198
-1.139758 -1.742798 3.844783
-0.080255 0.250495 8.239203
1.393259 -0.780345 14.925475
-1.094033 -1.884778 4.752390
2.362604 -3.185483 17.866945
1.630773 0.235450 7.930339
2.166161 -1.514719 15.285583
1.558942 -2.720289 8.694087
-0.232238 -1.790185 5.577540
-0.176044 0.451927 6.169959
0.053496 -1.684830 14.226992
1.901493 -2.934745 13.007475
1.656099 0.213945 8.182590
0.594012 0.387200 7.122958
0.177375 -2.884765 11.022975
0.233786 -2.761982 12.048164
0.237418 -0.457446 11.709958
1.727829 -1.246004 14.241785
-0.262549 -2.068758 6.437023
0.360349 0.494872 6.355799
-0.252661 -2.024955 6.316510
0.875712 -1.977727 3.843946
0.372433 0.502092 6.551064
-0.137534 -2.901942 8.181709
1.034598 -2.716461 6.124629
2.472310 -1.820386 20.535566
0.372001 -3.192420 13.350780
0.358630 0.499145 6.364980
1.710464 -3.648971 17.560896
0.763168 -1.763070 3.943550
0.699495 -1.486373 16.165293
-0.161646 -0.281810 6.064648
1.499080 -2.992130 19.204027
-0.157118 -0.249406 6.024871
-0.270927 -2.128886 4.192138
0.359471 0.583891 5.877139
0.405613 0.572406 7.209289
-1.088672 0.252835 4.767761
0.392710 -0.536471 13.392634
1.024843 0.497591 6.665110
-0.179456 0.567485 5.915208
0.293124 -0.377193 11.471330
1.483733 -0.815184 4.221306
-0.269586 -2.138970 4.209023
0.357994 0.518417 6.509458
1.659935 -0.743952 14.540617
1.512105 0.616557 5.149842
1.209944 -2.928484 9.511367
1.112118 -1.388166 16.917645
0.366779 -0.908215 13.395861
0.754337 -1.813568 3.623471
2.121066 -1.046008 15.205878
0.882683 -1.998712 3.873591
0.378881 -1.656747 14.194691
0.361435 0.578722 5.850348
1.183386 -3.285062 13.186962
1.389082 0.182783 3.256464
1.336216 0.358426 7.184704
0.895196 1.041125 2.500922
1.769799 -3.251909 14.259536
2.029556 -3.198280 14.629258
0.905432 -2.447494 8.496068
0.952263 0.658439 5.189879
0.327968 -0.908135 12.634121
0.733676 0.995929 2.962914
0.340937 -2.477594 8.976381
0.301137 -2.502373 12.162418
0.391491 -2.786394 8.177659
0.348268 -2.376462 8.743141
-0.345818 1.050693 2.688709
1.091325 0.986799 3.179748
0.378868 -0.459006 12.946354
-0.677920 -0.178895 10.068110
-0.200460 0.585102 5.926212
1.238801 -1.168783 17.607897
1.264940 0.647511 5.233267
-0.275573 1.006117 3.301418
0.279857 -1.529454 12.025406
-0.347338 1.068554 2.727176
1.874256 -4.332270 19.373150
0.935801 0.191873 8.485898
1.760563 -3.411180 16.659927
2.188411 -1.662753 13.804745
1.075502 -1.618155 20.823380
1.896038 -1.490328 12.115182
-0.739783 -2.501693 10.419319
1.178698 -0.182943 12.189096
1.037942 0.122303 9.884464
-0.153898 0.971312 3.359718
0.161339 1.020893 3.101375
0.766455 1.029820 3.046350
1.840857 -0.777518 14.764100
-0.177835 1.034392 2.821275
1.042442 -0.212667 10.761572
0.541573 -3.726962 16.382078
-0.348101 1.080144 2.484514
1.378741 -2.320220 6.596231
1.976957 -1.201073 15.414860
-0.653150 -0.206907 10.265028
1.998649 -0.976560 14.787647
0.687207 -1.175847 17.496521
-0.498123 0.985881 3.295626
0.375445 -2.560056 7.690139
-0.667828 1.107747 2.619856
-0.535512 1.098791 2.467685
0.823219 -2.415969 8.312291
0.696514 0.358510 7.259139
1.539896 -0.982264 5.360156
1.919497 -0.458731 12.625419
1.334436 -2.359159 7.182683
0.352584 -0.822939 12.421711
2.117074 -1.627134 20.972757
0.286265 -1.554243 12.021549
-0.180287 -0.720399 6.025728
0.057965 -2.497791 7.138582
-0.468622 1.062831 2.583777
0.548505 -2.779361 18.665340
-0.527755 1.084633 2.442107
-0.130835 0.610238 5.725283
0.797819 -0.500702 13.132970
0.216340 0.999143 3.358557
-0.348530 0.656476 5.408077
-0.241785 -1.455743 11.454015
-0.240298 -1.461581 11.438741
0.792683 -0.401670 12.511063
-0.706287 1.025271 2.895588
-0.012075 1.071961 2.534456
-0.142078 0.526952 6.043235
-0.173152 1.073191 2.580943
0.551363 -2.810359 18.908043
-0.283915 1.101552 2.475013
-0.264912 0.601252 5.837883
1.088814 -1.143836 17.452414
1.523695 -2.756813 9.126706
-0.638783 -0.203596 10.175241
1.531053 -2.742328 8.055338
-0.538494 1.073800 2.566114
0.528585 1.057781 2.516225
1.568462 -2.738251 7.537690
0.756484 1.046528 2.621224
1.461718 0.481173 5.516108
0.385596 -0.462286 12.947317
1.359034 -2.726725 16.014719
0.441907 -0.446674 12.852022
0.956440 0.660832 5.191973
1.195086 0.983978 2.934615
0.342547 -0.848901 12.818082
0.663319 0.980727 3.201845
1.569287 -3.456388 14.888421
0.302869 -2.357839 12.249186
1.881841 -2.218196 11.723167
2.293162 -3.130116 17.670160
1.008769 -1.422619 16.150400
0.927212 0.070754 9.128940
1.830889 -1.777784 12.068943
0.361557 -0.408023 12.503332
2.515418 -1.714457 20.661585
1.185008 -3.006696 8.974380
-0.185211 -0.717238 6.028432
2.297037 -3.075806 17.478685
0.391972 1.075986 2.536068
-0.193502 -1.417368 5.917832
-0.469315 1.062708 2.583658
-0.143657 0.549002 6.005276
2.292930 -3.383407 17.447723
-0.718894 -2.605436 11.235202
2.027937 -3.865272 18.467327
-0.033642 1.038591 3.397976
2.130729 -0.782006 13.469800
0.697748 -2.329098 19.488747
0.937669 -2.185058 13.885135
0.549394 0.202395 8.458054
1.746279 -3.764621 14.964989
1.157300 -1.061732 16.811052
0.753764 -2.777768 12.202662
-0.193148 1.020927 2.875761
-0.111708 1.024501 3.056792
-0.712849 -0.172391 10.700860
2.089515 -0.796326 14.766334
0.769167 -2.510345 8.312258
0.528434 1.061256 2.521690
0.648399 1.050728 2.534340
0.310983 0.199470 8.339911
0.581444 -2.931229 14.966304
0.211088 -2.756651 10.695935
1.457340 -0.915979 15.883563
0.318834 -1.054917 12.670419
1.926051 -2.793972 12.512939
0.893368 0.664851 5.269977
0.574136 -2.347986 18.947102
2.260350 -1.222160 17.651152
0.312224 0.190828 8.308795
2.236151 -2.975626 16.438141
1.269573 0.652216 5.241079
-0.803731 0.996684 2.866929
0.988694 0.980936 3.229581
1.453012 0.039269 9.153899
0.810630 -0.502427 13.045584
1.172466 -3.257766 13.136326
1.716845 -2.403905 10.291823
0.803441 1.067723 2.500153
0.949686 1.068760 2.628612
0.605022 -1.948488 15.208658
2.207365 -2.552282 15.299429
-0.782305 -0.990973 9.961679
0.636100 -2.150680 16.971146
-0.645120 -1.222370 11.250282
0.739594 -0.312229 11.993818
1.444303 -2.129932 5.270413
0.910018 -2.279573 5.537768
1.665675 0.086344 8.661084
0.713609 -1.977638 5.554600
0.740746 0.578345 5.824713
-0.993503 -2.017868 3.661862
1.174024 -3.257799 13.136128
1.389732 0.181751 3.257465
-0.994040 -2.013629 3.652790
0.685836 0.503628 6.094125
1.483953 -3.247343 13.168425
1.593119 0.301166 7.470441
0.692773 -3.255035 17.526270
1.500895 0.784322 3.810962
2.028385 -2.032182 16.343159
-0.706268 -1.153691 10.472055
2.286595 -4.068937 15.720072
1.341919 0.858387 3.190789
-0.982039 -2.407598 5.098740
0.172808 -2.610893 12.809104
-0.236079 -2.375079 4.690924
-0.269533 -2.033030 6.367706
0.406317 0.339259 7.439561
0.801923 1.120792 13.585712
0.320165 -1.212508 12.818266
1.402439 0.425239 5.369957
1.402982 -0.007557 3.635566
0.387088 -2.937782 14.002021
1.491036 0.641773 5.026887
1.520976 0.782415 3.846312
0.352796 -2.883089 13.167711
0.363246 0.521791 6.068514
1.914446 -3.040169 12.497876
1.499446 0.473880 5.713355
0.371798 -0.951463 13.227921
-1.196786 0.802803 5.607152
1.793188 -0.341275 11.546127
0.825269 -2.277621 7.878514
1.476512 -2.581203 6.636232
1.315609 -1.819036 3.513530
0.333229 0.976939 3.430235
1.507818 0.781146 3.820978
1.453401 0.501410 5.278012
0.952831 -2.601799 9.020020
1.310746 -2.119293 4.392373
0.717152 0.959155 12.354068
0.858812 -2.349407 8.081564
0.583491 -2.001131 5.600381
1.063712 0.338316 7.433613
0.364860 -0.628127 13.107618
0.817453 -1.805439 19.589828
1.327807 -0.401197 11.690807
0.409251 -3.658754 15.149302
1.561829 -2.754402 9.495696
1.927158 -2.000775 12.432968
1.223150 -1.962368 3.775089
0.589690 -2.015628 5.647366
1.551054 0.591238 5.687974
0.914877 -1.979271 5.785228
2.212546 -2.409690 16.226751
1.524886 -2.901614 18.470772
-0.783980 -2.096844 5.175798
0.310323 -2.734814 12.603664
1.374169 0.883672 3.240816
0.885251 -2.328025 7.996782
2.056313 -3.252874 16.251966
1.597655 -2.950417 12.503787
1.451410 -2.456218 7.196668
-0.378882 0.643975 5.677307
0.805995 -0.499220 13.058136
2.109363 -0.569523 13.126596
1.668118 -3.281246 16.629452
1.616938 -0.779332 14.473431
2.107804 -0.569490 13.126795
1.666176 -3.086944 13.075876
-0.205318 -1.327415 10.473813
-0.251890 -2.223202 8.437216
1.981431 -1.102042 12.733546
-0.951766 -2.012256 5.564993
1.723775 -1.766794 3.768125
-0.754099 -2.033551 5.021888
0.771762 -1.989181 12.259824
-0.210883 -0.258786 8.161540
0.498373 -1.058426 16.273182
2.316514 -1.641343 19.197906
1.582541 0.268905 7.508011
2.233295 -1.381906 17.929516
1.680128 -0.242204 10.264897
1.348277 0.916324 3.054097
-0.290525 0.622682 5.623614
0.384859 -1.484990 14.135101
2.199293 -2.610639 16.387489
0.240134 -2.739830 11.918607
1.439845 -3.159080 13.188743
2.205367 -1.198447 16.606340
1.459277 -1.430990 5.078299
2.229464 -4.122350 17.542130
1.410122 -0.821595 15.080058
-0.160528 1.009879 3.167739
1.573786 -2.246942 9.163066
0.708623 -1.239020 17.700617
0.540922 1.001844 2.964589
2.137281 -2.698326 20.095730
1.154934 0.967992 3.075243
-0.224654 0.581295 5.853975
0.757283 -1.643890 16.609781
0.347871 -1.213963 13.318566
2.126113 -1.066649 15.523634
-0.356500 1.043301 3.200487
1.866724 -0.251334 11.437723
1.793270 -1.232351 17.749924
0.022977 0.539062 6.222932
2.114859 -1.483892 13.416259
1.354575 0.923279 3.062983
1.324076 -3.072474 13.066695
0.880732 -3.198933 13.837648
0.543084 1.011919 2.989524
1.828459 -0.338836 11.665791
0.351661 -0.502511 12.428663
-0.568740 0.994505 3.322249
0.736727 0.570879 5.812055
-0.609481 1.013465 3.035374
0.344427 0.276252 7.778401
0.539387 -1.111847 15.404875
2.027384 -3.119859 13.022064
2.184102 -1.431820 17.667021
1.634681 -0.579591 13.584989
1.446762 -1.730835 5.233777
0.668033 -3.539162 18.576225
1.207692 0.302121 7.540684
0.382076 -1.538222 12.828289
1.823507 -3.356298 13.362782
0.523818 -3.738627 16.408636
0.526590 1.057813 2.511729
0.708035 -1.228157 17.923512
1.831674 -1.593964 21.275579
-0.540399 1.075846 2.569163
0.336729 -1.184655 13.331845
1.602811 -1.641280 15.405863
0.746897 1.006522 2.993961
0.361559 -0.409602 12.503983
1.622286 -1.943171 8.100444
0.486781 -0.839896 14.512417
1.635790 0.270174 7.765379
0.362748 -0.942896 13.250642
-0.541162 1.025274 3.077651
1.923401 -1.015068 14.398250
2.118563 -1.614464 13.510660
1.314401 -2.478951 12.330689
1.297569 -3.026902 13.172206
0.737184 -0.024494 9.899306
1.078862 -3.113747 13.254527
0.359899 1.074078 2.430326
1.480299 -3.271907 13.143981
0.185218 -0.116303 10.747840
2.322968 -3.887059 17.762016
1.766655 -0.071378 9.435428
-0.137013 1.071570 2.495019
-0.542341 1.079417 2.579884
1.453446 0.633957 5.244250
0.651338 1.055555 2.541271
1.325598 -3.073272 13.066520
-0.084983 0.613760 5.789021
-0.358280 0.885277 3.019503
-0.178593 1.040771 2.838055
1.100871 -4.763535 18.632193
1.570561 0.227190 7.796366
2.312082 -1.354887 15.672449
1.461199 0.224981 3.008190
1.068746 -3.147552 13.109931
0.139782 1.069602 2.503524
0.237913 -3.716977 16.342287
1.247309 -2.382525 6.730486
1.275855 -0.853812 14.762153
0.513042 -1.936322 21.153902
2.093324 -2.782460 13.904007
0.221112 1.046896 2.739205
1.662833 -0.736913 14.553812
0.099417 -1.683053 14.025685
1.572860 0.226554 7.790247
0.944298 0.641539 5.157505
0.701417 1.063917 2.440349
0.940617 1.056324 2.606364
2.495894 -3.114272 16.043274
-0.706289 1.130710 2.578088
0.296868 -1.487476 11.938055
0.790909 0.524203 5.993513
0.860946 -0.637255 13.819267
1.187940 0.963659 3.021434
-0.269691 -3.040128 10.365820
0.986274 -3.966972 18.972319
2.010031 -1.969832 12.684319
0.462664 -0.847913 13.940840
1.065121 0.987377 3.020297
0.400248 -1.282917 13.773966
1.173389 -3.262649 19.078114
0.116318 1.099439 2.357173
1.795326 -1.230171 17.750011
0.365637 1.055706 2.582688
1.578908 0.350159 7.157755
1.084205 -1.140035 17.453957
-0.688907 0.069975 9.450049
0.878727 -0.940236 16.005316
0.207978 0.958677 3.235128
-0.545180 1.085835 2.593091
0.663117 -3.430402 17.686981
1.741692 -3.221910 13.522204
0.412459 0.366221 7.345296
0.344181 -0.849567 12.834856
0.400175 -1.358738 14.009756
1.216391 0.310264 7.555769
0.947206 0.091222 9.291394
0.346312 0.166033 8.442959
2.102403 -4.284595 19.142345
1.667574 -3.661961 12.592220
0.842891 1.078405 2.454361
1.512596 0.470810 6.343287
1.225929 -1.935480 3.159832
0.293521 -1.526564 11.974874
1.435546 -3.213356 14.171268
1.735315 0.006797 9.561884
0.990183 1.062384 2.479239
0.690611 -2.142590 17.834986
1.394121 0.581869 5.132701
1.154829 1.084151 2.584723
-0.373450 -2.610741 9.371398
1.202809 -0.644277 13.830087
1.877006 -1.173571 17.328819
-0.488824 0.977843 3.265626
0.742629 0.574011 5.804458
2.035385 -0.825477 14.600647
0.720112 -1.467681 18.203613
-0.689119 -1.864510 11.312052
-0.151063 -2.994335 8.374890
1.728876 -0.120694 9.952710
-0.040665 -1.725562 3.777361
-1.053014 -2.136237 3.866169
1.054637 -3.098018 13.734521
1.031280 -2.254527 5.849838
-0.210260 -0.272564 7.594963
1.887862 -3.450249 13.393281
-0.975250 -1.608543 5.732711
-1.209846 -1.857221 4.055395
0.679945 -0.064376 10.347913
2.057660 -0.661444 14.005936
1.408267 -1.371889 4.107690
-0.900620 0.386951 5.994753
-0.696218 -2.615768 9.573116
1.411187 -0.190745 4.362904
1.256631 -3.649182 14.697359
1.535666 -0.000217 3.933799
0.786134 -2.058453 11.407240
1.469483 -1.020062 3.686340
-0.432942 -2.389296 4.638107
1.509310 1.117530 13.770492
1.527343 -2.631360 8.720876
1.625202 -3.173319 13.364951
0.301098 -2.501657 12.139220
-0.369851 -2.345138 4.604736
1.202273 -1.955620 3.775152
-0.396878 -2.663465 9.478590
1.354393 0.948376 12.281310
1.834825 -3.592386 14.915025
1.626600 -3.138805 13.258443
0.579120 -0.838824 15.256408
0.677234 -3.045359 12.999607
0.757098 -1.980445 3.728437
1.095921 -0.255512 11.367322
1.347617 0.866667 3.206156
1.479462 -0.010526 3.838866
1.069961 -2.983965 13.026841
-0.254995 -2.306661 8.675604
1.722350 -3.408195 13.327787
1.920638 -0.990981 14.141004
-1.064119 -2.288111 4.041521
1.270594 -2.046945 3.934076
0.216497 -2.948883 11.186460
1.999462 -3.908507 18.648159
1.495503 0.775372 3.787957
0.820223 -2.045324 12.860571
2.159727 -1.107098 15.882916
1.652514 -3.617113 14.805071
1.413713 0.466092 4.347836
1.701430 -3.617494 14.771505
0.569630 0.537741 6.036921
2.027217 -3.732120 15.848847
1.401308 -0.000561 3.384214
1.178082 -0.789915 15.074025
1.886898 -1.988073 12.344357
0.439500 -2.759992 15.181745
-0.178025 -2.401612 6.646211
0.996895 -1.723587 3.844880
-0.113237 -2.131845 6.171185
1.320874 -2.192251 5.528119
1.421316 -1.938466 3.738617
1.914054 -2.009948 12.274067
-1.125702 0.871399 4.094840
2.193562 -0.742531 15.209369
1.229393 -1.966182 3.779526
1.236843 -1.975142 3.795439
2.078562 -0.819612 14.904272
-0.142614 0.550003 6.001674
1.394948 0.463706 4.289752
0.313756 -2.387658 8.428495
0.597506 -3.167684 11.412946
0.221819 -2.628621 13.020687
1.465948 -3.271807 12.921250
2.338158 -2.799499 16.218170
0.108470 -1.675709 13.906746
0.816841 0.383345 7.166454
1.037780 -0.758190 14.822865
1.703194 -2.103272 6.468837
1.778058 -3.566902 14.599150
0.818636 1.090293 2.546701
2.033735 -3.267440 13.210864
0.912364 1.063835 2.552772
1.510634 0.414440 5.302340
0.876708 -0.017315 9.893869
0.028462 1.062920 2.847660
1.726381 -0.457095 12.631435
2.392873 -2.847317 16.369257
1.443493 -1.744227 4.957666
-0.334811 1.026813 2.622098
0.025111 0.367364 7.459359
0.381565 -2.925991 13.888158
1.366633 -0.071687 10.240824
-0.842748 1.057467 3.009556
1.940534 -3.278314 13.255280
2.190043 -2.611235 16.361437
0.791016 1.057321 2.474782
0.878503 1.033324 2.467027
0.285573 -1.320745 13.306057
0.299465 -0.865129 12.812059
1.526524 0.510091 6.203896
0.758949 -0.297560 11.927193
-0.677898 -1.081372 10.431379
-0.641109 -0.506579 11.337743
0.349354 0.589034 5.810627
2.055280 -3.274495 13.283428
1.598872 0.274705 7.583676
-0.817147 1.014103 2.910180
1.032224 0.983376 3.107403
1.841066 -1.049995 16.683235
0.261148 -2.494871 7.064189
0.638682 -1.021348 14.201482
2.041715 -1.532598 13.064591
0.354806 1.071193 2.420092
1.285292 -2.750832 16.030947
-0.037955 0.973218 2.853355
0.657055 -0.147345 10.814522
-0.392516 -2.642490 9.409131
1.471018 0.552809 5.256200
1.738922 0.002248 9.579032
1.332801 -3.257908 13.169417
2.012898 -4.024617 17.672123
1.573255 0.353507 7.099023
2.161475 -3.169396 16.888199
-0.129094 1.104476 2.382289
-0.012517 1.084549 2.376660
1.046433 -3.936841 16.681330
1.103209 -4.809051 19.366339
1.512631 0.422935 5.321233
1.653598 0.335183 7.637691
2.087797 -2.839319 18.640882
0.313614 -0.802404 13.021827
-0.350915 1.100632 2.430866
1.074757 -0.833295 12.690683
2.167034 -4.024566 17.318928
1.980602 -0.830915 12.846417
0.414065 -3.166607 10.653003
2.090780 -4.027335 18.885910
1.837620 -1.754349 12.007953
0.808171 1.073837 2.507663
0.140743 1.055386 2.577029
1.866106 -2.955743 13.671432
0.773299 -2.202693 6.970942
0.298046 1.040293 2.705468
0.854344 -2.738895 14.549404
0.711327 -1.411732 17.997957
1.502182 0.421958 5.303492
0.665943 -0.141837 10.843483
1.047255 -0.751410 14.799546
0.595071 0.991405 3.176498
0.989832 1.063004 2.473824
0.656378 -3.440670 17.712885
1.664308 -1.955446 12.858681
0.040586 -2.697550 7.452780
2.071827 -4.135636 18.348785
1.937182 -2.985816 12.690799
-0.182317 -2.378243 6.571729
1.450749 -0.324308 5.408138
0.638529 -3.781186 13.218873
1.321915 0.363756 7.183119
0.403832 -1.322873 13.973128
0.842117 -2.367780 7.341246
1.174058 -0.517633 13.150724
0.605694 0.106854 9.306028
1.517464 -2.718750 9.252106
0.343702 -1.400903 12.205916
-0.346206 1.055248 2.696053
0.788787 -2.414828 8.376788
1.640842 -3.378945 19.474224
1.862120 -3.113478 12.396429
1.224687 -1.934876 3.159203
0.910834 -3.673321 20.292858
-0.628908 1.007628 2.872292
0.640058 -3.533444 17.565731
1.448571 -4.425178 19.573128
0.371762 -1.634039 14.124358
0.220643 1.041846 2.723189
0.297485 1.032897 2.694493
1.363455 -0.154474 2.879469
2.309273 -3.997397 18.814808
0.588528 0.977269 3.141652
1.509946 0.401606 5.117017
1.873299 -3.744987 17.306124
0.689790 -1.425115 16.650692
0.343523 0.179722 8.489478
2.335990 -3.129004 17.602299
1.541519 -0.120157 10.498143
1.327629 -1.759619 2.879304
-0.450963 -2.161491 8.719339
0.732055 -0.766423 14.736173
1.182719 -0.515661 13.149441
1.415172 -1.122186 16.902037
1.383986 0.906515 3.039032
1.599053 0.262187 7.640986
-0.730583 -2.482138 10.412813
0.663306 -2.144167 16.891361
0.526988 -0.915461 15.285298
2.344994 -2.260831 18.357859
-0.368111 1.039204 2.716941
0.508789 -0.723807 14.639804
0.796850 -4.108737 17.606766
-0.485819 1.065599 2.747268
1.605383 -0.365359 5.424437
1.695033 -3.759584 15.984615
0.743333 0.988437 3.086725
0.476225 1.046684 2.708246
1.653873 -0.752833 14.520520
2.372387 -1.558026 19.181885
1.883707 -0.036601 10.433949
0.609366 -2.640724 16.744392
1.550979 -0.030752 9.899113
1.637535 -1.298753 18.589071
1.310977 -1.737749 2.843729
1.619065 -0.568746 13.551372
0.615384 -3.226943 13.470465
1.889344 -3.010774 13.065974
1.916207 -3.206726 12.545772
-1.014693 1.107587 2.630855
-0.081585 0.249317 8.253353
-0.758737 1.070844 2.684758
-0.423808 1.098876 2.659305
-0.362371 1.041168 3.211783
0.205036 0.579619 5.736648
0.726174 -0.001553 9.874618
0.874708 0.469912 7.480951
1.122365 -4.798431 19.354992
0.928145 0.202638 8.429971
1.115382 -2.929162 9.280312
0.358802 0.594446 5.786497
0.748474 -0.000743 9.887797
1.664621 -2.388840 12.760201
2.196545 -3.528115 17.525469
-0.464784 -0.477486 9.525930
1.809176 -3.596355 19.091873
0.410285 0.977375 2.837062
2.126692 -1.494555 13.128870
1.661323 -2.984282 11.528242
0.702408 -1.501020 19.642616
1.510947 -2.602375 9.704885
0.285582 -2.412152 12.249983
0.507225 -0.776551 14.957861
1.938321 -3.054117 15.551783
1.356480 -0.076080 10.227345
0.070778 1.032976 2.868255
0.731625 0.616135 5.894280
-0.997809 1.053829 2.883590
-0.110747 1.058141 2.700403
1.633070 0.292358 7.703138
1.985674 -2.731423 12.638683
2.230331 -4.160560 18.897532
1.475723 0.589557 5.576735
2.361962 -3.948473 17.931381
1.627867 -1.954340 8.118544
2.346891 -3.388945 17.906727
1.010672 -0.844592 15.359365
1.417691 -0.762570 14.721543
1.419573 0.526236 5.858548
1.953402 -2.315565 12.269156
-0.611515 1.016894 3.036034
0.379126 -0.997122 13.412327
2.077784 -0.835325 14.405722
-0.705636 -0.176422 10.309030
0.305621 0.847946 4.037185
-0.256727 1.002375 3.136526
1.092242 -1.242104 19.208662
-0.118960 -2.837574 7.352509
1.756044 -0.080643 9.416605
0.983082 0.029731 9.588542
0.340943 -1.252916 13.460787
1.766458 -3.118874 11.874680
1.955364 -0.969453 12.698513
1.814283 -1.519644 21.151531
1.858184 -3.672829 17.123516
1.377673 -0.016222 10.820665
0.706623 -1.233346 17.887783
0.660354 -3.103291 17.729954
1.353627 -3.055884 11.173573
1.907124 -1.902511 12.343177
-0.477763 1.079692 2.622139
2.209508 -2.004983 16.576290
0.361206 -1.204053 13.187233
1.050470 -2.370332 5.791092
0.811454 0.017044 9.680991
1.046317 -2.368512 5.787934
0.731536 0.581078 5.779371
0.753282 -0.290635 11.755345
2.136584 -3.222688 15.026205
1.934535 -1.515240 12.205246
0.628020 -3.203693 17.228836
0.107756 1.012011 2.977510
-0.106740 1.040811 2.661925
1.593135 0.270748 7.531835
0.109468 0.582007 5.722482
1.908514 -2.300922 12.506025
2.001970 -2.050127 12.687143
0.344311 0.171317 8.457465
0.992404 -3.427541 17.808691
0.030229 0.509386 6.160976
0.296681 -2.636745 12.193820
1.474087 -1.751060 5.043476
0.636863 -2.124841 16.890375
1.646251 0.228596 7.991357
2.480749 -3.057079 16.028225
1.443413 -0.788434 5.075057
2.090315 -1.619619 17.687160
2.296899 -3.252082 18.968699
0.615147 -2.249300 14.792740
0.869798 -0.983247 16.629353
1.073809 -2.251481 5.927331
1.381243 0.209186 2.858960
-0.505637 0.812083 4.339463
2.034181 -0.796949 15.082477
1.480166 -2.546156 6.902530
2.290303 -3.675980 15.669044
1.590338 0.043693 9.278288
0.305977 -2.728768 12.511496
2.283127 -2.997616 17.204042
0.711615 0.397149 7.149685
-0.647702 -1.801587 10.914461
-0.105824 1.039701 2.662326
1.624374 0.206062 7.506557
0.960681 -0.009599 9.833811
0.311682 -1.211878 12.830668
0.730011 0.595862 5.836699
0.371823 -2.869885 13.766994
2.307386 -2.602701 17.302004
1.067134 -3.202948 13.485447
0.680233 -3.953897 15.608071
-0.201485 0.642082 5.437768
1.125579 -2.783674 12.730725
0.726604 -2.296039 18.739538
1.596784 0.185032 7.956096
1.756269 -0.189984 10.429025
0.466212 1.095942 2.329225
0.972236 -1.085212 17.139513
-0.355899 1.109918 2.456548
0.299571 -1.547287 11.956371
0.295538 -2.777267 12.656979
1.789662 -0.104072 10.238041
0.337139 -1.064018 12.655429
1.653727 0.352263 7.550327
1.136932 -3.273059 13.714763
0.359405 -0.401960 12.520445
1.211334 -0.009615 9.808101
0.406535 0.356117 7.325345
1.731716 0.005555 9.552404
1.415498 -3.396354 14.684702
0.730928 -0.753778 14.755481
-0.699016 -0.147102 10.620279
0.659312 -1.127338 17.451786
1.559161 -2.175120 8.378883
-0.714526 -0.795748 10.171351
2.186293 -2.453277 16.366816
0.309022 -2.671920 12.368654
0.298157 -2.467073 12.191130
1.488135 0.564922 5.287429
2.229020 -3.425936 17.149893
1.020239 0.970274 3.061448
0.980030 0.026152 9.583590
1.041721 -2.304329 6.636636
1.103757 -0.302635 11.964017
-0.319356 0.826219 4.154425
1.291820 -0.356100 12.103330
1.377931 0.322253 7.405313
0.315062 -1.439925 12.820117
1.048486 -0.753563 14.760561
1.605455 -2.827403 16.569576
0.421453 -0.792000 14.268504
2.005607 -2.347999 15.327647
0.640870 -1.919575 5.487396
0.613247 -3.019366 16.692001
1.321520 0.356274 7.179815
-0.191554 -1.644779 5.649003
-0.340245 0.993611 3.062039
0.388678 -1.320805 13.730346
0.617182 -2.979687 16.684082
0.393581 -1.144686 13.811816
1.479560 -1.605401 5.169799
0.720278 -1.444709 17.716518
0.888959 0.502949 7.609316
0.359508 -1.279511 13.405931
1.741745 -3.194897 13.388762
1.990423 -4.484291 19.896275
0.973008 1.046179 2.444336
0.454480 1.082553 2.375030
0.027892 0.352267 7.433718
1.817522 -3.606534 14.597548
0.352196 -2.773207 13.109882
1.504294 -1.949582 5.033027
2.015739 -3.785407 16.426184
0.252127 1.023016 2.973766
1.375104 0.309053 7.385079
0.738430 -0.306118 11.950427
1.571910 0.346253 7.200530
1.461380 -1.370482 4.681488
0.408584 -1.106225 13.920685
1.233024 0.472879 6.201164
-0.043614 0.647036 5.387461
2.065628 -0.596314 13.055105
2.127635 -1.558694 13.262560
1.283414 0.774327 4.101947
1.677311 -1.781815 11.082465
0.252121 1.013680 2.942000
0.715875 0.806215 4.401870
0.256948 1.100212 2.477176
2.310280 -2.258861 18.366520
1.386668 -2.977541 13.249548
1.491292 -0.642178 5.346599
-0.320621 0.828523 4.161194
1.452377 0.512426 4.399477
0.169472 -0.253744 10.317016
0.668578 -3.401881 17.624731
1.346373 -0.194774 4.190001
0.934200 -2.599571 9.846958
1.873212 -2.011976 12.367292
2.301403 -1.112914 16.955481
1.452952 -2.344039 11.981167
1.924565 -3.594059 14.918723
1.335067 -2.148797 18.339321
1.352098 0.062077 2.933679
1.173219 0.383583 7.097911
1.358098 -0.303307 4.182722
1.591487 0.243393 7.608222
1.551142 -2.702402 8.901242
0.252327 1.019193 2.954030
0.744356 -0.291634 11.285405
0.496517 -1.310187 15.389168
0.862388 0.107688 9.049587
0.304898 -2.627490 12.851242
-0.563895 0.992938 2.983720
-0.409012 1.063952 2.580588
1.795388 -0.097716 10.204274
1.591396 0.326963 7.311397
0.591950 -3.447727 16.701508
0.554041 -2.646301 11.412359
2.356979 -1.891366 16.315908
1.403777 -1.684223 4.842125
0.687479 -2.760892 17.673651
0.757044 -0.287399 11.370588
0.160464 1.006503 3.074233
0.251970 1.012607 2.938170
0.952472 -2.177099 5.267583
2.140478 -3.636062 16.180145
1.587803 0.188434 7.820900
2.248464 -2.631054 16.472134
-0.119545 -2.878017 8.150317
1.314964 0.347979 7.165445
0.223301 -2.840741 13.719118
0.194994 0.725565 4.788958
0.799928 0.547730 6.046678
1.386554 -2.913027 13.076075
1.877856 -0.309532 11.739714
2.313034 -1.700146 17.394009
2.297446 -3.101728 17.511929
2.107722 -0.777948 14.880387
1.987391 -3.576992 14.255051
-0.025749 -3.090427 10.447679
0.059174 0.829800 4.283652
0.863485 -1.954366 5.566374
-0.723868 1.092454 2.525264
0.341484 -1.059981 12.513262
1.596242 0.220255 7.808116
-0.172574 0.449606 6.403349
0.751938 1.007584 2.995287
-0.332372 -0.320969 9.043575
1.114528 -0.355878 11.852645
1.581406 0.188912 7.798499
0.035154 -2.673598 7.470180
0.030366 0.349124 7.426024
1.333684 -2.889230 10.428123
-1.012495 1.056883 2.714528
2.250487 -3.554409 17.061312
0.427051 -3.657754 15.034768
-0.441217 -2.495952 8.536486
1.491035 -3.196164 11.632950
-0.392786 -2.647087 9.419524
1.541293 -1.012131 16.848385
0.159324 1.003945 3.073228
0.706349 -0.759824 14.872725
0.270987 -0.298984 11.670491
0.340634 0.297530 7.818697
0.221953 1.040603 2.722826
1.186523 -2.886058 13.062922
1.217573 -3.255891 12.442906
1.989420 -0.624433 13.342570
2.269278 -3.777169 17.090496
-0.721291 -1.098799 10.620748
0.682476 0.926008 8.664194
0.693037 -2.879484 13.342459
1.548359 -1.168393 17.481607
0.032052 -2.734636 7.602425
1.398041 -0.048712 9.982058
0.409363 -0.994202 13.906695
0.982131 0.027468 9.583230
0.517956 -0.768050 14.947770
1.823419 -3.350219 12.560820
0.336106 -0.914890 12.586833
0.471478 1.033172 2.675910
0.038673 0.333550 7.389897
2.312299 -1.140444 17.184801
0.341313 -1.297188 13.221251
-0.200065 0.637029 5.436080
1.461665 0.558626 5.969746
1.773128 -0.068941 10.010937
0.749955 1.001082 2.983120
0.944807 -2.236042 5.761366
0.757515 1.048378 2.628016
0.829188 0.906217 3.706041
1.603522 -1.989370 13.191685
-0.717590 1.083389 2.506328
1.340842 -2.272317 5.467947
0.320133 -1.196210 12.631670
1.177180 -0.808497 15.016606
1.269239 -2.968730 13.029176
0.965966 1.096159 2.351371
0.955068 0.292091 7.688824
1.734748 0.090722 9.124262
0.433199 -3.211807 15.076712
1.234842 -2.329038 6.381989
0.378089 -1.054254 13.319073
0.030712 0.350124 7.428439
1.343282 0.062699 2.915564
-0.524103 0.791587 4.522429
1.421379 0.294914 2.980096
0.545538 -0.460935 12.976229
1.428146 -1.057967 3.182851
1.583804 -2.809231 9.963881
1.351211 -3.735633 15.107498
0.619999 -1.924353 5.619026
1.469538 -3.219297 12.205395
1.174717 -0.377696 12.315915
0.748990 0.709144 5.961657
0.082243 1.036913 2.892216
1.465645 -3.018777 17.979231
1.631690 -3.414783 13.453333
-0.276079 0.591902 5.803216
0.077425 1.035738 2.874583
1.018199 -2.515184 8.045488
0.549171 -0.456466 13.010202
1.222048 -3.021302 11.818338
1.425909 -0.751121 14.712847
0.899908 -2.339887 8.021614
0.855258 0.112205 9.015656
0.340754 -0.434161 12.662374
2.008332 -2.504530 16.556208
-0.674443 -1.207504 11.404860
0.336944 -2.779537 13.043554
-0.728577 1.094428 2.533142
1.213145 -2.707236 8.990389
-0.122398 -2.096765 6.061111
2.253253 -3.035241 17.361059
1.461238 0.298658 7.415585
1.690865 0.232936 8.294650
1.281630 -3.527889 12.960440
0.908228 -3.679133 14.981357
0.577607 -3.431026 17.238533
0.572473 -2.081079 17.086546
0.264263 -0.372226 11.668702
0.356775 -1.014485 13.417001
0.849884 -0.880651 15.694423
1.148454 0.098067 8.969838
0.480825 0.295254 7.779443
0.356737 -0.427884 12.376169
1.830750 -3.453128 16.860466
-0.983311 -2.007581 5.231462
1.362167 -1.256322 4.074210
2.029645 -3.164352 16.178114
-0.865816 -1.035568 10.456515
1.357362 -0.297175 4.151306
1.808655 -1.595149 11.717039
1.302126 0.791485 4.133798
1.529715 -1.518586 5.175029
1.396730 -1.914103 3.694601
1.329873 -2.213559 5.579450
1.307267 -1.108780 3.304372
1.355176 -0.304366 4.177254
1.492380 -1.479272 5.121205
0.776939 -2.023407 3.824162
1.489939 -1.478215 5.120249
0.178779 -2.161408 6.729066
1.354872 -0.774320 4.032386
1.211151 -2.587823 11.664330
-0.346139 1.063926 2.715482
1.325815 -0.634896 3.900128
1.430692 0.611956 5.207456
1.103024 -0.387024 11.971872
1.631062 0.215911 8.156198
-0.737089 1.111298 2.570472
1.358244 -0.617415 3.876724
0.514837 -0.739173 14.610560
1.833643 -0.148319 10.783367
1.468763 -0.338396 5.182479
1.654662 -0.752535 14.524975
1.371327 -3.528653 15.003655
1.734201 -3.392797 13.186165
-0.963428 0.511052 6.286723
1.713896 -3.061205 17.899620
-0.170003 0.469279 6.327003
-0.792472 0.936925 3.715400
1.624538 0.225084 7.900371
-1.119005 0.265737 4.877450
1.464795 -2.733426 8.946151
1.137972 -2.874149 10.460563
-1.168714 0.960273 3.522624
0.778629 -2.403535 8.228401
0.815620 0.884731 3.668687
-0.807029 0.941613 3.668926
0.669068 -0.082064 10.173030
0.839457 -0.620868 13.459627
1.625090 0.250113 7.857021
1.450896 0.514060 5.256856
1.296718 0.170588 3.023390
0.288400 0.694890 5.108300
-0.682636 -0.257298 11.660493
0.413484 -0.778362 14.298946
0.715917 0.525556 6.113815
0.619838 0.915161 3.602976
0.206008 0.894991 3.868128
2.010125 0.010478 10.890700
0.575228 0.897822 3.847716
0.535088 -0.828183 15.242620
0.591107 -0.658746 14.268711
0.012812 1.088945 2.419283
1.611108 0.260077 7.884555
2.057912 -1.532809 12.539739
0.475988 -2.849929 10.749884
0.342469 0.285561 7.802457
0.709253 -1.501923 17.676022
1.614296 0.281772 7.597785
0.798386 -3.265647 15.009643
0.827540 -2.005976 12.718439
0.462931 1.092542 2.322873
0.206857 0.293538 7.571276
0.587270 0.713176 5.289653
0.408518 -1.176612 13.984048
1.471615 -2.613938 9.750686
1.395152 0.320799 7.402313
1.021654 0.908831 3.518099
1.345230 -2.811163 12.340556
0.742159 0.686542 5.104893
2.391354 -2.839645 19.761688
0.904242 -2.236113 7.199028
1.284272 -1.258632 18.374939
0.720527 0.349224 7.387766
2.321320 -2.945251 18.718731
0.783331 -2.258821 12.963247
1.067655 -2.355927 6.712779
2.483659 -1.720888 20.293804
0.405725 0.365305 7.353405
2.317183 -4.008698 18.854332
1.170077 -2.283492 11.136430
0.143298 1.060049 2.590183
-1.026704 0.648316 5.515329
0.873680 -0.849862 13.256507
1.443510 -3.934378 16.251009
0.772483 -1.483168 18.856995
0.879969 -3.281952 16.062502
0.398788 -0.785299 9.549382
0.803148 -3.406888 15.570943
0.229271 -2.814492 6.253927
0.305476 -0.945706 13.951566
0.748929 -1.196218 17.533180
0.533616 -0.828764 15.090076
-0.270562 -2.519436 6.453528
0.348864 -3.323592 13.181928
1.448539 -0.999295 3.653359
1.551592 -2.993322 14.632690
1.408913 -0.763729 4.069050
-0.230271 -2.748381 6.689227
0.649361 -1.912112 5.515381
1.393172 -2.873534 18.538803
1.449292 -0.535608 3.418053
0.431577 1.013427 2.931641
1.776566 -3.380461 16.435024
0.550068 1.013058 2.988809
0.534679 1.066335 2.533203
1.976612 -0.833851 12.830432
0.944232 -2.021937 5.687840
0.229938 0.422209 6.963863
-0.206902 0.653774 5.484409
0.324581 -0.791159 12.820917
0.687808 -2.499764 5.906481
-0.874180 -1.881048 3.320312
-1.183936 -1.806527 3.988324
0.348903 0.428571 6.934578
0.712807 -1.522109 17.900440
1.571839 0.668509 5.259691
0.725809 -0.441976 12.756449
-1.294033 -2.026075 3.658888
1.373310 -1.136759 4.903317
1.412503 -2.697054 13.155838
-1.271432 -1.881470 3.565787
-1.010824 -2.043967 5.358466
1.872340 -1.982730 12.242671
1.788377 -0.249316 11.069027
1.793213 -2.665310 11.481759
1.254130 -3.297634 12.613006
-0.753960 0.661532 5.479229
-0.254020 -2.019877 6.240019
1.575080 0.043779 8.366592
1.133756 -2.060985 5.337248
0.841246 -2.674034 8.949111
1.422459 0.799737 3.945028
1.429846 0.742741 3.621637
1.022294 -2.375251 7.356266
1.333610 0.855515 3.152593
-0.998412 -1.566548 5.908273
-0.583149 -1.106644 10.444057
-0.283676 -1.984574 7.750848
-0.201361 -0.254815 8.051433
-1.063965 -2.587777 5.650149
0.898354 -1.954589 5.690557
1.857309 -2.633586 12.374968
-1.046489 -1.957355 4.907244
0.535135 -0.887131 12.471058
-1.285360 -2.015286 3.635365
2.391567 -1.975877 18.671698
1.582361 -1.888524 16.367470
0.195277 -0.336728 10.045162
1.786344 -0.084684 9.627365
-0.941879 -2.021615 3.575353
-1.213561 -2.002031 4.399258
1.391927 -0.189982 4.289276
1.332085 -1.672429 3.601127
0.787582 -2.058260 3.895662
0.805585 -2.450762 8.350183
0.170395 -2.159387 6.726449
-0.156466 0.439273 6.019583
-0.999851 0.461955 6.277850
1.967133 -2.318881 15.132997
-0.826027 0.962140 3.736422
0.244588 -2.806854 7.678605
-0.153294 0.969765 3.341797
-1.118790 0.349321 4.885369
-1.168272 0.958671 3.511347
1.540873 -0.046741 8.541458
1.476131 0.529317 5.326977
0.031944 -2.717346 7.474263
1.385430 0.182434 3.248124
-0.371939 -2.600971 9.335425
1.357654 0.579238 3.191030
0.205945 0.895258 3.869510
0.564148 0.905189 3.689305
1.539002 -2.032375 6.628554
0.159426 -2.156007 6.698746
0.874604 -0.366374 12.196758
-0.737800 -2.204146 11.089270
0.708292 -1.932930 5.653702
0.275339 -1.488361 11.999928
1.692583 -0.648493 13.934595
0.842586 -0.252432 13.082695
0.962963 -2.179368 5.636897
1.762918 -0.080053 9.434052
0.174967 -2.611212 7.934667
0.807880 0.015751 9.691941
1.129381 -0.324305 11.886532
0.540118 0.608748 6.537770
1.498223 0.526503 5.611752
0.808074 0.011133 9.674090
1.129925 -0.323793 11.886518
0.813693 0.016379 9.684828
1.502581 0.515588 5.606040
0.806254 0.006117 9.666451
0.888126 -1.996793 5.458870
0.393464 -0.912281 13.810992
0.807198 0.004155 9.658485
0.140585 1.066673 2.599567
0.219688 1.038332 2.713663
1.990027 -3.202714 15.986244
0.827129 -1.940421 5.633150
1.314048 -2.167175 5.475513
0.935796 -2.063006 4.596236
1.962985 -3.642660 15.681698
0.738827 0.024111 9.668978
0.891746 -2.193205 7.100244
1.877668 -3.704933 15.772170
1.353881 -2.341960 7.142124
2.312750 -2.916816 18.686718
0.600070 0.030887 9.676769
1.842121 -2.616424 17.503239
-0.259865 -2.826706 7.428072
0.755807 0.570029 6.301872
0.739052 -0.167509 10.760775
0.390659 -0.465702 12.943748
1.443228 -2.858290 15.048072
1.784103 -3.483016 17.861809
1.730689 0.055437 9.207749
-0.086394 0.989124 3.214245
1.592360 -2.829196 9.982749
-0.530808 0.803792 4.559344
1.707606 0.052630 9.198167
2.035484 -2.666215 13.718752
1.448309 -1.580895 17.300070
1.443153 -1.989171 5.213586
0.935605 0.043796 9.380702
1.487113 -2.611382 9.745970
1.431293 0.712314 4.378687
0.759423 0.131084 8.919254
1.165159 0.137265 8.830696
-0.148851 0.619168 5.746255
0.337652 -1.411133 11.918859
1.902862 -3.439345 13.670460
1.154365 0.138915 8.832569
0.800670 -3.793720 15.160144
0.871774 0.133853 8.872076
0.364181 -0.416844 12.484980
0.806776 -3.752389 15.094747
0.365276 -0.416883 12.484919
0.434166 1.033111 2.982748
1.679195 -3.711942 15.847033
2.030393 -3.237445 13.637383
0.534512 1.071073 2.543855
1.177991 -3.839169 16.277847
1.925987 -0.558203 12.371830
1.407841 -1.644346 4.103640
1.981961 -1.063388 16.796244
0.527433 -3.698251 16.315968
1.649615 0.103913 8.585837
0.361559 -0.415895 12.440140
1.996730 -3.389891 13.598155
1.396352 -1.713819 4.032077
1.426936 -2.100277 5.181889
1.614002 -1.426466 10.357585
1.393351 -0.212992 4.310977
1.568691 -0.757348 11.439226
2.000596 -3.438856 16.438568
1.084305 0.983874 3.158472
1.667464 0.178799 8.309402
1.683503 0.168427 8.479775
1.357055 -0.616536 4.050807
1.672494 -3.025923 11.688553
2.351945 -3.623226 19.229471
1.411351 -3.089334 13.567511
0.800794 0.234257 8.119378
-0.646699 1.035421 2.950394
1.332395 -0.728390 3.875637
1.006599 -4.478427 20.623152
0.295814 -2.525996 12.102862
1.412461 -0.352987 5.064010
1.608966 -3.652575 14.956691
-0.343195 1.055157 2.692633
1.662104 -0.333354 11.843944
1.876360 -3.726873 17.258669
1.827882 -2.313782 17.301876
1.343410 -0.920279 3.396039
1.739418 -3.134327 12.016000
1.475950 -0.418901 5.178637
1.354174 -0.740645 3.917832
1.510754 -1.307986 16.364756
0.269335 -0.544708 11.597172
1.475072 -0.415488 5.179057
0.744313 1.000355 2.973711
1.763896 -1.583448 11.482682
0.888752 1.016234 2.869463
1.360961 -3.112616 11.439162
0.812198 1.079080 2.518285
2.117304 -1.498517 13.412344
1.621639 0.245090 7.860504
1.950218 -3.322994 16.111181
1.097665 -1.764450 3.782681
1.857822 -3.789434 20.234127
0.305926 0.755784 5.575706
1.045870 -2.104905 21.215956
1.519597 0.424884 5.126836
-0.958120 0.391294 6.151162
0.661035 0.241979 8.144920
2.121454 -0.615540 13.377693
0.474318 0.899112 3.661346
-0.829686 1.032115 2.960212
1.613529 0.269932 7.700385
1.761548 -1.015198 16.580734
1.798700 -3.449682 14.030815
-0.731719 1.105376 2.553801
1.515637 -0.141668 10.424189
2.001056 -3.485760 20.382704
-0.685788 1.096441 2.506868
2.130687 -0.596878 13.346193
1.434916 -1.454886 5.011657
0.653886 -0.826620 15.260494
-0.609981 -0.298137 11.179999
1.466990 -1.488272 5.063183
0.593883 0.085403 9.062941
0.759429 0.896610 3.536128
-0.236818 -2.084088 7.903987
-0.494936 -2.605045 8.762710
0.396161 -0.533477 13.417623
0.772207 0.907894 3.557321
-0.203506 -0.253920 8.201421
1.373574 -0.247096 11.217688
-0.944997 -2.376778 5.026835
0.351894 -1.319909 13.358858
-0.059613 -2.266538 4.433763
-1.010761 -2.058442 5.392869
1.142956 -0.355697 12.447811
-0.938509 -2.020488 3.569121
1.946580 -3.086257 13.328264
2.038025 -2.705152 14.812356
1.909192 -3.036212 13.190660
1.366562 -0.183004 4.212197
0.729626 -1.889240 3.762178
0.207357 -2.942137 9.169440
1.773452 -0.554066 13.263009
0.847547 -0.599816 13.455592
-0.157970 0.451961 6.094161
1.698126 -3.296141 12.822506
-0.152662 0.965468 3.337465
1.097556 -2.933145 13.192416
0.359279 -0.942636 13.304332
1.093531 -2.937817 13.182785
0.625719 0.143705 8.967679
-1.168198 0.955450 3.511530
1.266898 -2.907027 13.152851
1.459825 -3.210075 12.164353
1.516032 0.554465 5.498302
1.149868 0.129553 8.809555
1.364071 0.161503 3.163335
0.287599 -2.635987 8.919405
0.690847 0.501896 5.857909
1.834645 -0.036887 10.155516
0.203895 0.894676 3.875314
0.593265 0.913389 3.925058
2.056019 -3.212713 16.196558
2.186451 -2.456971 16.363041
0.754336 0.687686 4.981611
1.296361 -3.343081 14.466932
1.895509 -0.991373 14.182405
0.466347 1.104412 2.420518
0.907996 -3.394658 13.080656
-0.101277 0.696315 5.036968
1.073256 -0.267634 11.525375
0.141833 1.063036 2.595326
1.085667 -0.263785 11.591078
1.395725 -1.903953 4.596928
1.482732 -3.312565 12.980492
2.449447 -4.109903 19.040670
2.110519 -1.806330 18.821955
0.421360 -2.567924 9.703487
1.408846 0.544905 4.849791
0.723837 -3.049761 13.994150
0.486616 -0.483650 13.051639
-0.807685 0.488376 4.670292
2.173258 -2.451489 16.255333
1.577811 -2.801082 18.016525
0.226309 -2.791484 6.224438
1.671060 -1.201546 18.711908
1.638065 -0.849104 15.054525
0.646042 -4.602714 19.010067
1.568431 0.345235 7.086109
1.170829 0.379175 7.092464
-0.644393 1.035479 2.950467
2.469607 -4.182241 19.399708
0.767028 -2.361412 8.073040
-0.337647 1.035229 2.646879
2.381774 -2.389383 18.566416
0.696797 -2.069364 17.814756
1.224670 -2.152218 6.599395
0.829570 -2.044833 3.490800
0.942354 -1.998914 3.290868
1.312410 -3.742059 17.720644
1.844642 -2.996843 15.048876
1.318124 -3.871312 17.947906
1.080477 -1.880751 17.069933
1.230261 -1.159561 17.673838
-0.532377 1.093747 2.461804
2.044805 -2.682245 13.766220
-0.346366 1.056594 2.697743
2.230596 -1.062135 16.003557
0.818264 -2.687645 8.686737
0.423063 1.015988 2.927522
0.519176 1.031178 2.759949
1.960676 -3.615780 14.774368
2.182259 -2.803126 20.625050
1.526466 0.082185 5.130530
1.820613 -1.065193 16.785263
0.445633 1.057434 2.599664
1.080728 -1.895674 17.291174
1.575967 -4.604854 20.512432
-1.242910 0.946143 3.021567
1.973481 -2.711506 14.562053
0.367193 -0.946683 13.262791
1.305002 -3.066983 10.689385
-1.213401 0.976215 3.110729
1.141993 -0.434330 12.559407
1.498660 -0.279741 5.043339
1.682034 -2.884912 10.451171
1.921858 -3.470662 13.723413
1.631405 -3.600493 17.475582
0.611037 -0.486196 13.093104
-0.041483 1.032222 2.976956
1.771244 -0.194426 10.575181
0.612980 0.934263 3.425658
0.923657 1.015599 2.902627
1.277024 -2.188754 6.678854
-0.779797 -2.644184 10.008258
2.144017 -0.625565 13.746832
1.499386 -1.521695 5.123703
0.805809 -1.997263 3.472417
0.710332 -4.067371 17.188272
0.937041 -1.981718 3.262041
0.049239 0.915602 3.404338
1.487856 -1.504732 5.106686
1.138520 -2.645169 8.771197
0.608289 -1.040363 16.797680
0.982831 -2.660774 8.955229
0.598096 -2.021719 16.767279
0.602907 -2.040235 16.767403
-0.236392 0.698302 5.585182
-0.211454 0.653826 5.465825
0.753742 -0.259719 11.633638
-1.104334 -1.657555 6.068445
1.506548 -2.619132 9.755322
0.539265 -2.209059 17.643946
0.602154 -2.035525 16.763990
1.000486 -1.999626 11.579497
0.604494 -2.026062 16.763588
1.495653 -1.750433 5.069360
-0.818064 1.017361 2.918520
1.251107 -0.867984 14.973864
-0.722946 1.090977 2.522363
1.478956 -0.580389 4.971474
0.342038 -0.833564 12.828924
1.207040 -2.642338 9.466350
0.345234 -0.926050 12.569957
1.131366 -3.209756 13.764605
1.047346 0.982480 3.114928
1.663209 -1.051965 16.704666
1.699587 -1.443637 15.152721
1.732767 -0.448686 12.640663
0.855779 -0.701223 16.587887
0.880305 -4.161975 18.193436
0.207967 -1.415549 13.352586
1.482993 0.428234 5.044214
1.347324 -2.996645 10.015487
0.629822 -3.474701 12.305327
1.954589 -2.130119 12.104095
2.089447 -3.856978 16.546579
1.111076 -3.123457 13.547271
0.353768 -1.433271 12.043442
2.271424 -2.652891 17.212320
1.825177 -2.161433 11.480947
1.339921 -3.375953 21.039717
1.098770 1.032689 2.827993
1.471504 -1.007765 4.909336
0.941462 -1.837808 19.160107
0.538251 -1.080976 13.271275
-0.362613 1.065140 2.930365
2.240668 -1.028545 16.644878
-0.221216 0.566238 5.800118
-0.359382 1.060852 2.919394
1.108583 -1.747421 2.878512
-0.279712 -2.560995 6.521997
1.263135 -3.235232 12.325313
1.494156 -1.770768 5.453735
-0.039643 1.036451 2.850848
1.331723 0.283367 7.461097
1.051611 -2.793563 16.352680
1.001702 -3.952638 18.950228
1.114216 -3.072788 13.429733
0.034768 0.331267 7.353004
0.535034 -1.180448 15.404586
0.893185 -0.933245 16.121889
1.638221 -3.179301 15.542850
1.229429 -5.062541 20.204567
1.362974 -1.807573 3.996021
1.113514 -3.072752 13.429783
0.032833 0.333687 7.379874
0.320997 -1.574328 12.761039
1.734101 -1.029113 16.642080
2.013050 -3.701189 15.784934
1.395798 -1.188655 3.553263
0.349183 -3.427881 13.407200
1.229524 -4.431047 17.522507
1.402081 -1.070073 3.126162
1.608458 -3.647312 15.033293
1.519601 0.477056 4.877411
0.224859 1.056380 2.757581
0.929576 -1.837357 19.160988
0.544045 -1.150498 12.345512
2.272318 -1.018236 16.362020
2.200557 -0.906237 15.445245
1.082279 0.978322 3.147993
2.035360 -3.054072 13.331629
0.724103 1.039199 9.253077
0.620179 -1.157598 16.658110
0.476889 1.051053 2.716935
2.016306 -0.844481 13.216965
1.448761 -4.627528 20.262781
1.352062 0.923778 3.058275
1.455919 0.582167 5.530767
1.262388 -2.404483 19.592112
0.475433 1.050760 2.715422
1.532418 -1.000622 16.877903
1.511477 0.480834 4.801255
0.987547 1.059309 2.467902
1.693583 -3.748726 15.294563
1.468983 0.555849 5.520242
0.617917 -3.417870 12.465624
0.617455 -2.132792 17.061806
1.569603 0.314783 7.248940
0.759641 1.052763 2.637331
1.496063 0.476139 4.714972
2.502585 -1.723722 20.621201
1.800415 -3.305840 13.221173
0.804785 -1.014210 16.606823
0.643721 -0.747706 14.739725
-1.102887 -1.964177 4.228533
0.637975 -0.733474 14.781271
2.184151 -3.040733 14.343931
0.521187 -0.775991 14.650326
0.507609 -0.766710 14.676167
1.311891 0.840528 3.093719
0.549773 0.195534 8.476219
-0.156450 0.404002 7.149981
0.559411 0.646278 6.782355
1.446707 -0.672421 4.241911
-0.307986 -0.320100 8.929239
0.156867 0.990058 3.022092
-0.229846 0.596664 5.982814
1.363547 -0.302836 4.189091
0.556261 -1.101508 12.770735
0.771453 -2.029327 18.810940
1.121464 -3.381515 14.013144
0.944618 -0.675441 14.421862
-0.137430 -3.023810 8.331216
1.002394 0.052719 9.328665
1.687076 0.069135 8.939688
-1.392125 -2.027038 3.489319
-0.530155 -2.078815 9.037242
0.551762 1.011544 2.986669
0.657865 -1.951917 5.593362
1.052288 -2.633285 9.921234
0.759382 1.023247 3.043520
1.027219 -0.207317 10.759223
-1.234076 -1.842267 3.539812
1.286785 0.401561 6.914894
2.163952 -1.550913 13.231560
-0.342497 1.011509 2.910419
1.426464 -3.840603 16.087631
1.892838 -1.405263 18.729515
1.422073 -0.008577 9.928923
-0.526148 1.024774 2.957689
2.359837 -3.493000 17.636509
-0.516733 0.780071 4.499449
-0.522446 0.787712 4.518772
-0.170165 0.438549 6.321870
0.184007 -3.038754 11.390693
-0.840141 -2.118427 4.481871
0.606239 0.130167 8.950190
1.916597 -2.942888 12.678870
0.842446 -2.620176 7.647394
-0.609260 -1.119851 10.871570
0.864182 -1.950424 3.784129
0.164323 -2.142610 6.676286
1.010692 -1.899746 19.766773
1.878536 -2.586192 9.671157
1.227031 0.024336 9.743683
1.861946 -3.412277 13.404691
0.298099 -3.401553 7.871152
-0.505085 0.813576 4.339851
1.119027 -0.526248 12.705617
1.394548 -0.211921 4.305522
0.733399 -1.902676 3.794508
0.326183 -1.076744 12.825682
1.718523 0.120596 8.843036
1.427634 -0.486434 12.658044
1.983073 -1.296057 16.080151
1.168531 0.771043 4.376679
0.387636 -0.905169 13.829103
1.481291 -2.581551 8.339178
1.493271 0.541425 5.395544
0.315401 -1.227410 12.845232
1.185190 0.785799 4.416039
2.137563 -3.521046 15.101259
-0.193492 1.018244 2.861383
-0.045691 -1.733810 3.789226
1.550213 0.400969 6.784638
1.171561 0.774719 4.385536
0.999902 -2.272509 5.878648
0.718479 -1.955970 5.476527
-0.155534 0.401972 7.144518
-0.647416 -1.905934 11.060258
-0.978527 -1.995779 5.237595
-0.157241 0.409000 7.170335
1.739678 -2.494721 9.728114
0.621372 0.160907 9.830161
1.211347 -0.008774 9.818855
1.297186 0.961656 3.066149
2.192889 -1.079105 16.029600
2.449067 -3.429671 19.799955
-1.042982 -1.961808 4.928450
-0.513287 0.983327 3.371739
-0.808470 0.939168 3.643777
0.177626 -2.352792 9.082750
0.558344 -2.116608 13.848333
0.242767 0.883072 3.887914
0.203878 0.895936 3.884159
0.023223 -2.698474 7.456267
-0.043981 0.642076 5.450760
-0.173689 0.366036 7.349068
-1.161012 0.951707 3.481924
0.791342 -0.404433 12.508996
1.861208 -2.454098 10.853213
1.451372 0.612333 5.343407
1.890582 -3.195947 13.090011
1.459316 -0.996289 3.697339
2.347778 -3.977881 18.928665
1.744919 -0.001405 9.551765
1.843579 -2.618512 14.144055
2.235664 -1.089583 16.338285
1.825843 -1.647013 11.892867
1.295556 -2.395787 19.572321
0.597681 -1.314703 16.817793
0.030385 0.345506 7.413877
2.122119 -1.547025 13.204206
1.262476 -2.145561 5.015890
1.869658 -3.463723 15.044303
-0.155310 0.453328 6.103531
-0.539997 0.613961 5.863098
0.025299 0.354952 7.449781
0.034126 0.337776 7.400418
0.333693 -0.454974 12.612101
1.549185 -1.917100 5.708470
1.522056 0.394980 6.766172
1.633736 0.193593 8.119599
2.137915 -0.720231 14.758304
1.090825 -1.742054 3.739753
0.502845 -0.730198 14.639723
1.367038 -2.249181 5.665680
-0.593147 1.045820 3.120453
2.242964 -3.369264 17.582268
0.151001 -1.261536 11.508976
1.319699 -3.275461 13.146727
0.259373 -1.094938 11.524474
0.551127 1.015122 2.991245
2.201418 -2.591999 16.393818
0.270185 -0.617396 11.592074
1.599493 -3.460491 15.880171
0.759814 1.017388 3.018047
0.825293 -0.642847 16.978230
-0.140705 -2.276920 6.441732
2.277276 -2.585624 15.599320
1.212466 0.994977 2.967426
2.299397 -1.221948 17.630791
0.590178 -3.645286 17.988720
-0.216721 -0.708158 6.344123
1.881505 -3.664782 15.107265
1.191746 -2.308254 11.849431
2.258072 -3.775956 17.623486
0.328136 -0.300376 11.817624
0.661500 -2.811713 12.934853
-0.561560 0.931799 3.605503
0.690633 0.996506 2.982889
2.219216 -2.470391 16.500965
0.700317 -4.341051 18.514524
0.421640 -2.587730 9.766209
0.614274 0.085285 9.115948
1.962151 -1.084355 17.851892
-0.714701 -0.148271 10.691228
1.095440 -3.120286 13.241147
1.062069 0.980923 3.005626
-0.204005 0.628993 5.612611
0.412295 -1.715184 14.198166
0.964798 0.956766 3.604337
0.781879 0.926251 3.596484
0.842688 1.002117 3.070234
-0.138807 1.081987 2.519287
0.768432 0.905045 3.553252
1.566915 0.222544 7.783640
2.150856 -2.404492 16.069912
0.651243 0.897215 3.563118
0.357577 -0.345638 12.070728
0.644454 -3.349146 17.733868
0.586089 -2.851721 14.473719
2.027154 -0.973841 16.385685
1.432340 -2.167845 5.185535
1.273730 -3.806361 15.507005
0.783453 -1.388035 18.653294
1.689042 -3.593260 15.490117
0.510144 0.563912 8.141576
1.433235 -1.092554 3.363733
1.711984 -2.068877 8.362715
0.346258 0.906797 3.697665
1.402609 -1.073537 3.308890
0.688982 -3.279023 17.590330
0.142798 1.061662 2.595633
2.174519 -3.189394 15.422020
1.640903 -1.275246 18.864307
1.348718 -3.049021 11.090123
2.304694 -1.218715 17.855728
1.268780 -2.773126 9.187594
1.538899 -2.638484 8.728993
2.022624 -3.114887 16.964834
1.361172 -0.266107 11.527758
0.652630 -3.697999 12.652381
0.583479 0.990866 3.317516
0.822369 0.890962 3.676931
2.208156 -3.551306 15.413359
0.952760 0.518312 6.015257
-0.378725 -2.608798 9.287282
0.280620 0.696572 5.098196
1.497312 -1.151836 17.298517
0.897368 1.069729 6.894483
1.385908 0.674119 4.285245
-1.105577 0.348413 4.836675
2.310470 -3.135703 17.255665
-0.712762 -0.060751 10.269130
0.423978 0.936743 3.077684
-0.756541 -2.528085 10.498003
0.354011 -1.059842 16.500713
-0.154355 0.971403 3.361511
0.311186 -0.356694 11.287230
1.353871 -1.442489 16.757130
1.137650 -0.372081 12.226020
1.327964 -0.762279 3.933594
2.123849 -3.326098 16.103220
-1.193287 -1.975935 4.343035
0.694480 0.879859 3.772081
1.080817 -0.772896 14.849940
1.071486 -2.495923 7.592086
0.590790 0.973358 3.144731
2.136464 -4.024405 16.960041
1.453557 -0.764095 5.371561
-0.061453 -2.317849 4.535213
1.601315 0.568594 3.655369
-1.059378 -2.666630 5.645647
1.288666 -2.523609 19.509855
1.861478 -1.779068 14.508663
-0.270038 -2.333550 8.846964
1.925430 -0.442177 12.289248
1.540931 -1.914483 5.663999
0.669015 -3.607735 19.625170
0.334830 -1.324765 12.636728
-0.070706 0.577763 5.703818
1.368373 -3.764903 13.561255
1.329146 -2.196512 5.536020
0.285339 -2.679383 12.334434
1.367744 -1.164329 3.474467
1.022494 -0.005652 9.727386
1.836324 -0.112152 10.615373
0.137464 0.945223 3.192036
2.244277 -3.761593 17.551283
1.928273 -2.766892 14.790215
1.351449 0.843021 3.999367
2.328667 -2.819655 18.767672
1.405460 -0.393601 3.282162
1.847717 -1.421837 15.764658
0.764804 -3.061939 16.663578
1.793225 -3.406451 13.534281
-0.354212 0.935789 3.213646
1.883211 -1.982479 12.342833
-1.243628 -1.854301 3.565864
1.378408 -0.475852 3.314244
1.204175 -2.610525 16.849293
1.518403 -2.685940 9.514319
1.396204 -0.480639 3.355714
1.292230 -2.202887 5.333416
0.283133 -2.700842 12.399517
-1.210241 -1.898004 3.420660
1.320663 0.844628 3.113735
-0.459378 0.998373 3.420346
0.701227 -4.331738 18.483503
1.496761 0.780176 3.796717
0.704183 -0.736263 15.022949
0.794162 -0.412103 12.506842
1.404044 0.791711 3.898205
1.388313 -0.534196 3.241618
-0.028507 -3.098443 10.464266
0.548798 -0.929242 15.127036
1.351156 -0.738422 3.914551
-0.722276 -1.466998 10.008413
1.403207 0.001947 3.384056
1.453147 -0.992209 3.669792
2.039919 -3.035325 14.800786
0.795224 0.493777 7.555568
1.393583 0.002001 3.367309
0.054387 0.827839 4.291536
1.716218 -3.779444 15.369802
-0.296597 -2.698369 6.387301
0.989014 -3.771813 15.709921
1.384659 -0.037610 3.340047
0.903945 -2.584436 7.891648
1.857028 -2.952193 13.619710
-0.137308 0.911780 3.201040
1.882160 -2.393595 12.454110
0.924517 -2.450758 8.835251
0.336743 -1.040746 12.798873
0.359921 -1.377157 11.386929
-0.810011 0.940913 3.652218
-0.920991 0.749040 4.971982
1.704329 -0.258346 10.389378
1.889712 -1.486855 12.032266
-0.686347 -2.891926 11.126675
1.565143 -3.376163 13.109749
1.607344 -0.771518 11.696491
0.048222 -2.540556 7.192182
-0.416982 -2.420020 8.311760
-0.963510 0.508018 6.284675
1.422028 -1.870115 3.608590
2.414551 -1.375287 18.774940
-0.907047 0.393512 6.010684
1.159600 -2.616596 8.125612
2.137943 -2.914809 14.010056
1.388371 -0.467431 3.443129
-0.517654 -0.490597 10.098394
0.279719 0.699095 5.103747
0.763330 0.362557 6.898211
1.264304 -2.163734 6.679265
-1.194878 0.960749 3.060547
1.214957 -2.708847 9.127678
0.447309 -1.683747 13.908737
0.307959 -0.820349 12.825185
1.472596 -2.632391 8.412838
1.099780 -2.919057 13.164502
1.569833 -2.266070 15.155480
2.243687 -2.950783 18.441635
0.900836 0.921080 3.435249
0.464033 0.450524 8.013188
0.257470 -2.473516 7.032984
0.996115 0.041043 9.301875
0.754936 1.047026 2.625351
1.709327 -3.282977 12.724339
0.778070 0.364486 6.941626
0.841031 0.993898 3.055598
1.508735 0.557616 5.383969
1.354101 -1.854735 3.580103
0.118949 0.592490 5.761618
1.468638 -3.270044 13.225659
1.239995 -1.963346 3.232683
0.919416 -0.685521 14.220559
1.345919 0.917599 3.042773
1.155429 -2.707367 17.726681
1.748489 -3.420687 17.417618
1.187686 -0.045610 9.734333
-0.664982 -0.088817 10.015705
1.788071 -2.610166 9.897648
1.360983 -1.686418 16.030258
0.705379 -1.443504 17.535837
1.822471 -4.202544 19.076292
1.861768 -2.325890 15.504086
0.305492 -1.185918 12.669163
-0.917064 0.741559 4.942097
0.261012 -1.094444 9.299812
1.770114 -0.127197 10.696272
-0.715091 1.040963 2.938023
0.772242 -1.451353 18.770174
1.232375 1.074529 10.495653
0.627208 -3.622957 17.903336
1.795561 -3.081331 9.382812
0.787702 -3.424200 15.645079
0.953680 -2.098299 4.676507
-0.243432 -2.338930 6.416476
0.443508 1.056530 2.595993
0.437039 -0.752709 14.340384
1.045219 -2.619239 8.210981
0.316456 -1.211997 12.834118
0.567549 -2.742557 14.471744
0.421990 1.005911 2.902723
1.942718 -4.697014 18.787090
2.141743 -3.009813 15.242180
1.514046 -2.642699 9.846187
1.117623 -1.785563 3.828559
1.403690 -1.980033 4.887776
-0.234935 -0.273179 9.179828
1.460477 0.540699 5.241072
1.264702 -0.696935 14.297146
0.745744 0.130894 8.925554
0.517676 -0.787320 14.958907
1.358137 -0.081368 10.222269
0.184376 -3.076532 11.450089
0.535894 -3.611921 12.472754
-0.158193 1.105675 2.430397
0.993783 -2.705476 10.108690
0.982671 -2.488707 18.234222
1.884735 -0.514389 12.456095
0.187581 -3.041158 11.386924
0.114256 1.057922 2.600187
2.189891 -4.071706 18.297747
0.970438 -0.867542 14.614759
0.529925 0.232391 8.996565
1.533719 -2.639484 9.781460
2.333661 -2.026412 17.082773
-0.900807 -2.274340 5.342409
0.687657 -3.466692 19.563631
0.745473 -3.280701 18.147627
2.300424 -3.098380 16.088310
0.210127 -2.635782 11.801497
0.964611 -0.486134 11.188875
1.971984 -4.637320 20.402529
0.982556 -2.168726 5.238398
1.203862 -2.823996 9.896889
0.351221 -0.938537 13.278966
0.914897 -2.503510 11.390565
0.378165 -2.804975 13.536151
0.344460 -1.486032 12.642749
2.120677 -0.569429 13.173131
0.688799 0.594132 6.535420
1.207364 -0.540507 13.000759
2.128086 -2.942483 15.230022
1.848308 -3.617627 14.947214
-0.540416 1.017332 3.065573
-0.218270 -1.779968 5.838366
1.883463 -1.801423 12.321114
1.751150 -0.214236 10.664748
0.742799 0.716621 5.977986
2.122205 -0.763096 13.177842
1.160304 -2.621010 8.342686
-0.803088 0.587827 5.842008
1.470996 0.598180 5.553676
2.288759 -3.081703 16.033241
2.212492 -1.193356 16.828625
1.446751 -1.610442 5.277438
1.536093 0.095095 9.008719
1.249470 -3.104399 12.076084
1.478847 -1.632415 5.342739
1.457905 -2.546420 7.769212
0.891714 -2.220285 7.129725
1.971017 -4.738824 19.817068
1.050127 0.041982 9.325960
0.929621 0.032011 9.360098
1.591563 -3.766021 15.836613
2.014590 -4.059594 17.898726
1.434451 0.564106 5.478755
2.323003 -3.109009 16.139948
1.273440 -2.600999 11.312233
2.377426 -2.964419 15.753067
1.278570 -3.164616 20.052778
1.468198 -1.098829 5.190194
1.229405 -3.950403 15.720769
1.837502 -3.328177 13.202786
0.863663 -2.628308 11.596161
0.441488 -2.589797 9.756226
0.576502 0.886548 3.820844
0.283746 1.293643 5.692052
1.199543 -2.772219 17.837564
0.404536 0.975756 7.356489
-0.163294 -0.298505 6.054819
0.731548 0.018141 9.652837
1.419035 0.796867 3.940485
1.419649 -2.330200 5.708786
1.390686 0.451535 4.293942
-0.047024 -3.148833 10.583238
1.539182 0.651793 5.196013
1.849558 -2.111614 11.926091
1.162547 -3.046961 17.283836
0.472311 -1.659500 10.986640
2.244026 -3.779488 18.344288
0.951406 -2.130906 5.448517
1.477567 -1.974501 17.860983
1.873318 -2.094327 12.011295
2.131268 -0.629880 14.236101
-1.122137 0.343831 4.901058
0.871300 -1.496254 12.116186
2.171425 -3.301167 13.881399
-0.154008 0.968945 3.351175
0.999124 -2.260868 14.248547
1.799471 -1.124103 17.227997
-0.159459 0.426134 5.901968
-0.910414 0.387920 6.044992
-0.871194 0.381053 5.789609
1.733708 -0.058393 9.961428
-0.131068 0.598546 5.670135
-0.265556 1.060928 2.695592
0.216968 -2.719284 8.447981
0.870385 -3.213960 15.831004
1.689807 -2.886775 10.117494
-0.683429 -1.853848 11.268450
1.296503 -2.175493 5.505224
1.335631 -1.677474 3.624760
0.378805 -3.257058 13.003430
-0.645160 -0.514577 11.434222
1.087021 -1.761488 3.776659
0.954036 0.361037 8.647551
0.640534 0.509811 7.729644
0.589278 -2.595811 16.543396
1.396752 -0.205601 4.310428
1.369392 -0.778049 4.058214
1.149880 -2.597842 8.362745
1.015583 -2.270798 5.736614
-0.878723 -1.879533 3.320312
0.663829 0.577227 8.096711
-1.269263 -1.995123 3.599022
-1.148715 -2.354877 6.109375
-0.039912 -1.738384 3.810678
-0.777223 -1.887465 4.112656
-0.515458 0.591137 5.699900
0.564075 0.442152 7.054172
1.660404 -3.753816 15.744547
-0.545898 -1.092610 10.137465
1.675597 0.067349 8.826496
0.458845 1.089874 2.390227
-0.482680 -2.583529 8.727973
-0.924865 0.582874 6.104004
1.946510 -2.943295 12.554276
-0.645476 -2.863729 11.010686
1.328831 -0.679954 15.627770
1.568532 -0.391179 12.286526
1.509024 -0.215293 10.825810
0.624800 -2.294480 15.057167
1.571994 -2.296911 19.039173
0.916097 -3.214769 15.901147
0.250528 -1.091692 9.280944
1.288685 -2.275293 6.942716
-0.027949 0.424554 6.996587
0.934228 -2.349134 7.532368
-0.027956 0.424570 6.996617
0.881046 -2.081873 5.625766
1.453937 -2.058944 4.892555
0.756503 1.050760 2.636058
0.304854 -2.727798 12.489809
1.203545 -3.142742 12.235702
2.168309 -4.192996 18.180084
2.005043 -3.030649 15.418822
0.733045 0.409837 6.916979
1.034952 -2.678502 10.653236
1.472188 -2.659327 9.895016
1.339704 -2.586144 20.216312
0.970885 -2.421325 15.347012
0.887386 -2.625494 11.597621
0.079109 0.417795 7.021247
0.456556 -2.652760 9.961419
0.080585 0.415668 7.021028
0.576262 0.903911 3.903205
0.477698 -3.559831 15.722950
1.368523 0.775156 3.858376
0.832123 0.407830 6.951422
1.382316 0.666232 4.309700
1.422646 0.449625 4.420368
2.481003 -3.063349 19.322033
0.814701 0.406656 6.953794
0.989845 0.211122 9.282434
0.480231 1.135896 2.737898
0.364822 0.401217 7.070020
0.937302 0.593600 8.052900
0.220949 1.046653 2.738020
0.647455 0.771638 4.908271
-0.728881 -2.484041 10.470245
1.559702 0.377640 6.910872
-0.577049 -2.175901 9.332597
1.505188 0.653114 5.245688
-0.857907 1.002808 3.919761
1.765941 -0.907086 16.488068
1.485540 0.494730 6.094755
1.449200 -0.967087 16.029720
0.950539 -0.235192 10.477499
-1.104997 0.286464 4.806563
-0.169855 0.445640 6.108820
2.003676 -3.183277 12.858189
-1.021528 0.476392 6.340856
1.661364 -3.786341 16.139931
0.562064 0.378478 7.168108
-0.967185 -1.463857 5.810213
-0.581108 1.126952 3.733022
0.211580 -2.616055 8.106647
1.895674 -3.769557 17.697964
1.373236 -1.153054 3.482389
1.339997 -2.802723 16.465963
1.879005 -3.181163 8.060328
1.074758 -1.751674 3.762353
2.631493 -2.191527 20.277185
1.022746 0.911270 3.513165
1.680890 -1.443486 10.820221
0.938054 0.922791 3.542781
0.859557 -3.093027 15.141007
1.330543 -0.205546 4.102685
0.947453 0.936610 3.569248
1.349633 -0.763793 4.005666
-0.925174 -1.974002 3.493536
-1.161811 -1.822587 3.283203
0.402630 0.366943 7.356169
2.070661 -1.569330 17.419077
-0.057358 0.916539 3.622245
1.255590 -3.054851 16.275381
-1.013949 -2.117528 5.751991
-0.034924 -1.687680 3.701114
0.850142 -0.821835 15.410346
0.603425 -3.355342 12.958777
-0.249714 -0.303899 7.936836
0.023244 0.352190 7.447955
1.690429 -0.972932 15.933243
-0.263453 -1.918555 7.496933
2.195493 -1.988969 16.490509
-1.041909 -1.598637 6.090110
0.480423 -0.830823 14.624260
1.968695 -2.583996 16.837700
1.450131 -3.959461 16.300375
1.092514 -1.499611 13.018450
1.697402 0.217950 8.393325
1.653345 -0.744600 14.534529
0.748917 0.675806 4.957734
0.239186 -1.100149 9.331906
0.516534 -0.743193 14.598070
0.801230 -3.362650 15.446337
2.146505 -3.489399 15.889477
1.658484 -0.746319 14.540444
1.397613 -2.574183 9.575235
2.701590 -3.713097 20.956154
0.493147 -3.520396 14.793539
-0.262077 1.202920 2.489755
1.579785 0.292906 7.386187
2.112993 -3.157248 17.703960
2.115832 -4.066187 17.884811
1.435468 0.272306 7.366304
1.305927 -1.126922 3.885921
2.063966 -1.614499 13.437531
0.472458 -2.757298 10.379604
1.451947 0.294668 7.417658
-0.799738 0.941297 3.714844
1.598795 0.273411 7.537383
2.241347 -1.379066 17.590479
1.417442 -0.735727 14.662711
2.086996 -3.281725 15.959135
-1.135000 0.290925 4.931928
-0.401787 0.695765 2.607242
1.231235 0.289877 7.638447
1.345275 -0.733613 3.897661
-0.204462 0.463301 6.127922
0.849147 0.269413 7.628150
0.861493 0.297046 7.695374
1.330222 0.829996 3.970249
1.609889 0.270079 7.614676
-0.201088 -0.244767 8.464790
2.090227 -2.818307 13.476025
-0.241818 -2.279855 8.564548
-0.955713 -1.348700 5.694467
1.357079 -0.299049 4.102765
0.524626 0.939960 3.525856
-0.065284 0.224006 8.165363
1.833271 -0.741281 14.727361
0.170893 0.644880 5.302326
2.175877 -1.492769 13.566286
0.358702 0.845039 6.411810
1.731520 -3.060593 11.746874
1.302010 0.791467 4.133503
-0.204474 0.642679 5.439675
1.821017 -0.759127 14.686357
1.419317 -0.288959 4.351509
1.360228 0.646964 4.219264
0.304399 0.206561 8.361402
1.617579 0.238546 7.934852
2.225957 -1.513720 13.398049
0.520425 -0.797117 14.776821
1.494575 -1.743526 5.068449
-1.096876 -2.281807 6.123007
-0.036632 -1.767438 3.874897
-0.835922 -2.006845 4.346222
1.925198 -3.615610 14.649678
0.924427 -3.087840 16.257757
1.409622 0.786962 3.910892
1.472278 -2.988690 16.300793
1.360904 0.420698 4.236995
-0.493608 -2.604980 8.756042
1.911703 -3.649367 14.708651
1.469012 -3.008819 16.377943
1.055767 -1.015061 16.322392
1.841742 -1.412954 18.090599
0.493710 -2.786893 6.035750
0.465434 1.093400 2.636286
1.490956 -1.490365 5.106280
0.202869 1.064515 2.597598
-0.362721 -2.166847 8.484743
-0.948577 -1.932827 3.508400
1.688718 -3.647803 14.813036
1.531322 0.087545 9.001328
-1.159655 -1.820431 3.283203
1.650310 -2.941053 8.957814
1.242881 -2.111230 4.883791
1.256716 -2.122646 5.391450
-0.205516 0.619277 5.591191
1.344018 -1.678959 3.649500
-0.198926 0.607734 5.566226
1.004916 0.056743 9.328844
1.094892 -1.796140 3.851439
1.493762 0.055550 9.218689
-0.708367 1.267582 4.232062
1.505138 -0.620316 5.217958
1.564762 -1.389250 10.108755
1.721278 0.019147 9.341847
-0.210245 -0.248544 9.413160
1.465350 0.583507 5.252429
-0.236352 -2.427897 9.046875
1.165041 0.032985 9.482584
-1.067778 -1.639773 5.913185
1.165918 0.035489 9.484763
0.405505 -1.037350 13.885679
-0.918150 -1.893664 3.422103
0.981193 0.025899 9.583667
1.749538 -0.078471 9.399751
-1.087595 -2.275961 6.105876
2.376159 -1.575575 19.254564
-0.835693 -2.007760 4.333714
0.561994 0.900449 3.877707
1.753320 -0.083628 9.414884
2.137502 -2.364362 13.648951
0.303799 1.346071 5.915237
0.334697 0.604366 5.664844
0.305346 0.691428 5.175781
2.151826 -1.071717 16.747469
-0.688814 -0.369758 10.742816
0.736185 0.010518 9.739493
1.346887 -0.285584 4.104514
0.731259 0.012118 9.740734
1.385513 -0.780632 4.114071
1.331625 -1.060610 16.827591
1.670886 0.073478 8.837261
0.961132 0.001942 9.731211
1.632162 -2.222317 7.810240
-0.078363 0.601155 5.756977
1.414230 -2.438575 6.663573
-0.748990 1.109816 2.617795
1.418873 -2.391702 7.025935
1.622146 0.112395 8.599466
-0.197518 -1.694649 5.719195
2.116739 -2.807184 15.378998
0.203729 1.062520 2.609371
0.783889 -1.057370 16.892723
0.585469 0.115576 9.017192
1.214805 -0.064925 10.080874
1.367473 0.755470 3.781250
0.591217 0.112625 9.021388
1.516264 -3.216681 13.731300
1.211707 -0.062929 10.081617
1.449531 0.435717 4.540120
2.187694 -2.609352 16.184586
1.717113 -0.072677 9.932195
1.237526 -2.207224 6.739566
1.217200 -0.056797 10.110289
0.200445 -2.295794 7.111167
0.191393 0.588889 5.765801
1.508209 -1.866762 5.602422
1.827650 -0.710212 14.300810
1.356912 -1.697091 3.708888
2.116457 -0.666462 14.463694
1.111682 -1.835916 3.939903
1.431739 -3.229558 11.602221
2.065743 -0.732920 14.362969
2.180392 -2.605036 16.327562
0.620167 -2.215117 5.936045
1.193400 -2.640462 8.773194
1.777673 -2.195173 18.807302
-0.545565 0.990966 3.298164
1.704012 -1.479466 11.041408
1.238139 0.476727 6.179938
2.142942 -1.582265 13.701048
1.469341 0.487667 5.533452
1.561736 -2.858358 10.658684
-0.290960 -2.722883 6.844587
0.857181 0.105499 8.998557
0.957208 -2.452542 15.338498
0.932694 0.116660 9.047001
-1.116866 0.281939 4.867188
2.402056 -3.624638 19.413301
1.713155 -0.015419 9.518929
1.215237 0.677904 5.100832
1.730999 0.002458 9.551659
0.341870 -3.425006 15.710365
1.735873 -1.781515 3.797160
1.522362 -1.030442 16.764881
1.480858 0.685941 3.142820
2.071865 -2.718099 14.952003
1.350789 -0.029741 2.919507
1.404963 0.212292 2.906411
0.595804 -2.065158 16.743128
1.773947 -0.089589 10.046900
1.510995 0.093646 3.123895
0.697807 -1.964120 5.731808
1.396756 -2.983619 13.198342
1.409305 -2.377165 6.715707
1.813532 -2.259907 17.004379
-0.829693 1.084865 2.584388
2.007576 -3.444790 16.453321
0.680630 0.656029 5.166906
0.804463 1.067805 2.497967
1.220260 0.271779 7.596663
-0.336482 0.846764 4.072655
0.556972 -1.088414 14.713680
0.890962 1.018962 2.876049
1.401730 -3.843122 15.291081
1.143520 1.046728 2.543612
0.062575 0.780876 4.173357
0.698951 -0.267033 11.051803
1.587129 -2.876507 9.685523
1.741036 -0.001496 9.535998
1.979985 -3.386137 16.271135
1.498392 0.588574 5.123685
0.959802 -2.091210 6.062307
2.026478 -0.812704 14.486882
1.109929 1.127255 2.321194
1.374782 -2.327587 5.709354
-0.568195 -0.477724 10.952623
1.933170 -0.451854 12.396090
2.147151 -4.050138 19.067860
1.405125 -0.307965 4.284701
1.225467 -3.440404 16.344227
0.364461 1.047096 2.561867
-0.378293 0.642147 5.690821
-0.565811 1.001107 3.008005
0.409507 -1.087730 13.932398
1.319774 -2.090814 10.730091
0.511257 0.215550 8.311266
-0.655674 -1.142245 11.344505
-0.686931 0.624915 5.932087
1.381794 -0.860487 15.059035
1.926449 -2.044184 12.479638
0.620345 0.412003 7.004542
1.851246 -1.997567 11.568084
0.901738 -2.191421 7.128682
1.727954 0.009076 8.941084
1.136639 -2.015062 5.513881
1.567998 -3.591398 12.172520
1.202918 -2.237136 5.597057
0.951891 0.088726 9.187149
0.287484 -1.558526 12.037889
0.356090 -0.477996 12.530173
1.814638 -3.652483 19.759285
1.333941 -0.293655 4.026147
1.467018 -0.340377 5.176873
-0.105867 1.003384 3.003620
0.885214 -1.001142 16.660536
-0.009675 -2.892314 9.816409
0.893732 -2.372861 8.271049
0.221535 1.037064 2.800418
0.287991 -1.556456 12.002657
1.799889 -0.131756 10.354793
1.406517 0.278658 6.413210
0.393666 -1.205345 16.126177
0.421182 -0.723211 12.820308
0.302516 -0.867779 12.834989
1.516142 -0.656525 5.230694
0.311874 -1.380404 13.704466
-0.233778 -2.263931 6.195742
0.805803 -2.229441 7.042360
1.154481 1.082102 2.584397
1.301538 -1.146885 3.873582
0.404946 -2.843658 9.883388
1.342122 -3.557274 15.323478
-0.819377 1.072314 2.555317
1.528715 -1.521602 5.177512
-1.002841 1.035160 2.899793
1.704498 -1.755124 3.734328
1.499614 0.542646 5.462375
1.941985 -4.545477 20.152746
1.347491 -0.028986 2.911055
0.804916 1.066298 2.493858
0.911253 -3.308025 14.144862
1.454039 0.558867 5.649597
-0.165842 -1.215392 9.534062
1.965885 -0.370796 12.197073
-0.543535 1.080440 2.583100
1.453490 -0.313083 4.355972
2.192906 -4.128194 18.421186
2.110679 -1.613019 13.734656
1.869276 -2.968512 15.141439
2.130738 -4.066967 18.083160
1.655093 -3.633319 17.489168
1.774040 -2.904873 15.956333
-0.158091 0.407499 7.155313
0.529433 1.059058 2.518145
1.427433 -1.802082 4.075185
0.730549 1.001501 3.035784
1.507052 -3.086979 17.682272
0.546237 1.004169 2.964448
0.033345 1.086926 2.475359
1.609449 0.213147 7.464851
1.315223 -0.655727 3.884144
1.970778 -0.840904 13.044864
1.706778 -3.526139 14.892917
-0.105487 1.003666 2.998035
0.825279 -0.366090 12.305041
0.964906 0.111748 9.319904
1.564956 0.333858 7.140900
-0.662841 -0.224988 10.435308
0.387692 -1.286097 13.853162
0.622333 -1.937785 5.639673
1.538589 -0.122959 10.491117
0.568696 0.415508 6.949955
1.463032 0.591458 5.534148
1.159811 -3.021692 12.492569
1.184474 -2.414782 19.884502
0.251613 1.073354 2.424649
0.261008 0.327817 7.600296
0.398188 0.205043 8.377220
0.836670 0.412468 6.984253
0.705661 -1.232146 17.678925
2.204335 -2.925938 16.197226
1.650280 -1.702330 3.624206
0.610644 -0.782589 14.927799
-0.818310 -2.660921 9.129453
1.309706 -1.131654 3.888781
0.875934 -0.975902 16.785112
1.827233 -0.712842 14.291382
0.756670 1.048558 2.625484
1.292845 -0.362105 12.128531
2.080596 -0.579919 13.418798
1.281546 0.470289 5.990070
0.973963 -2.184298 5.760872
0.288703 -1.553677 12.037804
2.044376 -0.823170 13.415623
2.140631 -3.354985 16.184807
0.440280 -2.751755 15.144976
-0.660806 -1.219474 11.320639
-0.344267 1.011593 3.109281
1.841941 -1.958356 12.082837
-0.368730 0.628424 5.648417
0.694137 -3.943050 16.589931
0.741437 -0.295380 11.861937
-0.105841 1.011345 3.019279
1.849561 -3.992356 18.189159
0.338392 -1.577043 13.764257
1.654177 -1.252648 18.529169
1.498829 -2.583092 8.553205
0.854163 -2.016524 5.744765
1.660574 -3.633993 14.623253
1.068987 -2.238389 5.681099
0.703299 -2.938739 19.586426
0.481216 -3.135454 14.435535
1.456262 -3.303223 11.636035
2.361828 -3.319335 19.329874
0.627378 0.416389 7.003525
0.389934 -1.275667 13.748470
-1.203076 0.964383 3.073708
1.443525 -2.683220 8.847902
0.875539 -0.991952 16.628386
1.519473 -0.336734 5.271902
-0.612039 1.017327 3.045734
0.963366 -3.429131 14.749969
1.093977 -0.823812 15.896451
0.487395 1.063324 2.760662
1.651795 -3.318705 18.625710
2.489631 -3.052410 16.086096
1.016489 1.018412 2.728209
1.357825 -3.665176 16.332384
1.692200 -0.346875 11.949722
1.364134 0.925627 3.077752
2.104322 -1.729100 15.113088
0.337629 0.997943 3.061346
1.823789 -2.933844 14.807817
0.234301 -1.678352 13.812513
1.801328 -0.188492 10.868060
1.080699 0.219737 8.197390
0.778403 -1.525287 16.059641
0.384754 -1.379039 13.847116
1.478978 0.047592 9.241373
0.545823 -0.457942 12.985479
0.234920 0.327451 7.350883
-0.153536 1.101297 2.411768
0.152774 1.101820 2.341488
0.215684 -2.655884 11.742200
0.757531 1.048137 2.624473
1.313365 -1.137533 3.891542
0.295657 -0.305352 11.657242
-1.195619 0.956783 3.050045
1.997741 -4.766218 19.752777
1.510510 0.400577 5.117715
1.396442 -1.438969 3.063853
1.259598 -3.182521 12.317999
1.479977 -1.100741 4.913214
1.472351 -1.099232 4.899668
0.900552 -3.255363 13.952346
-0.597649 1.005735 2.887275
-0.717102 0.957096 2.770260
2.368411 -2.280275 18.508142
0.942448 -2.346733 14.855317
1.546774 -2.178228 17.945606
0.884250 -2.006991 5.779583
1.352061 -2.397998 6.877299
0.934034 -2.472729 8.895571
1.647302 -2.578302 12.574080
2.116760 -0.883274 13.694062
1.749159 -2.439945 9.355086
0.908795 -3.752877 15.108224
0.474522 1.150346 2.839248
0.779675 -3.514434 15.921659
1.487130 0.490583 6.266683
0.805463 1.073013 2.508465
1.809207 -3.426357 13.838259
1.332641 0.836061 3.978858
0.326565 -1.385454 13.094447
0.664738 -3.401831 17.621765
2.148556 -0.622461 13.753926
1.853173 -3.386035 11.600055
0.843376 1.150903 10.824819
2.189576 -4.070765 18.287767
1.850272 -3.615270 14.945892
-0.411463 1.062696 2.583486
1.444268 -1.952291 4.536405
0.117357 1.063104 2.628228
1.018543 -2.338450 4.922415
2.013047 -3.615209 14.581973
0.709731 -3.604406 18.650917
-0.127987 0.611157 5.724862
-1.206214 1.017037 3.165103
1.003786 -0.084699 10.062812
1.180080 0.865666 3.904786
1.615982 -3.684706 15.091652
1.520727 -1.500762 5.166575
1.300013 -2.206023 5.342931
0.746331 -2.355178 8.058112
0.929841 -3.315381 14.419436
0.618797 -3.220936 11.546353
0.253475 -0.283411 14.889482
1.772626 -3.141392 11.906448
2.299277 -1.347478 17.919029
1.456907 0.412665 6.168763
-0.728841 1.095357 2.536502
2.756418 -3.163474 17.454628
1.655806 -0.848210 15.215302
1.285282 0.733822 4.584174
-0.254692 -2.844325 7.776494
0.235870 0.323451 7.344277
0.416914 -2.574380 9.723495
1.159154 -0.382808 12.287457
2.341970 -3.145245 16.222387
0.369407 -0.867341 13.293993
-0.382229 -2.646057 9.476525
0.872015 0.995061 2.810059
1.931276 -3.598757 14.919392
0.735240 0.438513 7.183316
1.706479 0.061371 9.081045
0.645023 -2.946859 15.571416
1.423810 0.505529 4.336726
2.026979 -1.549479 17.186432
2.303914 -1.174061 17.506687
0.759737 -2.039485 5.663923
1.790617 -3.429164 14.016324
1.819391 -4.385946 19.013168
0.137729 -0.275998 11.522079
0.312375 -0.741423 12.856215
0.826332 0.402557 6.968222
1.402947 -1.089799 17.127069
1.165468 0.370759 7.079579
0.530930 1.065037 2.528861
0.652565 -0.791676 15.127134
0.472865 -0.896334 12.395625
-0.206463 0.596703 5.959816
1.861956 -2.728193 12.379662
0.264772 0.311453 7.554830
2.281029 -1.401852 17.894922
0.298027 -2.496460 12.188773
2.122797 -2.648927 17.450979
1.559338 -3.343165 12.959372
1.623603 0.254623 7.794933
0.342430 -0.418510 12.703150
1.674798 -3.246568 13.159351
0.384796 -1.330552 14.004349
1.114810 -3.168931 13.398811
0.384323 -2.917777 13.968592
0.851890 -0.877777 15.694311
1.737062 -0.436892 12.547070
-0.210139 0.355471 7.460975
2.277033 -1.243361 16.796263
1.400037 0.339990 7.242900
0.305993 -0.716053 12.875814
0.884057 -3.715119 14.751469
0.607497 -0.841095 15.240932
0.629521 -2.066925 16.984970
1.179588 -0.381834 12.315680
-0.154213 0.404470 7.157330
0.721260 0.614736 5.726084
1.178413 -0.379302 12.315715
0.966686 -1.082829 17.053371
0.858887 0.113855 9.012032
1.102979 -0.344591 12.049726
2.306496 -1.124272 17.066593
2.223100 -3.565778 15.395713
1.043532 -0.750039 14.720105
-0.681747 1.088947 2.485537
1.674313 0.123228 8.661983
0.422741 0.900334 3.861659
0.937445 0.320882 8.443611
0.708849 0.793914 4.371305
0.314853 -0.879234 13.092805
1.332693 -3.328822 14.047657
2.224756 -1.818488 15.643652
1.375660 -1.860592 4.301292
1.268789 -0.500431 20.342403
0.663122 -1.968714 5.615768
0.646531 -1.093309 16.959249
0.913883 -1.931711 5.531406
1.531184 -3.382372 12.470140
1.508090 0.422886 5.102799
0.882720 -1.890432 5.562225
0.377513 0.880726 6.565076
0.086229 0.413796 7.021721
-0.200225 -2.081821 5.836075
0.400994 -1.473590 14.173297
-0.137737 0.537444 5.956581
-0.208432 0.356021 7.467681
0.721807 0.605788 5.709871
1.528226 0.376038 6.806500
1.136434 0.758912 4.467105
-0.608861 -1.109146 10.875417
0.655131 -3.363796 17.792828
0.033200 1.076138 2.450500
0.855567 0.114062 9.021441
-0.207073 -2.542855 6.884056
0.493768 1.104745 2.415946
1.859651 -2.688785 12.383166
0.710352 -1.442495 17.892443
0.864187 -2.324913 8.289273
1.802337 -3.283478 12.857523
2.248174 -3.343695 17.302822
-0.160191 1.110232 2.379230
-0.189955 -2.092862 5.868353
0.363228 -0.404130 12.515798
1.685702 -3.713427 15.878157
0.834591 0.073869 8.828543
-0.748414 -2.517078 10.472448
2.124915 -0.963303 15.217674
0.782904 0.359715 7.266368
1.882043 -1.671825 11.892410
1.759758 -3.717907 15.291650
2.282094 -2.860469 18.650604
1.095752 -2.283215 5.821618
1.589935 0.292778 7.453702
1.204002 0.435361 6.518865
1.910890 -3.769564 17.702513
-0.039139 1.054023 3.064209
1.459959 -0.588298 3.679104
1.202712 -4.532373 18.919483
0.313577 -1.189851 12.655216
0.315758 -1.250940 10.562716
1.344348 -2.323790 6.507907
1.149037 -2.921644 11.491049
1.384136 -0.039682 10.153395
0.210061 1.185838 3.211235
1.875317 -2.967244 15.724845
0.295484 -2.390069 12.216805
0.252110 -3.611090 16.108503
-0.154835 -0.288768 6.005622
1.394976 -1.071916 3.303808
1.905895 -2.573202 11.681750
0.862094 0.300093 7.704810
0.645995 0.531355 5.993666
0.698968 0.360069 7.268106
-0.202163 1.075658 2.436112
1.960779 -2.321153 15.019796
0.247134 1.006870 2.934921
1.587060 -3.060817 14.021818
0.659650 -1.328284 15.184258
0.336859 -3.454356 12.972548
-0.279397 0.601317 5.828656
1.425784 -1.173244 3.636022
-0.661812 1.124762 2.907347
0.282056 -1.249782 12.672775
1.569361 -2.774336 9.535701
1.873944 -1.966420 12.293604
0.337551 -1.317732 12.557292
2.093247 -1.054866 16.421968
1.760016 -2.038207 11.180064
1.057380 -0.302471 11.233669
2.017502 -3.060496 13.495544
0.589089 -3.069776 11.778570
0.542789 -0.465190 12.949077
0.196926 -3.682236 16.305038
1.471470 0.659714 5.206895
-0.678462 -1.937929 11.242893
1.978611 -0.673366 13.054413
-0.137316 0.523725 5.998644
1.594705 -3.691006 17.314615
2.366806 -2.972292 18.927580
1.527584 -2.646301 16.972218
1.672962 -1.517090 10.809948
0.864486 0.987713 2.807713
1.067590 0.968184 3.116676
0.668211 -3.308340 17.640270
1.604526 0.226672 7.822525
-0.156030 -0.296851 5.992634
1.411284 0.794975 3.922479
1.355064 -0.616034 4.044589
1.575616 -2.722619 8.980802
1.470926 -2.139902 12.272116
1.355630 -2.338994 7.780682
1.240670 -0.862799 14.326195
-0.224689 0.632827 5.626175
0.318695 -1.109206 12.602510
1.420981 -2.095617 5.175497
-0.221079 -1.415312 11.583910
2.139476 -1.040219 15.244005
1.421549 -0.007017 9.926452
1.403250 -0.797696 4.153650
0.356644 -0.620015 12.590756
0.791587 -1.980155 5.489192
1.195603 0.645476 5.287785
1.422196 -0.007696 9.925014
0.772568 1.211756 5.599675
1.041637 -2.080278 17.637192
0.470040 0.574334 5.880582
1.675821 -1.848956 11.591769
1.027434 -0.432670 12.607305
0.644005 -2.073480 16.971302
-1.037614 0.677924 5.471920
1.294258 -0.040044 3.356676
1.255618 -2.764452 16.079489
2.003335 -1.495586 12.352974
0.387832 -1.430186 13.917599
-0.806713 0.933381 3.618966
-0.193821 0.576397 5.947451
-0.337970 0.957685 3.426223
1.594853 0.458272 6.326465
1.237700 -3.686239 20.554699
1.969941 -3.544889 13.679290
0.432633 -0.803912 13.342857
1.396176 -3.056602 13.042501
2.325985 -1.394855 18.456839
1.324448 -3.789586 17.823307
0.869432 -2.325148 7.981154
-0.170760 -0.281684 6.093056
0.302537 -2.648537 12.317072
0.552694 -0.832036 15.418275
0.169661 0.653813 5.316732
1.083148 0.976120 3.142019
1.452718 0.508284 5.217762
0.904832 0.925617 3.449544
2.343606 -2.401079 18.461088
0.580493 0.205488 8.512889
0.876245 0.252036 7.957609
0.310413 -2.369374 12.152758
0.775151 0.912226 3.581672
0.416152 -3.094421 8.825274
-0.752486 -0.802723 10.320801
2.087137 -3.595872 15.262305
1.414175 0.162024 3.224431
1.456981 0.567171 5.964670
0.614925 -3.723007 13.806872
0.040190 0.361008 7.417232
0.405005 0.359847 7.310716
1.240326 1.028983 2.846815
0.391694 -0.457708 12.837772
0.043162 -2.695922 7.542747
0.946714 0.061609 9.144822
1.301167 -3.060437 13.179491
0.854985 0.968389 2.776865
2.004506 -3.963632 17.744534
1.572289 -0.881238 14.671200
1.934210 -1.825820 12.513411
0.247099 -1.452968 13.292971
-0.196972 1.033938 2.904113
1.791595 -0.028964 9.939297
0.547382 -0.468117 12.945272
0.653976 -1.126887 17.702093
0.265920 0.311323 7.547467
1.900045 -3.423913 13.242653
0.545376 0.992760 2.944711
2.062948 -1.537203 12.941826
0.024804 0.535607 6.219860
0.905528 -0.796336 14.647968
0.209424 -1.685916 13.942653
0.264725 0.317904 7.556296
1.420820 -1.166587 3.639669
1.462310 0.225271 3.005410
0.929734 -3.256151 14.173603
1.481686 -1.328999 17.705200
2.205120 -2.543975 13.195604
2.157826 -2.926067 15.609569
-0.568345 0.946486 3.665137
0.540757 -3.439336 15.482598
1.393298 -0.387925 3.239903
1.450523 0.411635 5.747003
1.411672 -2.503347 14.309326
-0.296002 -2.258706 6.276139
2.654942 -1.654885 15.098913
0.906154 0.930348 3.451008
2.083934 -2.790645 13.462522
0.323059 -1.201638 16.270418
0.319694 -1.160928 12.777888
1.913984 -2.953195 12.790110
0.410450 0.366189 7.303220
1.251811 1.026145 2.816701
0.722623 -1.252059 17.638620
0.738465 -1.799659 13.284675
1.104372 1.036420 2.836248
0.648876 -3.353371 17.722532
0.332141 1.049384 2.746761
1.534890 -2.417013 6.761478
0.920800 -2.476905 8.887194
2.240653 -3.320739 17.317614
1.464338 0.305618 7.418355
1.406883 -0.313897 11.964105
1.142064 -3.125919 13.188145
0.839285 -2.675158 9.004788
0.746009 0.991572 3.094625
1.713841 -0.120609 9.875660
0.371017 -0.912343 13.328191
1.258578 1.030354 2.828294
-0.152298 0.453086 6.085978
1.944902 -3.140079 12.888592
1.366618 -0.528877 3.200471
1.483994 0.151015 3.074521
0.413333 0.365401 7.302726
1.182076 -3.001105 13.197066
0.594641 -3.417134 16.661474
0.801463 0.546404 6.019399
0.765333 0.330068 7.430105
0.680562 -1.178104 17.692127
1.525571 0.583034 5.939829
1.401749 -0.312421 11.967240
1.434962 0.426807 6.006166
1.013620 -2.407386 6.803801
1.633702 -3.332105 13.305843
0.552763 0.205976 8.480084
0.631276 -1.165038 17.008755
-0.244936 -1.987395 6.069526
1.497852 0.399687 6.455316
1.785650 -0.016489 9.893874
1.239433 -2.753072 9.341228
2.354871 -2.272884 18.439587
2.359637 -3.160279 16.037682
-0.531548 1.006401 3.226007
2.025087 -0.838599 13.366983
0.329139 -1.543612 13.551120
-0.526563 0.993365 3.188283
0.713949 -1.520382 17.902918
1.288653 -3.590076 15.259599
-0.735644 -2.492859 10.410006
0.389519 -0.474212 12.924085
1.045605 1.038967 2.793722
2.237836 -3.434710 17.568344
0.964563 -2.291677 7.146578
-0.733564 -1.206501 10.532493
2.309894 -1.374477 17.995834
0.033087 0.355753 7.421715
2.022808 -3.086372 12.965059
-0.376710 0.976132 3.318320
-0.500489 0.991583 3.317070
1.512081 0.504490 6.185323
2.056214 -1.082585 15.177190
1.688536 -3.362631 13.274956
0.542755 0.998239 2.956050
0.233345 0.351530 7.387087
0.533122 -3.708992 16.425194
0.038508 0.362849 7.417495
0.983307 -1.109378 17.278835
0.231985 0.351103 7.388312
0.600395 -3.651233 17.574533
1.276958 -2.164664 13.995152
1.016816 -2.862026 12.810615
-0.295560 -1.536431 11.791733
0.744115 -0.298901 12.063264
2.266151 -3.234328 17.437883
1.758923 -2.039941 11.202746
1.449799 -1.187204 3.695338
0.953060 0.659257 5.186845
1.465607 -0.453002 3.503709
1.245548 -2.800179 9.377471
0.316263 -2.807167 13.051648
0.072563 1.060420 2.922798
0.963493 -0.063197 9.714546
0.508600 1.018105 2.742479
1.632656 -1.408798 18.732597
1.211793 -3.010301 11.787622
1.345510 0.798475 3.159390
0.266390 -1.447291 13.159102
0.352772 0.303573 7.789595
0.346304 -0.855038 12.827225
0.373559 -1.174544 13.386934
1.644644 0.213190 8.041918
0.668063 -1.147848 17.420275
-0.276136 1.017265 3.325493
0.289540 -2.512843 8.631362
1.683765 -3.232016 14.912495
-0.082654 0.967286 3.170835
1.476543 -1.014347 3.716308
1.762947 0.069968 9.328325
0.023591 0.532475 6.201981
0.375378 -1.042207 13.243147
1.029857 1.024129 2.764539
2.140783 -1.611454 13.542339
1.318329 0.181141 3.063613
0.746927 1.004944 2.998183
0.916601 -1.023290 16.662071
-0.913492 0.481870 6.113495
1.980755 -1.486784 12.290627
0.396569 -1.483448 14.168819
1.016966 -0.562172 13.454445
0.345333 0.280705 7.780343
1.143668 -3.036289 11.859900
1.323754 -0.550188 3.205674
0.645102 1.019937 3.177820
1.587571 -2.107236 6.854748
1.837021 -0.132474 10.639117
0.291981 -2.646678 12.337847
1.028883 0.980947 3.093161
1.395026 2.264744 10.038760
2.067558 -2.815246 14.896361
-0.265240 0.964351 3.191968
2.161121 -2.844220 16.027960
1.432421 0.402438 6.076797
0.330753 0.741810 6.024187
0.623850 -2.066685 17.020683
1.008073 0.479236 6.588710
0.304085 -2.445402 12.152122
2.146378 -1.662855 18.458153
1.776927 -3.452070 15.625416
1.461354 0.524127 5.514415
1.263948 -2.036968 4.230715
1.772842 -3.025101 9.180921
0.794133 -0.404520 12.517454
0.650103 0.972436 4.645583
0.986815 -1.117321 17.258642
1.303908 -3.066650 13.198681
1.499075 0.422727 5.087122
1.772725 -0.077564 10.276061
-0.103926 0.619922 5.797380
0.731459 -1.899810 3.786088
1.457886 -1.783331 5.370626
-0.805600 -2.017771 4.261496
-0.042921 -1.626249 3.579105
1.262539 -2.179292 6.658365
0.303777 0.675165 5.530135
0.582193 0.862274 4.175571
-0.000370 0.352606 7.508148
0.300674 0.665492 5.491046
1.217956 -2.832466 9.914128
1.955340 -3.253844 8.127477
-0.230498 -1.384008 10.968167
1.791642 -2.859798 15.606382
1.550213 0.658018 5.218555
-0.573538 -0.509730 10.743897
0.755511 0.002172 10.057063
1.418631 -0.212556 4.369237
1.625870 -1.473209 4.509272
0.508481 -2.475426 10.601714
1.539246 -2.940028 13.448054
0.613901 -0.059092 10.480167
0.763465 -2.793531 13.662508
-0.714500 -2.065783 4.979302
0.216288 -0.065480 10.685515
1.626919 -2.175431 7.729685
0.616234 -0.058216 10.479546
1.814252 -3.271278 13.114580
1.626095 -1.455325 10.559658
0.785493 -1.734030 3.866834
2.108966 -1.065005 15.160739
2.236500 -1.042823 16.227089
1.585797 0.329015 7.235937
0.740038 -1.240479 16.447622
1.447649 -2.569072 7.874929
1.067599 0.340618 7.423721
0.778290 0.345639 7.440767
-0.153186 0.965883 3.349722
1.478296 -2.784914 11.373870
1.323291 -0.836069 2.791288
2.062892 -0.803108 14.629500
1.422410 -1.046078 16.393919
1.076363 -0.796643 15.016294
1.412990 0.573324 5.702121
1.930199 -2.290593 12.182742
0.768094 0.343302 7.457214
0.311467 0.192366 8.314964
1.376096 -0.756286 14.742124
1.821138 -0.090831 10.308121
1.156939 -1.916303 12.368820
1.549582 -2.193914 17.997622
2.244272 -4.194057 18.875999
1.564828 -1.247677 17.651995
1.276245 -2.498019 13.373808
1.438679 -1.513526 5.255177
0.330274 -1.076471 12.726311
0.400134 -2.838730 8.326223
1.388585 0.067205 2.985283
1.378436 -0.028393 2.966865
1.359834 0.927362 3.069588
0.540970 -1.048430 14.667432
1.012957 -0.559490 13.481396
1.536817 -0.857952 15.376901
0.755358 0.569279 5.916492
0.485711 -0.732790 14.221874
-0.114722 0.355479 7.527009
1.396081 -0.467521 3.456390
0.208615 -0.065282 10.687443
0.333605 -1.392218 13.454797
2.160714 -0.903531 15.355729
0.839322 0.178437 8.556996
1.556614 -0.084674 10.420788
1.026304 0.992281 3.108077
0.807209 -0.131986 10.980514
1.181215 -3.039625 13.354573
0.374792 -0.641507 12.283334
2.008771 -2.450511 15.237573
0.295753 -2.507523 11.915644
0.613807 0.077996 9.497211
1.393573 0.507374 5.977384
-0.106577 1.047844 3.103442
2.112061 -0.850751 15.163057
1.558174 -0.081165 10.420258
0.595879 -3.056276 15.442901
2.260031 -1.047112 16.107553
-0.179659 0.616093 6.176471
1.508586 0.540819 3.440227
1.824791 -0.135069 10.592581
1.921088 -2.858449 12.396544
1.751664 -0.347879 11.301304
0.602565 -3.482953 13.273629
1.751423 -3.168639 13.325127
1.550192 0.340161 6.983322
0.361990 -0.418655 12.511479
0.227642 -1.393623 12.862793
-0.113942 0.355708 7.524971
1.330348 -3.044468 13.259340
1.492167 -0.550402 5.332199
1.354093 -0.872609 15.352990
1.491101 -0.209893 10.769185
1.743859 -1.458850 20.060829
0.522283 -0.806802 15.326399
1.201125 -0.112009 10.749365
1.400396 -3.083938 13.281876
2.249896 -2.673334 15.967413
0.406913 -2.953435 8.550131
-0.145910 0.541220 6.128077
1.556564 -0.083231 10.420744
1.607126 0.261916 7.849235
0.707951 -0.764614 14.838499
1.584733 -0.360318 5.382456
2.003581 -3.220402 13.094324
-0.287425 -3.084926 10.474105
1.141455 -3.139724 13.599706
-0.433551 -2.462859 8.441127
2.053704 -1.642647 13.562331
2.330793 -1.428176 18.539354
1.444086 -1.519451 5.266870
1.307399 -3.050821 13.210568
1.071576 -1.727823 3.771393
1.202075 -0.112265 10.749135
1.631031 0.304451 7.651992
0.386612 -0.464735 12.954864
2.241689 -3.256838 17.287685
1.983965 -0.518379 12.828354
0.399556 0.583202 5.909362
2.323296 -2.807044 18.732582
1.249504 0.503013 6.277234
0.528893 0.262613 8.049577
0.938761 -2.967751 15.989672
1.405504 0.518251 6.007452
0.700861 0.188795 8.568271
0.645853 -2.024422 17.220020
1.459960 -1.643550 21.317371
0.092380 0.514443 6.013631
1.320745 -0.165474 9.846581
1.583091 -1.273169 13.682772
1.181537 -0.509761 13.126177
0.625661 -3.512046 17.984653
0.374162 -1.395067 11.540406
1.729325 -0.454915 12.631274
0.321504 -2.724554 12.712883
2.024055 -0.852684 13.239229
-0.050772 0.501667 6.155697
-0.077635 0.971777 3.176507
1.562150 -0.078053 10.449369
2.076586 -0.831275 14.829661
1.682996 0.019730 9.162457
-0.741424 -2.503443 10.436631
2.348237 -2.739497 16.228973
-0.389659 -2.638151 9.423642
2.147577 -0.610140 13.482477
-0.709868 -0.526720 10.236642
0.567185 0.564681 5.930914
0.745507 -1.253578 18.192625
1.050742 -0.136937 10.520216
1.009813 -2.199239 6.443367
0.637485 -3.518543 12.303775
0.765289 1.025243 3.036510
0.702997 -0.117681 10.619314
-0.707674 -0.381559 10.872007
0.955847 0.298794 7.688938
0.324101 -1.063210 12.650590
0.605929 0.249402 8.102053
0.793196 -0.411365 12.502516
0.735272 -3.767071 16.421192
1.845469 -0.144501 10.668537
1.479865 0.514192 5.942475
0.305465 1.002888 3.118939
-0.269622 0.600094 5.843983
1.964918 -0.498960 12.761889
1.540832 0.566774 3.522955
1.027501 -0.433554 12.612036
-0.915901 -1.402280 5.449704
1.668190 -0.866620 15.334248
1.506143 0.442607 6.356626
0.288535 -1.505375 12.077563
0.732193 -2.292061 18.745422
-0.443419 -2.484602 8.482121
0.708510 -1.363076 16.237797
1.546283 -2.695776 8.653358
1.058318 0.960944 3.104628
0.702161 0.372479 7.285747
1.257177 0.747569 2.994701
1.591592 0.599035 3.619659
0.446301 -0.991202 14.274421
0.703506 0.191013 8.569184
0.308692 -2.681759 12.938037
1.205981 -0.431255 12.617653
1.321984 0.896050 3.139434
0.707738 -3.940973 20.846584
0.424210 -1.686812 14.178561
-0.769939 -1.063151 9.921431
1.666061 -1.446145 11.309723
1.266840 -2.341183 10.669073
1.905284 -0.814906 14.996855
0.216186 -0.062528 10.685427
-1.008738 0.610182 5.782166
1.292267 -3.080493 13.131254
1.697486 -1.741692 3.721549
-0.262703 -2.799192 7.344635
1.138148 -3.107518 13.158102
0.243178 0.893656 4.379011
1.264886 -0.863540 14.502110
1.394234 -0.654608 4.053832
1.393464 -0.174477 4.236350
1.747583 -1.799917 3.813388
0.622726 0.055358 9.475944
1.183144 -2.639789 6.678895
0.359075 -0.898141 13.250298
0.738020 -1.920023 3.810098
1.333292 -2.320954 6.741682
1.167699 -2.986806 13.239637
1.729154 -1.770161 3.767047
2.083145 -0.579091 13.439692
-0.332396 -2.109334 4.144321
1.625161 -3.307135 13.270554
1.665852 -1.713880 3.652525
1.740995 -1.786038 3.780712
1.444023 0.587230 5.467031
1.483942 0.497833 4.542897
0.487064 -0.483879 13.060251
1.362476 0.654603 4.229706
0.134907 -3.765509 16.458952
0.538704 0.216455 8.474463
1.399998 -0.973797 3.688256
1.249299 -2.136025 6.620453
0.818084 -2.252065 6.652494
1.279336 -2.391878 10.177737
0.798224 -2.255852 7.096189
1.290177 -3.681278 20.850845
1.209418 -1.573093 13.652359
0.938350 -2.503772 11.373028
1.555262 -1.059839 17.050907
-0.686046 -0.952473 10.236975
-0.757920 -2.147174 5.134391
0.359276 -1.274871 13.405052
0.897837 -2.201384 7.149783
1.426054 -3.040844 13.320669
1.924677 -2.275847 14.857283
0.722921 -1.865640 3.719477
0.315033 -2.340011 8.316277
0.896917 -4.553603 20.292805
1.507828 0.616028 5.767613
1.312753 -0.845062 2.923141
2.209753 -3.424495 16.239933
0.377622 0.948246 3.415307
1.527455 -1.428526 5.189779
0.089924 -2.843510 13.535984
1.346468 0.890621 3.150455
-0.688870 -2.545621 11.115059
1.242965 -1.387759 18.979486
2.406116 -3.264654 16.047096
1.824579 -0.324563 11.902206
1.430876 -0.041632 3.852596
1.497748 0.493010 5.293377
0.223113 -2.848805 13.740788
1.346021 -1.860508 3.593525
0.613578 0.364050 7.364742
-0.626799 -0.392109 11.576191
0.365053 -1.630415 14.128405
1.403095 0.867536 3.505200
0.306710 -3.370526 13.203821
0.708799 -2.324126 19.307116
-0.108939 0.350142 7.514136
1.069126 -2.364987 6.746524
0.748832 -3.206040 14.734793
-0.325274 -1.905983 6.520933
1.353003 -0.320473 3.056063
1.356528 0.178110 3.201161
1.682596 0.028595 9.157076
1.014800 -2.359025 7.281446
2.331229 -1.140478 17.269098
1.369161 -0.026808 10.166113
1.473631 0.320204 7.446610
1.478656 0.383030 5.247498
1.766097 -0.009919 9.920098
1.070426 -2.410770 6.530999
0.334957 -0.935474 12.649439
0.662916 -4.050776 20.099756
1.374659 -0.042071 10.147617
1.340517 -2.329358 6.373855
0.816409 -0.839187 15.188498
1.425057 0.341098 7.498241
1.142285 -0.673996 17.653095
2.201303 -4.116210 18.814629
1.251410 1.011639 3.026989
2.606947 -2.938731 16.994743
1.064662 0.338038 7.421296
-0.746866 -1.603810 10.121305
0.643603 0.552604 6.051630
-0.540291 0.997198 3.284502
0.854598 1.007268 3.090770
2.437700 -3.646595 19.568697
0.737619 1.007607 3.050326
0.634086 -2.956608 12.691644
0.903926 0.925876 3.448244
-0.551612 0.923710 3.596856
1.856641 -3.489240 15.755088
1.359817 -2.693152 17.304926
1.960491 -0.495415 12.756719
1.307556 -0.589481 13.750392
-0.048233 0.324693 7.685502
-0.149180 0.948622 3.314704
-0.841694 -0.015955 10.980803
1.837685 -2.531813 9.534581
2.325572 -3.968425 18.354330
1.315117 0.864596 3.099818
1.355300 -0.615687 3.278773
0.611489 0.366245 7.364940
1.270203 -2.340846 6.608839
1.226787 0.282060 7.615129
2.620745 -4.081662 20.709602
0.849218 1.001698 3.075846
1.310549 -0.314547 2.989789
1.077513 -2.373361 6.748140
0.373444 0.941036 3.390977
1.378240 0.181210 3.235542
2.154780 -0.935457 15.252273
2.365664 -1.955373 20.678112
1.066800 -1.481824 19.914110
1.227132 0.282053 7.615235
1.476873 0.477181 5.256980
2.338755 -2.805873 18.754635
0.651456 0.548559 6.056027
0.310433 0.990093 3.091347
1.029759 0.945230 2.942914
1.499024 -0.951770 16.034586
-0.153962 0.617255 5.766138
2.604868 -4.072361 20.703466
1.687823 -3.338979 16.346733
0.621300 -0.012248 10.164845
0.361821 -0.629324 13.044516
1.595214 -1.436134 10.387738
1.687283 -3.736483 16.428980
0.950256 0.294340 7.779563
1.552867 0.188469 7.682471
-0.729128 -2.485285 10.368185
0.931176 -2.243072 7.238678
1.464040 0.584220 5.252468
0.764482 -3.893899 20.270197
0.308050 0.997333 3.102059
1.106811 -3.013418 13.342881
0.699476 -1.164189 15.296766
1.063793 -0.167782 10.931665
2.312780 -2.944031 18.688986
1.250745 0.499083 6.264801
0.307203 -1.184533 12.689562
1.612420 0.273807 7.674599
0.920487 -1.028809 16.688507
0.861823 0.296573 7.684471
1.815166 -4.064172 18.031372
1.612862 0.274582 7.659763
1.542700 -1.440029 5.209754
1.368416 0.906055 3.195623
0.217211 0.902511 3.692830
1.336616 -0.861034 2.959239
1.608678 -0.867612 15.443956
1.509888 -2.932220 13.533224
1.725965 -1.043578 16.290083
0.414568 -2.603899 9.810310
1.320263 -0.310322 3.011833
1.365716 -0.469704 3.292306
-0.297731 -3.118154 10.540491
2.311876 -3.896073 18.508331
-0.375400 0.981697 3.320515
1.427634 -1.508534 5.254968
1.254455 -2.208202 6.518444
1.200368 0.965959 3.052577
0.951018 0.295418 7.781024
1.516641 -0.292261 5.400389
-0.447720 0.972642 3.362370
1.416261 -0.036963 3.640464
0.786573 -0.263876 12.214531
1.541590 -2.388162 12.844698
1.181218 -2.958940 13.154360
1.411264 -0.597193 3.375461
1.494183 -2.623449 9.770913
0.541949 -2.386351 10.556229
0.962105 -1.256528 18.263233
1.336653 0.874611 3.144095
1.425641 -2.997595 13.259247
-0.567656 0.937875 3.639114
0.363573 0.969058 3.473425
1.366362 -0.884734 3.018191
0.622796 -3.294285 11.979211
0.389166 0.333753 7.613256
1.341469 -0.572459 3.243345
0.591905 0.994065 3.176296
0.326941 -2.714142 12.662086
1.739238 -3.084836 11.812034
1.130199 -3.079377 13.109427
-0.199269 -2.802352 9.852216
0.408086 -0.699755 14.266517
1.411210 -0.536090 3.280341
1.340855 -0.567444 3.250082
2.038822 -2.725265 14.811359
1.729963 -0.947076 15.993294
2.114717 -1.713250 15.137051
1.047155 0.925578 3.583759
1.472507 0.469859 5.251732
1.321394 -3.767289 17.756897
0.203836 0.323877 7.626038
0.590300 -2.033855 13.793785
0.559852 0.204718 8.592065
1.419013 -2.993148 13.240366
0.723991 -1.420651 17.945492
1.671216 -3.872061 13.972418
1.454647 -0.413665 5.403750
1.481128 -0.318284 4.492436
1.403827 -0.799192 4.161758
-0.969672 0.521870 6.329195
1.212979 0.310590 7.555933
0.233343 -2.810733 6.260689
1.617561 0.300801 7.569170
1.440766 0.519677 5.207294
2.006731 -1.024220 14.798214
-0.530165 0.607396 5.765507
1.397369 -0.755881 4.013015
1.404320 -1.928069 3.707983
0.774268 0.085265 8.386967
1.183478 0.289111 7.626287
0.317675 -2.335233 11.471471
-0.247171 -2.490803 6.640894
1.443719 0.523410 5.212063
2.127153 -0.837402 15.190711
0.783499 0.085877 8.477478
2.080142 -0.843950 14.973906
0.026944 0.517629 6.186664
1.330362 -0.296845 4.099472
1.495709 -2.620690 8.718914
0.211251 -2.959209 11.236430
-0.588461 0.677558 6.316027
1.426189 -2.100850 5.195030
1.798644 -3.884020 15.912857
1.516019 -0.318766 4.540257
1.450069 -2.550671 8.558179
2.289013 -2.498429 16.651278
1.369502 -2.067008 10.575324
2.100485 -0.779492 14.845051
-0.180311 -0.271934 6.152979
0.757492 1.752027 13.490175
-0.212315 -1.465917 6.017146
1.456565 -1.756909 5.355363
0.346215 -1.369729 12.179755
-1.129674 0.694441 6.329217
0.569540 0.542736 6.043419
2.037253 -3.305375 17.715975
-1.116842 0.686070 6.263222
-0.067087 0.230835 8.177556
1.309560 -0.619940 3.828743
2.140155 -3.358555 16.177904
-0.177399 0.570722 5.929539
0.236510 0.863122 3.835790
1.954383 -0.502944 12.744035
1.316459 -0.297744 2.998965
-0.698638 -1.074136 9.494357
1.507285 -0.937044 16.111492
-0.064494 0.975241 3.234186
0.906592 -3.287050 16.202387
0.276115 -0.393184 11.507905
0.801604 0.595574 6.148207
1.441909 -2.715982 9.645564
0.919823 1.011168 3.061840
-0.445662 0.969109 3.363143
2.071942 -2.939109 13.417626
0.989764 -2.699416 10.079551
0.355203 -0.956617 13.479940
1.442359 0.600100 5.348260
1.970291 -4.342134 19.981775
-0.738790 -0.409930 11.576810
0.406409 -1.350789 14.044839
1.543723 -2.791418 9.528526
1.405677 -0.497333 3.585238
1.417982 -3.062412 13.163254
0.566252 0.955712 3.229711
2.205781 -3.193100 15.195377
2.161370 -0.558975 13.345651
0.300717 0.981836 3.074747
0.266393 -1.453302 13.173704
1.576104 0.026936 8.437778
0.516932 0.916473 3.632804
0.328895 -3.150701 15.635613
-0.074840 0.239795 8.205613
1.381019 -2.338385 15.039523
0.799808 0.606036 6.174570
1.027124 0.961071 3.068325
2.367094 -4.558175 20.558371
1.389068 -1.801476 16.582207
2.133244 -0.743391 13.127152
2.358145 -1.391282 18.880602
0.793512 0.599472 6.159375
-0.337181 0.989551 3.321507
-0.334058 0.946698 3.409124
-0.153758 0.970975 3.360071
1.559436 0.601900 6.012099
2.021216 -3.129775 13.624758
0.448569 -0.784025 14.247074
1.827541 -0.264375 11.210679
1.539243 0.591273 5.934899
0.430254 0.966408 3.154315
2.405017 -2.012459 18.716919
1.098771 -3.195527 13.484908
1.060307 -2.921147 9.757692
0.316900 0.959416 3.217774
1.101668 -0.280104 11.561291
1.929642 -3.407896 12.657543
2.118698 -2.325135 12.916676
-0.286630 0.960722 3.335317
2.309897 -1.485495 19.053299
1.671764 -3.724780 15.851515
1.161183 -2.967155 13.214670
1.520956 -1.075712 5.308372
1.008533 -2.361236 6.691208
2.029877 -1.835316 18.371414
1.493683 -0.686699 5.344079
0.355267 -0.955075 13.479979
-0.341627 0.964773 3.446569
-0.443516 0.965397 3.349014
1.536764 0.580958 5.523982
1.941008 -0.609121 12.699069
0.438080 0.987746 3.195580
1.665836 0.069077 8.828899
0.234640 0.566551 5.914546
1.370847 0.178742 3.222095
1.998824 -1.598769 13.262186
1.438796 -2.541520 7.616910
-0.037387 0.972735 3.221182
-0.067638 0.599674 5.773699
1.823745 -0.010408 10.023319
1.024078 0.508272 6.077811
1.226442 -3.424385 16.299847
0.621847 0.914987 3.618180
-0.709452 -2.077889 10.188535
1.246218 -1.233456 18.087030
-0.455447 -2.701092 9.535060
1.455598 0.588399 5.524292
1.082555 -1.052573 16.434721
1.466154 0.569997 5.647363
0.571058 -1.782576 14.045544
2.164666 -0.781620 13.466555
0.539893 1.059311 3.623439
0.997427 0.871893 3.456947
1.995142 -3.441806 15.175701
0.748345 0.868014 3.480975
2.113527 -0.930215 15.209756
1.986482 -3.823168 18.391348
0.163018 1.383392 4.240884
1.203679 -2.764573 9.437605
2.160489 -0.781130 13.466947
2.092538 -0.836964 15.036706
0.692427 -0.812062 15.253158
0.140571 1.037829 3.567893
2.399169 -1.359015 18.842827
0.366157 -0.618961 13.641560
2.133900 -0.744857 13.127052
-0.265857 -1.888590 7.419712
1.420463 -1.691109 5.228220
1.208098 -2.645062 16.953972
-0.211048 -0.278418 7.495261
-0.740633 -2.007379 4.973156
1.134344 -2.603355 16.960455
1.340291 -2.208941 5.588964
-0.717358 -1.097033 10.629102
1.370623 0.661584 4.249525
1.382880 0.454364 4.267993
1.837032 -1.275763 15.082411
0.297137 -1.254108 12.562051
1.372157 -1.815784 4.026531
1.585487 0.304813 7.441218
0.231279 -2.796444 6.230906
0.544083 -0.465876 12.928060
0.311586 -2.488390 11.976555
1.413718 -0.801958 4.181241
0.663360 -1.758182 3.961224
1.373416 0.659875 4.279225
-0.286899 -2.827288 7.371494
0.486701 -2.805507 6.055593
1.162763 -2.217368 17.218029
-0.206593 -2.256027 6.008680
-0.232393 -1.453706 11.383266
1.392907 -0.182658 4.294112
1.576786 -2.143069 6.761138
0.228939 -0.378103 10.341504
0.749311 -1.987328 4.437801
0.332039 -1.208866 11.303730
1.356844 -1.664944 3.935035
-0.457717 -0.866570 8.034328
0.781278 -1.804346 4.001134
0.824561 0.077384 8.817822
1.535233 -0.116169 10.451703
-0.649975 -0.195660 9.635886
0.242106 0.854462 3.816708
0.343463 -0.795325 12.629173
0.781641 -2.806805 9.849416
1.337345 -0.725547 3.895147
1.335392 -0.930633 3.558247
0.473714 -0.898491 15.563135
0.319000 -2.723363 12.637715
-0.322484 0.244294 7.027845
-0.674820 -0.426404 11.263039
1.648191 0.224896 8.072199
1.313907 -1.652966 3.567833
0.653812 -1.141072 15.772158
0.970740 -2.225264 7.012029
1.411148 -3.111037 11.969354
-0.596211 0.937627 3.524902
1.232120 -0.824796 15.125262
-0.152955 0.967580 3.354727
1.479438 0.551702 5.809306
0.042250 0.941376 3.363624
0.571678 0.556426 6.070970
0.700662 -0.205678 11.272964
0.483204 -3.153779 14.901146
-0.146539 0.920433 3.386484
0.401270 -1.674885 13.996701
1.210205 -0.062337 10.236618
0.926439 1.018961 3.073312
0.274026 -3.246585 15.851894
2.074118 -1.529272 12.967626
2.176945 -0.888621 15.745048
-0.024406 -2.668520 13.441016
0.696094 -0.204226 11.273744
1.595633 0.218516 8.078279
0.137530 -2.847064 13.572092
1.411683 0.182341 8.256458
0.540427 -0.811768 15.232370
2.131628 -0.546613 13.161268
0.212676 0.981049 3.296963
1.428700 -3.108240 13.169406
0.240472 0.936688 3.355382
1.029430 -0.213605 11.250640
1.358500 -0.064498 10.193391
1.163400 -3.942816 17.523750
-0.205510 -1.481774 6.286598
0.487630 -3.152813 14.900824
0.375274 0.934044 3.382808
2.066481 -0.827695 15.160796
0.706792 0.170015 8.639992
2.073052 -3.345951 16.404516
1.380124 -0.744419 3.992471
1.681560 0.147975 8.509727
1.442488 0.805067 3.973063
1.803309 -0.194975 10.940770
1.002834 -2.131591 6.716507
1.371487 -0.586121 3.896030
1.537331 -0.113904 10.451661
1.453237 0.619640 5.324386
1.650924 0.168157 8.320601
-0.151927 0.951674 3.452990
1.687718 0.163378 8.496490
0.202974 -0.109941 10.715994
1.787450 -3.286831 13.229650
1.879750 -3.398800 13.799011
1.183772 -0.143770 10.790069
1.586797 0.162469 8.009379
-0.190475 -0.777264 6.453818
2.157355 -0.660999 13.803888
-0.076398 0.247332 8.220515
0.598920 -0.091764 10.532533
0.207247 0.956147 3.247181
1.253003 -0.085978 10.360615
0.772601 -0.208980 11.291170
0.239018 0.923006 3.321890
1.471570 0.375579 6.399000
1.861764 -1.488127 16.104322
1.340500 -0.043926 3.673113
1.317895 -0.720888 3.771477
1.529898 0.932819 3.755549
1.373145 -3.025924 13.169199
0.522688 -3.980325 19.104656
0.992165 0.992033 3.226283
1.156296 -2.949348 13.177899
0.196009 -0.107151 10.716285
1.542783 -0.104610 10.477240
1.100900 0.992636 3.172181
1.343643 -0.135614 10.691845
1.789476 -0.096786 10.171794
1.642124 0.203320 8.132730
0.567432 0.956269 3.230269
1.295607 -0.503550 3.276106
1.182572 -0.145354 10.791057
1.602985 -3.259616 13.194630
0.209288 0.966938 3.268162
1.157553 -0.073337 10.362632
0.138550 0.996863 3.309211
0.770989 0.905378 3.563032
1.071498 -2.417385 6.611456
1.359022 -0.670315 3.982945
1.640599 -3.616237 15.744672
1.310811 -0.916055 3.523713
0.344639 0.284456 7.785952
1.390783 0.909895 3.793312
1.568227 0.270341 7.409203
1.536633 0.425236 6.213282
1.804814 -3.443198 13.581156
-0.024807 0.914086 3.394939
1.038758 -0.217344 11.217626
0.755374 1.005362 3.118720
1.034656 0.526706 6.107507
1.172887 -2.481922 16.102022
0.208287 0.939974 3.425331
0.760861 0.891579 3.531284
0.138428 -2.812138 9.834711
1.112688 0.162068 8.609314
0.036093 0.330333 7.387113
0.324131 -1.774692 12.316202
1.794908 -0.127276 10.353487
0.206493 0.964545 3.266935
1.070214 0.309226 7.671631
2.284547 -1.972683 20.168541
1.066074 -2.412896 6.617462
2.143685 -3.467043 18.448936
1.373126 0.661361 5.382134
1.752684 -0.069420 10.182481
0.032961 0.332120 7.389430
-0.481393 0.944676 3.387526
1.346014 -0.434834 3.505095
1.646619 -3.234751 15.889071
1.131400 -3.061024 13.116824
1.266276 -2.784720 9.720609
1.001560 -2.742260 9.610881
0.918841 0.948456 3.496410
2.215294 -0.628262 13.925572
1.726036 -0.136253 10.011660
1.628895 0.212811 8.022555
1.178824 -0.146508 10.792041
1.380250 0.150458 8.169208
0.429253 0.867016 3.840039
0.318841 -1.408998 12.435192
1.378650 -0.453838 3.542688
-0.267678 -0.298331 9.106070
0.277453 -3.249763 15.854697
0.804092 -1.749198 18.902367
1.412310 -2.085842 5.145634
1.397457 -0.211695 4.317078
1.424930 -1.939836 4.671023
0.577979 -1.992520 5.574746
0.658602 -3.084031 13.150111
-0.530092 0.609766 5.825786
-0.271938 -2.098089 8.053618
1.292811 -2.257771 6.890264
0.869278 0.487905 7.859682
2.124644 -0.543704 13.122364
1.470254 -1.734540 5.409297
1.395318 -0.137998 4.272694
2.014151 -3.047841 12.855399
0.627747 -1.941105 5.668741
-0.281912 -2.549819 6.875122
1.888696 -0.532008 13.142860
-0.772301 -2.156232 5.178514
1.736896 -2.493620 9.787210
1.459547 -2.436723 6.752058
0.599855 -0.101295 10.521044
0.765639 0.900535 3.551511
0.610464 0.893428 3.567734
1.363217 -1.219033 3.996867
1.074307 -2.666393 10.025586
-0.272114 -1.808307 6.400605
1.137308 -0.085394 10.315144
0.571610 0.555019 6.065828
1.912688 -2.023427 12.420095
1.116106 -3.812862 16.653421
1.869903 -0.238572 11.204181
1.375083 0.659963 4.256843
1.961759 -0.980694 14.418869
-0.142010 0.918150 3.384587
1.651131 0.104396 8.530374
1.310173 -0.709415 3.779922
0.325331 -0.925819 12.696072
1.397236 -1.038879 4.079490
-0.272313 -1.810706 6.401827
1.363359 -1.904555 3.984175
1.470188 -2.682455 10.035442
2.192415 -1.078099 15.986201
2.170037 -2.563978 16.199028
-0.705221 -0.371270 10.832792
0.399385 -3.728363 16.335266
1.011791 1.015022 3.277126
0.905121 0.930781 3.454467
1.610937 0.280735 7.627054
1.432319 -1.173269 17.012688
0.797812 -3.494453 15.877717
0.868289 0.147515 8.678190
-0.500263 0.807373 4.324544
0.414151 -1.623676 13.480673
-0.597008 -2.968463 10.505861
1.405947 -1.269644 4.100022
2.255888 -1.151725 16.730370
1.374665 -0.026702 3.642218
0.354548 -0.507875 12.412724
1.290851 -2.441854 6.557823
2.082187 -3.998724 19.077152
2.306095 -1.006245 16.244524
1.543337 0.473113 6.450286
1.265277 -0.118316 10.536955
-0.506571 0.812859 4.344752
0.994057 0.003320 9.685588
1.260218 -2.146634 6.587385
1.647038 -3.015259 10.815547
2.203789 -1.061372 16.109945
0.707994 -1.234005 17.793900
1.652872 0.140353 8.440896
1.616275 0.272121 7.703858
0.735741 0.915157 3.351930
0.815074 -2.501142 8.597340
0.610998 0.933952 3.436342
1.638450 0.091208 8.575817
2.357795 -3.094899 16.223940
1.478496 0.584617 5.697897
1.878424 -0.303265 11.703769
1.585392 0.436055 6.378454
0.434997 -0.111324 10.633963
1.376316 -1.232016 4.021526
0.906475 0.930716 3.454608
-0.695562 -2.910986 11.141633
1.586734 0.158023 8.018436
1.843722 -0.258447 11.350474
1.402477 -0.035692 3.600503
1.404849 -1.236790 4.076654
1.421027 -0.035951 3.634764
0.200958 -0.112179 10.692575
1.347479 -1.202717 3.949814
1.252831 -1.337893 17.803604
1.959201 -3.365621 16.193308
1.947550 -0.671674 12.769955
1.365327 -0.765998 3.907841
1.135836 -3.829485 19.799814
0.347835 0.899155 3.797077
0.301579 -0.339394 11.560642
1.624121 0.138367 8.254679
1.339302 -0.618830 4.002151
1.476857 0.473259 6.117402
1.798269 -0.100749 10.236475
0.328119 -1.459353 12.395871
0.567864 0.100811 8.958747
0.859366 -2.286330 7.215739
1.533324 -2.560175 7.213449
1.612315 0.201512 7.962490
0.110306 -2.601528 7.533556
0.225735 0.790542 4.662363
0.732117 -1.589571 16.607870
-0.911965 0.737586 4.923903
1.639881 0.224656 8.032305
0.167318 -2.174362 6.763712
-0.239561 -1.798248 7.081235
1.263827 -2.146518 4.957644
0.183783 -2.627707 8.062540
-0.246859 -1.941387 6.101128
0.347805 -2.895534 13.852631
-0.694068 -0.188128 9.855347
0.917316 -1.966820 5.744438
0.466154 0.292037 7.584359
1.491467 0.421858 5.061946
0.343532 0.188442 8.496959
0.852447 0.454736 7.632837
0.817539 0.074089 8.889263
1.083469 -3.139098 13.166401
1.018977 -2.280975 5.795005
1.432382 0.456145 5.444456
0.356958 0.634840 6.440514
0.551061 0.202627 8.495773
0.488754 -2.798817 6.046191
0.388003 0.695110 6.881209
0.988914 -2.676121 9.123530
0.627475 -2.729431 15.089890
1.445748 0.459876 5.500112
1.223989 0.820476 11.185937
0.478895 -0.771535 11.680167
0.746335 -2.403527 8.305460
-0.898965 -2.257022 5.275479
1.008045 -2.139078 6.728523
0.239812 0.792536 4.661434
1.779586 -1.982018 7.707167
0.976389 -2.197821 5.624187
0.756916 -2.555543 8.778657
0.384209 1.526221 7.632143
1.485283 -2.463806 6.632039
0.478188 -0.763190 14.332046
0.316208 -1.397445 11.804627
0.915590 -1.958219 5.728637
0.610064 0.788453 4.603360
1.874090 -2.776588 14.567394
2.502297 -3.338780 16.095087
1.038009 -2.481681 6.616052
1.463372 -1.996097 4.774605
2.445146 -3.666064 15.676327
1.779045 -1.773136 14.353999
-0.245124 -2.624948 6.954376
1.716667 0.124913 8.425603
1.202808 -2.081854 4.502483
1.469644 0.485534 5.542283
1.436041 -3.408710 14.552176
1.432544 -2.481455 8.287584
2.024867 -3.177420 14.567026
0.442952 -2.533330 5.560670
1.344762 -2.320223 6.613669
2.141428 -0.584341 13.347211
0.587908 -2.431611 11.149686
-0.615837 0.447634 5.504730
1.467517 -2.605604 8.776719
0.864244 0.157402 8.702892
1.675140 -2.133519 8.637987
1.611631 0.106428 8.574040
1.650708 -3.630545 15.789922
1.161366 -3.761398 17.171442
0.762344 -3.864556 16.147833
1.470645 -0.191601 10.997839
-0.190493 0.498586 6.471696
1.444041 0.828537 4.395792
0.696940 -0.824742 15.225682
1.090150 -2.884611 12.988888
1.869295 -3.572871 14.960075
0.897080 -2.659675 7.911796
2.150107 -2.582747 15.220194
0.391582 -2.913803 8.409260
1.339248 -0.171009 10.830142
1.466141 0.534350 5.993566
1.820986 -0.196132 10.881125
1.824851 -0.200035 10.874409
0.997547 -4.131514 18.955118
0.370083 -1.507952 13.031377
0.943934 -0.094990 10.426737
0.520291 -0.907676 15.311748
1.956771 -3.570964 15.574036
0.017305 0.536024 6.209161
0.216680 0.908110 3.712668
0.348568 -2.363362 8.742594
1.348276 -0.133846 10.603832
1.014480 -3.930832 18.873789
1.964993 -3.344082 13.519945
1.366763 0.765271 3.827088
0.316050 -1.536337 13.599479
1.609539 -3.573892 12.944968
2.274867 -3.490868 17.428799
1.159706 -0.932899 15.984957
-0.003150 0.488216 6.412577
0.003554 0.484017 6.415058
2.271267 -3.224561 15.922980
0.771445 -0.211674 11.280602
1.683866 -2.403939 9.548985
2.302491 -3.069605 16.076616
1.691970 -0.138630 9.822556
1.792908 -0.349584 11.495605
1.514593 0.431156 6.479177
0.329612 -1.432445 12.512842
0.410632 -2.571926 9.707924
-0.103102 0.532942 6.238836
0.398144 -1.689442 14.319388
-0.095832 0.515006 6.213341
1.339340 -0.743116 3.828871
0.915659 -2.384728 8.727786
2.258897 -1.007579 16.330116
0.331140 -1.272666 12.588141
-0.052813 0.919402 3.393082
1.352834 -0.175076 4.112636
1.914984 -1.484887 12.135890
1.363896 0.503031 6.194136
0.790803 0.523206 5.989202
1.813113 -0.153061 10.500974
1.349492 -0.135164 10.603596
0.494981 -2.969221 14.866324
1.190586 -3.908193 16.423130
2.189710 -3.086783 16.284355
2.171421 -0.612222 13.615929
-0.434084 0.929770 3.422004
1.859833 -3.327710 13.380142
1.051377 -1.804625 3.970566
-1.068607 0.731481 5.156631
2.209882 -2.617965 16.434381
-0.160857 0.516783 6.239915
0.598026 -0.097421 10.508948
1.754840 -0.059506 9.846753
2.360566 -1.570971 19.145800
1.097727 0.462687 6.557127
1.492676 0.542141 5.919137
1.149782 -0.086771 10.333715
1.221759 0.125157 9.768152
1.907708 -3.772598 17.704596
0.211074 0.896729 3.685920
0.692218 -0.080983 10.417244
1.371622 -0.781999 4.065444
1.400827 -0.178247 4.212090
2.064229 -3.121984 13.602464
1.658222 -2.365916 9.464361
0.210207 0.560876 6.003933
0.512626 0.980262 3.525584
0.347320 -3.269484 12.958723
1.387716 0.466626 4.270497
1.381965 -0.174987 4.168569
1.497824 0.106133 5.080491
2.386244 -2.298548 18.631994
1.367310 -0.181918 4.220146
1.595804 0.172801 7.522451
1.072402 -2.077674 17.135187
1.357380 -0.301047 4.189396
-0.152732 -1.277904 10.199711
0.873441 0.460394 7.768841
-0.554688 0.932457 3.610404
-0.204091 0.643317 5.439100
1.158711 0.126412 8.747396
2.003775 -3.259705 16.112820
1.448634 -3.045323 13.346129
-0.215474 -2.390292 6.849594
0.887320 0.904723 3.407045
-1.010956 -2.050873 5.015588
0.686151 -2.769666 17.704794
1.949538 -1.239859 15.758002
1.604928 0.274676 7.624768
1.509624 -3.537360 14.965280
1.387066 -1.837357 4.038121
2.051398 -1.006552 15.042418
0.882463 -2.167195 12.472303
1.591482 0.239223 7.817590
0.350799 0.606992 6.264904
0.348742 -1.084142 13.333113
0.344831 0.784012 4.477847
0.569303 0.549520 6.046446
1.992634 -2.653823 11.463602
1.316225 0.804361 4.168100
-0.105798 -2.864575 8.020109
0.704920 -2.055529 17.855091
-0.488206 -2.547581 8.625237
1.756293 -3.263595 14.631262
1.305403 -1.149564 3.873173
2.107452 -0.854125 15.139701
0.294947 0.564850 5.994479
0.422215 -1.179763 13.908388
1.356812 -0.740572 3.928430
0.755372 -2.347150 8.047425
1.232399 0.290374 7.628408
2.083563 -0.798572 14.304699
2.090360 -2.898729 13.472222
1.082274 -2.523465 7.600711
1.380727 -0.175134 10.781999
2.312750 -3.319355 18.913223
1.088484 -0.821658 15.302317
0.515419 0.939663 3.469671
-0.151518 -2.979905 8.341574
0.817814 -2.167603 4.559180
1.482447 -1.734840 5.830884
0.740158 -2.556611 9.343876
0.886618 -0.806895 15.157597
2.142402 -1.033539 15.242219
0.412619 0.429823 6.811487
1.996551 -1.601535 13.262144
0.799614 0.546515 6.032878
1.040520 -2.533925 8.125082
0.813772 -2.522446 8.584840
0.569063 0.890418 3.885457
0.338032 0.580177 6.059441
0.344195 0.288011 7.796660
1.340488 -1.299112 19.652592
1.874830 -2.232418 12.007927
0.515891 -1.223868 15.282125
0.497121 -2.819430 6.085960
2.023496 -3.731157 15.851750
-0.739099 -1.472507 10.129423
1.308111 -1.158186 3.877860
1.372586 -2.346132 6.647515
-0.545812 -2.812823 9.146400
1.627939 0.189745 8.041132
0.945882 0.287147 7.763320
2.057655 -3.198350 16.171715
1.119314 -0.815141 15.216084
2.032022 -3.204954 13.525797
0.521760 -1.230849 15.260226
1.422483 -4.284819 19.134256
1.797278 -3.512480 14.549539
2.326975 -3.540136 17.631533
1.848801 -2.235976 11.975410
1.311724 -1.162896 3.888132
1.462324 -1.732130 5.374879
-0.074428 0.244636 8.206851
0.935639 0.917064 3.554948
1.416014 -0.804219 15.129901
2.101913 -2.717843 13.525530
0.723918 -1.427282 17.940489
-0.755930 -1.105616 9.850760
1.787207 -0.186438 10.771206
-0.749679 -1.105163 9.811352
1.042526 0.901401 3.542531
0.816787 -4.094073 16.857233
0.637613 -3.130623 13.323189
0.881179 -2.151758 13.661262
0.788464 -0.327325 11.881085
0.452867 -0.657706 14.415147
0.757444 0.266206 7.904274
0.871008 0.132960 8.747231
0.731843 -0.111121 10.819209
1.491616 -2.572835 9.689447
1.438456 -0.829941 15.247319
0.559315 -3.768654 12.819990
-0.343597 0.360376 7.105310
0.595289 0.946934 3.391490
0.809554 -0.088110 10.446362
-0.670724 -0.444321 11.164269
-0.722905 -1.071276 10.643101
0.350126 -1.153464 13.426764
2.078602 -2.181122 13.525179
0.527882 -1.444371 15.185183
0.968490 -0.496632 13.056731
-0.372344 0.396779 7.230810
1.541319 0.471449 6.431502
2.033472 -3.067884 13.332465
1.080903 0.438068 6.489406
1.885270 -0.536427 13.130581
1.152144 0.135479 8.776908
2.072358 -0.584204 13.406242
0.776346 0.920203 3.582941
1.299500 -2.989252 13.180064
2.162227 -0.594148 13.503513
1.343462 -0.611207 4.021034
1.249146 -0.097907 10.403818
1.583864 0.266060 7.532167
1.354617 0.818067 3.935587
0.534190 -0.553249 13.571630
0.427041 -2.637954 9.923775
1.361418 -0.679484 3.977071
1.369225 -0.782560 4.063362
0.968015 -2.172035 5.528522
1.337558 -3.002505 10.812303
0.933443 -0.503106 13.109965
0.331418 0.924286 3.533107
-0.970121 -2.044149 5.676743
1.295498 -2.980208 13.270632
0.348563 -1.279299 13.268950
0.053315 0.940741 3.458465
1.342796 0.842111 3.999039
1.118762 -2.704669 10.067671
0.345073 -1.186982 13.251654
0.516859 0.938348 3.467563
-0.232175 -1.948012 6.027479
0.025331 -2.848290 7.822635
1.352911 -0.632850 3.959727
0.935177 -0.504402 13.109816
1.743830 -3.363615 15.291595
-0.258554 -3.096976 7.267515
0.343852 0.289751 7.793367
0.239001 -2.509054 6.980335
1.298877 -3.033352 13.167381
0.391720 -0.716389 13.658387
2.144069 -3.534767 16.196684
1.261156 0.143958 9.999496
0.746785 -2.560903 9.362803
2.022014 -3.213119 13.304596
1.403327 -3.195135 13.695034
0.476594 -1.961915 10.948408
1.519799 -1.248923 5.317698
0.359812 -0.864263 13.247151
-0.992691 -2.021599 4.965659
2.022277 -3.240230 13.227600
1.114040 -2.653270 16.748363
-0.125948 -2.822664 13.828188
-0.160187 -1.311032 10.193630
1.446751 -2.496496 8.306441
0.598285 0.144854 8.739426
1.426257 0.699444 4.391422
-0.744465 -2.499601 10.408870
0.561301 0.870484 3.832896
2.035832 -1.498909 17.132309
-0.933111 -2.330551 5.443635
0.701687 -0.229515 10.932527
-0.169242 -3.031974 8.458227
1.519086 0.630244 5.158900
0.341912 0.187844 8.503331
-1.015967 0.614569 5.791171
1.867647 -0.804129 14.982738
1.538993 -2.652701 7.746663
0.380290 -0.668846 13.836419
1.424277 0.586566 5.720335
0.338597 -0.843731 12.881733
1.533878 0.291965 7.231482
1.035891 0.911412 3.537727
1.547641 -0.797714 15.085420
0.075168 -2.738197 12.987543
0.838532 -2.519846 11.290160
1.266537 -2.239624 6.829808
0.524211 -2.526882 10.876363
1.419772 -1.896173 16.067675
1.752961 -3.602753 20.665886
1.643873 -3.009726 12.800364
0.057871 0.813790 4.252330
0.128637 -2.851887 9.899032
-0.321949 -0.324088 9.054963
1.489444 -3.177654 20.417162
1.087583 -0.177555 10.786840
1.399358 -3.536661 14.086686
0.633937 -2.704531 14.390160
1.479184 -3.270089 13.669791
0.248217 0.926123 3.393330
1.580354 -3.097601 16.653727
1.278040 -2.949824 13.231621
0.211502 -2.930983 11.156551
1.821923 -1.653978 11.944431
0.387528 -1.365149 13.749766
-1.017694 -1.577650 5.993289
1.009973 0.005392 9.732721
0.059604 0.808669 4.236372
-0.222834 -2.498559 5.926383
2.194454 -3.682769 17.980312
0.836160 -0.851254 15.318163
2.451743 -2.824746 16.269608
0.542179 0.822971 3.734121
0.322190 0.929317 3.407900
1.278275 -2.807888 9.851695
0.335279 -0.807428 12.747051
0.335781 -0.801092 12.749702
1.449328 -1.044151 12.078727
1.781909 -1.877598 11.618880
0.931431 -2.427894 8.286613
2.326686 -3.800703 15.743681
0.883683 -2.441942 11.003388
0.163201 0.884556 3.652823
-0.205533 0.650629 5.472541
0.768092 0.904769 3.556246
1.309465 -1.548954 3.830255
1.376413 -1.645883 5.102641
0.198482 -1.723164 13.956173
0.200730 -2.892048 11.033336
0.900066 -2.071347 4.503815
0.569363 0.681230 6.953166
1.703725 0.185253 8.540832
1.877830 -2.096692 12.045397
1.067370 -1.862129 17.206390
-0.286714 -2.591045 6.953014
1.406236 -2.065342 5.124192
0.230857 -2.823511 6.278366
1.361848 -0.623520 4.060965
0.802133 0.574566 5.821224
1.461115 -2.489215 7.288873
0.244269 -2.652803 11.519760
1.448688 0.031514 9.143227
0.718769 0.553637 6.156122
1.771964 -0.097554 10.175982
0.551155 0.604102 9.375866
0.756479 0.136498 8.809236
-0.238792 -2.631203 6.141524
0.912900 -2.003919 5.839211
0.371761 0.639835 6.481389
1.683806 0.129489 8.695953
0.309388 1.083755 5.926526
0.964525 0.136078 8.736884
0.717412 -3.588841 18.598196
2.498059 -4.308089 10.988414
0.778140 0.918193 3.586830
0.717308 -2.746153 15.520070
2.021501 -2.867286 11.266192
1.158382 -0.465443 12.513530
1.735196 -3.293921 15.013552
-0.440356 0.560435 5.527414
1.480103 -1.998034 4.522078
-0.208919 0.622468 5.609212
1.348436 -1.792853 15.406347
1.733472 -1.807834 11.434080
-0.129573 -2.834201 13.855604
0.717697 -1.954087 5.692829
1.768165 -2.567447 9.881819
1.461099 -2.468331 7.215604
1.077836 -2.772057 10.949016
1.705841 -3.589754 14.634650
1.891670 -2.930766 12.880759
2.176002 -0.656604 13.847802
0.494363 -2.786893 6.035530
0.251802 -2.611878 7.234346
1.489682 -1.660567 5.199136
1.199081 -2.083638 4.772224
1.658420 0.195816 8.195647
-0.266816 -1.722681 7.835144
-0.762501 0.569967 5.731992
0.741468 -2.040323 5.953793
0.338166 -0.839866 12.881848
1.357574 -1.915338 4.777480
0.364343 -1.517048 15.087811
0.577329 -2.405421 11.171277
1.076414 -2.403570 6.663763
-0.531143 0.606607 5.759890
0.873099 0.145232 8.776729
2.094811 -0.812194 14.961290
1.836024 -3.688742 19.981096
1.452531 -2.447830 6.909805
0.248604 -2.659597 7.351701
0.916101 -2.486951 8.875882
0.328331 1.196591 6.480695
0.843898 -0.838686 15.317899
1.231253 -1.057586 18.024307
-0.974389 -2.390748 5.604470
-1.015377 0.616468 5.801329
0.246577 -2.648405 11.474230
1.345436 -2.972786 16.772480
0.133445 -1.665363 13.768284
-0.982371 0.562867 5.995429
0.432780 -0.748937 13.839955
1.862844 -0.583130 12.546023
0.539145 -0.938537 10.750361
2.077044 -3.963037 17.061270
2.554649 -3.963326 20.005878
2.134348 -1.079901 15.637162
2.189008 -2.451887 16.378231
1.266812 0.455694 6.299557
1.265009 0.454710 6.298173
0.554214 0.527593 6.205437
2.007268 -2.602138 17.094154
1.893042 -3.374371 19.722649
1.149017 -0.380918 12.397835
2.619642 -0.914345 17.991928
0.574600 0.552896 6.060963
0.907503 0.509865 5.998032
1.887530 -0.290241 11.707447
2.378830 -4.366336 18.514320
1.266225 -0.517541 13.790300
1.400631 0.518646 6.013077
0.463378 -3.108404 13.923459
1.814019 -0.139591 10.471707
0.886153 -0.801091 15.169315
2.266695 -2.682431 16.012569
0.555550 -0.842273 15.170125
0.881123 -0.800100 15.174603
1.396115 -3.334404 12.129916
1.833371 -0.209119 11.036329
1.225609 0.460938 6.583738
2.331590 -1.573749 19.008442
2.095953 -0.815293 14.962778
1.665638 -3.308761 15.889615
1.199478 -2.614879 9.388225
2.015176 -3.248726 13.165963
1.067727 -2.363008 6.690325
-0.282521 0.259453 6.756574
2.147584 -0.964312 15.260948
0.454700 -2.919499 8.493437
-0.543337 -2.485873 7.726988
1.416889 -0.807595 15.128942
1.009807 -2.576424 7.918311
1.983577 -1.858413 12.687111
-0.468255 -2.257160 7.349622
1.143629 -0.386275 12.399080
1.890383 -3.517730 15.821281
0.898167 -2.364425 8.588105
-0.831037 -2.653133 9.623008
1.504890 0.436323 6.359236
-0.753272 -1.005632 9.879822
0.090710 -0.226669 11.589193
0.528305 -1.445352 15.179511
1.179494 -2.746264 9.695107
1.491808 0.560449 5.814261
1.697853 -3.222260 12.490850
0.930224 0.371810 14.718364
0.765258 0.533113 6.161551
1.626189 -2.938013 12.239297
1.348319 -2.318620 6.622759
0.516173 -0.896650 15.342816
1.258223 -0.872770 15.118132
1.669451 -0.866016 15.492060
1.546482 -0.838412 15.414825
0.615054 -1.149250 16.757488
0.808558 0.583475 5.836645
1.415389 -0.811700 15.122929
0.294969 0.559502 5.982138
1.947484 -0.374717 12.202024
2.372847 -1.392961 18.671169
-0.154338 -1.223556 5.817299
1.577539 0.407884 6.493956
2.434122 -3.784483 15.144192
-0.147927 0.511311 6.156324
1.549730 -4.497532 17.289015
1.662997 -3.664091 15.853219
0.720666 -4.204237 18.204433
2.009948 -0.480699 12.882320
1.745191 -3.745578 17.198870
1.082088 0.445266 6.493833
0.223642 -2.282398 11.385458
1.391767 -3.661958 15.807642
0.554233 0.523661 6.199072
1.731384 -0.381722 11.731239
-0.728251 -0.052724 10.351576
-0.741954 -0.988094 9.805059
2.396457 -2.286880 18.618393
1.454260 0.504411 6.076437
1.770500 -3.767951 15.357837
1.626367 -3.663853 15.855146
1.534152 -0.851451 15.384707
-0.156243 0.510325 6.239820
1.671523 0.159686 8.450418
0.772691 0.525344 6.158204
1.753498 -3.380750 13.095248
2.040400 -3.728210 15.828731
1.821880 -0.158223 10.667994
0.900347 -0.984579 16.457121
0.826893 -0.286666 12.763858
1.086186 -0.831391 15.357163
0.976877 0.082101 9.463578
-0.235968 -0.819115 6.884211
1.376596 0.294212 7.312719
0.791809 -3.500472 15.896638
1.158948 -0.931230 15.983995
-0.752553 -1.015345 9.797094
-0.308680 -0.135001 6.768726
0.427846 -3.092751 8.837521
1.036948 -2.032249 16.811539
1.828485 -0.170007 10.718634
2.464088 -1.060365 16.007195
2.025246 -0.822740 15.041945
1.419231 0.531279 6.038331
2.206802 -1.002887 15.862719
1.282538 -2.379589 6.728161
1.557908 0.310007 7.208021
2.177013 -3.661697 15.891410
1.552699 0.482126 6.489342
0.276264 -0.557338 11.619995
0.036579 0.332389 7.391670
2.171941 -0.915098 15.310767
2.245990 -0.942453 15.748069
1.348286 -0.133600 10.590952
1.616571 -3.511003 15.958508
0.983571 -0.136894 10.606859
-0.224739 -1.441290 11.285903
1.347475 -0.136923 10.591006
1.324966 -0.869773 15.535164
1.802176 -0.168521 10.627748
0.546094 -0.822607 15.173540
0.309741 -2.457814 12.102364
1.436265 -3.645622 15.843912
2.060851 -0.720249 14.255226
1.791587 -0.180262 10.770861
0.253705 -0.138231 10.812247
0.625580 0.025717 9.313568
-0.695494 -0.375392 10.750422
-0.241768 -2.802794 7.705074
1.334412 -0.142237 10.658474
1.517971 -0.158507 10.664536
1.579011 0.319650 7.271756
0.772273 -3.584706 16.087971
0.796486 -2.851396 14.132863
1.188792 -3.586239 14.631317
0.234085 -2.282093 11.346596
0.309275 -2.344870 8.318156
1.838387 -0.247915 11.157090
1.481156 -2.303320 12.405573
0.357494 -0.587581 12.594467
2.011216 -0.914569 15.703962
0.275543 -0.556578 11.620208
-0.433129 -2.466213 8.453239
1.066607 -2.340425 6.652831
2.131388 -0.927063 15.189921
0.626623 -2.250609 7.000416
0.616970 -2.217090 6.891830
1.157377 -0.935466 15.991332
1.426868 0.503568 6.226706
1.197163 -0.936781 14.622197
1.198806 0.433566 6.511753
0.605226 0.272388 9.235464
0.662139 -2.487154 7.440872
1.626505 -3.675393 15.860038
0.231736 -2.299586 11.396762
0.375868 -3.230847 12.918429
0.364580 -1.449563 13.726609
1.118711 -0.835690 15.390224
1.441079 0.362699 6.342049
1.914429 -1.611860 12.131732
1.537184 0.352987 6.456938
0.347186 -0.594000 13.423286
1.415434 -3.783461 16.024925
0.173063 -3.495760 15.992970
0.484183 0.502598 6.379427
1.761336 -3.322722 13.366566
0.410195 0.529323 6.217833
1.624650 -0.154224 10.571296
0.693967 -0.811292 15.250190
1.741848 0.273532 8.341042
1.813260 -0.348844 11.506244
1.417326 -0.806564 15.128063
0.606512 -2.794957 14.872247
1.182807 -2.228492 14.388149
0.783552 0.523021 6.205427
0.561101 -0.166705 10.889870
1.650065 0.100780 8.536325
-0.717597 -0.983202 9.661178
-0.720892 -0.165620 10.216614
1.536189 0.486246 6.391381
0.234596 -2.692048 11.735177
0.705373 -2.702067 7.882235
-0.247842 -2.828503 7.750449
1.833862 -0.245861 11.243028
0.325244 -1.536785 11.782654
1.834150 -0.245718 11.242961
-0.715397 -0.174493 10.134336
2.327173 -0.755661 14.027602
1.573264 -1.301368 18.356195
1.829918 -0.262799 11.321956
0.032059 0.325087 7.367585
1.096250 -0.266361 11.437382
1.624619 0.264612 7.827698
1.502289 -1.795089 5.989165
1.522480 0.495150 6.244812
-0.734921 -1.148766 9.797832
0.385415 -1.496189 12.272941
1.883141 -3.507808 15.865714
1.564768 0.415934 6.807256
2.169022 -2.780971 16.049082
1.879526 -0.288537 11.445891
2.159852 -2.776437 16.029766
1.373434 -2.368760 6.589882
2.464919 -1.064161 16.000444
1.315019 -2.430725 6.741016
1.890617 -0.293562 11.499347
1.800335 -4.117976 18.899666
1.737115 -3.440175 18.222160
1.016608 -2.348275 7.093694
0.156119 -2.226460 6.879564
1.647707 -3.281820 13.090168
0.885099 -3.663364 13.600863
-0.143151 0.561094 6.014266
2.505596 -1.172950 15.920681
1.439095 -2.548042 7.773270
0.332370 -1.519526 11.717597
-0.166415 -0.280750 6.079154
0.976896 0.048922 9.307388
1.612986 -2.311535 9.209009
1.008255 -3.951963 18.943766
0.899172 -2.160878 6.815360
1.469148 -3.269684 13.231687
-0.745951 -1.556281 10.124708
1.569292 0.486352 6.526011
1.540952 -0.177650 10.801744
1.258203 -2.325257 6.585330
1.057341 -2.967962 17.114902
1.545045 -0.106739 10.471681
2.280257 -2.689970 16.049643
0.342824 -1.340837 12.537950
-0.176179 -0.271615 6.139871
1.472139 -2.332362 6.599325
1.640940 -2.526233 13.623119
1.171748 -0.152670 10.751676
0.641041 -2.164306 6.778666
1.091614 -2.533054 7.502732
1.656108 -3.764291 16.442921
0.613724 0.309386 9.395937
1.014199 -2.159178 12.587226
1.732719 -4.020801 17.796946
-0.642482 -0.377794 11.880788
1.551878 -0.982671 16.113630
2.536732 -3.957638 20.157118
1.499573 0.303973 6.459697
0.591123 -3.452250 16.711582
1.530173 0.390543 6.784371
1.449681 -3.433500 17.739170
1.635754 -2.858778 10.274498
2.544748 -3.234512 16.684828
1.198383 -2.649454 8.785396
2.043847 -3.750165 16.336920
1.933946 -1.443851 19.208902
1.459074 -2.597306 8.342208
1.827110 -0.259655 11.283942
0.413083 0.431140 6.811890
0.924511 -0.933705 15.888335
0.151203 -2.752890 9.708217
1.080935 -3.416520 18.454235
2.403839 -3.623115 16.171173
1.884335 -2.173690 11.614532
1.140062 0.407345 6.748439
2.043920 -3.744137 16.324141
0.683975 0.392716 6.899517
1.895437 -3.757738 17.303967
0.923087 -0.933007 15.890695
1.154120 -0.279909 12.049694
1.787308 -0.201977 10.895525
1.856458 -0.245033 11.169621
1.502126 0.458370 5.846720
1.173877 -0.157031 10.751178
1.758538 -2.792454 14.158668
0.110663 -3.580067 16.140467
0.778683 -0.140824 10.716423
0.271917 -0.382033 11.439240
1.447916 -0.841173 15.387816
2.014435 -0.681031 13.231856
1.444151 -3.183197 13.369221
0.768784 -3.578085 16.018862
1.172601 -0.155406 10.753881
-0.173116 -1.388652 5.840296
0.639755 -1.103379 16.997309
1.109357 -0.263451 11.524354
0.694753 0.437969 7.053002
1.254605 -2.719311 10.825355
0.891816 -2.951496 15.355091
1.099059 -0.269862 11.496525
0.428887 -0.727453 12.146849
1.814589 -0.184281 10.750322
1.276051 -3.704458 17.228405
0.717724 -0.138564 10.753692
0.263502 -0.603990 11.693954
1.498749 -2.606136 9.261567
2.235355 -1.147495 16.649040
1.834796 -0.229183 11.074666
0.669853 -3.296293 17.576889
0.156806 -2.218885 6.859420
1.466578 -0.164150 10.757646
1.496873 -2.608257 9.269081
1.577314 0.275639 7.408666
-0.259976 -2.879087 7.819762
1.252013 -2.412085 6.772650
1.242808 0.491437 6.246724
1.327009 -3.847395 17.966364
1.104564 -0.271360 11.497288
1.656820 -3.866265 18.023510
-0.558430 -2.441245 7.734850
1.797037 -0.189348 10.849706
-0.225264 -2.769814 7.644620
1.936770 -3.786467 16.444067
0.780957 0.515359 6.231200
-0.496526 -2.313124 7.478005
1.492140 0.530552 5.922925
0.412560 0.443920 6.846047
-0.420964 -2.031270 9.080031
1.243161 -2.882203 10.024634
1.672390 -3.162520 12.103549
1.314523 -2.796402 12.209610
1.450578 -2.297417 6.544652
-0.220969 -0.250642 6.273207
1.921054 -1.720191 12.354220
1.375444 -2.930002 12.733136
2.315962 -2.612651 17.318672
1.373282 -2.301349 6.865375
2.161072 -2.469677 16.154644
1.174942 -3.263748 18.928766
2.270658 -0.962236 15.976317
-0.629095 -1.130384 11.110287
1.539871 0.445183 6.515641
1.504490 -2.601388 9.707974
0.656446 -3.421505 17.674679
1.245687 -1.924355 16.865038
-0.117799 -2.864537 8.148764
-0.701868 -1.529258 9.835259
0.663757 0.447258 8.052993
1.320283 -0.210989 14.090726
2.204159 -1.995179 16.516693
1.780538 -3.168007 10.461308
0.559675 -0.163790 10.897163
1.508079 0.469540 6.270013
1.445075 -2.454003 7.300777
1.409479 -2.618419 13.067489
0.411863 0.437607 6.798399
1.731670 -1.656282 20.420721
-0.354666 0.380212 7.164900
1.082101 0.438289 6.496937
2.230353 -4.195920 19.015663
0.292052 -2.414498 6.828288
3.405636 -3.745831 18.095295
0.143500 -2.266550 6.882043
0.799042 -3.286526 8.999176
2.241503 -3.649968 16.093233
0.329891 -1.442812 12.567347
1.970870 -0.907211 15.726794
2.523623 -1.749169 20.747307
1.436092 -2.481265 6.852370
2.337622 -3.973808 18.361952
0.686635 0.399948 6.927968
1.540633 0.404142 6.828026
0.393186 -2.385439 6.781283
2.222881 -4.283418 19.718140
0.289447 -2.416307 6.828822
0.948947 -2.337266 6.678140
1.426596 -3.116147 13.191564
2.175435 -3.691548 16.272793
0.680906 0.382776 6.881321
0.670579 0.420127 7.931149
1.601641 0.346498 7.292103
1.395927 -3.846236 16.754303
1.810634 -1.450656 12.217114
1.368180 -2.350762 6.915309
1.391687 -2.469246 6.945040
0.432147 0.512196 6.287441
0.452584 -3.009509 8.679181
0.685544 0.404490 6.941212
-0.741696 -1.639084 10.095675
0.036111 0.323083 7.353881
-0.350563 0.370725 7.128145
0.580926 -1.844880 14.402945
2.347034 -3.981789 18.374918
1.122347 -2.687161 7.184273
1.414886 -2.505422 7.755761
2.068742 -3.331364 16.688297
-0.003863 0.488774 6.428120
3.336831 -2.125757 18.077061
1.030045 0.522347 6.089976
-0.010116 0.392047 7.033284
-0.158281 0.392856 7.149917
-0.104194 0.527737 6.220132
-0.146205 0.492302 6.205406
-0.146175 0.459148 6.552906
1.923741 -3.115098 16.163073
2.291358 -3.188669 17.490004
0.800220 0.550342 6.037807
1.467948 0.520148 6.105242
0.983068 -4.163989 19.532280
0.312194 0.540090 6.156174
3.280714 -2.112892 17.938673
0.676955 0.523551 6.233487
0.695727 0.498511 6.364079
-0.737720 -2.548162 8.582144
0.735735 -1.453280 17.735128
0.744086 0.406857 7.027679
1.322667 0.488999 6.067173
0.344642 -2.442450 8.904084
1.880411 -2.992592 12.990383
0.558809 -3.244350 16.959023
1.377219 -0.940724 16.051867
-0.747904 -2.564449 8.623885
0.785172 0.397830 7.015017
-0.350059 0.417566 6.941382
-0.264470 0.363015 7.210478
0.649024 0.043406 9.626673
0.870866 -2.329386 7.290931
1.194201 0.429829 6.498851
1.468716 0.335633 6.642292
0.460689 -3.114053 8.878462
1.156143 -0.268469 12.067205
1.718629 -0.259043 10.853393
0.634509 -3.938300 17.350035
-0.262005 0.357777 7.193045
1.930051 -2.080395 12.196856
1.715465 -0.173332 9.961823
-0.444472 -2.502430 8.544475
2.032786 -3.915305 17.189724
0.857307 -0.754611 17.417822
1.638611 -2.052353 8.140113
1.076135 -0.160982 10.954011
2.211772 -1.189207 16.625357
1.508721 0.420142 6.450571
1.505411 0.500214 6.130115
1.924262 -1.457707 19.160166
1.939337 -1.539772 12.958910
-0.763928 -2.679987 9.750682
1.558653 -2.755413 9.445854
1.332776 -2.307807 6.926741
1.380533 -2.986925 13.257313
1.122796 -2.972374 13.235728
0.821214 0.567695 6.474466
-0.731166 -0.976120 10.592087
3.218361 -3.578557 17.655148
0.911750 0.162530 8.526561
1.841367 -3.121729 12.157549
1.398404 -3.670412 15.841887
1.783859 -3.147926 12.029916
0.292058 -2.648701 12.277959
2.162713 -2.226102 16.818544
2.035897 -2.532056 16.834368
0.009533 0.518073 6.366468
0.563304 -1.109589 17.010464
-0.718173 -1.083169 10.626532
-0.083172 0.549636 6.160960
2.922346 -3.783854 17.122181
1.192073 0.538270 5.999406
1.512181 0.463269 6.350956
0.716014 0.528265 6.180060
-0.648131 -0.521938 11.481233
1.008263 -2.615047 8.561320
1.136425 -3.884409 17.100517
1.550608 0.375282 6.923453
2.913825 -3.777308 17.144789
-0.262708 0.355909 7.190981
1.591177 -3.856100 16.754793
0.009915 0.518330 6.367550
2.211123 -3.080667 16.357948
0.304371 -2.384411 8.407825
-0.335208 -2.829733 7.597056
-0.765281 -1.461770 10.309187
0.714551 0.524296 6.174078
0.637585 0.518549 6.277213
1.677513 -3.851308 16.664463
2.514790 -3.868527 19.766262
-0.674801 -2.670799 9.449286
1.911710 -2.180170 11.664960
1.281001 0.469189 6.337479
1.500695 0.495811 6.157498
-0.767830 -0.162280 10.623118
0.632524 0.517128 6.254407
0.634439 -1.056874 16.822281
1.196751 0.428602 6.499364
1.705565 -0.120473 9.805407
-0.732240 -1.099456 10.695584
2.403449 -2.747677 17.025356
1.740647 -3.034231 10.807502
0.783536 -2.752842 13.693536
1.553349 0.302699 7.303404
1.581919 -2.783023 9.725610
1.042395 -2.349520 7.106034
0.645348 -1.172866 16.908859
1.333786 -2.348424 7.069146
1.053511 -2.269767 14.547904
0.354348 -2.967584 8.533974
0.706245 -3.873416 16.842791
0.616919 -0.985969 13.515322
2.244244 -3.170678 17.489193
1.346076 -2.377372 6.797218
0.807818 -3.620522 16.299829
-0.355386 0.424448 6.962388
-0.353563 0.377511 7.152783
0.557138 0.442351 6.690822
0.195221 0.517881 6.288957
0.998547 -4.146558 18.991211
1.193288 0.432002 6.497660
1.096396 0.459472 6.547307
1.097864 -3.966285 17.579210
0.725826 -4.153244 18.095097
2.265066 -3.143163 16.507505
0.775115 0.375626 6.939674
0.386068 0.474927 6.593104
1.190493 0.424274 6.482669
2.563646 -1.242009 16.330280
1.694772 -4.435739 19.747335
0.441804 0.507468 6.371350
-0.560478 -2.443332 7.761553
1.440555 -3.917952 17.153633
2.179664 -3.125002 16.180065
0.025874 -2.896294 7.926481
0.439099 0.500534 6.353686
1.289466 -1.453496 18.106184
1.518487 0.450377 6.438875
1.292049 -1.310116 18.720276
-0.764410 -2.591778 8.682020
2.029081 -3.124285 16.138367
2.521505 -3.654587 20.055698
1.527828 -2.710190 9.583725
-0.737485 -0.167874 10.232138
1.476469 0.419513 6.273448
0.413344 0.411775 6.761745
1.619806 -0.941381 15.977391
0.396478 -1.491006 12.299134
1.435954 -0.999516 16.376360
1.984293 -1.975864 15.975158
2.248842 -3.762027 17.577694
1.533802 0.226172 7.420300
0.532409 -3.560151 16.545918
0.563323 0.497569 6.400609
0.429573 0.502615 6.364044
0.913276 -0.919951 15.914094
1.506512 0.471850 6.342774
1.231396 -2.206221 17.046043
0.646786 -2.445400 15.898673
1.052001 -2.347506 7.521067
0.412872 0.429686 6.807679
0.466714 -3.041816 8.757911
-0.890295 -2.537883 8.925516
1.371915 -0.990378 16.396559
1.671846 -0.859441 15.487370
1.750548 -2.529314 9.779018
0.655462 -1.341934 14.377565
1.068322 -2.489124 7.496642
1.576517 -3.890195 17.046654
0.993451 0.230625 9.021757
1.379166 0.302305 7.371539
1.852194 -2.187214 11.598763
0.808044 0.497707 6.368741
0.962289 0.190464 8.784466
1.471936 0.512877 6.080165
0.883533 0.339540 7.647286
1.672137 -3.734506 16.368582
0.811109 0.492434 6.368130
0.663589 -3.314166 17.661837
-0.848379 -2.489683 8.736641
0.846414 -2.434426 7.431523
0.314899 -2.511810 12.212081
1.651501 0.257844 8.097817
2.300192 -2.709760 16.081905
1.097223 -2.551883 16.264561
0.707344 -2.864360 13.334556
1.596280 -1.092505 17.746809
1.611604 0.303370 7.507537
1.772971 -3.362950 13.391977
0.015120 -2.776847 9.602439
1.225992 -3.269378 12.622315
1.754877 -2.028586 11.236786
1.726975 -2.045924 11.182446
1.227554 -2.563164 8.286480
0.382384 0.435746 6.743120
1.136379 0.400790 6.728618
-0.768576 -1.533739 10.241375
1.228097 -1.160707 17.688580
1.377304 -2.343027 8.057216
0.628935 -3.960286 17.235485
0.576125 0.161384 8.598252
2.438812 -3.786746 19.611086
-0.694028 -2.721630 8.311876
2.316821 -3.881411 18.574577
-0.150526 0.502064 6.184030
-0.868361 -2.505590 8.837900
0.663877 -1.141593 16.958065
2.584088 -0.987256 18.232574
0.319329 -1.025792 16.736444
1.837176 -0.522574 12.169607
1.716299 0.243639 8.333004
1.032514 -2.645738 7.992692
2.287467 -2.702861 17.223639
0.381184 0.429488 6.718585
1.723418 -4.601933 20.165646
2.225601 -2.007499 16.652294
-0.390755 -2.678284 9.425648
2.273041 -2.913384 16.550211
1.288442 0.267539 12.632252
1.719249 -4.601344 20.140465
2.203260 -2.583197 16.303801
-0.748512 -2.511462 8.851702
0.610345 0.476754 6.477380
0.622114 -1.143699 16.766289
0.411065 0.435943 6.823859
1.036226 0.533313 6.105527
1.230144 -2.907916 12.930963
2.369973 -2.244632 18.529839
2.322264 -2.509043 17.348877
0.340723 -0.936616 12.772499
0.619578 -2.044797 16.700497
1.544396 -1.140064 17.553104
1.506520 0.512613 6.111636
1.040499 -2.416753 7.344201
0.519633 0.323031 7.648843
1.045971 -0.193951 10.457893
-0.705133 -2.576454 11.176292
2.113400 -4.040228 19.054075
-0.132607 -3.065243 10.369609
0.584264 0.181109 8.655997
1.679699 -0.937105 16.265501
0.344513 -0.945015 12.551082
1.504010 0.499054 6.111049
1.886116 -3.769160 19.021019
1.609666 0.438280 6.916147
1.515073 0.488844 6.220724
2.015564 -3.877610 17.114147
0.351104 -2.952867 8.507758
1.710965 -0.974212 16.271521
1.847154 -2.856570 12.687263
1.825866 -2.269947 10.214822
0.710121 -3.060555 17.059498
1.408000 -3.328114 13.913791
0.450036 -2.830203 8.318100
-0.740993 0.082416 9.125834
0.396647 -1.501193 12.409674
2.040520 -3.257753 16.097017
1.376118 -2.416739 7.169887
0.897866 -2.384196 8.361671
1.907509 -3.558672 15.951846
1.144312 -2.583850 8.342722
-0.457411 -2.576821 8.627505
0.528234 -3.545983 16.462912
-0.766391 -1.611249 10.201968
-0.775170 -0.994922 9.942813
0.605454 -3.891660 16.887861
1.858964 -3.113132 12.356226
1.800560 -2.576369 10.026428
-0.112543 -2.874260 8.175283
-0.666151 -0.381695 10.586121
1.867953 -3.130395 12.407308
1.318705 -3.249320 14.126801
1.006025 -0.010107 9.659779
2.108198 -3.292086 16.054634
1.588745 -2.790333 9.739217
0.523455 -0.999356 13.772028
1.044233 -2.593463 7.864417
2.144319 -3.003069 16.198170
0.762821 -2.267279 18.322102
1.339393 -2.907159 11.319332
1.180074 -3.212673 13.109685
0.599209 -2.537501 16.727663
-0.675219 -2.588488 10.941430
0.685161 -2.679894 17.742119
1.544734 -2.396174 7.873639
0.598984 -2.063583 16.810406
1.625794 -3.902871 17.071930
2.109502 -4.029820 19.037382
0.785814 0.400547 6.999027
1.011045 -3.908115 17.158916
0.913075 -1.281814 14.536979
1.778219 -0.139889 10.295888
1.574919 -1.164832 17.562660
2.314078 -3.510648 17.582462
1.522872 0.444652 6.459100
0.856007 -2.272835 7.193091
1.855455 -2.754124 11.850398
0.805402 -2.319977 7.200356
0.979403 -2.391504 7.497630
-0.288246 0.399958 7.326025
0.587039 -2.500866 16.850342
0.859114 -3.891900 16.617834
-0.799826 -2.584272 9.510848
-0.446141 -2.274815 7.325138
0.864123 -2.296149 7.222801
0.860571 -3.890511 16.617817
1.157398 -2.508460 7.918641
-0.268157 0.372170 7.238524
-0.517077 -2.363248 7.590273
-0.637382 -1.130997 11.155075
0.808343 -2.316185 7.193860
1.039084 -2.364940 7.380832
1.428057 -2.836491 15.155846
1.005536 -3.959174 17.253925
1.655706 -1.068872 16.641113
-0.213169 -1.423190 11.113540
-0.810887 -2.697388 10.158770
1.889100 -0.986265 14.100184
0.613238 0.490255 6.502995
0.718727 -2.730789 7.989829
0.773208 -3.126303 8.692910
2.009714 -0.915034 15.700520
-0.718277 -0.964101 10.528193
1.421741 -1.712120 20.227730
0.314745 -2.454325 11.988481
2.067804 -3.934324 18.760933
0.414390 0.423219 6.785180
-0.176550 0.507438 6.485522
0.315166 0.457265 6.665623
2.224524 -3.775073 16.405037
1.581678 -2.880809 12.352947
1.410588 -2.630590 8.856394
1.093520 0.458788 6.524036
0.636961 -3.940234 17.196489
-0.128347 -2.982928 8.270900
-0.368022 0.397969 7.204098
-0.385831 -2.680570 9.440973
-0.024184 -2.986573 10.154188
0.847511 -0.691927 17.771235
1.755900 -2.353066 10.398256
1.532654 0.378261 6.759358
0.741942 0.378934 6.950549
1.518426 -2.657054 8.594406
1.283691 0.479121 6.338990
1.626744 0.494143 6.795931
-0.173284 -3.266927 10.886411
2.177109 -3.699697 16.300589
-0.016567 -3.053317 10.317590
-0.697070 -2.577424 11.106774
0.936927 -2.227214 7.090623
1.456944 -2.776802 9.718061
1.083168 0.442299 6.497381
0.689035 -2.661945 17.608765
0.276655 -0.276391 11.580430
-0.721583 -2.857506 8.401277
-0.372249 -2.668279 9.377251
0.366704 0.377697 7.022821
0.655879 -3.391156 17.625645
-0.700456 -2.566355 11.160145
2.239100 -1.396435 17.696321
1.717175 -2.452300 9.673112
0.573866 0.171891 8.764228
2.342596 -1.398012 18.583912
0.736412 -3.045333 14.105094
1.316117 -1.327483 18.958452
-0.134997 -3.027683 8.346336
1.107742 -2.504793 7.779050
0.996143 -1.964322 16.397141
-0.772530 -2.632655 9.975133
0.733510 -1.606306 16.450661
1.391994 -2.910191 13.093192
1.034782 -0.198764 10.614976
2.550429 -1.001816 16.158739
0.240998 -2.594098 11.355690
2.001626 -2.723491 10.017158
0.410076 -2.929379 8.603809
-0.731941 -2.588710 10.940476
1.008479 0.263294 9.477649
-0.793969 -2.662485 10.075745
0.417833 -2.792145 8.335058
0.930051 0.146704 8.723913
0.340403 -1.222388 11.168926
1.605707 0.287511 7.613588
1.130746 -2.551685 8.343175
1.779140 -1.064082 16.809992
1.574858 0.311827 6.801083
-0.789119 -2.676994 9.622172
-0.321496 -3.186371 10.691454
1.425961 -2.518205 7.702390
0.615142 -1.052381 16.768467
0.596555 -3.122939 16.706257
0.413277 0.425539 6.792991
1.728821 -1.042761 16.615122
1.215572 -3.911804 16.672480
1.538068 0.444796 6.559165
0.617356 -2.044734 16.723602
1.270494 0.514074 6.664841
1.758589 -0.253126 10.989391
1.273463 -2.658129 8.551869
0.653902 0.468838 6.619865
2.641695 -1.180216 16.530622
1.225643 0.469200 6.574933
1.881748 -0.997374 16.299744
1.217698 -2.505633 7.640141
2.672113 -1.183897 16.474043
2.737634 -1.154235 16.591793
1.623319 0.170179 8.105603
0.736032 0.356775 7.225009
0.576005 -3.170421 16.840729
2.161127 -0.959701 15.924427
-0.768660 -2.546219 8.883368
0.600617 -2.865071 16.790758
1.099381 0.471372 6.558053
0.602134 -2.887225 16.786886
1.542490 -2.687199 8.654553
1.162789 -2.704221 9.604713
1.663150 -3.019231 11.677680
1.050665 -2.490488 15.809034
1.141297 -2.573225 7.450974
0.404732 0.338064 7.296031
1.380344 0.303419 7.370070
1.277254 0.469610 6.333028
-0.149439 0.395201 7.127457
0.287134 0.478561 6.569584
0.722357 -1.532613 17.855927
0.016816 0.480469 6.562169
-0.104595 0.466094 6.615867
1.102037 -3.921794 16.903145
-0.248957 0.412309 6.909464
1.000823 -3.918467 16.903465
0.509657 0.480080 6.542762
2.190546 -3.716194 16.301323
-0.766456 0.102385 9.243590
1.650609 0.136747 8.446740
0.998057 -3.959404 16.969311
-0.361317 0.391865 7.191874
-0.166203 0.352698 7.332090
2.243909 -1.027937 16.652966
2.560102 -3.423588 18.379948
0.755454 -0.344464 11.606667
1.540545 0.367179 6.894357
1.665229 0.351126 7.619527
0.596027 -2.649754 16.781473
0.597118 -3.912882 16.918760
1.081496 0.443205 6.499307
0.735341 0.404801 7.010166
0.564669 0.476453 6.582020
1.507236 0.410116 6.532963
1.973505 -3.848303 16.553062
1.289970 0.483027 6.347519
0.586294 -2.177773 16.842512
1.574274 0.302200 7.251361
0.645584 -3.090985 13.174279
1.563440 0.339837 7.061871
1.427872 -2.545216 7.828713
0.823006 -2.802303 13.931491
1.718676 -2.792863 14.177099
2.053067 -3.137009 16.129099
1.722895 -1.051834 16.592642
1.881256 -2.901273 12.353918
0.884699 -2.842527 15.245679
0.144504 0.444363 6.828460
-0.017479 0.411911 7.056297
-0.162003 0.344019 7.312979
-0.159235 0.472067 6.741211
2.050284 -3.200628 16.152777
0.644081 0.508391 6.381185
2.292160 -1.092038 16.793840
0.651953 0.464324 6.613304
0.561513 -3.525250 16.835196
1.554535 0.379408 6.922498
1.565001 0.359547 7.043559
1.428643 -1.001315 16.373491
1.250953 -2.748740 9.653802
1.319149 -3.775285 17.746763
1.539301 0.275459 6.757124
1.188209 -2.702765 8.440402
2.257040 -2.016105 16.666119
1.200714 0.423091 6.484385
2.242255 -1.037874 16.243271
1.649659 -0.923246 12.541585
1.436685 -0.996702 16.379290
2.034544 -2.894257 15.359184
1.568790 0.305436 7.280956
1.419926 -2.507354 7.614032
2.166616 -2.997473 16.250864
1.738434 0.025677 9.362463
0.609974 -2.143933 16.704357
0.351184 0.426180 6.930813
0.845518 -2.615370 14.101726
2.158744 -2.554992 16.187016
2.179080 -2.604545 16.332369
-0.084221 -2.859723 9.881104
2.151015 -3.156085 16.270216
1.151943 0.421520 6.759016
1.587754 0.473418 6.670496
0.945829 -4.487540 20.340336
1.215272 0.455894 6.546142
2.045701 -1.052767 16.771971
1.532438 0.345281 6.880073
0.955091 0.461568 8.608858
0.847712 -2.911455 14.421434
1.726819 -0.102119 9.846630
1.387967 -2.519904 8.671425
0.400377 0.339148 7.301846
0.780857 -0.990022 16.412127
1.289070 0.485814 6.348369
1.351836 0.448436 6.569365
1.385816 0.497859 6.266011
1.536347 0.458692 6.495523
1.967291 -3.367265 16.218748
0.896281 -3.109055 13.663170
2.007001 -0.987450 16.347376
-0.659749 -1.227856 11.338793
-0.654170 -2.484793 10.885297
-0.685739 -0.552987 10.185749
2.298246 -1.025335 16.229988
1.083132 0.443879 6.500534
2.138643 -3.347979 16.128927
-0.379060 -2.623405 9.392874
0.782910 -0.988228 16.417482
2.164485 -2.545897 16.145658
2.889664 -3.728796 16.901339
1.091102 -3.237877 13.615746
-0.373294 -2.660245 9.364550
1.531252 0.358088 6.879306
1.440622 -2.556040 7.777450
2.061383 -3.201691 16.178623
1.870153 -1.814801 12.247363
1.971236 -3.363338 16.214325
1.547712 0.297023 7.285872
-0.776019 -1.686743 10.275396
1.755666 -2.171742 9.902630
0.896999 0.139380 8.750619
1.433951 -2.585859 8.701557
1.157550 0.429591 6.783980
2.032398 -3.198126 16.174438
0.800613 0.365572 7.295769
2.195515 -2.567770 16.250946
2.155552 -3.376737 16.189867
1.598711 0.413604 7.005561
1.563210 0.358995 7.028239
1.608828 -2.757329 10.131758
2.161500 -3.104190 16.142296
2.032209 -3.311253 16.187872
-0.265450 0.437802 6.968133
1.762618 -0.983922 16.271585
-0.803049 -1.004953 10.105513
-0.749911 -1.106885 9.803377
1.444920 -2.549575 7.686101
0.727446 0.337500 7.160738
1.589479 0.340833 7.266295
1.546355 -0.026594 8.473862
2.374125 -1.651856 19.206621
1.572643 -2.756442 9.648350
1.545995 0.346680 6.944105
1.242958 0.490505 6.619825
1.536292 0.441934 6.520308
1.403142 0.325862 7.442838
1.731242 -0.240363 10.537359
1.913283 -0.402000 12.244144
0.815261 -0.085725 13.070479
1.154968 0.426376 6.781759
0.676109 -1.071604 15.185256
1.189542 -2.655616 8.875546
2.427060 -1.553105 19.459896
-0.068510 0.444895 6.879077
1.155081 0.431138 6.782760
-0.774563 -2.663622 9.582747
-0.385250 -2.642112 9.443982
0.386548 0.480948 6.580905
2.298102 -1.223019 17.862873
1.121512 -2.491410 8.532777
-0.279725 0.390763 7.280345
2.023533 -0.994538 16.217644
1.678854 -2.455413 9.470222
1.015188 0.007471 10.182656
1.846460 -1.765654 12.078477
0.924571 -2.439475 8.820478
1.548587 0.341271 7.022265
0.236062 -2.669338 11.638763
0.737601 0.406250 7.024856
1.542270 0.393092 6.766570
2.167431 -4.064477 18.309362
-0.749767 -2.668174 10.218554
1.116254 -3.926406 17.126900
1.618104 -2.963804 12.643767
0.858299 -2.495941 7.985409
0.455582 -3.071106 8.822354
0.737892 -2.039151 20.116356
1.021492 0.011965 10.194419
1.436585 0.464662 6.478644
-0.641203 -2.823001 10.898948
0.791864 -1.630858 20.549623
-0.773325 0.099471 9.260281
0.790159 -1.373640 18.617498
1.282573 -0.025381 13.511057
0.945992 -0.940788 14.662999
1.678727 0.179945 8.369984
1.241107 -3.904971 17.139696
0.686940 -1.112147 15.574238
1.708402 -2.534276 13.844054
1.730941 -1.413223 11.805646
1.569005 0.375286 7.000094
2.182158 -2.715075 16.083794
0.366548 0.392108 7.051546
2.166785 -2.545096 16.146570
1.920064 -3.045700 15.995786
2.177932 -2.877403 16.057074
0.511084 0.478039 6.597631
1.123197 -2.535528 7.846862
0.713871 0.327788 7.336128
2.000329 -3.380266 16.184227
1.580493 0.343085 7.131870
0.363833 0.373780 7.006207
1.721004 -0.267177 10.887186
2.120251 -3.330942 16.098980
2.080147 -3.262114 16.158577
1.739391 -2.691343 12.057199
2.157988 -3.113170 16.146397
0.790242 0.341125 7.380944
0.344061 0.271854 7.763844
1.098803 0.466778 6.539109
1.200580 0.288772 7.523604
0.939885 -1.036545 16.865206
-0.157563 0.343949 7.304389
0.114280 0.484050 6.608761
2.228825 -1.038439 16.629967
1.680521 0.177966 8.389570
1.568630 0.319144 7.231953
1.332631 -1.055462 16.831875
0.787874 0.341634 7.240165
1.153349 -2.617831 8.280874
0.639569 -1.105428 16.994158
1.221837 -2.722685 8.935886
1.776104 -2.028970 11.436448
2.276442 -1.994063 16.670679
0.964697 -2.344727 14.798340
0.340787 -2.815964 8.279029
2.301707 -1.101930 16.804873
1.156635 0.359863 7.053191
0.032918 0.352624 7.429812
0.555224 0.124705 9.034907
-0.655796 -3.108611 10.795808
0.367106 0.435412 6.833641
1.025306 -0.195893 10.844247
1.741489 -0.953765 13.208277
0.586129 -3.459644 16.720098
1.560801 0.407543 6.817458
2.614579 -1.710858 21.174118
2.009526 -3.230514 13.113842
2.018474 -3.300429 16.162952
2.255014 -2.002513 16.721432
0.175803 0.443058 6.816936
-0.265118 0.439117 6.970026
1.180631 0.121086 8.930058
0.808084 -0.328830 12.827724
0.640047 -1.066103 16.771158
0.608020 -3.067654 16.673513
2.366029 -1.347573 18.198055
1.437981 -2.508773 9.043180
0.800973 -2.590933 8.520592
2.044592 -3.404585 16.174757
1.552613 0.324576 7.118177
0.887970 -2.761400 8.092240
2.770866 -3.740654 20.988821
0.590839 -2.618577 16.582439
1.349241 0.447037 6.565945
2.336032 -4.413297 20.024324
1.819511 -1.758509 11.968057
2.344094 -3.156482 17.619431
1.802033 -1.099929 17.094231
0.565227 -2.480705 16.745989
1.646042 0.256990 7.873488
1.371557 -2.214481 18.973917
1.392230 0.246525 6.565657
0.639731 -1.183794 16.969208
1.883234 -2.842703 12.175466
2.004976 -3.162269 16.279980
-0.692675 -2.949182 11.241040
1.548955 -3.001446 15.517503
0.720286 0.342721 7.383444
0.607578 -2.489403 16.786503
0.593306 -3.085736 16.759270
1.770176 -1.899124 11.724576
1.204183 -2.577850 7.898670
1.439100 -2.809623 14.582620
0.925086 0.103993 9.061953
-0.497762 -2.535307 8.603076
2.236232 -1.995786 16.568281
1.658785 -1.079630 16.879282
0.815760 0.361216 7.235753
0.481293 -2.752122 12.709398
1.540616 0.116331 7.875864
-0.710784 -2.536628 9.255099
2.011822 -3.216715 16.141222
-0.171614 0.362329 7.347661
1.576504 -0.210147 9.450052
2.205067 -3.637394 16.509249
1.563594 0.389489 6.934566
0.715360 0.332134 7.345322
0.619625 0.283133 8.016920
1.838851 -1.805518 12.126151
1.806715 0.161798 9.166636
1.637967 0.163342 8.222146
0.728037 0.355720 7.215521
-0.473292 -2.554326 8.647169
1.613224 -2.911838 10.936461
1.575303 0.320104 7.343302
2.378811 -1.567414 19.240856
2.259760 -3.114419 17.412872
0.404534 -1.516764 12.520432
-0.686212 -0.149114 10.539586
2.341700 -2.815020 18.789858
0.738624 -1.391416 18.973164
1.582280 0.247926 7.612962
0.872460 -2.417077 8.290515
1.929139 -3.092390 15.533702
-0.651411 -0.019262 9.074669
-0.190872 -2.988541 10.222076
1.613769 0.270785 7.678885
2.281296 -2.918524 18.609751
1.552172 0.392207 6.913930
0.710130 -4.324253 18.499233
1.734015 -2.463109 9.739208
1.438289 -3.100519 11.883798
1.568733 0.232275 7.533665
1.138007 -2.780770 17.558819
1.155653 0.429948 6.776658
0.611545 -1.247275 14.032755
2.610678 -3.598711 20.467356
0.406517 0.447079 6.799883
2.049076 -3.143450 16.174744
1.569695 0.300267 7.254510
1.046299 0.115410 16.992506
1.568884 0.322316 7.182886
1.545155 -2.647162 8.728176
1.139995 -2.572249 8.310616
-0.674746 -1.845704 11.253791
1.799494 -1.117457 17.134354
1.220662 -2.735574 9.055601
1.584325 0.140104 8.013933
1.015937 -0.220487 10.707089
0.610033 -3.368956 12.931008
0.922388 -2.864358 8.285196
0.742715 -3.098082 14.349993
1.284028 -0.377057 11.413170
0.341999 -2.485095 8.983315
0.915585 -3.883488 17.100780
0.763319 0.256993 8.005954
1.700089 -3.058009 11.762337
1.520600 -2.636209 8.735081
2.228242 -1.656401 18.607725
0.765160 0.258771 8.005713
1.608615 -2.933674 11.444921
-0.374255 -2.326165 8.149942
1.308833 -2.911607 10.086406
-0.697294 -1.019856 10.552158
-0.653596 -1.147973 11.323704
0.585174 -2.790596 10.436554
1.185666 -2.573368 16.526516
1.481566 0.106984 7.582326
1.806708 -0.221261 10.878541
1.512679 -2.682643 9.650691
1.573047 0.341648 7.148370
1.398420 0.319951 7.412343
0.029729 0.346163 7.427197
2.024990 -3.252761 16.173450
1.550250 -2.745241 9.801938
1.366302 -2.694098 14.571305
2.372619 -3.608042 19.104910
0.727819 0.417315 6.923651
2.384040 -2.283071 18.561893
1.440281 -2.860638 15.422095
0.405769 0.341762 7.301012
1.727587 -1.044523 16.610195
0.701416 -2.670623 17.694818
0.884289 -2.344748 8.215820
2.262294 -4.250938 19.125860
1.559313 0.313811 7.213805
1.176975 -2.664406 8.214876
1.534031 0.123366 7.805316
-0.744599 -0.494301 10.432984
2.016789 -1.775379 12.647930
-0.742511 -0.998800 9.928655
1.424190 -3.122315 12.066631
1.459232 -3.247678 13.637805
1.659865 -0.154774 9.678978
0.612552 -3.116959 11.279874
1.898111 -1.684652 12.065415
2.011216 -2.800458 15.089830
1.055067 -0.387540 11.586863
-0.180982 -1.340645 10.809382
1.851025 -1.508664 11.873518
-0.682290 -0.214410 10.210353
1.149201 -3.179109 15.235273
1.232289 -3.382687 13.707773
0.338167 -3.570117 13.873608
-0.266652 -3.014425 10.300593
1.744212 -0.050024 9.760832
1.852796 -3.109971 12.432598
1.829242 -2.118276 14.141130
1.451545 0.035596 9.139534
-0.734455 -1.195328 10.658912
1.171077 -2.664449 8.223401
1.737576 -3.129056 12.958399
0.698091 -2.047373 17.057930
1.477840 -2.613306 9.044396
-0.408992 -2.699155 9.568191
1.745666 -3.476863 16.477161
0.357277 -0.550674 13.130109
0.471588 -3.376557 15.074786
1.474970 -2.642009 9.901539
0.600542 -1.752568 14.521530
0.531233 -0.996652 13.304127
1.625995 -2.421671 16.205299
-0.704074 -0.141954 10.631641
1.474615 0.054587 9.247823
0.647012 -2.034659 17.243589
1.322763 -2.945525 11.072478
-0.743939 -2.661668 10.177414
0.679283 -3.292299 17.618572
0.405542 0.347878 7.460929
1.190761 -2.659311 9.032678
0.230047 0.362534 7.418234
1.576445 0.337316 7.199398
-0.594727 -2.810654 9.163671
1.687819 0.303641 7.983911
0.633061 -2.966736 16.647650
1.573299 0.343933 7.169582
1.618800 0.229802 7.442136
1.327114 0.276614 7.452339
2.287005 -1.178155 17.550100
0.901301 -2.397218 8.304919
0.914503 -2.438846 8.476193
1.636369 0.235523 7.894362
-0.075694 0.244428 8.214114
-0.538005 -3.003913 10.258351
0.409073 -3.231550 11.288377
0.374583 -2.746151 13.258451
-0.717861 -2.679328 11.236265
1.831528 -2.163559 11.481755
1.423860 -3.519810 12.330873
1.563364 -3.191806 16.578213
1.596762 -3.803240 17.478361
0.030979 0.360151 7.432274
0.687182 -1.187298 17.566330
1.062986 0.334166 7.411806
1.062339 0.335237 7.413216
0.960267 0.297215 7.675900
1.637190 0.228037 7.947662
2.237618 -3.287950 17.289650
1.606627 0.309940 7.426895
1.824645 -3.111376 15.302680
0.359154 -0.480963 12.386685
0.982563 -1.111441 17.223541
-0.724776 -0.819750 10.239284
0.704572 -1.221727 17.956490
-0.054650 0.332988 7.704289
1.615810 -2.846021 9.473514
-0.699164 -0.804971 10.136495
0.920284 0.187863 8.582955
0.914890 -2.462513 8.845653
0.557560 0.185027 8.601528
-0.172885 0.187114 8.659803
1.616859 -2.802844 9.718281
0.542421 -3.412129 11.998372
0.515660 -2.709366 10.272601
0.956275 -2.628841 9.906952
1.286942 -2.793682 9.485266
1.127556 -0.529785 12.269843
0.555036 -3.620136 12.483434
0.711084 -1.436679 17.887123
-0.702994 -1.190138 10.476194
-0.673393 -0.372334 10.673011
0.944037 -2.497122 8.932866
1.744430 -2.438672 9.349691
0.855159 0.193340 8.674602
1.264249 -2.056960 17.424509
1.939873 -1.569001 12.940382
1.461400 -2.638619 8.900096
1.054547 -2.865237 16.736403
1.257807 -0.979778 14.904415
0.642230 -1.315269 14.990152
0.372400 -1.570156 13.559901
1.791838 -0.278338 11.102949
1.569394 0.233895 7.584908
1.402123 -3.208368 13.198261
0.684796 -2.457870 11.867739
0.943789 -2.505760 8.942173
-0.186353 -1.411810 10.987208
1.776239 -0.114529 10.166332
1.985577 -1.753834 12.669148
0.677237 -2.668952 15.006230
1.542943 -3.387948 14.588711
1.951470 -2.143376 12.105758
1.645803 0.220028 8.029095
1.924728 -2.296336 14.909324
1.636332 0.132370 8.401056
0.310413 0.191158 8.308255
1.653147 -0.742943 14.086228
-0.079874 0.250744 8.225307
1.156129 0.130432 8.747304
0.748410 0.147856 8.756128
1.640009 0.201461 8.142853
1.160526 0.143442 8.778422
0.869976 0.136793 8.716292
2.053969 -0.013795 11.256170
1.178479 -0.542532 12.811852
1.426447 -0.314385 11.662239
1.620548 0.065879 8.524941
1.625008 0.206013 8.026064
1.614592 0.241842 7.805465
1.613272 0.208208 7.946678
1.621420 0.229267 7.902287
0.368898 -3.361174 11.471558
0.753840 0.135210 8.809677
1.609715 0.274594 7.665399
1.584754 -3.591537 14.661315
0.876830 0.147439 8.809374
1.646253 0.127048 8.035241
1.692637 0.110570 8.811068
0.777927 -0.337511 11.716784
1.692959 0.133050 8.660103
1.692256 -2.184768 8.783142
0.413413 0.183667 8.605409
0.342561 0.195244 8.506305
1.667698 0.121704 8.637954
1.968027 -3.262677 13.138381
-0.742906 -2.001794 11.528151
0.395032 -2.807147 10.213702
1.166880 0.134663 8.806183
1.625080 -3.585646 14.670375
2.020347 -0.682996 13.236902
0.300163 -0.314179 11.647756
0.446744 -0.743894 13.533498
1.142989 -2.748062 17.301596
1.519750 -2.743487 9.737982
0.942837 -2.859347 15.803397
2.022966 -2.992399 16.100178
2.059591 -3.136613 13.338145
2.015997 -3.182630 13.657351
1.936378 -3.487902 12.512513
1.734838 -2.066606 9.836891
0.662405 -3.730904 15.223571
1.351956 -3.850148 16.239717
1.308191 -3.228067 13.129843
1.133209 -0.325023 11.858055
0.815189 -2.995170 10.223455
1.944280 -2.907124 12.500775
0.900683 -0.479757 13.861784
0.844820 -0.528486 12.642225
0.451546 -0.765395 12.740113
1.802645 -3.080328 16.750853
2.143050 -2.212495 13.561280
1.281494 -2.823611 9.876179
0.745460 -0.148583 10.937943
1.224794 -3.956031 15.698843
0.325659 -1.595862 13.122026
0.278242 -2.814602 13.026433
0.746528 0.136309 9.092793
0.738300 0.115118 9.018685
1.129239 0.107574 8.933887
1.261820 -0.095994 10.077280
0.737777 0.111099 9.017727
0.590840 0.112247 9.010653
1.130468 0.111680 8.930099
1.906444 -3.631561 16.297066
0.335049 0.184221 8.516492
0.860016 0.116873 9.048285
1.493681 -1.647624 18.278267
0.728732 0.113488 9.022798
0.858802 0.103242 9.000701
1.129986 -1.406371 17.413338
1.604361 -2.847974 9.803487
1.424048 -0.485330 12.593437
1.081720 -0.191071 10.916540
1.640393 -3.140181 15.560135
1.951843 -2.313552 12.328870
0.936028 -2.632570 9.918530
0.588475 0.111863 8.990314
1.067791 -1.518337 17.168926
1.295110 -0.066163 10.229708
0.647631 -3.659778 12.599157
1.990999 -2.008341 16.170525
1.812497 0.140415 9.288238
1.964101 -1.723395 12.233623
1.060903 -1.461461 16.627539
1.474831 -2.936856 17.344353
0.478708 -3.586994 13.393852
1.536459 -1.994683 18.079063
1.499158 -3.307633 13.585188
1.711723 0.105185 8.912564
0.847621 0.110247 9.025494
0.740003 0.112907 9.030688
1.774740 -0.321107 11.048957
0.854617 0.110317 9.051977
1.621726 -3.685894 17.055721
1.425651 -3.216964 15.265564
1.069738 -2.585189 9.810151
0.638330 -3.556254 12.696471
1.629195 0.219489 7.947723
0.594393 0.122950 9.053113
0.350898 -3.359854 13.259688
1.632167 0.255837 7.897590
1.059190 -3.243611 17.952204
2.013887 -2.385417 15.317575
1.984635 -3.283455 14.627993
1.676430 -1.568742 11.284031
1.551839 -2.671824 9.846702
0.342432 0.185904 8.451828
1.427837 0.211599 8.255145
0.343544 0.196582 8.464536
1.007225 -0.009151 9.943189
1.425646 0.209081 8.251796
0.411953 0.181062 8.560340
0.647005 -0.004029 9.956457
1.919495 -2.058042 11.856456
0.303849 0.227263 8.326194
1.109846 -0.359472 11.867964
1.742565 -2.509205 9.716546
1.392891 0.167351 8.200253
1.421902 0.207849 8.252635
0.342482 0.202358 8.460171
0.342027 0.199616 8.463265
1.605320 -3.545621 16.466759
0.305034 -0.329581 11.553094
1.114748 -0.552687 12.661432
1.695470 0.221111 8.331546
1.507863 -1.998906 18.030460
1.999713 -3.617932 14.677090
1.557123 -2.762322 9.780334
2.007833 -1.605679 13.297763
0.383352 -3.053020 10.654634
1.602437 -4.041560 20.639080
1.636999 -3.002481 10.888955
1.521868 -2.812206 9.805844
1.620782 -2.914870 11.150270
0.301340 -0.325219 11.716166
1.698427 -0.238938 10.232518
0.651513 -1.966917 15.706260
2.006687 -3.262222 16.108398
1.162778 -3.130408 12.074081
1.845623 -1.668303 12.044315
1.003553 -0.020713 9.916949
0.950413 0.117687 9.082317
1.726305 0.043292 9.380967
2.074662 -1.076536 15.298240
1.970398 -2.497987 16.421576
1.130384 0.098574 9.039996
1.280329 -0.067351 10.161102
1.674760 0.158475 8.521297
1.690239 0.035691 9.170186
1.161238 0.099590 9.043859
1.205806 -0.546760 13.099588
1.431828 0.134321 8.561362
1.678856 0.144091 8.594687
0.660376 -3.294361 17.491634
1.904501 -2.002320 12.271928
1.092135 -0.176819 11.041469
2.007249 -2.970615 15.473436
1.282717 0.193583 9.278534
1.368057 -2.980336 10.591894
1.734936 -0.221122 10.654861
2.054284 -1.063863 15.190780
1.657718 0.157574 8.646562
1.157697 0.100220 9.073417
1.985825 -2.473185 16.511356
1.962957 -4.203424 17.309460
0.285934 -2.678837 12.311325
1.429748 0.212611 8.271664
1.680384 0.123500 8.679336
0.810157 -1.581817 16.485558
1.883598 -1.484928 12.518431
1.663896 0.206224 8.239699
2.060499 -3.222103 15.668260
1.392311 0.182436 8.435427
1.926421 -3.311323 18.169607
1.392036 0.181716 8.426427
1.750816 0.046183 9.344951
1.705267 -3.232229 11.069890
1.128607 -3.328613 13.563055
1.559927 -0.661345 13.551315
1.341768 -1.439711 16.730608
1.658723 -3.807682 17.519760
2.051212 -3.845873 17.043612
1.696014 0.183365 8.657087
2.065373 -2.747058 14.978691
0.330357 -3.374066 13.406827
1.062818 -2.741420 11.084893
1.903533 -2.110815 12.130303
1.704887 -2.338837 9.197798
1.985354 -1.251400 15.946963
1.680109 -2.944660 18.869076
1.544916 -1.973989 17.978731
1.553181 -0.666524 13.572150
1.021635 -3.906865 15.955124
1.879367 -2.031827 11.716435
2.077459 -3.175736 13.442224
0.932846 -1.903625 17.252079
1.997887 -3.631296 14.732769
2.249510 -3.476743 18.673048
2.017371 -0.684054 13.206341
1.669234 0.121755 8.640290
1.503721 0.057167 8.954350
1.660792 -0.031712 9.258295
0.734099 0.141503 9.070214
1.221675 0.110699 9.063639
1.743917 0.101577 9.067295
1.249998 -0.816566 14.260226
0.676551 -4.234419 16.705206
0.787248 -0.366377 12.040587
2.008111 -1.047347 14.914358
1.771107 -0.346774 11.083673
2.020746 -1.525881 12.580057
1.240402 -3.071781 11.929872
0.692031 -2.836418 16.050434
1.890631 -3.215536 12.403975
1.270840 -0.515336 13.830624
0.269174 -0.267854 11.636613
1.085091 -3.305764 18.239456
2.135828 -3.471476 19.004282
1.007494 0.055844 9.344063
1.507765 0.061100 8.962016
1.875376 -1.469403 11.893832
0.850533 -3.845666 17.083185
1.636011 -2.336416 9.432768
1.784421 -1.609407 11.672997
1.005750 -0.045152 10.209336
0.366449 -1.462810 13.881704
1.450873 -2.967867 19.090174
2.015213 -1.128560 15.705387
0.595349 -1.865864 14.907237
1.986972 -3.604334 14.615759
1.664679 -3.737086 15.054987
0.987090 -3.133219 16.931976
1.313112 -3.621616 12.926017
1.492045 -3.558238 14.528822
1.909415 -4.278711 13.064682
2.093415 -1.064711 15.382984
1.860431 -0.636448 12.345963
1.418685 -2.990997 17.459923
0.756952 -3.885497 17.043205
1.666795 0.155611 8.434499
2.096171 -2.772076 15.165462
0.723046 0.089282 8.951333
0.727844 0.113194 8.993760
1.633865 0.129755 8.608418
0.723116 0.087123 8.944567
1.704973 0.008542 9.312957
0.812506 -0.368536 12.295748
1.718327 -2.217577 9.015575
0.812125 0.017885 9.700932
1.475009 0.036624 9.187287
1.767225 -0.204325 10.574958
0.902213 0.052379 9.438265
0.803581 -0.006906 9.635176
1.534615 0.091476 9.017693
1.499891 -0.155793 10.376163
0.728736 0.119042 9.001349
1.072361 -3.267293 13.536721
1.692235 0.121954 8.712008
1.816341 0.001544 9.941218
0.428865 -0.803923 14.247553
0.964617 0.055196 9.418437
0.652243 -0.080463 10.361078
1.740094 -0.000053 9.582873
1.756188 0.122088 9.089298
1.687765 0.033774 9.166295
1.437560 -3.148499 13.289726
0.902825 0.051508 9.424240
1.201580 0.085725 8.997983
0.599964 0.061007 9.448364
1.762360 -3.348145 16.427849
0.749449 0.054730 9.445513
0.744526 0.049920 9.447541
0.876274 0.053053 9.434829
1.929236 -2.497524 16.197714
1.695012 -0.030405 9.478207
0.807086 0.002256 9.660707
1.668801 0.123903 8.638684
1.452273 -3.168302 11.180575
1.368670 -0.256845 11.398018
1.090755 -3.067972 10.814243
1.912798 -3.360692 19.179974
0.579936 0.104504 9.069326
1.199871 0.077578 8.994221
1.724456 -3.517359 13.781052
1.003296 0.056043 9.331133
0.579864 0.101735 9.062271
1.531440 -0.414864 12.221245
1.823359 -0.331832 11.591255
1.217103 -2.638326 9.906890
1.941716 -1.132347 15.209117
0.995447 -3.180307 17.204756
1.207274 0.094960 9.012201
1.379197 -3.415855 11.930552
1.327530 -0.093208 10.169207
1.715505 -0.078843 9.751093
0.730564 0.112752 8.986731
1.685702 0.115477 8.722019
1.113191 -3.281259 13.385208
1.221992 -3.123825 10.866512
1.925097 -2.872352 16.878473
1.848089 -0.217481 11.037622
1.682976 0.124785 8.699156
1.379398 -3.172443 13.373678
2.026472 -3.182631 17.588669
0.816413 0.022019 9.692314
0.729711 0.118241 8.996098
1.878879 -2.204844 11.640420
1.928965 -1.963327 15.787868
0.935233 0.041696 9.377736
1.538001 0.093269 9.011246
1.376822 -0.071582 9.925297
1.684565 0.031339 9.157657
1.903960 -0.332132 11.730926
1.357445 -3.060412 11.113893
0.591002 -1.884704 14.659818
0.283244 -0.388721 11.526334
2.022206 -2.783816 14.756524
1.109035 -1.958799 12.942726
1.502239 -0.620931 13.529657
1.303233 -3.608757 16.977921
2.020649 -3.702019 15.637668
1.069322 -2.994448 10.696502
1.350058 -0.087170 10.196597
1.753892 -0.084697 9.962173
1.736582 -0.018318 9.699911
1.682543 -3.493760 14.853156
1.731030 -0.001121 9.548033
1.330272 -2.992340 10.700944
1.975636 -1.742213 12.282062
1.040913 -2.912571 10.467290
1.744806 -3.112439 18.138319
1.183771 -0.415758 12.923674
1.761531 -0.041718 9.849671
1.005567 -2.790802 10.259769
2.037353 -1.074700 15.064696
1.747059 -2.487167 9.684996
1.353725 -3.522425 15.040828
1.640253 -3.410566 14.570613
1.866966 -0.310875 11.714223
1.993887 -1.519058 12.973031
1.057451 -0.286958 11.610346
1.736674 -3.345820 15.274444
1.071635 -0.287259 11.822145
0.909993 -3.489048 13.239975
0.318247 -0.912639 13.652462
1.303150 -3.380029 14.597835
1.995082 -3.059805 16.775890
1.420993 -3.341257 13.878547
0.198078 -2.631309 11.779883
1.749024 -3.451333 16.533199
0.692232 -1.357145 15.757336
1.999199 -3.802263 16.787762
1.088837 -0.009098 9.795018
1.490914 0.058234 9.216317
1.001274 0.053615 9.319633
2.146156 -2.929450 15.290667
2.207934 -2.912955 12.558982
1.756052 -0.041801 9.862415
1.773231 -0.061130 9.934715
1.486763 -3.348891 13.056220
1.429546 -3.727961 15.629009
2.008732 -3.272753 16.133184
0.619386 -3.644483 12.635489
1.312407 -3.613836 14.567546
0.299000 -0.885457 14.283011
2.150486 -0.672621 13.756770
0.609188 -3.580979 13.481327
1.020231 -0.148494 10.807143
1.343510 -2.470679 18.962555
0.864989 -4.068959 17.881155
1.991038 -2.623142 12.654691
2.054135 -2.999321 13.169875
0.296820 -0.276006 11.732868
0.735453 -0.314595 11.901254
2.207261 -3.156370 15.573439
0.643651 -3.563313 12.455538
0.528416 -3.667557 12.568740
2.014825 -3.258776 16.117491
1.033482 -0.143188 10.850974
1.422210 -0.455197 12.763399
0.363950 -0.415680 12.351023
2.022889 -1.568571 12.402994
1.705474 0.054071 9.198197
1.760210 -2.112143 11.314072
0.749721 -0.012704 9.939656
0.751448 -0.012750 9.939538
2.016401 -2.953819 13.046842
2.198210 -2.544964 16.294287
2.180225 -2.775894 17.835634
0.946104 -0.020444 9.919637
2.105012 -2.508438 15.843801
1.810174 0.016025 9.801949
1.776876 -0.046212 9.933967
1.947933 -3.329831 16.145182
1.100044 -1.416168 17.225225
1.363596 -0.062695 10.211396
2.185262 -1.804730 13.003204
1.745863 -0.167679 10.266641
0.668562 -2.503024 16.201908
1.034810 -0.146634 10.877152
0.340217 -3.836084 14.398996
1.438951 -3.099073 11.383002
0.341656 -0.925778 12.741554
1.470402 -4.044731 18.563828
1.793146 -0.032735 9.951115
1.379670 -0.040609 10.154804
1.229273 0.022409 9.739993
1.760360 0.027880 9.638661
1.376275 -0.040454 10.156118
1.415419 -0.014437 9.910683
0.612323 0.008784 9.979593
1.761007 0.029223 9.638575
1.096098 -0.308976 11.907927
1.605360 -3.173700 16.588266
0.672423 -1.341227 15.034439
2.034289 -3.023409 17.735113
0.321323 -2.237469 11.814308
0.827813 0.060292 9.620434
0.828412 0.059709 9.619617
0.827656 0.061531 9.605002
1.660365 -0.866571 15.228884
1.416300 -0.297491 12.063137
1.815940 -0.094459 10.303366
1.565427 0.001673 9.830571
1.566041 0.000545 9.830409
1.796798 -0.092471 10.399673
1.565621 0.002149 9.832468
1.837298 -0.131350 10.638948
0.720840 0.033865 9.873079
0.758350 0.001207 10.056385
1.755969 -0.020355 9.896324
1.780256 -3.292562 12.686526
0.653977 -0.001844 10.109032
0.719795 0.034367 9.873323
0.599732 0.011544 10.071798
0.883326 -0.001366 10.037060
0.880834 0.000241 10.037625
1.236394 0.035541 9.751050
1.652521 -3.309830 15.907894
0.880904 -0.001766 10.037685
1.774810 -0.005709 9.774091
1.568855 0.007727 9.841273
0.804148 -1.711123 18.187471
0.708359 -2.901577 16.562998
1.701569 -3.466268 19.478918
0.714520 -1.381488 16.492580
1.746915 -3.261779 15.006704
1.943340 -1.058548 14.633544
1.914150 -2.221274 11.675270
1.793622 -1.528990 12.521196
1.590276 -2.587403 13.713017
1.562974 -0.388586 10.422275
2.196742 -2.539010 16.295168
1.897876 -3.663097 16.315742
1.875679 -3.561395 17.294044
1.187524 -2.527033 15.406661
1.243849 -3.389668 19.643946
1.562243 -0.140319 10.816544
1.242540 -2.338372 17.888973
1.054332 -0.164203 11.087794
1.455404 -3.151963 11.625947
0.884889 -0.006298 10.136622
0.684608 -0.155616 11.115138
1.889166 -0.247635 10.914911
2.187238 -2.768892 15.426685
0.221937 -2.348047 11.305488
0.756469 -0.304900 12.157625
1.823884 -0.125187 10.510440
1.967560 -0.483402 12.655154
1.449571 -0.055159 10.105203
1.058738 -0.047726 10.144512
1.209907 -0.063355 10.228179
1.658617 -3.475147 12.155272
1.360899 -0.064547 10.196083
1.737955 -0.051834 10.081615
0.913560 -0.712370 14.446323
1.177792 -0.149718 10.771371
-0.257260 -1.438218 11.530631
1.466137 -0.195543 10.968062
0.941563 -0.091746 10.443202
1.818986 -3.229646 12.638362
1.800848 -0.178266 10.780383
1.837460 -0.194728 10.830809
1.780745 -0.099434 10.219783
-0.258450 -1.440456 11.528850
1.048471 -0.217061 11.229184
0.769883 -0.213554 11.262774
0.616868 -2.123973 16.689545
-0.220781 -1.379605 11.540627
1.044144 -0.222279 11.229293
1.833386 -0.229300 11.102108
1.707485 -3.649067 15.128680
2.053182 -1.064596 15.156813
2.001676 -0.573170 12.837383
1.220923 -3.034877 11.837425
0.688534 -3.867774 15.210200
1.838795 -0.211063 10.880244
1.357902 -0.069999 10.188822
1.742985 -0.201328 10.956768
1.927770 -3.233181 12.891555
1.784679 -0.198607 10.900287
1.001651 -0.227183 11.276256
1.418406 -0.129944 10.535433
1.957750 -1.716135 12.094031
1.918782 -1.710835 12.223638
1.804945 -0.139360 10.499293
0.749989 -0.136453 10.730646
0.694303 -1.182272 16.196712
1.318726 -3.280563 12.332199
1.289910 -3.783942 14.939787
2.104805 -1.520921 12.517610
2.365003 -0.535202 14.083908
2.256586 -0.573760 13.795582
1.517609 -0.178911 10.832179
2.191573 -3.508055 15.403425
1.441536 -3.212000 12.145681
2.136238 -1.660547 13.820359
2.158532 -1.597912 13.449057
2.143702 -0.676954 13.725445
2.146502 -1.078359 15.724569
2.192993 -1.663380 18.338665
2.122264 -0.676799 13.625539
0.303234 -3.604495 13.894741
1.826452 -3.834436 15.569382
1.167817 -0.572372 13.372824
1.249207 -0.093413 10.337755
1.994160 -2.213289 19.906435
1.663485 -3.397173 20.082754
0.691722 -0.081538 10.416659
0.298718 -0.220886 11.727843
1.417171 -0.124876 10.537226
2.106492 -2.730110 15.207090
1.811107 -3.221520 12.675274
0.246709 -0.132192 10.833887
1.799265 -0.178278 10.738543
1.850731 -0.245376 11.177713
1.675333 -3.661608 14.462507
1.796039 -0.182563 10.743280
1.703803 -0.356349 10.966707
1.940054 -2.978652 19.793535
2.380438 -2.296125 18.600414
1.760697 -3.111227 11.843350
0.718503 -0.223033 11.392463
2.131063 -0.684264 13.727334
0.173576 -0.241932 11.626977
0.172765 -0.243528 11.627169
0.287479 -0.250163 11.635496
1.291884 -0.859328 14.977595
2.026677 -1.505176 12.337087
0.511406 -3.606172 12.917109
1.859408 -0.237120 11.196557
0.331688 -2.415727 11.659396
0.281947 -0.990080 14.134104
0.217781 -2.388941 11.440577
1.118458 -0.380815 12.360506
0.811792 -0.219196 11.291805
0.204797 -2.459237 11.519243
1.834208 -0.210912 11.036127
0.299407 -2.633750 12.222391
0.349609 -0.582817 13.627808
1.450966 -3.176842 12.152758
1.013129 -0.092039 10.418514
1.800061 -0.116733 10.351358
1.826477 -0.168984 10.707752
1.876198 -0.224865 11.122763
1.801596 -0.326491 11.918538
1.179340 -3.236610 12.209370
2.094440 -1.713002 15.148378
0.315573 -1.304655 12.975314
1.080457 -0.243353 11.420455
1.279897 -3.193945 12.110973
1.816012 -2.495369 13.765423
1.443360 -3.224308 11.713893
1.332585 -0.862790 15.241816
0.625477 -3.590007 13.491962
1.320237 -3.272383 13.211166
0.348490 -0.420775 12.757120
1.783593 -3.252253 12.814898
1.755506 -3.200327 12.825090
1.919679 -1.592617 12.122643
0.604086 -3.586092 13.489286
1.887796 -2.202668 11.587590
0.897696 -1.786377 18.505524
1.847607 -0.273451 11.338986
0.309139 -1.555742 11.985027
1.451386 -3.224729 13.124216
0.230801 -2.307386 11.308989
0.229027 -2.331839 11.318485
0.320874 -1.468850 11.684315
1.171427 -0.162294 10.741691
0.331630 -1.518740 11.717815
0.559134 -0.163215 10.897324
1.329468 -0.150699 10.640040
0.733597 -0.256152 11.512695
1.845999 -0.202219 10.937525
0.775650 -0.143867 10.704741
1.092093 -0.265277 11.438470
0.736438 -0.258521 11.511883
0.740957 -0.255509 11.510875
1.163868 -0.162714 10.743570
0.749982 -0.254925 11.510650
1.076712 -3.935500 18.882954
1.823718 -0.208291 11.039598
0.467845 -0.138073 10.775122
0.467814 -0.139652 10.775074
0.277381 -1.289477 13.450619
0.868156 -0.600691 13.676052
1.264649 -0.586670 13.751076
1.978031 -0.436737 12.559814
1.903600 -2.031071 11.718996
0.796803 -3.103415 17.545261
0.732341 -3.020233 17.127489
1.475008 -3.315758 12.839426
2.075631 -1.345954 16.771458
0.608997 -3.523211 13.348999
1.574055 -0.737755 14.342163
0.684671 -2.150440 17.029175
2.088540 -3.324471 16.998611
1.268890 -3.545842 12.748249
1.043513 -1.036929 16.178753
0.705092 -0.436611 12.787949
1.867981 -0.305895 11.643169
1.849903 -0.271417 11.360146
0.297866 -0.268616 11.658462
0.332446 -2.477056 11.809277
2.476941 -3.641635 14.690141
1.838770 -0.212997 10.924340
