ply
format ascii 1.0
element vertex 11217
property float x
property float y
property float z
end_header
-0.828934 -1.243569 20.721899
0.499282 -1.885630 20.526653
1.106934 -0.433599 19.746126
-0.653485 -1.927438 19.860880
1.429289 0.276434 20.963911
-0.729490 -1.143711 19.185436
-0.722924 -1.141147 19.185001
-0.319688 0.718748 19.076010
-0.632731 -1.186607 19.697504
-0.466119 0.726441 19.102747
0.865793 -1.141968 18.221355
-0.552014 -1.804851 21.168262
0.915762 -1.969551 19.137533
0.887253 1.027575 19.028246
-0.214597 0.733923 19.477673
-0.237171 0.836034 19.672638
0.956716 0.035213 19.227591
0.575825 1.368070 19.818380
-0.414696 0.728513 19.460527
0.423489 -1.989677 19.392982
-0.738989 -0.996020 19.140507
0.928020 0.292032 19.099401
0.634186 -2.031763 18.900726
-0.439437 0.558934 19.380188
0.192989 0.448430 18.258675
0.885127 -1.763369 18.235565
0.746471 0.778610 19.817202
-0.695177 0.667378 19.604959
0.893068 -1.900491 18.749279
0.939467 -0.353037 19.169493
0.794711 -1.987560 19.302519
1.037962 -0.043473 19.628132
0.872102 0.971427 18.921587
-0.509624 0.871581 20.552015
0.910918 -1.984560 19.029190
-0.690874 0.161527 21.200623
-0.701565 -1.992768 19.228102
0.881286 0.232960 20.136082
-0.291151 -1.992121 19.428783
-0.460009 0.672758 18.920311
1.079766 0.517956 21.158442
0.154054 -1.900394 20.445894
0.911343 -2.001651 18.816996
0.847809 0.063341 18.124908
-0.214554 -1.994996 19.396406
-0.296971 0.631355 18.771820
-0.731581 -1.273853 20.758503
0.170259 -1.903416 20.446033
-0.712675 -1.087214 19.263723
-0.230084 -2.011549 19.417017
0.872015 1.084486 20.477154
0.868311 -1.138441 18.196041
-0.745282 -1.125528 19.094118
1.359411 0.245948 20.716993
-0.746843 -0.049240 18.156301
0.505192 -1.889710 20.447882
-0.245638 1.224581 21.384050
-0.039581 0.712195 18.914099
-0.557710 0.970833 20.790859
-0.538477 0.677963 18.877937
-0.033999 0.714308 18.913553
-0.710745 -1.398652 19.197382
-0.913012 0.943532 21.185524
-0.742948 -0.461360 19.169548
0.504932 -1.887566 20.449202
-0.153230 0.704392 19.440176
-0.719774 0.513763 21.333221
-0.735223 -1.000346 19.137085
-0.777887 0.468634 18.227346
0.624225 -1.847611 20.692539
0.431599 -1.992024 19.315691
-0.754937 0.219745 18.775135
-0.448736 0.644262 19.551687
0.490250 -1.899949 20.445761
-0.661099 -1.212239 19.907555
-0.766767 -0.017024 18.305401
0.154830 -1.903687 20.443834
-0.918643 0.178900 21.279776
-0.744052 -0.054199 18.144184
0.809967 0.264994 17.670498
0.482246 -1.981600 19.343460
-0.715575 -1.094598 19.043636
-0.655210 -1.211458 19.809309
-0.515793 0.581142 20.557621
0.943980 -1.905637 19.190065
-0.714092 -2.034036 18.995470
-0.573841 0.735888 19.492834
0.851346 0.942921 18.909195
0.619125 -1.995995 19.211529
0.854840 0.922946 18.836676
-0.719535 -1.108182 19.093491
-0.474855 0.761916 20.303682
-0.584962 0.708297 18.501654
0.481911 -1.977344 19.335213
-0.521253 0.640405 18.160271
-0.609310 0.855953 19.737074
-0.636931 -1.997139 19.181053
-0.755473 0.135137 20.078402
-0.637348 0.756203 18.593430
-0.602914 0.709964 18.439541
0.934355 -1.061543 18.999434
0.938142 -1.038875 19.082848
-0.167345 0.798620 19.589903
-0.655744 -1.215322 19.807203
-0.709064 -1.090650 19.001627
0.821440 1.114270 18.461021
0.865474 -0.484420 18.194178
-0.722513 0.078170 18.995653
0.477370 -1.899055 20.427147
0.861938 -0.006652 18.119932
0.841136 0.902956 18.816732
-0.521287 0.685341 18.381243
0.488859 0.996201 18.509434
-0.248658 0.402769 18.242018
0.856776 0.170938 18.126337
-0.687028 -1.980169 19.166847
-0.548902 0.712918 18.927982
-0.693410 0.718735 18.309517
-0.744999 0.482099 18.475887
0.828888 0.137551 18.067537
-0.673318 -1.715228 19.099091
1.311888 0.210401 20.542410
-0.720337 -0.998307 19.083721
0.873929 -1.137052 18.238743
0.827170 1.011774 18.644918
0.854047 0.174893 18.128786
-0.500242 0.589332 18.106600
-0.529384 0.738389 18.526945
-0.789823 0.219171 20.357954
-0.654486 -2.025581 19.271135
-0.628056 -2.001086 19.312082
0.748547 -1.908816 20.363390
-0.530795 0.732363 18.550957
-0.585802 1.057956 21.002783
-0.636373 0.723776 18.949703
-0.696305 0.499501 18.828800
-0.794026 0.264427 18.855341
0.931013 -2.004437 19.084263
-0.737892 -1.051764 19.227905
-0.649981 -2.025639 19.276583
0.076926 -2.013124 19.266836
0.864350 -0.003034 18.137486
-0.383662 0.392641 18.206057
-0.517917 0.715171 18.563955
-0.184021 0.389098 18.211933
-0.185550 0.392501 18.217417
0.955878 -1.366737 19.306423
0.894093 -1.881646 18.267122
0.824603 -1.204976 17.515705
-0.488571 0.700025 19.749767
-0.186681 0.393229 18.216318
-0.254678 0.410706 18.246702
0.825073 -1.204457 17.515549
0.894051 -1.245651 18.240454
0.600940 -2.045345 18.751822
0.829956 -1.177968 17.356842
-0.455630 0.672364 18.854702
0.455509 1.226720 19.680248
-0.137546 0.428627 17.897633
0.482971 -1.898554 20.338549
0.886622 -1.244770 18.213261
0.600329 -2.046760 18.752119
0.898798 -1.048700 18.890162
-0.470675 0.715728 19.002655
-0.206296 0.732507 18.972366
-0.413970 0.439456 18.261831
-0.590974 -0.598831 19.226799
0.819364 -1.933336 19.984068
-0.435167 0.510751 18.375553
-0.206377 0.508437 18.396263
-0.634567 -0.460893 19.296766
0.209030 0.535346 18.396791
1.290800 0.215051 20.417164
0.577555 1.394483 19.877344
0.037119 0.698371 19.895658
-0.578505 -1.809460 20.167105
0.905039 0.258280 19.051590
-0.549852 -1.719480 20.602987
0.723381 -1.894165 20.283476
-0.617711 0.692777 18.899382
-0.577909 -1.944312 19.556515
-0.660684 -1.004280 20.975521
-0.117401 -1.845923 21.220888
0.913373 0.270540 19.081181
-0.128326 -1.968845 19.464558
1.093367 -1.832542 20.679201
0.826402 -1.810422 20.920195
0.946254 -1.884807 19.220890
0.858774 -0.082622 18.097176
0.818313 -0.598532 17.105549
0.836460 -1.092893 17.388092
0.832641 -1.116498 17.292294
0.827395 -1.177412 17.171879
0.846088 -1.293518 17.445126
1.004792 -0.419487 18.527796
0.912882 -1.140945 18.318916
0.863581 -0.000974 18.134481
1.035340 -1.160635 18.669548
0.784576 1.164712 19.633692
0.941172 -1.925528 18.379047
0.296690 -2.065582 18.584579
-0.244987 -2.014928 19.231577
0.564208 -1.814778 20.902657
0.671459 -2.055745 18.570833
0.879400 -2.061734 18.238552
0.862231 0.035100 18.094170
0.827924 0.290697 17.583315
0.951153 -0.435383 18.434799
1.012364 -0.524602 18.592165
0.849953 0.050809 18.120029
0.299396 -2.066804 18.584023
0.958738 -1.826964 18.426058
0.832664 -1.367634 17.038694
-0.211695 0.684810 19.374729
0.382501 -2.003136 19.093555
0.391131 -2.001500 19.129730
-0.956230 0.240702 21.373596
-0.849601 0.974943 20.785194
-0.285163 0.697260 18.880154
0.624899 -1.989739 19.208612
0.449354 1.197616 19.630592
-0.541116 -1.742686 21.390993
0.857947 -0.076983 18.087858
0.588162 -2.051241 18.604240
-0.112155 0.396626 17.864384
0.587068 -2.043385 18.678808
-0.612755 -1.552247 19.628271
0.838022 -1.367352 17.045185
-0.515508 0.710247 18.516005
0.799488 -0.595267 16.959812
0.860640 -1.767686 18.236401
-0.502053 0.673284 18.461733
0.843348 -1.093714 17.412149
0.841851 -1.199938 17.448271
-0.312623 -2.018489 19.197281
0.817897 -0.606383 17.166439
-0.206965 -2.089588 18.469170
-0.251945 -2.038677 19.191805
0.213022 -1.832331 21.154724
-0.726555 0.138963 20.033377
-0.658198 -0.021282 20.916285
-0.560383 0.695655 19.414106
-0.605569 -1.766461 19.621933
-0.498841 0.726906 19.477432
0.533221 -1.950490 19.657375
-0.608816 -1.774004 19.645245
-0.511352 -0.042630 21.352415
-0.524913 -1.709774 20.685621
0.834581 -0.140602 17.677608
-0.565215 0.164822 21.500937
1.077487 -1.826973 20.627512
-0.576899 0.148873 21.529297
1.070301 -1.821200 20.618841
0.822279 -1.114732 17.278387
-0.241068 0.761574 19.523169
-0.239338 -2.022578 19.116608
-0.286237 0.714495 18.908825
-0.402072 0.437144 18.279404
0.934314 -1.039982 19.071188
0.514653 1.083522 18.631733
0.496974 1.416176 20.259897
0.890390 -0.479301 18.230324
0.826165 -1.177214 17.348475
0.823510 -0.582582 17.169554
0.815627 -0.687711 17.161343
0.885731 -1.892007 18.303352
-0.113427 0.401407 17.868446
-0.201136 0.712747 18.897133
0.531492 -1.827826 21.194529
-0.650525 -0.073072 19.706770
0.812436 -0.314096 17.183582
0.745071 0.933924 18.221714
0.812356 -1.197312 17.081732
0.842509 -1.209210 17.578445
0.911990 -1.977751 18.909803
0.815920 -0.600821 17.101395
0.966637 -1.897051 19.288475
0.868089 -2.054317 18.219540
0.873819 -2.023534 18.263235
0.813374 -0.607626 17.155436
0.837414 0.627294 17.845310
0.937936 -2.014984 19.076662
0.595062 -2.038847 18.637638
0.810599 -1.077172 17.065928
0.819916 -0.742229 17.182575
-0.605840 0.740463 18.523790
0.837759 -1.096888 17.380817
-0.676149 -1.078653 19.036829
-0.694143 -1.088026 18.926424
0.806711 -1.173667 17.115366
-0.685585 0.474220 19.053957
-0.524157 -1.730353 19.186962
1.124611 -1.417658 19.989851
-0.192757 0.601077 18.717110
0.871779 0.987933 18.972061
-0.600677 -1.789725 21.028513
-0.266989 -2.101785 19.352972
0.611028 -2.041035 18.636341
0.829474 -0.247455 17.206726
-0.424211 0.393713 17.965542
0.825229 -1.114830 17.286427
-0.027326 0.901588 20.569403
-0.701057 -2.015670 18.812927
-0.693675 0.404148 18.415894
1.087453 -1.803649 19.811075
-0.210335 -2.107439 18.508080
0.298091 -2.064395 18.576361
-0.568805 0.638200 18.408602
-0.691107 0.417059 18.503181
0.825334 -1.113019 17.287352
0.911093 0.283743 19.065369
0.783060 1.151285 19.604046
0.798773 -0.758657 16.968390
0.797542 0.243570 17.148157
0.922937 -1.927207 18.402815
0.697378 0.960017 20.857100
-0.420043 0.566798 19.472958
0.525961 -1.834152 21.273203
0.069695 -2.051083 19.052662
-0.689395 0.039426 21.201571
0.458368 -1.551961 12.234140
-0.776448 -0.064634 10.016509
-0.630530 0.311416 11.035797
-0.185297 -2.480591 14.319033
-1.038471 -2.923083 9.415941
0.115424 0.247338 17.086107
-0.452986 -1.628425 16.196968
0.499703 -1.944825 14.797627
0.245474 0.703799 13.604458
0.489251 -0.362955 11.784621
-1.034251 -1.006703 12.967966
-1.164526 0.690621 13.843698
-0.487838 1.106478 13.696131
-0.993957 -2.667626 11.870019
-0.575788 0.081138 15.441961
-0.830708 -0.605689 14.424250
-1.157636 0.614377 14.013594
-0.563603 -2.685361 11.662038
-0.630008 0.033471 14.849503
-0.979979 -2.516471 12.917530
-0.591572 0.038313 10.572234
0.629550 0.486854 14.216339
-0.298907 -0.228099 15.940495
0.296375 0.635219 12.984452
-0.994412 -0.931077 11.418447
-1.272318 -0.334049 10.470880
0.018281 -2.490557 12.111731
-1.091711 -0.065993 9.973855
-0.745184 -0.159688 10.166959
-0.500755 -2.380290 13.159769
-1.174814 -2.851296 10.023886
-1.045076 -0.063687 9.891559
-0.650158 -0.388461 14.628409
0.543460 -2.486499 12.652699
-0.829925 -2.168538 16.492315
0.153388 -0.076405 10.533609
-1.023390 0.078727 12.916868
-1.124635 -2.759645 12.106186
-1.016755 -0.139966 10.290770
-0.743646 -0.009525 9.946301
-0.568793 -0.460135 15.420696
-1.261099 -2.980207 10.857071
0.676919 -1.990372 16.827400
-1.030848 -0.086271 9.849458
-1.091955 -0.080303 9.787177
0.181693 0.585853 12.928962
-1.096121 -0.728243 12.862248
-0.613635 -2.675296 11.566770
-0.824105 -0.049131 9.978432
-0.243318 -2.816181 9.908547
-1.003799 -0.285251 10.226841
0.554558 0.019499 14.443229
-0.139203 0.053519 13.718954
-1.105578 0.064750 14.037260
-1.068934 -0.055588 9.593755
0.054217 -2.559850 12.371466
-0.472619 0.680097 14.255098
-0.997934 -0.095548 9.827142
-0.290687 -0.466021 16.391075
-0.840021 -0.249119 13.868562
-1.104392 -0.048795 9.841538
-1.189465 -2.904760 9.643430
-1.080862 -0.012548 9.813216
-0.861032 0.038187 9.960462
-0.960226 -2.903403 9.620916
0.663631 -1.451948 13.988247
-0.668793 0.229824 12.803202
0.704353 -0.085985 16.851288
-0.243528 -2.822928 9.920782
-0.425197 -2.373320 9.228585
-1.007554 -2.219519 13.788904
-0.450757 -2.870670 9.525205
-0.013333 -2.387562 9.257963
-0.260687 -2.865809 9.524862
-1.216811 -2.909405 10.699869
-0.776133 -0.075231 10.011756
-0.443516 -2.862054 9.541175
-0.481879 0.299288 14.644293
-0.064041 -2.334243 15.734096
0.004092 -2.489433 9.299533
-1.223045 -2.919375 9.352290
0.096606 -2.417065 13.278646
0.589199 -2.207461 13.779866
-0.336914 0.159729 14.557468
0.094097 -2.417608 13.189618
-0.453052 0.309847 11.847416
-0.648767 -1.181338 17.218294
-0.350184 -2.499996 9.240215
-0.896603 -0.185118 9.093076
-0.225046 -2.419380 13.187546
0.305485 -0.589526 15.754353
-0.256323 -2.565669 12.378701
-1.046329 -0.105254 9.669225
-1.187226 -2.898597 9.621518
0.043986 -0.199682 9.920277
0.059501 -0.354931 9.300230
-1.026838 -0.096565 9.864406
0.591860 -1.954716 12.984299
0.059609 -0.177085 9.943004
0.566402 -0.479614 12.869756
-1.077176 -0.094419 9.796825
-0.994632 -0.095554 9.832908
0.196969 -0.548795 15.686857
-1.193200 -2.905848 9.636996
-0.442069 -2.875922 9.611327
-1.051040 -0.117686 9.428797
-0.802979 -0.105501 9.709710
-0.449620 0.089361 11.308342
-1.036316 -0.087637 13.415985
0.559905 0.379750 11.046737
0.514463 -0.353068 12.533830
-0.835316 -0.194105 14.108408
-1.146142 -0.050265 10.231503
-0.682501 0.475765 16.912016
0.183541 -1.803866 15.413555
-1.075740 -0.884213 12.567867
0.002931 -1.148108 16.475286
-0.579067 -2.712882 11.615801
-1.079167 0.452860 13.549812
-0.448920 -0.041452 10.966303
-0.747782 -2.060689 14.451921
0.025145 -2.586424 12.426434
-0.353935 0.543632 13.916275
-1.064299 -0.086756 10.082391
0.455189 -1.638166 14.931747
0.577774 -1.976806 14.467752
-1.107448 -2.752668 10.935325
-0.466528 0.094655 14.608719
-1.050287 -2.682512 11.588937
-0.378061 0.130337 13.520813
0.017613 -2.579614 12.153415
0.009481 -2.572391 12.203553
-1.072781 -0.102211 10.703440
-0.210398 -0.424643 8.873017
0.210719 -2.217545 15.033689
-1.155264 -0.177595 9.021669
-0.000365 -2.476430 9.265247
0.560135 0.360304 11.026954
-1.016563 -0.147925 9.124481
-0.580014 -0.284544 8.999166
0.252397 -0.993433 17.298412
-1.078691 -2.739142 11.719313
-0.523664 -1.679498 15.977826
0.063456 -2.316233 13.102499
-1.036674 -0.119516 9.699754
-0.220895 -0.605833 14.361247
-1.093627 -0.141289 9.499538
-0.747303 -0.117862 9.748056
-0.573128 -1.771567 21.235701
-1.186719 -2.885751 9.633950
-0.831932 -0.112603 9.617521
-0.437758 -0.377218 14.145899
-0.748941 -0.115430 9.747857
-0.888859 -0.132579 9.464230
-0.802052 -0.119133 9.684180
-1.165854 -2.853021 10.209593
-0.975230 -0.138998 9.360031
-1.193224 -2.918317 9.676600
-0.027429 -2.626637 9.612627
-0.904271 -0.095220 9.522536
-0.816150 -0.069900 9.615992
-0.956127 -0.102150 9.642553
-1.062487 -0.141767 9.625486
-0.835095 -0.078153 9.711642
0.633743 -1.409980 13.904753
0.247916 0.525273 12.696654
-1.088024 -2.713717 10.288337
-0.768307 -0.019931 10.502831
-0.707762 -1.039015 13.882261
-0.792461 0.129305 13.398940
0.735114 -1.976463 13.906893
0.474916 -1.955177 13.755384
0.333279 0.038222 14.993999
-0.672375 -1.997536 14.629280
0.416001 0.203862 15.878016
0.270533 -0.145123 15.272635
1.307604 0.002321 11.346002
0.653311 0.554619 11.464092
0.887611 -1.843769 18.260130
0.523123 -0.324289 12.561008
-0.945082 -2.147827 12.926766
-0.541318 0.000243 11.022663
-0.785245 0.192879 13.715465
-0.413044 0.030019 11.097805
0.436527 -1.266552 14.079143
0.061626 -0.716292 15.650421
-1.001158 -2.701472 11.597977
-0.264613 0.091203 13.371428
-0.588277 -0.524802 14.256920
0.480457 -2.399309 12.286471
1.210122 0.163328 10.926437
-0.764407 -0.206616 9.611517
-1.004008 -2.631718 11.982487
-1.145961 -2.802829 10.557860
-0.299502 -0.410991 8.905211
0.515163 -1.972622 13.987902
-1.051213 -0.096679 9.678232
-0.271175 -0.005701 10.459331
0.050588 -2.921354 9.228325
1.324541 -1.784801 10.850193
-0.091168 -1.670062 15.336111
0.078737 -0.772056 15.362568
-0.353807 -2.557284 9.432083
-1.227324 -2.937080 9.235653
-1.144845 -2.804971 10.142971
-0.322794 -0.447785 8.715834
-1.264765 -2.902662 8.862783
0.074591 -0.297550 8.915249
-1.240742 -2.972758 8.880735
-0.741344 -0.159494 9.298838
-1.122348 -0.185223 8.835784
-0.159277 -2.914963 9.300776
0.516260 -2.451189 12.490564
-0.539274 -0.346401 13.308846
-1.182298 -2.857312 10.006336
-0.444020 -0.163744 13.259118
-0.941087 -0.121181 8.993103
0.017371 -2.882491 9.666217
-1.124271 -2.760049 10.747585
0.030754 -2.381310 12.587603
-0.417761 -2.926284 9.204225
-0.012833 -2.372701 9.163767
-1.216013 -2.933979 9.205711
0.336909 -0.671534 13.923437
-0.629219 -0.411358 14.300517
0.531753 -0.474083 12.763765
0.477556 0.095618 13.005191
0.596417 -1.630242 13.145962
-0.532600 -0.267215 10.346447
-0.100456 -1.401083 15.688437
0.676969 -0.042203 10.263616
0.552458 -1.934771 12.791510
-1.148456 -0.135364 9.385701
0.649937 0.396804 12.614750
1.316942 -0.014985 11.280106
0.133977 0.228114 11.823836
-0.558341 -0.456606 8.737671
1.405128 -1.025517 11.533176
-1.059676 -0.124601 9.456654
0.017538 -2.956919 8.844299
-1.237104 -0.382602 10.381461
-0.782445 -0.136368 9.745525
0.083537 -1.287462 14.781792
-1.171325 -2.844758 10.246378
-0.930364 -0.173331 9.033608
-0.152975 -2.915503 9.263258
-0.994361 -0.132612 9.395306
0.084286 -0.812441 14.807926
-0.575660 -0.638812 13.747771
-0.219475 -0.442953 8.824923
-0.892106 -0.167848 9.378287
-0.379106 -2.495102 9.279926
0.685039 -0.146770 14.321750
-0.418389 -2.938315 9.217861
0.035566 -0.404602 8.752295
-0.271525 -0.442063 8.875223
0.821209 -0.124936 9.712501
-1.237240 -2.966655 8.848767
-0.024840 -2.661130 9.802027
-0.814991 -0.221549 8.860802
-0.577810 -0.433248 8.576855
-0.564121 -0.462726 8.613260
-0.814602 0.091195 13.618369
-1.187308 -0.144896 9.382150
-1.077792 -0.829327 11.936301
0.953065 -1.454096 11.568685
-0.822663 -0.182121 9.362313
-0.796768 -0.237855 8.955850
-1.107128 -0.199373 8.891417
-0.276528 -2.924365 9.254807
-0.246753 -2.433014 12.615408
-0.253282 -2.425367 12.362569
-0.239288 -2.408876 12.691539
-1.091620 -0.812476 12.087767
-0.516023 -2.488826 12.638777
0.477052 -2.389125 12.251570
-0.923377 -0.165301 9.313947
-0.144564 -1.928163 13.192141
-0.461441 -0.001545 13.179025
-1.071105 -0.154426 9.931460
1.397955 -0.939381 11.483339
-0.288160 -2.927944 9.205654
-0.436928 -2.409128 9.378805
-0.149611 -2.920732 9.193042
-0.093532 -2.496867 9.187955
1.400568 0.092515 11.625765
-1.227364 -2.931502 9.146876
0.454194 -0.380110 11.604876
0.083985 -0.691161 13.294356
-0.149611 -2.918746 9.192963
-0.815061 -0.187992 9.256820
0.309364 -1.348121 12.995217
-0.568223 -0.380797 8.752533
0.097196 -0.842702 14.895988
-0.516728 -2.521053 12.762483
0.021043 -0.850448 14.818300
-0.558584 -2.620173 11.968451
1.424525 -0.278975 11.565380
-1.036259 -0.091176 9.220624
-0.416745 -0.020184 11.003806
-0.358476 -1.532598 13.553139
-1.127189 -0.049426 9.965554
-0.302762 -2.584625 9.503258
0.139100 -0.547111 14.176237
-0.962678 -0.000698 12.095900
0.807740 0.140381 10.654915
0.228779 -0.228711 13.712184
0.294068 -0.727115 13.499041
-0.107076 -0.075461 13.131364
0.566778 -2.651319 11.772957
-0.997968 -1.210941 12.678099
-0.996638 -0.121209 9.478388
0.173806 0.376688 12.704848
-1.241796 -2.959634 8.923714
0.145447 0.097137 10.598052
-1.021687 -2.998094 8.673359
-0.470533 -0.433722 8.558721
-0.480827 -0.339284 8.829213
-1.072156 -2.687324 9.931907
-1.215419 -2.925556 9.311291
-1.140354 -0.149472 9.085047
-1.022622 -2.997241 8.673287
-0.560721 -0.469420 8.602419
-0.875858 -0.118732 8.952088
-0.480577 -0.623441 14.212770
-0.759201 -0.169046 9.294391
-0.782669 0.002058 12.836651
0.262076 -0.644056 13.031299
0.265320 -1.102957 12.384209
-1.069327 -2.671937 11.424317
-0.641254 -0.754336 12.917541
-0.592893 -0.386050 8.544292
-0.480596 -0.262212 8.978812
-1.101073 -0.099056 9.623996
-0.730503 -0.110078 13.084315
-0.485420 -0.259294 8.978442
0.002998 -0.052159 11.094638
-1.235852 -2.967597 8.879421
-0.717456 -2.939662 9.134708
-0.922969 -0.162856 9.327296
-1.262648 -3.010347 8.474828
0.051766 -2.910933 9.249967
0.015626 -2.948817 8.838500
-0.305610 -2.985454 8.589413
0.018372 -2.949375 8.838661
-1.028922 -0.147124 9.625268
0.360050 -1.964020 13.392007
-0.064918 -2.565801 9.468711
0.401900 -0.244531 13.122260
-0.011672 -2.374213 9.210205
-0.771211 -0.100481 10.298697
-1.209856 -3.004335 8.464651
-0.967102 -0.350198 10.114907
-1.087283 -0.123813 10.021970
-1.216775 -0.191654 8.530871
-1.271831 -3.004076 8.685637
-0.940265 -1.500039 12.907204
0.309521 0.359760 10.248740
-1.067979 -0.132723 8.654858
-1.124637 -0.141286 8.566100
0.397431 -0.525194 12.420479
-1.014450 -0.087444 8.664996
-0.819976 -0.097497 9.496634
-0.761520 -0.101811 10.235057
0.052407 -2.922334 9.209890
-0.717169 -2.957146 9.090212
-0.168034 -2.950657 9.009861
-1.271140 -3.007765 8.563910
-1.228967 -2.947547 9.079699
-0.830555 -0.177763 8.863259
-0.934582 -0.168227 8.845773
-0.991695 -0.164469 8.769761
-0.915247 -0.165448 9.003142
-1.064451 -0.169936 9.008052
-1.046642 -0.172626 8.683011
-0.883673 -0.127780 8.607922
-0.859609 -0.158507 8.721697
-0.902043 -0.153435 8.692065
-1.213667 -0.152528 8.509768
-1.281579 -0.166352 8.481393
-0.914195 -0.198657 8.920266
-0.174456 -2.946966 8.994438
-0.731071 -2.950708 9.076801
-0.724672 -0.098078 8.754415
1.464162 -2.383481 11.757094
-0.726176 -0.085515 8.766633
1.098527 -1.409400 12.161343
1.549847 -0.178790 11.922565
-0.697468 -1.136151 13.121623
-0.819839 -0.164087 8.997682
-0.455094 -0.035042 12.070439
-0.713485 -2.967393 9.023964
-0.895343 -0.186118 8.690081
-0.735112 -0.014697 8.879034
-0.950982 -0.160632 8.762637
-0.588454 -0.036860 8.837623
-0.565174 -0.447538 8.650702
-1.121246 -0.209825 8.694382
-0.589226 -0.036873 8.837599
0.226808 -1.953698 12.466299
-1.039110 -0.136470 10.383234
0.453824 -2.316337 12.102905
-1.246052 -2.961431 8.980629
0.954970 -0.027581 10.076726
-1.018860 -0.106283 10.433215
-0.532707 -0.380961 9.291871
1.358401 -1.770788 10.791333
-0.826008 -0.114863 8.896927
-1.237995 -2.973182 8.922178
1.374956 -2.623818 11.413366
-0.001189 -0.971913 13.401835
-0.708864 -1.049527 12.889948
-1.020450 -0.130637 9.833484
-0.135263 -2.849993 9.802923
0.201409 0.052818 11.043379
-0.265666 -2.716741 10.220976
0.471276 -2.410583 12.214259
-1.132513 -2.772851 10.680214
-0.427325 -2.834625 9.499182
-1.253301 -2.976055 8.685878
0.456610 -2.982587 8.425020
-0.566538 -0.421505 8.721663
-0.626114 -2.630865 11.742329
-1.220713 -2.944736 8.433061
0.280576 -1.378893 12.535854
-1.175675 -2.879516 9.582777
-1.263745 -3.013080 8.275594
-0.458196 -0.338052 12.725549
0.073652 -2.057639 19.079065
-0.279683 0.670473 18.824629
-0.952041 -2.360128 13.120222
-0.111246 0.403595 17.874571
-0.696743 -1.263682 20.488403
0.266736 -1.921372 12.854590
-0.439384 -0.220754 8.871111
-0.660415 0.589561 19.447035
-0.687749 -0.547346 19.775101
-0.710783 -0.189381 10.677062
0.417569 1.091841 18.652069
-0.762933 -0.384122 12.784833
0.507382 -2.336189 12.521244
0.561626 0.877414 17.946156
1.362693 -1.749156 10.808228
-1.280267 -3.038469 8.053620
-0.123685 0.372561 17.905859
-1.033739 -2.253781 14.046142
-0.429423 0.432382 18.038395
1.265104 -0.212981 10.175909
0.058656 -0.344695 9.337806
-0.133923 0.381590 17.841660
0.030544 -2.864333 9.128417
-0.006590 -3.031351 8.083427
1.260587 -2.449068 10.574243
-0.374737 -2.496413 9.365913
-0.474558 0.518806 17.920906
-0.582380 0.678313 18.431141
-1.068095 -3.023888 8.297057
-0.750881 0.107868 18.285496
-0.497148 0.607890 18.059650
0.840300 0.037103 18.090555
0.875116 -1.768695 18.219362
-0.474115 0.555138 17.992702
-0.216952 -2.959040 8.863998
-0.480755 0.581881 18.017965
0.268932 -1.810256 12.703918
0.414287 0.155269 8.681879
-0.625465 0.718932 18.026613
-0.131144 0.382921 17.842730
-0.225695 -2.276087 12.507301
-0.474019 0.588657 18.099833
-0.702984 -2.973528 8.800665
-0.315664 -2.923951 8.745044
-0.234290 0.625885 17.822784
-0.950262 -0.144982 10.253352
-0.771179 -0.043175 17.940762
-1.242132 -2.979134 8.515324
-0.083093 0.635138 17.696085
0.829608 -0.140699 8.971210
-0.908751 -0.173076 8.577647
-0.561529 -0.444149 8.653903
-0.951356 -0.092400 8.478657
0.925780 -1.051188 19.001097
-1.252492 -2.993684 8.560696
-0.716860 -1.279532 20.643026
-0.718871 -2.044948 18.893959
0.859317 1.050204 20.602325
-1.250034 -3.029501 8.400701
-0.973394 -0.189981 8.617861
-0.896615 -0.096689 8.604841
0.510816 -2.638557 11.744644
-0.844029 -0.227538 8.608250
-1.148441 0.052524 10.530253
0.844489 -0.499637 18.137403
0.142741 -0.632911 13.973525
-0.752249 0.426351 18.244764
-1.123283 -2.765579 10.521451
0.379354 0.812809 18.164032
1.007766 0.115489 9.582367
-0.422268 -3.392587 11.541369
-1.138680 -2.791311 10.341660
0.011521 -2.059217 12.254540
0.147802 -1.790466 13.985394
0.163970 -0.000150 9.704160
-0.614386 -1.874107 19.738054
0.145039 -1.873469 20.813152
1.347234 0.017461 11.413817
-0.625423 -1.064861 19.662079
-0.510108 -1.652567 21.160851
-1.231788 -2.943952 9.206465
0.814105 0.098708 17.997873
0.420054 -0.608706 11.949705
-0.784119 -0.119046 8.486610
0.326165 0.657499 17.922047
-1.033536 -1.357636 12.238770
0.012691 0.647597 17.792471
0.626094 0.616901 17.598602
-0.789883 -0.091168 8.543849
-0.529079 -0.415470 9.196647
0.104731 0.592932 17.696274
-0.378807 -3.019846 8.306707
-0.535879 -3.037650 8.031268
0.881779 -2.108609 17.901817
-0.892255 -0.142837 8.446273
-0.213588 -2.089318 18.165091
-0.832890 -0.162377 9.374854
-1.159037 -0.251218 8.443855
-1.264196 -3.010767 8.253898
0.436342 -0.027417 11.404655
1.141330 0.224898 10.780989
-0.569619 0.719830 19.456001
0.696005 0.651189 19.581856
0.286872 0.613899 17.634371
-1.268244 -2.999103 8.393949
0.207557 0.591630 17.603363
0.884106 -1.134560 18.284306
0.643894 0.632582 17.630127
-0.204666 -0.208608 12.844703
0.633226 0.617418 17.601995
-1.016354 -0.197983 8.403569
0.778505 0.626479 17.540092
-1.213581 -0.209752 8.190772
0.318846 -1.057196 13.211460
-0.230189 -2.245310 12.296735
0.111867 0.624290 17.748831
-0.844014 -0.232368 8.196524
-0.250137 0.611811 17.674370
-0.788008 -2.718055 11.197607
-1.178287 -0.272773 8.093673
-0.742050 -2.142246 17.962374
-0.616364 -0.137150 8.327074
-0.680286 0.587615 17.777792
-1.241493 -3.020743 8.263029
0.841176 -2.069910 17.778376
-0.710572 -2.088016 18.052963
-0.619820 -0.147486 8.312499
-0.079666 0.620413 17.679237
0.758240 0.646568 17.423950
0.212420 0.606652 17.627232
-0.894278 -0.219920 8.150537
-0.154344 -3.022977 8.070723
-0.199081 0.639334 18.786680
-0.612180 -0.077079 8.546150
0.569440 0.615386 17.613340
-0.011911 -3.011881 8.054806
-0.436162 -0.491930 13.391207
-0.007364 -3.019583 8.081276
0.826232 -0.246427 18.016977
-0.432932 -0.134061 9.137124
-0.730910 0.708540 17.948975
1.304137 -2.276133 10.328865
0.688273 0.657868 17.348692
0.180133 0.003349 9.766288
0.188817 0.422713 18.213911
-0.909924 -3.042169 8.017063
-1.095696 -3.065640 7.815878
-0.129142 -3.072917 7.624478
0.870522 -1.769930 18.253693
1.223209 -0.252296 10.065218
-0.940609 -0.265795 8.351930
-0.607661 -1.852354 19.761250
0.081780 -0.674755 13.652323
-0.353222 0.607254 17.396751
-0.647497 -2.784597 10.514277
-0.611540 -0.297493 13.116179
0.060886 -3.070565 7.691108
0.669184 0.615857 17.288494
0.481774 0.630321 17.464741
-0.127978 -3.070355 7.621202
-1.226466 -2.931676 8.932392
-0.921112 -3.109730 7.494708
-0.437610 -2.416677 9.494583
0.605807 -1.961145 13.062584
-1.319241 -3.094152 7.485605
-1.160243 -0.169371 9.149302
-0.423576 0.176308 8.982946
0.130543 -2.196623 17.203743
-1.218571 -0.420033 10.385808
-0.142321 -0.055761 13.204882
0.183472 -0.386797 13.779832
-0.325744 0.537329 17.024899
-1.220582 -0.410138 10.371202
0.421196 -0.502690 12.482264
-0.994629 -0.296499 10.211720
-0.561068 -1.771007 21.086870
-1.318770 -0.775905 8.770126
0.820984 0.098269 17.991711
-0.170268 0.597201 17.618525
-1.178514 -2.858397 9.219373
-1.181760 -0.261472 8.185905
0.022143 -0.870088 14.754706
-0.668802 -0.075701 9.362694
-1.278094 -3.024643 8.568816
-0.812146 0.093237 16.734411
-0.437440 -3.080518 7.738616
-0.630883 -3.053135 8.074592
-1.348526 -3.155434 7.048430
-1.160229 -2.834168 8.456796
-1.339292 -3.134900 7.219244
-0.111413 0.702728 17.523642
-0.532030 -3.048976 8.070163
-0.788074 -2.142940 17.644657
0.050917 -2.894261 9.282719
0.796962 -1.507131 10.845846
-1.195411 -2.889501 8.162411
-0.596340 -0.811043 13.574190
0.384539 0.596638 17.899996
-0.393204 -3.131834 7.017444
-1.092263 -0.311307 8.637679
1.265613 0.204268 16.279207
-0.633710 -3.132570 7.100676
-0.609450 0.303967 16.511803
-0.696582 -0.057188 16.752552
-0.381179 -3.132279 7.016206
-1.108732 -0.241869 8.319699
-0.420663 0.353269 9.321576
-0.557161 -3.012707 8.244471
-1.016074 -0.225828 8.272569
-0.830098 -0.300707 8.399935
-0.001314 -2.437747 9.265222
-0.290377 0.576248 17.261164
1.322901 -2.659665 10.342962
-0.855392 -0.273313 7.900574
-0.879382 -0.285203 8.042228
-1.336850 -3.124262 7.128838
0.240878 -2.197000 17.076048
0.577183 -0.525903 8.207374
-0.261669 -3.139458 6.989868
-0.536920 -3.144050 7.068573
0.140778 0.587977 17.104893
-0.900967 -0.256410 7.872202
0.110128 -0.763497 13.862208
1.322080 -2.756340 10.353988
-0.683173 0.237632 17.060518
0.447053 -2.208146 16.866697
0.129617 0.584019 17.062244
-0.920334 -0.219835 7.851076
-0.309497 -2.217734 17.038015
0.406819 -3.086015 7.379504
1.234960 -2.178068 17.006947
-0.102998 -2.210179 17.069075
-0.322283 0.524689 17.008133
-0.913082 -0.182387 9.033924
1.051137 -2.629602 11.693236
-0.592883 -0.393048 7.811425
-0.834481 -0.331390 7.833047
-0.654776 -0.594877 19.263878
-0.547190 -3.099495 7.618244
-1.322599 -3.112152 7.033980
-0.828986 -0.373038 7.778545
-0.440067 -1.355672 13.428469
-0.028258 0.771337 20.330223
1.202014 -0.174706 9.752097
-0.216274 -2.219118 16.979351
-1.257394 -2.998089 7.781400
0.336577 -0.088703 10.128661
0.249664 -1.128869 16.596676
0.768958 0.522872 15.540335
-0.964909 -0.161881 9.383005
-0.715435 -0.421529 7.924099
-0.089792 -3.035081 9.372133
-0.421889 0.519945 16.107796
0.824387 -0.169887 8.183266
-0.522478 0.518196 16.124462
1.277594 -1.814754 9.974342
-1.177749 -0.109248 9.320409
-0.660202 -0.475616 7.649621
-0.733660 -0.196707 12.653422
-0.762774 0.103815 17.945757
1.284323 -0.176656 10.452003
-1.274539 -3.030765 8.087292
-0.307057 -3.050015 7.958789
0.798480 0.646547 17.768068
1.265811 -2.630459 10.106440
-0.449546 -0.412684 12.137966
-0.670098 -0.200890 10.007054
-0.081138 0.857833 21.052103
-0.200418 -0.877841 12.917325
1.292493 -1.273614 10.275426
-0.992341 -1.540748 11.734759
1.160760 -0.113248 9.096850
-0.326721 -3.041014 7.916430
-1.085782 -3.035640 7.751023
-1.040334 -1.531562 12.317291
-0.587977 -1.195547 12.581750
0.260561 -2.039493 11.501326
1.323019 -2.050182 10.462220
-0.752093 -0.518436 7.563727
-0.317151 -0.719399 13.060387
-0.135427 -1.008612 13.553499
0.059774 -0.813137 12.480734
0.276244 -1.430024 12.185145
0.065761 -1.018699 13.379933
-0.970012 0.053122 12.301880
-0.001853 -1.455604 13.710900
0.104337 -0.581031 12.720839
-0.209191 0.603714 17.365326
-0.880544 -1.602037 11.722902
-0.670282 0.504839 16.282988
0.469807 -2.220261 16.707767
-0.510364 -3.111790 7.388637
-0.511051 0.484551 16.155691
-1.225259 -2.933749 8.779930
0.259898 -2.214160 16.822115
-0.816570 -0.772028 16.764082
-0.409584 0.532655 16.307381
0.594133 -3.048073 7.351082
-1.311598 -3.093242 7.349395
0.009964 -2.120621 12.207386
-0.343465 -2.222797 16.694283
-0.045336 0.432172 9.631864
-0.667521 -0.223410 9.936129
1.233061 -1.794029 9.846997
0.451781 1.036718 19.138979
-0.278623 -0.839950 9.896528
-0.328990 -0.544948 13.523753
-0.864294 -0.558391 7.271238
-0.454194 -0.506126 7.468819
-1.009025 -0.991449 11.375110
-0.808873 -2.171034 17.300571
1.089058 -0.169688 9.625999
-0.192301 -0.410482 7.092277
-0.453743 -0.468191 7.563948
0.821932 0.544472 15.641273
-0.547058 -3.104313 7.374984
-0.728141 0.479064 15.869429
-0.784852 -0.414644 7.117157
-0.274658 -0.409401 7.093790
-0.457731 -0.505182 7.463129
-0.674539 0.089238 20.012556
0.165286 -0.454419 13.254553
-1.145158 -0.289283 8.301387
-0.839459 -0.509648 7.373917
-0.414339 0.555227 19.449505
0.023255 -0.985767 13.296744
0.061108 -1.844069 18.860243
-0.679879 0.428313 16.881449
-1.365027 -3.168940 6.792670
-0.277867 -0.400959 7.096470
-0.962247 -1.153804 11.761100
-0.547213 -3.098192 7.369123
-0.375612 -0.875072 13.085637
-1.124460 -0.436284 7.078716
-1.055968 0.008381 16.736599
0.097956 -1.952968 19.705650
-0.849010 0.335775 16.974316
-0.687950 -0.246884 8.192172
0.375979 -1.682543 11.472949
-0.681844 -0.212651 9.967590
1.182564 -0.292559 10.179061
-0.711986 -0.479004 7.760169
0.339503 -1.700533 11.198853
-0.510424 -0.192989 9.858017
1.222595 -0.171710 9.924219
-0.478441 -2.943595 8.936740
0.394819 0.343817 16.552799
-0.449122 -0.435455 7.549727
-0.832147 0.104617 16.716896
0.372815 -0.626156 11.674854
-0.727862 -0.350408 8.067688
0.815941 -0.143390 9.691235
-0.100181 -2.239183 16.857576
-0.018124 -2.436452 9.168010
-0.103822 -2.520315 9.264907
-1.376283 -3.191984 6.631228
-0.184445 -3.050924 7.990570
-0.642196 0.614005 17.593422
-0.718976 -2.093520 12.275939
-0.640343 -2.760880 11.193383
1.249574 -0.213225 9.749141
-0.093759 -2.521888 9.360730
-1.044468 -0.945266 11.906795
-0.184705 -3.040397 7.945586
-0.459670 -0.359576 12.498644
-1.027769 -1.493273 14.162371
0.258505 -2.212520 16.789263
1.344099 -2.682984 10.673643
0.098675 -0.205464 9.379694
0.757807 -0.321203 7.972988
-0.709075 0.490004 16.983686
-0.632351 -0.341317 8.685588
0.225538 -1.194964 11.898692
-0.042480 -3.182642 6.604911
-1.306787 -3.102082 7.209658
-1.331499 -3.150066 6.773804
0.043065 -2.879552 9.254687
-0.447906 -0.412028 8.534339
0.396219 -0.656005 11.702360
-0.465581 0.646536 16.069128
-1.244085 -0.286452 7.413766
-0.255248 -2.665857 10.440522
0.137857 0.544732 16.978003
-0.873252 -2.386685 12.221006
0.264043 -3.043941 7.686808
1.264112 -1.715432 9.926493
1.065914 -0.367349 9.188632
-0.331671 0.537546 16.419109
1.320880 -0.146117 10.575278
-0.249385 -2.139834 11.145714
0.491522 -1.648536 12.450294
-0.303747 -3.068953 8.009849
0.493370 0.013338 10.189143
-0.459201 -3.101718 7.284899
-1.164257 -0.459950 7.412866
-0.493450 -2.962191 8.996966
-0.294910 0.888417 16.444307
-0.547256 -3.058067 7.860434
-0.855056 -0.507417 16.704586
-0.649191 -0.587760 13.133455
-1.120034 -0.570427 7.191754
-1.203860 -0.449606 7.409748
-0.671002 -0.008813 16.652744
-0.605941 -0.464431 8.419322
-0.340541 0.577230 16.577465
-0.731350 0.550473 17.108030
0.940530 -0.541774 18.539324
1.329562 -0.272977 11.275051
-0.694930 -0.130736 16.699224
-0.330949 -3.168886 6.676429
-0.020418 -2.381612 9.310405
-0.126354 0.100949 8.893445
-0.591615 -1.708715 19.606365
-1.330712 -0.423037 7.134128
-0.203371 -3.113636 7.128478
-0.802525 -0.479751 7.586102
-1.157794 -0.265834 8.355303
0.238846 -0.825312 12.757778
1.143721 -1.785184 9.536660
-1.380944 -0.883459 6.596818
1.198584 0.170789 20.692249
-0.145227 -1.422287 13.748401
0.355040 0.786819 17.704687
-0.665085 -0.422324 19.504335
-0.448058 -0.427200 7.594000
-0.623157 0.308456 16.463175
-0.847191 -0.578963 7.231914
-0.457136 -3.110568 7.318287
0.831968 -1.213679 17.379261
-0.631047 -3.168492 6.624653
-1.257737 -2.984863 8.474249
-1.335472 -3.105222 7.605022
-1.383174 -0.318131 7.337565
-0.056533 -1.006829 13.342805
-0.135561 0.513854 16.512167
-1.314959 -3.093904 7.182893
-1.379601 -3.208622 6.421908
0.807082 0.328661 16.900181
0.140031 -3.153329 6.612757
-0.459027 -3.084715 7.241303
-0.823091 -0.248898 16.842037
-0.955196 -0.269421 7.384976
0.514465 -1.673063 12.581329
-1.246731 -2.969012 8.532160
-0.481648 0.089765 20.489693
-0.933635 -0.083012 11.817359
0.748829 0.252801 16.725439
-0.363999 0.488866 16.502512
-0.745196 -2.081230 18.889721
-0.137712 -3.197598 6.283664
-0.824272 -0.263282 16.817484
0.609291 -3.047755 7.374919
0.928200 -2.006193 19.043844
-0.801857 -1.273444 17.078632
-0.958467 -0.531842 7.336123
-0.481191 0.048273 13.743090
0.855487 -1.145071 18.126499
1.271170 -1.361162 10.219559
-0.723593 -3.184454 6.461350
-0.176998 -1.971056 19.599970
-0.257058 -3.165081 6.582211
1.312694 -1.072283 11.231728
-0.750416 0.482811 16.456205
-0.453525 -3.092922 7.260598
-0.356675 -3.122626 7.029290
-0.206201 -3.106977 7.105950
-0.173726 -3.122160 7.079666
0.607675 -3.047786 7.374843
-0.623930 0.604136 17.578102
-0.566833 0.718989 19.459703
-0.457994 -0.402615 13.724621
-1.231813 -0.369266 7.269778
-0.630249 0.119371 16.780241
-1.159706 -0.164199 9.172592
-1.231089 -2.976976 6.518526
0.387527 -0.625663 11.657251
-0.990073 -1.340214 16.893503
-0.025352 -2.670697 10.584030
-0.133794 0.539153 16.551104
-0.480142 -0.406974 7.546211
0.821943 -0.607174 17.973188
0.699701 -0.125291 15.402204
0.287139 -3.131881 6.656172
-0.799709 -0.282928 7.375789
1.149548 -0.291341 9.461240
-0.021567 -0.485740 7.270615
1.334983 -1.354692 10.432933
1.203561 -1.716688 9.746048
-0.009993 0.179262 8.990415
-0.667108 0.407928 18.898497
-0.905558 -3.192436 6.497320
-0.222514 0.578613 18.106874
-1.031441 -3.150631 6.977370
-0.255170 -3.178003 6.600194
-1.203137 -0.378980 7.264956
-0.578521 -1.156837 12.868770
1.152719 0.154030 20.581244
-0.452289 -0.455880 8.418919
-0.760253 -3.201036 6.431577
-0.233367 -0.144991 7.540584
-0.021153 0.774719 20.431278
0.565882 0.037920 14.472933
-0.673698 -0.098389 19.916164
0.806233 0.051653 17.896002
0.355513 -0.627791 11.690837
-1.369023 -3.191803 6.637782
0.326336 -3.128276 6.675499
0.114180 -1.914961 19.420349
1.186518 -1.712863 9.653762
0.766604 -2.015529 17.424391
0.801074 -0.687393 17.093010
-0.568443 0.551173 18.523256
-0.212491 -3.111828 6.822210
-0.907276 -3.198139 6.509753
0.831427 0.021997 18.018545
0.902900 -0.698644 17.368742
0.855838 -0.014341 17.391153
-0.576069 -1.757845 20.512508
-0.761824 0.467546 16.417730
-0.461429 -3.060328 7.822646
-0.441611 -3.165898 9.991120
-0.608309 0.469246 16.379406
-0.435296 -0.362178 7.678751
-1.332673 -0.403678 7.175118
-0.621434 -3.193497 6.636271
1.326264 -2.646256 10.625110
-0.977508 -2.557803 12.028453
0.059815 -2.911078 9.365186
-0.909115 -3.144822 6.919312
0.459144 -2.217802 16.646717
0.197271 -2.265893 16.339270
-0.057429 -2.590501 9.865079
-1.061356 -0.149134 10.177923
0.612543 -3.062525 7.399523
-0.804462 -0.449039 7.646830
-0.405610 0.465018 16.476009
0.253753 -2.209004 16.724821
-1.289693 -3.178886 6.695973
-0.633730 0.509765 16.461790
-0.854081 -0.406625 7.638691
1.273735 -1.703559 9.955039
-0.450719 -3.060998 7.870374
0.919004 -1.470389 11.407119
-0.908562 0.352250 16.659983
-1.151574 -0.356808 7.219157
-1.357038 -3.158993 6.824876
-0.757590 0.464310 16.459169
-1.312098 -3.163305 6.486763
0.306237 -3.160627 6.517631
-1.116870 -3.148767 6.745183
0.142667 -3.158311 6.626248
-0.096672 -3.206501 6.309063
-0.683292 -3.205343 6.403185
0.804662 -0.208925 9.649126
-0.461602 -3.094723 7.257320
-0.095834 -0.464020 13.055970
-0.134215 0.501953 16.488722
-0.877982 0.433649 16.188318
-0.247546 -0.674763 13.905378
-0.466555 0.489415 16.437387
-1.323091 -0.307325 7.230173
-0.176601 -1.912975 19.184731
1.117472 -0.557273 10.010282
-1.212188 -0.366203 7.406423
-0.684801 0.468272 19.174482
1.319963 -1.350734 10.378740
1.321485 -1.654069 10.610169
0.236293 -0.822342 12.706591
-1.193625 -0.355677 7.356277
1.254904 -1.092444 10.969972
0.974527 0.323483 18.866684
-1.385221 -3.204884 6.530021
0.357799 -2.062326 18.680470
0.237149 -3.172442 6.510491
-0.247547 -3.187308 6.564665
1.341199 -1.486703 21.508064
-0.940974 -0.343158 7.256538
-0.973691 -0.294655 16.672287
-0.641737 0.374920 16.598139
-0.886581 -1.289383 17.562368
0.403236 -2.225795 12.149617
0.601291 -2.694571 12.293246
-0.648555 0.390812 16.626837
1.345420 -2.467192 10.823984
-0.214482 0.496164 17.920132
1.306251 -0.361723 10.669488
-0.087818 0.277161 9.296512
-0.848063 -0.498165 16.655220
-1.371672 -3.177748 6.806016
-0.875445 -0.349213 7.244197
0.502732 0.142164 8.212656
1.382081 -1.743543 11.505356
-0.940773 -0.362660 7.216712
-0.990583 -0.363692 7.226737
-1.354560 -0.373120 7.230567
-0.368912 0.524391 16.490517
-1.390564 -3.228793 6.300463
-1.421520 -3.132973 7.301579
-0.824069 -0.668316 16.717512
-0.874869 -0.366372 7.207283
0.130782 -1.841091 20.397909
-0.935003 -0.336710 7.268738
-1.099509 -0.396758 7.200532
0.426671 -2.186511 19.296640
-0.036253 -2.151300 17.469769
-1.198053 -0.344886 7.383339
0.799644 -0.059717 17.216860
-0.554368 0.575497 17.182653
-1.265760 -0.305785 7.371697
-0.402722 -0.372062 13.798617
0.246128 0.191589 8.436417
0.348779 -1.403685 12.754429
0.842346 -0.513188 18.092876
0.300152 -1.970266 17.924532
-0.416838 0.578521 19.518829
-0.900797 -3.189052 6.482131
-0.905318 -3.191723 6.499809
-0.763422 0.081693 16.860533
0.025738 -2.058119 18.603579
0.816328 -1.215894 17.325569
-0.022550 -2.192124 17.643726
0.552542 -1.482822 13.275029
0.817806 -1.218321 17.334881
-0.805252 -0.285194 11.736119
1.313395 -1.872782 10.580756
1.417979 -2.504423 11.848602
0.252698 0.281320 10.920177
0.232514 -1.388082 14.153203
-1.277618 -0.303122 7.383031
0.284541 0.750098 9.195208
1.258277 -0.212989 10.380255
-0.476514 -2.946870 8.848828
-1.182219 -0.229160 7.212862
1.317044 -2.638853 10.381252
-1.160906 -2.840674 8.292006
0.502524 0.144157 8.217062
-0.477572 -2.959921 8.928675
-0.156144 -0.254906 12.852587
1.377049 -2.687094 10.778065
-0.695256 -0.514487 13.269197
-1.178970 -0.259133 7.242418
0.478669 0.190941 7.989927
-0.616356 -0.415627 7.722522
0.390041 0.584037 17.354137
1.311182 -0.369116 11.225033
-0.705798 0.481837 16.244911
-0.806331 -0.217827 9.211934
-0.315519 -2.517350 9.230312
-0.200510 0.285577 18.137976
-0.068352 -2.361647 8.885861
0.078780 -0.236703 10.280319
-0.407523 -0.511965 13.044979
0.463999 -2.235765 16.485556
-0.425091 0.367767 17.699520
-1.119061 -2.765006 10.577023
1.344426 -0.329720 11.319402
0.062256 -1.497555 13.656807
-0.976982 -0.258266 7.072700
1.322620 -0.348071 11.245243
-1.289285 -3.063152 6.466864
-0.445719 -0.576977 7.182526
-0.182475 0.611811 15.734638
-1.364620 -3.159246 7.044869
-0.547193 0.076694 21.410664
0.227666 0.222522 10.736560
-0.728269 0.523241 16.237402
-0.445837 -0.570030 7.182569
-1.372185 -3.198138 6.366892
1.269726 -0.391611 10.520815
-0.804121 -0.476287 7.580695
-0.718099 -0.766999 12.468877
-0.206375 0.573440 17.551821
-0.415620 -3.176286 6.530901
-1.371787 -3.195425 6.795308
0.795253 -0.019516 17.878874
-0.721268 0.524769 17.912142
0.159070 -3.123959 6.651184
0.803102 -2.044601 17.103245
1.293912 -0.380550 10.690833
-0.034160 0.361428 9.483972
-0.200362 -3.116150 7.137236
-1.320226 -3.079566 7.680037
-1.016399 -0.954024 11.656322
-1.282816 -3.027139 7.902543
-1.162025 -0.241457 8.400860
-0.789388 -2.115898 17.156263
-0.831804 0.099824 16.710295
-0.445243 0.685800 19.896547
-0.442217 -0.010087 9.765036
-1.327172 -3.122734 6.529322
-1.144139 -0.375939 7.183646
-0.599289 0.678332 18.889334
-0.763538 0.035242 13.725827
-0.260479 -2.267581 16.345100
1.235412 -0.080430 11.040318
0.865996 -1.181608 18.163651
0.675644 0.612350 19.536842
-0.454110 -1.844823 20.551641
-1.198352 -3.193403 6.552331
1.363594 -2.478840 10.876785
0.853305 0.184435 18.792973
-0.563160 -0.348384 12.990982
0.802861 -1.161364 17.050182
-0.063396 -2.836392 9.550196
-1.340969 -3.145356 6.231658
-0.570843 0.589132 17.543411
0.481384 0.268002 8.841261
1.360237 -2.463594 10.880979
-0.598654 -3.185683 6.483301
-0.543556 -1.823392 13.366724
-0.579693 0.579824 18.608812
-0.825111 0.388687 16.842949
0.752775 -0.304531 8.741556
-1.233239 -0.369580 7.046521
0.872257 -1.765809 18.225674
-0.094235 0.221131 9.158599
0.520562 -2.554257 11.817369
-0.524162 -3.081031 7.743094
0.957308 0.146803 16.045937
0.266023 -3.050910 7.732793
0.895306 -2.073356 18.237253
0.374698 -2.110806 18.824194
-0.660839 -3.203774 6.239184
-0.213248 0.679453 19.363136
-1.548756 -3.130238 5.969663
-0.514582 -3.080006 7.742250
-0.890952 -0.206829 16.870800
-1.333302 -0.272200 6.796716
-1.370894 -3.208442 6.415776
-0.625654 -0.049099 19.310968
0.846494 -1.133894 18.103643
-0.714282 -2.265002 17.251526
1.301885 -0.358621 10.638666
0.031879 -0.386237 8.850511
-0.842287 -0.826300 16.758759
-0.478494 0.034165 20.568502
0.494239 0.322690 16.443676
-0.891987 -3.088249 6.797090
-1.024364 -3.118804 6.895315
-0.353449 -0.510007 13.934439
-0.449219 0.480064 15.605732
-0.090171 -2.158010 13.628776
-0.113344 -2.960986 8.706463
1.305808 -0.031520 11.279667
-0.448933 -3.197467 6.392694
0.668163 0.616415 17.287682
-0.999430 -0.201971 7.020307
-1.291486 -3.201038 6.473928
0.794379 -1.177004 17.041454
0.775809 -1.946706 15.679618
1.338139 -0.968461 11.338584
-0.809400 0.511451 16.224176
-0.349087 -2.982548 8.534337
0.505434 -1.473511 12.932349
0.837702 -0.510853 18.092150
0.772233 -1.943336 15.668739
-1.280306 -0.320479 6.871513
-0.344680 -0.595737 13.088319
-1.110149 -0.214201 6.919003
-1.159810 -0.366577 7.022775
0.160527 -0.675175 12.954181
-0.369579 0.500953 16.449387
-1.315230 -3.095971 7.187218
-1.333440 -3.221795 6.364997
-0.348085 -2.083940 18.343925
0.842396 -1.929741 19.944426
-0.453893 -3.200979 6.407945
-0.788832 -0.156348 18.080208
-0.209357 -3.092594 7.062246
-0.863384 -0.296587 8.527224
-1.243062 -0.363362 7.157006
1.375342 -1.629340 10.776608
-0.624284 0.487664 16.421469
-1.036087 -0.304577 12.216693
-0.578183 -3.193624 6.446679
0.193217 -0.175895 12.570947
0.275371 -2.029737 11.821017
-1.130598 -0.217509 9.256681
0.343429 0.669475 18.212759
-0.536862 0.469636 15.655520
-0.726209 0.460319 15.785534
-1.205613 -0.324347 6.916258
-1.228941 0.268514 17.403967
-1.336602 -3.198958 6.561646
0.200120 -0.480449 14.618481
-0.150031 -2.136232 12.338044
0.831391 0.580116 15.693953
0.253105 -3.035299 7.658443
-0.102006 -2.508479 9.205321
-0.207086 0.645476 15.818377
-0.450172 -3.198017 6.396281
1.245018 0.579314 16.835947
-0.046150 0.602953 15.576658
0.068726 0.483853 17.058315
-0.604795 0.666004 18.852987
-1.327062 -3.187814 6.537404
0.275276 -2.988896 6.432940
-0.068017 -2.145426 13.419015
-1.077543 -0.155874 9.881191
-1.389822 -3.206285 6.453146
-1.252798 -0.368145 6.827997
1.297084 -2.624158 10.549560
-1.372568 -3.185967 6.671976
-0.127145 -0.772725 13.668029
-0.630281 -0.401995 7.748572
-0.218243 0.792855 19.752930
-0.779685 0.461253 15.747197
1.309159 -0.364981 10.701685
-0.751265 0.465394 15.695133
0.055456 -0.213031 7.845781
-0.689818 -0.102428 16.734785
-1.022661 -3.133095 6.939405
-0.401052 -0.368910 10.678277
-0.985456 -2.671007 11.240824
-0.073132 -3.090412 9.333112
-1.338668 -0.400231 6.514375
-1.263759 -0.361095 6.830880
-1.008046 -1.237933 12.614213
-0.988274 -2.634542 12.033037
-1.101573 -3.175164 6.678235
-1.476427 -3.061099 5.842099
0.058238 -0.207896 7.846035
-0.933735 0.260236 15.507104
-0.992354 -0.298551 10.239683
0.088959 -0.260291 10.194634
-1.087074 -3.158892 6.640020
-0.359526 -2.505472 9.375821
0.304300 -3.158186 6.512653
-1.286437 -3.047587 7.630689
-0.989544 -0.343329 6.945554
0.723968 0.451733 15.446790
-1.328134 -3.214143 6.350945
-1.353217 -3.156942 7.036969
0.271919 -3.108116 6.402370
-1.256306 -0.373709 17.893322
0.030694 -2.862331 9.126321
-0.592289 -0.117118 16.743618
-1.408581 -0.456263 6.678050
-0.820783 -0.947506 17.950977
0.091838 -3.191184 6.229281
-0.872704 -0.809784 16.883642
-1.024183 -3.136448 6.948979
-0.902103 -3.119315 6.867560
-0.138421 -0.812005 13.331349
-1.005847 -0.261220 6.780650
0.020856 -0.231536 12.821754
-1.631346 0.124598 18.091299
0.724760 0.573194 17.395916
-0.963002 -0.290520 6.853401
-0.448869 -3.192421 6.386581
-0.133045 0.415040 18.275002
-0.707730 -1.989977 18.629322
0.788390 -0.601486 16.954447
0.252274 -3.180667 6.269139
-0.312976 0.564478 17.149364
-0.450984 0.636561 16.122936
-0.137682 0.614123 16.676880
-1.342003 -3.168044 6.839186
-1.483310 -3.073197 5.856201
-0.859813 0.254188 16.492361
-0.812522 -0.653243 16.900219
-1.615440 0.119450 18.075806
-0.099718 -3.190594 6.288437
-0.426754 -0.844484 13.170476
-0.170263 -0.194782 12.391565
-1.065064 -0.162376 17.015450
0.218321 -1.266989 6.185305
-0.449987 -3.190917 6.386455
-1.541256 -0.704087 17.718124
-0.902753 -3.121389 6.882239
-0.861290 -0.746224 16.950624
-1.198787 -0.368699 6.860470
-1.095809 -0.300167 6.699348
-0.342960 0.536400 16.420229
-1.351825 -3.043999 6.756472
0.290730 -1.960382 11.367121
-1.357005 -0.126640 17.195023
-0.456608 0.755816 20.167217
-1.203495 -0.380128 7.366190
-0.783660 0.451082 15.678600
-1.375633 -3.192762 6.640435
-0.737172 0.491008 16.014677
0.955219 0.179871 16.076639
-0.778589 -0.141549 8.701258
-0.028402 -3.200961 10.037913
-0.900974 0.422771 15.927529
0.956522 0.174030 16.077478
0.930232 -2.072831 16.063200
0.119062 -0.134596 7.463768
-0.507260 0.472300 15.466574
-0.702579 0.479186 16.963354
-0.099840 -2.252939 16.549461
-0.922060 -0.022700 12.081967
0.408405 0.025233 7.347049
-0.171973 -2.272911 16.268557
-1.316027 -3.100601 7.270020
-1.153704 -2.826012 12.024539
-1.320026 -3.211230 6.488572
-0.712317 0.470282 15.509023
-1.352530 -3.183602 6.594356
-0.423826 0.446409 15.840674
0.139727 -2.151375 13.451707
-0.896129 0.384138 15.739994
-1.265481 -0.334386 6.966412
-0.810762 0.061377 16.613476
0.335447 -1.751224 13.309937
-0.814057 0.503978 16.109222
-0.347629 0.544454 17.258789
-1.038740 0.300105 15.835758
0.332936 0.519499 15.447509
-0.450530 -3.195885 6.394753
-0.889639 0.364094 16.434135
0.809085 -1.905365 19.717144
0.589394 0.514634 16.962778
-1.085633 -1.960740 16.585423
0.960385 0.191406 16.099730
-1.126028 -3.132100 6.575037
-1.351622 -3.166390 6.810170
-0.890289 -2.254126 15.984471
-0.287771 -3.194215 6.354725
-0.949120 0.294811 15.576101
-0.068271 -2.964528 8.670444
-1.384373 -3.227839 6.133955
0.871276 -1.832227 18.185942
-0.361134 -2.494523 9.299054
-0.817330 -1.752794 18.100510
-0.450405 -3.196448 6.397803
-1.439973 -2.727216 5.940653
-0.554041 0.616144 17.910078
-0.327347 0.639132 17.801243
-0.794472 -3.208508 6.438702
-0.707194 -3.210135 6.188337
0.369826 0.731645 18.332132
-1.194744 -0.390797 6.742794
0.956292 0.178006 16.076855
0.953874 0.179492 16.077965
-0.184641 0.596775 15.712891
-0.786047 -2.136752 17.135420
0.387255 -1.142818 6.967967
-0.487262 -0.277670 9.007595
-0.992968 -0.474333 6.578795
-0.698586 0.060567 16.833155
-0.835582 -0.690932 6.463240
-0.522883 -0.365131 9.282393
0.297898 -2.167423 17.242733
-0.524343 -0.393802 9.222068
-0.111296 -2.117926 12.502804
0.011549 -0.354420 7.285177
-0.126659 -2.121908 12.262633
0.210215 -1.275584 6.164701
0.272917 -3.074819 6.396666
-1.464995 -3.055347 5.815735
-1.282874 -3.021294 8.294394
-0.785640 0.430385 15.513929
0.210279 -1.277306 6.164729
-1.350813 -3.165922 6.808268
-1.255758 -0.370830 6.802978
-1.167376 -0.271422 7.166181
0.082463 0.564201 17.271204
-1.457311 -3.128196 5.737604
0.330545 0.523257 15.457463
-1.240117 -0.378361 7.224435
-0.297419 -3.202993 6.369708
-1.196935 -0.387290 6.569326
-0.728350 -0.642777 13.221472
-0.704371 0.486372 16.103260
-1.126914 -0.368760 7.205207
-0.382592 -0.048049 12.026825
0.462764 -0.337626 11.735894
-1.192080 0.259052 16.445442
-0.628075 -0.652218 6.208817
-1.424241 -3.155732 6.868723
-0.306185 0.423121 17.715740
0.113521 -3.161225 6.465264
-0.898419 -0.205740 15.479657
-0.894084 -1.546660 15.725763
-1.170929 -0.398852 6.500495
-1.259658 -0.368812 6.808878
0.813593 -1.816480 15.783394
-1.017307 -0.494261 6.404033
0.701009 0.404594 15.381711
-1.284158 -0.365561 6.365303
-0.206405 -3.195218 6.279751
-1.314715 -3.101552 6.714141
-0.498967 0.445497 15.511872
-0.408806 0.865504 21.053181
-1.255814 -0.344798 6.684843
-0.279786 -2.184975 17.266722
-1.375543 -3.245751 6.152184
-0.018878 -0.655393 12.766091
0.363732 -2.290466 6.866412
-0.070609 -2.968281 8.667324
0.210266 -0.932849 6.097828
-0.205011 -3.147772 6.203502
-0.547093 -3.198828 6.396601
-1.355133 -3.170375 6.811453
0.257672 -3.066030 6.310165
-1.350094 -3.167821 6.599257
-1.080560 -0.539338 16.645304
-0.450366 -3.185710 6.377815
0.481462 -2.241504 16.497759
-0.586014 -3.199835 6.404204
0.224287 -3.151359 6.467845
-0.772820 0.139765 18.087475
-1.261652 -0.340813 6.948534
-0.933998 -0.345817 7.069629
0.841609 -0.603981 18.111113
-0.199779 -3.161590 6.229582
-0.200383 -3.192013 6.282238
-0.539166 0.648532 19.254524
-1.423884 -3.175332 6.032668
0.055793 -2.500313 10.105924
-0.593847 0.461685 15.731933
-0.448153 -3.190829 6.382939
-0.678503 -3.196561 6.401408
0.091490 -3.159539 6.508706
-0.397344 0.507326 16.460695
-0.150894 0.693103 19.397964
0.353124 -3.118842 6.698755
-1.374004 -0.377528 6.366602
-0.178257 -2.243419 16.587723
-1.160256 -0.255782 6.689874
-0.076132 -2.263794 16.492718
-0.450769 -0.510447 13.012340
-0.922022 -1.557639 15.814795
-1.354911 -3.171774 6.609435
-1.147491 -0.505520 7.355670
-1.237918 -0.071177 8.780845
0.293212 0.495375 17.694658
-0.031939 -3.070400 7.942084
-1.225512 -0.382846 7.226294
0.466948 0.003688 7.292946
-0.437945 -0.262146 12.838390
-0.922760 -0.374107 7.245584
0.818689 -0.197846 9.663217
-0.042313 -2.868303 9.593667
-0.838397 -2.182337 15.938501
-0.701771 0.186143 9.276871
-0.055266 -2.589821 10.096476
1.198096 -1.762051 10.735171
0.136311 -0.111351 7.517045
0.361122 -1.891215 12.686589
-1.267948 -3.047097 7.722670
-0.613990 -0.479997 7.563777
-0.111398 -0.179703 8.192665
0.455011 -2.975321 7.199728
0.013598 -2.850549 9.568244
0.145271 -0.823518 13.048555
-0.643462 -0.668516 12.530110
0.410428 -2.330101 7.010746
0.193860 -2.255836 16.293242
-0.603094 -3.536363 7.108732
0.437443 0.186121 16.130466
-0.216049 -0.316114 12.583488
-0.803375 0.079006 16.704899
0.456032 0.126720 7.517932
0.732928 -1.766833 15.561997
-0.204055 -3.186990 6.247940
-0.414273 -0.374687 13.696195
-1.292307 -0.167035 17.003599
-0.152473 -3.008774 8.466385
-1.487246 -0.927509 5.809720
-0.098707 -2.259248 16.439062
-0.351597 0.582272 15.767887
0.050315 -1.885902 18.605133
-1.427228 -3.168328 6.031487
-0.902653 0.440286 16.009367
-0.446609 -3.195686 6.392755
-0.316868 0.540713 17.108809
-0.157527 -2.982124 8.318001
0.872968 0.978625 18.926517
-1.222796 -0.373784 6.495929
-1.238622 -0.346805 7.097314
1.278363 -2.460482 11.176115
-0.779066 -0.535344 6.227575
-1.474006 -3.229272 5.784506
-0.884387 -2.262174 16.351444
-0.423266 0.600936 16.718193
-0.856918 -0.776762 17.187592
-1.496843 -1.224515 5.659975
-0.946508 -1.860256 16.129328
-0.441359 0.656505 16.341167
-0.319738 0.512506 17.050148
0.162087 -3.140357 6.692645
-1.179155 -0.364122 6.427969
-0.403207 0.513462 16.295345
0.003445 -2.407038 9.535813
-1.466457 -3.021353 5.743990
-1.474606 -3.230648 5.784476
-1.389650 -3.083326 6.826622
-0.589679 0.073117 18.985878
-0.012404 0.604903 17.350702
0.159528 -3.136213 6.688759
-1.111290 -0.377714 6.488315
0.761494 0.635167 17.564241
-0.910604 -0.710393 6.149570
-1.188992 -0.460580 17.035021
-0.597237 -2.262431 16.463619
-1.428822 -3.165293 6.031250
-1.469328 -3.019207 5.744378
-0.855418 0.116600 16.732649
0.188407 0.424044 18.214336
-1.499694 -1.230877 5.662852
-0.181703 0.595670 15.713378
-0.165400 -1.978894 19.127937
-0.628120 -3.219452 6.003932
-1.252399 -0.367572 6.602665
-0.388864 -2.936667 20.747915
-1.401611 -0.738552 7.249282
0.428070 0.052524 7.700401
-0.449908 -2.296515 16.024029
-0.875805 -0.328618 7.316231
-0.693900 -0.723307 12.551427
-1.122853 -0.562797 7.205993
1.373700 -1.672534 11.457085
0.135291 -2.556933 11.126171
-0.026816 -0.510405 7.222071
-1.377118 -0.311120 10.289251
-0.124308 0.479410 15.363071
-0.814642 -0.405137 7.757744
0.136067 -0.816529 13.226472
-0.624818 -0.805142 12.627752
-0.088191 -0.753943 13.629008
0.294495 -0.036975 6.961937
0.816433 0.101491 17.984961
0.519651 -0.172725 7.413601
-0.169213 -0.446785 7.472543
-0.195638 0.618924 15.776458
-0.255293 -2.330335 15.787415
-0.473402 0.545945 15.600494
-0.589994 0.446704 15.707100
-0.525472 0.462455 15.722633
-0.466128 0.523376 15.571292
-0.605064 -0.672088 6.119436
-1.617775 -1.123585 5.868519
0.104547 -3.153350 6.444503
-0.120099 0.588099 15.515004
-0.873148 -0.328572 7.308912
0.827812 1.120377 10.872961
-0.897237 -1.565360 15.714969
-1.329310 -3.117644 6.754788
-0.695721 0.467750 15.606914
-0.387522 0.612675 15.748370
-1.207464 -0.003884 9.966672
0.713673 -0.261285 15.454510
-1.161235 -0.332820 7.891407
-0.205657 -0.328822 12.547198
-0.720129 -0.543614 7.612998
0.036789 -2.159575 18.034304
1.147318 -1.149717 10.524119
0.311676 -3.064216 6.556829
0.808708 0.566698 15.685615
-0.217516 0.613682 15.739094
-0.953638 -2.408642 13.183733
-1.278572 -3.028397 8.066858
-1.374394 -3.203908 6.392027
-0.387163 0.598261 15.724140
1.355176 -1.049490 11.381266
-0.927565 0.250828 15.489038
-0.571118 0.484214 15.401482
0.743033 -2.235391 15.579101
-1.093804 -0.419573 6.410582
-0.709228 -0.722622 12.552240
-1.239185 -0.391694 6.345637
-0.150789 -2.278021 16.216681
0.715595 -0.257786 15.453954
-0.926197 -2.368176 12.352237
0.805664 0.559130 15.686745
-1.326455 -3.225884 6.143460
-1.412005 -3.259192 6.036304
0.776681 0.589196 15.412807
-1.443482 -3.191046 5.722581
-0.462527 0.569404 15.730993
-1.255078 -0.338302 7.032918
-0.289524 -3.195810 6.157173
0.104786 -3.153754 6.450471
-0.194706 0.606650 15.712831
0.743481 -2.230665 15.584406
0.778038 0.579336 15.605215
-1.490678 -1.675751 5.814952
-1.182070 -0.365476 7.329033
0.688390 -0.100907 15.366833
-1.257341 -0.362787 6.399827
-0.782716 0.418078 15.452376
-0.680166 0.316678 10.912916
-0.217866 -3.199617 6.205283
-1.358096 -3.172905 6.602992
-0.868842 -0.673885 6.098751
-0.431626 -0.175277 9.517880
0.888733 -0.087197 10.021022
0.244586 -1.863037 6.338785
-1.392584 -3.235629 6.036707
0.034356 -2.077637 17.933035
-0.934944 -0.327041 7.347453
1.377330 -1.686252 11.459213
1.362761 -2.373145 11.419929
0.243153 -1.863105 6.338637
0.301305 -0.461475 6.522717
1.354654 -1.046994 11.380348
-0.389685 -3.060444 8.666703
-0.108401 -0.139827 8.268784
0.346722 0.565285 15.511736
0.230912 -2.306973 15.703255
-0.339303 -3.014189 8.447271
1.389254 -2.371627 11.520554
0.202612 -0.958723 6.073331
0.243045 -0.038838 7.435787
-0.504446 0.524696 15.722011
-0.621028 -0.711377 6.107254
0.724292 0.475491 15.431609
-0.343506 -3.011406 8.425182
0.343646 -0.052965 10.234275
-1.255479 -0.367755 6.603973
-0.600521 0.258994 16.385939
-0.819425 -0.695529 6.143510
-0.675004 -3.174127 6.353964
-1.565416 -2.285833 5.921955
-0.276308 -2.678376 11.125429
-1.319410 -3.199237 6.320399
-0.383746 -2.918355 9.711127
0.349550 0.116477 7.224106
-1.460383 -0.438501 6.403912
1.387474 -2.364561 11.521197
-0.843949 -2.336153 15.624761
-0.741788 -0.189708 12.639732
0.288919 -2.171750 6.551339
-0.302406 -2.312342 17.831808
-1.586173 -1.129502 5.818841
-0.526994 -3.198591 6.400141
-1.536336 -2.284792 5.872606
-0.034111 -2.382312 9.124768
-0.795563 0.073834 16.710646
1.052599 0.139266 10.821794
1.075081 0.485994 19.415854
-1.364582 -3.219305 6.115006
-1.388506 -3.226317 5.993604
-1.453896 -3.045000 5.781040
-1.389224 -0.325037 7.357981
-1.132519 -0.237500 9.205452
1.013940 -1.027552 19.577795
-0.154710 -2.270834 16.189688
-0.522200 -3.111674 7.517756
-1.201832 -3.153238 6.485111
-1.311078 -3.112181 7.236738
-0.205196 -3.212608 6.220821
-1.238695 -0.385714 6.361776
-0.216698 -0.950105 14.139205
-0.914887 -0.380202 7.237384
-1.599725 -1.173964 5.733654
-1.589811 -1.142914 5.819329
-0.433520 0.481821 19.175325
0.283718 -3.211279 6.337671
-0.505469 0.462403 15.775693
-0.157861 0.667851 19.279474
0.757572 -0.290540 8.791607
0.494402 -1.886466 20.664753
-1.141502 -0.340208 6.381123
-0.833567 -1.457673 18.151937
0.793666 -2.747768 18.272249
-0.734827 -0.211736 12.535690
0.350205 0.580173 15.512243
-1.299517 -0.324675 7.350569
-0.912292 -0.388816 7.222378
0.877447 -1.871551 18.265572
0.713611 -2.223097 15.292996
-0.210553 0.411893 15.212358
0.310290 -2.181807 17.181019
-0.622825 -0.566189 6.345669
-1.402291 -3.240642 6.018132
-0.484869 0.493612 15.770675
-1.580087 -1.196318 5.700353
-0.647308 -0.450736 19.242239
-0.719067 0.409435 15.533123
0.881161 -0.100845 10.023273
0.345850 -0.120953 7.358910
-0.995896 -0.380401 6.252719
-1.129423 -0.319830 6.359727
-0.926615 0.390790 16.803150
-1.232912 -0.390139 6.433934
-0.857409 -0.583754 6.351294
-0.146279 0.621465 19.170036
-1.425854 -3.146333 6.406453
0.552496 -0.337233 13.318790
-0.624230 -0.678562 6.176715
0.447373 0.087845 7.758256
0.955927 -1.822920 18.643448
-0.841055 -0.651478 6.174035
-0.738599 0.463667 15.622136
-0.752966 0.440495 15.416864
-1.248155 -3.179543 6.375944
-0.790469 -0.480659 6.339409
-0.300191 -0.455039 14.468297
-0.653800 0.457969 15.292487
-0.678979 -3.198623 6.416008
1.060368 -1.216385 19.258295
0.416670 0.291839 7.531660
-1.533689 -1.171802 5.712395
-0.736907 0.488734 15.953735
-1.174789 -0.496235 6.332009
-1.480130 -3.233043 5.802761
-1.278604 -3.183369 6.440193
0.503255 -2.269099 16.515860
-0.532253 -3.192248 6.396830
-1.273133 -0.351440 6.550039
-1.296471 -0.338534 6.396196
0.343454 0.567172 15.515466
-1.470889 -3.221122 5.778236
-1.456912 -3.243113 5.753457
-1.485559 -3.232722 5.606214
-1.531114 -1.175201 5.712610
-1.501847 -0.632196 5.838144
0.681510 0.394397 15.097194
0.629519 0.669342 17.141207
-0.849958 -2.341708 15.638820
-0.674614 0.421479 15.542872
-1.019440 -0.460277 6.371926
-1.179201 -0.332157 6.349310
-0.810396 -2.148248 15.817266
-0.885751 -0.630145 6.190218
-1.021025 0.057748 16.760540
-0.536890 0.423908 15.558014
-0.787323 -0.482932 6.329681
-0.623232 0.317585 16.491089
-0.816029 -0.025382 9.076056
1.227530 -2.393934 10.484313
-0.273403 0.723662 16.200310
-0.914439 -0.384946 7.218325
-0.220095 0.549656 18.063528
-1.049332 -0.215312 12.577507
0.434819 0.049966 7.677233
0.792243 -0.246207 8.903321
-0.467988 0.511355 16.048525
-0.098394 -0.287169 7.356463
-0.380651 -3.170706 9.256080
-0.875588 0.437235 16.230070
-0.637722 -0.028452 7.173778
-0.887621 -0.049310 8.742085
0.234479 -2.032772 11.496428
1.360877 -1.745463 11.427338
-0.347577 0.486643 17.028358
0.262819 -3.043898 7.712835
0.850174 -2.183615 17.090952
-0.455380 0.154965 10.388098
0.459460 -2.531006 11.397515
0.310803 -3.065700 6.564510
-0.343328 -0.655416 12.627860
-1.118524 -0.322190 7.339460
0.445920 0.229258 8.781025
-1.053209 -0.374202 6.565174
-0.858178 -0.592692 6.343536
-0.713640 -1.179547 12.757077
-0.446115 0.736385 18.792004
-0.232434 -0.446145 12.034431
-0.530394 -0.406472 9.203908
-1.476218 -0.911169 5.775571
-1.432961 -1.091874 5.790671
0.724699 -2.312856 15.540598
-0.577226 -3.217403 6.176528
-0.211316 -0.488450 11.552042
-0.583243 -3.210435 6.150743
-0.604197 0.444162 15.704554
-1.233058 -0.383104 6.374109
-1.011781 -1.397857 11.972550
0.892752 -2.316256 9.404158
0.849808 -0.077159 15.897391
-0.462582 0.775194 18.852104
-0.883811 -0.277230 7.433077
-1.334084 -3.132732 6.269232
-0.452748 0.598006 16.041960
0.873919 -0.121714 9.319477
-1.478817 -0.740970 5.796602
-1.477143 -0.952074 5.760802
-1.499174 -0.922923 5.522893
0.230927 -2.311332 15.709526
-0.672133 -3.166150 6.335742
0.792119 -0.141290 15.705802
-0.623098 -0.496980 19.110609
-0.713040 -1.084943 12.583391
-0.905562 -0.428648 6.692596
-0.726628 -0.028281 16.963789
-1.425937 -0.448612 6.111694
0.316993 -1.894213 12.288664
-1.293181 -0.483717 16.983818
-0.680978 -3.198134 6.417616
-0.510674 -0.941543 21.243681
-0.615345 -0.610433 6.252113
-1.140383 -0.542189 7.198101
-0.436019 0.481654 15.698279
-0.625199 -0.676689 6.174211
-0.700032 -0.090024 16.769587
0.154788 -3.195832 6.012459
0.737864 -2.222723 15.553801
0.264624 -3.074649 6.331237
0.749288 -0.198438 15.587538
-0.302525 0.415145 16.845066
-1.545510 -2.280841 5.882424
-0.980313 -2.536463 13.062244
-1.153581 -2.808233 10.512106
-0.588867 0.426460 15.496635
-0.719067 0.422148 15.276834
-1.402668 -3.242418 5.994670
-0.430408 -0.118221 7.319317
1.055945 -0.007916 18.396297
-1.078792 0.535185 16.545658
0.038009 -3.125868 6.282441
-1.051850 -0.246956 6.418791
-1.013186 -0.297048 6.480259
-1.104544 -0.294637 6.454263
-0.696737 0.422574 11.299650
0.219125 -0.913125 6.064937
-0.851531 -0.045981 18.626539
-0.396549 -0.062466 11.933262
-0.085449 -0.276198 12.706740
0.357556 -2.101458 17.880222
-0.805029 -0.323261 6.640104
-1.346497 -3.180385 6.062265
-1.222152 -0.433774 6.450057
-0.401077 0.522491 16.487364
-0.396938 0.309295 21.207392
-1.026462 -0.291097 6.565085
-1.255897 -0.348110 6.950116
-0.333663 -3.122430 11.061384
1.053884 0.318214 18.366291
-1.540831 -2.283535 5.873969
-0.047517 0.333867 21.167509
-0.527579 -3.201893 6.413457
0.416978 -2.268695 16.090033
0.893112 0.238402 19.012300
0.318098 -2.182961 17.111845
-0.981129 -0.415241 6.204227
0.761912 0.515574 15.583276
-0.209304 -3.204020 6.115006
-1.489793 -3.292769 5.656046
0.152941 -3.195671 5.996542
0.163998 0.195311 14.905405
0.570281 -2.238347 17.033495
-0.450428 -3.154693 6.311589
0.064659 -3.186433 6.441068
-1.223976 -0.397791 6.286316
0.147040 -3.188440 5.994922
0.497499 -1.504135 12.734803
0.424491 -2.277553 16.123011
0.319027 -2.184598 17.112371
-0.836663 0.123872 16.786026
-1.475910 -3.229827 5.792818
-0.883125 0.504962 15.289959
-0.523142 -3.190500 6.389534
-1.467942 -1.051814 5.837460
-0.902648 -3.125122 6.879413
-0.475664 0.486724 15.855759
-1.033827 -0.362572 6.330649
-0.486828 0.452342 15.621446
-0.851820 -0.405058 7.176668
-0.875927 -2.169805 15.735593
-0.944787 -0.364407 6.394650
-1.338583 -0.412867 6.461244
0.888465 -0.527157 17.407133
-1.463098 -3.212090 5.758069
-0.873348 -2.194235 16.561949
0.393265 -3.242846 5.713109
0.265210 -3.193821 6.298610
-0.856617 -2.347104 15.655540
-0.596025 -0.119127 16.760889
-1.465831 -3.036257 5.743358
-0.498887 -3.207394 6.095817
-0.679963 -1.103105 18.752422
-1.245575 -0.367802 6.474513
-1.011836 -0.496912 6.412740
-0.907517 0.215384 15.441158
-0.450839 0.439810 15.420763
-1.217934 -0.394561 6.189682
-1.117820 -0.098672 10.183228
-0.846870 -2.342561 15.467710
-1.097497 -0.568290 7.132316
0.814686 -0.205192 8.988409
-0.839577 -0.440888 16.658964
-0.956117 -0.568180 6.451588
-0.340631 -2.879492 9.222517
-0.982064 -0.568153 16.750935
-0.907478 -0.436860 7.086061
0.383762 -2.061365 12.995440
0.530594 0.151624 7.528780
-0.674537 -1.102693 18.672142
-0.984776 0.055959 16.583429
-1.492950 -1.199980 5.541990
-1.506909 -3.242457 5.644154
-0.034730 -0.521900 7.130699
0.059639 -2.345659 15.391332
0.253272 -3.035539 7.652155
-1.089542 -0.328054 6.300528
-0.165877 -2.348709 15.497044
-1.154496 -2.847599 7.937654
-0.326395 0.417630 14.664067
0.077083 -3.232827 5.652341
0.437319 -3.223982 5.881452
-1.408732 -3.253895 6.011485
0.032510 -2.866747 9.152241
-0.119849 0.468972 15.360735
-1.212072 -0.338770 6.427570
0.120141 -1.339861 15.948679
-0.728035 -2.005047 18.812483
-0.561157 0.137229 11.170237
-0.688892 0.429028 15.548939
0.730348 -2.222204 15.542789
0.169003 -0.354847 14.073071
0.818685 -0.191705 9.651884
-1.161231 -0.168063 9.154862
0.385341 -3.227374 5.688406
-0.939872 0.400280 15.497187
0.843831 -0.156146 9.821482
-0.750835 0.441294 15.573854
-1.380915 -3.161738 5.913995
-1.487772 -3.076094 5.807427
0.558498 -2.316348 15.495387
-1.390892 -0.367016 6.273951
-0.155490 -0.168730 12.628502
-1.474400 -1.204776 5.575593
-0.455604 -0.412952 8.745080
-1.482563 -3.066288 5.801500
-1.361334 -3.205961 6.090569
-0.266631 -1.525837 13.903420
-1.480553 -1.204286 5.589268
-1.467722 -3.040850 5.754237
0.700071 -0.061195 15.379466
-0.691311 0.435273 15.647148
-0.740048 0.422796 15.544957
-1.019904 0.019183 15.892629
-1.399699 -3.203639 5.981692
-0.903669 -0.136627 15.493027
-0.253196 -2.328911 15.790344
-1.449348 -3.195861 5.943767
-1.501111 -3.046724 5.589347
0.688677 -2.332177 15.171189
-1.410553 -3.140584 6.362347
0.444249 -1.891979 13.629431
-0.659870 0.134584 16.876259
0.530712 -3.200561 5.957577
0.299022 -3.102123 6.483588
-0.249010 -2.306373 15.718717
-0.118514 0.169539 14.914949
-0.189204 0.451757 15.515817
0.706427 0.465600 15.415138
-1.385474 -3.229291 6.143041
-0.399988 -0.728172 11.404707
-1.500536 -0.693565 8.730757
0.286513 -3.367824 6.293139
-0.733728 -1.029810 13.964776
-0.366522 -0.990881 11.616001
0.620934 -0.187411 13.939744
-0.969545 -1.527900 13.290835
0.744838 -0.310990 8.697049
-0.463193 0.121573 10.328965
-0.109453 0.178345 14.905533
-0.374585 -2.942432 9.848060
-1.003283 -0.555766 16.817101
0.811528 -0.201777 9.681561
-0.456978 -0.319265 12.748194
-0.972594 -0.419802 6.270377
1.152926 -2.078367 16.936543
-0.419088 -2.871875 9.101864
-1.159698 -0.499839 7.314093
0.550360 -2.213968 16.866503
0.321121 -0.717375 10.985543
-1.194517 -2.882290 8.824609
-0.825921 0.101654 16.730396
-0.219997 -3.217035 6.093687
0.645856 -2.315468 15.537812
1.042899 0.054381 19.961077
0.459719 -1.879321 7.312050
-0.199566 1.782281 20.647097
0.030697 -2.117083 17.774813
-0.174300 0.056582 8.135363
0.241386 -2.265118 6.295063
-1.490401 -1.000800 5.904937
0.363235 -2.327955 15.449275
-0.704001 -0.720075 6.112261
0.653890 -0.140193 14.402712
0.523596 -3.169116 5.880789
0.259470 -2.279004 6.382307
-0.289271 -2.208532 17.031250
-0.196686 0.371170 15.401786
-0.869421 -2.248439 15.732225
-1.515905 -1.156532 5.659921
0.248748 -0.017082 7.472625
-0.696266 0.420212 15.438990
-0.437564 0.449404 15.421731
-0.417756 0.348602 15.406660
-0.710018 -0.709525 6.115863
0.289811 -3.177102 6.463943
0.374473 -3.218585 5.663157
-0.107979 0.169598 14.894829
0.079015 -3.235522 5.651674
-1.435738 -3.180697 5.698477
-0.677584 0.398646 15.587128
0.678658 -1.361116 14.519131
-1.025250 -0.540928 16.930885
-1.520942 -1.162872 5.677097
0.688630 -0.049518 15.342890
-0.778599 0.428915 15.559590
-0.624203 -0.085717 19.410202
-0.493054 -0.736781 13.267818
-1.013058 -1.454905 12.033169
-0.912234 -0.411743 7.134540
-0.388202 -0.625440 12.094364
-0.622921 0.085452 16.739548
-1.218189 -0.404135 7.144469
0.314162 -3.076494 6.595793
-0.727316 0.060470 16.842960
-0.204951 -3.101373 7.094211
-0.437916 -0.578138 12.547684
-0.926172 -0.658532 6.151794
0.463239 -0.435539 12.205889
0.207335 -0.083347 21.429600
0.730460 -0.503965 15.449718
-0.174013 0.436707 15.487205
-0.757568 0.423129 15.369040
-1.410913 -3.136663 5.661825
0.482828 0.122542 8.168392
-1.513932 -0.769143 5.430963
0.319700 -2.028914 12.686023
-0.352469 -2.914103 9.315597
-0.247984 -3.066732 5.677380
0.181845 0.294590 15.056782
-0.162447 -2.347967 15.499471
-0.737650 -3.293206 5.473217
-0.248219 -2.318231 15.756248
-1.119643 -0.385263 6.213733
-0.882169 -2.266783 15.793927
-0.747753 -0.401906 8.051001
-0.764878 -2.338386 15.609950
-0.514840 -3.159079 7.530633
-0.608512 -0.664728 6.145141
0.134110 -0.174483 7.583859
-1.504833 -0.931404 5.835665
-0.445220 0.225755 14.947057
-0.674739 0.166728 10.514726
-1.200549 -0.410929 10.164013
0.221985 -2.255541 6.205873
-0.944247 -0.340916 7.170599
-0.327166 0.349810 16.718058
-1.444770 -2.873354 5.867300
-1.392062 -3.234409 5.968520
0.078900 -0.275337 10.152362
-0.097115 -0.267185 7.410343
-0.796028 0.427530 15.217868
-1.491064 -3.232071 5.606443
0.596317 -3.207763 5.934743
0.033762 0.150718 20.923435
0.251535 -3.198472 5.812273
-0.433313 0.410594 15.429552
0.318360 -1.139894 12.340222
0.281676 0.398119 15.035362
-1.127929 -0.364920 6.251342
-0.837377 0.405660 15.143300
0.688983 -1.833386 14.271278
0.767628 -1.723058 17.676395
-0.676475 -2.696185 11.222857
-1.047599 -0.254980 6.214492
0.599239 -2.347064 15.172396
-1.248410 -0.415118 6.168895
0.184308 -3.223786 6.047811
-1.434875 -3.172860 5.711026
-1.221383 -0.483035 6.057448
-1.306034 -3.067058 7.404697
-1.481791 -3.261486 5.822414
0.105212 -3.153750 6.444213
-1.218258 -0.445252 6.164279
0.811945 0.090705 17.955231
-0.662184 -0.698093 6.051223
0.236113 -3.124534 6.148528
-0.905843 0.488140 16.247786
0.996012 -3.071332 6.282863
-0.539806 -0.289134 12.553199
-0.668288 0.256097 13.869677
-1.552582 -2.391447 4.951006
0.990865 -1.128408 6.077213
-0.374161 -2.269607 15.340654
0.544620 -0.383015 13.031305
0.278657 -2.469232 9.329648
-1.307677 -0.445650 6.213649
0.579696 0.335915 8.807747
-0.994855 -2.554576 13.162966
0.475666 0.914118 18.321850
-1.528731 -0.927750 5.799205
0.901808 -3.133911 5.120645
0.703729 0.522186 15.470677
-0.842336 0.193333 13.088544
-0.409325 -3.469214 3.342210
-0.160537 0.002668 13.953659
0.443130 -2.115439 17.741665
-1.499923 -3.515611 3.259062
-0.390526 -1.568510 13.980977
0.173977 0.514944 18.436049
-0.537280 -2.546434 12.038749
-0.451632 -2.810998 9.174494
-1.139469 -2.795026 10.393505
-0.451926 -2.819987 9.221357
-0.237725 -3.669060 7.958398
0.561009 0.844659 17.216700
-1.664831 -3.348915 4.311107
0.209073 -0.212025 4.945743
-0.599542 0.386430 12.423860
0.274876 -0.698192 6.379076
-1.656099 -3.339374 4.278390
-0.562886 -0.253633 9.299441
-1.497999 -3.280383 4.844862
-0.329362 -3.397918 6.621507
-0.910623 -0.225420 8.240062
0.877801 -2.104400 17.881548
0.605799 -3.202303 5.965225
0.150074 -1.926439 21.006414
-1.514450 -1.817872 4.309974
-0.309895 -0.376646 9.332690
-0.192028 -3.030225 7.643937
-0.082275 -2.596404 9.877481
-1.552880 -3.275641 3.569943
0.847728 -1.093525 17.407949
-0.362263 -2.891048 9.361126
0.558857 -2.121949 12.818793
-1.093903 -0.115141 9.892993
-1.598062 -1.663431 3.456809
0.644928 -1.713601 14.007668
-0.835965 0.120420 11.715851
-0.878045 -3.505682 3.501345
0.556996 -2.663805 11.915429
-1.132255 -0.451084 7.510867
0.564470 -1.672703 12.954565
-0.863620 -0.224816 8.390208
0.945065 -0.538685 5.897183
-1.619916 -1.655685 3.486187
-0.654202 -0.305937 12.801332
-1.237157 -3.487924 4.054852
-1.090779 -3.504204 3.461539
-0.916246 -0.242079 8.152450
-1.595752 -2.117039 3.829530
-1.187076 -0.225281 8.338788
-0.301859 -2.556445 9.505672
-0.712586 -2.037182 18.615528
-0.471536 -0.242922 5.672339
-1.630895 -2.021621 3.762935
0.086266 -0.267600 9.544540
-1.289189 -3.044216 7.976776
-0.275916 0.513392 18.496052
-0.867864 -0.233157 8.312791
-0.640266 -0.085069 8.181141
-0.658830 -0.081902 20.367849
-1.244915 -3.022592 8.397043
1.236237 -1.702739 9.847781
0.259940 -3.437459 3.474886
0.197341 -0.834736 14.641870
-0.636116 0.560335 17.406832
0.439513 0.430650 14.572164
0.482680 0.633281 17.335499
-1.126357 0.064599 12.006622
-0.938552 -0.161500 9.454381
0.845602 -1.176220 17.387587
-1.042241 -2.734127 11.702379
-0.184210 -3.422588 3.692008
0.520835 -2.624807 12.290799
0.262289 -1.723842 12.749624
-0.959921 0.083152 11.765953
-0.150964 -3.470272 3.491435
-1.122215 -0.552434 4.064581
-0.660716 0.134318 12.009225
0.234681 -0.077552 6.416639
-1.616529 -0.678834 4.206709
-0.806691 0.226947 13.774414
0.598442 -0.574415 4.541519
0.809775 -1.068854 17.140541
-1.273123 -3.044285 7.800702
0.874623 -1.696562 14.397921
0.453801 -2.976374 8.418353
-0.340158 -3.484782 3.353000
0.064138 -2.011346 19.423206
-0.224171 -2.235177 12.484948
-0.859382 -0.210586 8.495753
-1.066751 -2.554972 12.486507
-1.256733 -0.248504 7.995542
-0.667835 -0.099839 20.273836
0.063005 -2.012287 19.421598
1.321623 -1.303580 10.368770
-0.750641 0.102717 12.026904
0.582519 -2.138958 12.921690
-1.592677 -2.693343 3.659132
-1.020949 -2.519832 13.211430
-1.076408 -0.231473 8.303739
-0.750810 -0.309165 17.970165
-1.571984 -2.033216 3.590747
1.403576 0.018249 11.453756
0.859851 0.223033 10.807886
0.828706 -1.063838 17.267656
0.611340 0.234467 10.859144
1.038718 0.159874 10.456610
0.126889 -3.430879 3.646057
0.054427 -3.057767 7.668599
0.524037 -1.398412 12.265124
-1.305266 -3.079373 7.684121
-0.998598 -1.350244 12.441226
0.731015 -1.176312 16.551586
-0.863705 -0.191388 8.400642
-0.771735 0.020932 13.708557
0.463939 -2.989753 8.447445
0.526474 -1.400807 12.265290
0.463813 -2.987670 8.453355
0.483483 -2.607436 12.409925
-0.155625 -3.015676 8.048306
-1.031636 0.104700 11.559800
-0.408694 -2.633185 12.408580
-1.075473 0.088112 11.699676
0.520591 -2.647648 11.833348
-0.758781 -1.922465 17.830399
0.557994 -2.501957 12.729007
0.558285 -2.469796 12.683466
-1.588760 -0.729187 4.099644
-0.007343 -3.024218 8.104979
-0.814076 0.101223 11.854934
-1.754382 -2.703439 3.463542
0.261794 -3.051407 7.668193
-0.978211 0.084512 11.882904
-0.669204 -1.093231 13.191697
0.483483 0.634988 17.335165
-1.085720 -0.219036 14.825064
1.279108 -0.384282 10.588268
0.804881 -0.740937 17.151653
-0.361329 -3.296890 6.134101
-1.587786 -2.028472 3.629221
-0.563932 -0.461776 8.640595
-1.596138 -2.139426 3.666878
-0.421674 -1.564435 20.827587
-0.898836 0.104926 12.371685
-0.873369 -0.215894 8.336368
-0.443092 0.219368 8.941968
-1.655657 -1.555690 4.172053
-1.613550 -1.963582 3.810483
-1.790177 -1.331377 4.396470
0.588577 -2.429013 12.799906
-1.010619 -2.477133 12.621261
0.046272 -3.049095 7.859245
-0.749110 0.111043 11.814051
-1.594082 -2.705730 3.583400
-1.495945 -1.536572 3.679325
-0.965095 0.084030 11.758797
0.431215 1.150603 19.454906
0.113039 -1.990857 18.223579
-0.909392 0.243748 13.242242
-0.386356 -2.830529 9.161066
-0.801382 -3.482995 3.297755
-0.709815 0.482358 20.611301
-0.792936 0.067208 12.306106
-1.040784 -1.501885 12.370531
0.518441 -3.600200 4.184372
-0.005834 -3.024792 8.091646
0.261093 -3.053047 7.667320
-1.145206 -3.475440 3.199941
-0.825808 -3.496117 3.902231
0.419716 1.054891 18.592220
0.128693 0.156311 14.373322
-0.491513 0.481945 12.294623
-1.634796 -1.969021 4.116328
-0.716637 0.489748 20.640709
1.234799 -1.020477 20.346010
0.664902 -0.140256 14.383227
-1.600409 -2.564571 3.566322
0.598588 -2.415279 12.970193
-0.100770 -2.992490 9.734201
-0.609747 0.328659 12.325191
0.039445 -3.459783 3.484791
0.492607 -0.670214 11.656013
-0.888418 -3.452325 3.501147
-1.802340 -3.153220 4.239694
-1.457013 -3.489279 3.367270
0.328235 0.447693 13.708149
-0.919167 -3.107847 7.484129
-1.533672 -3.539804 3.272895
-0.411612 -3.459785 3.323786
-0.695643 -2.006173 18.402527
0.624759 -2.100857 12.972823
0.238985 -0.469875 6.280167
-1.625561 -2.064321 3.967089
-0.961651 -0.180197 8.021580
0.532287 -1.409365 12.611281
-0.531372 -1.894494 12.075808
0.502127 -1.420659 12.194445
-1.735302 -2.663612 3.541131
-1.629257 -1.972380 4.094640
-0.977080 -3.470061 3.356850
0.956248 0.233759 20.489584
-0.485997 0.430584 12.224113
-0.993931 -1.534101 11.497252
0.336605 -2.187255 16.960415
-0.802947 -3.509202 3.707718
-1.101885 -3.450248 3.834095
-0.709238 0.203969 11.847962
0.677538 -1.700256 14.084511
-0.585144 -0.448458 8.473088
0.507895 -1.470951 12.136068
0.893736 -1.700325 14.422196
-1.265507 -0.228997 8.055244
-1.732684 -2.566584 4.127383
0.049511 -2.136090 17.785725
-0.640351 0.174881 12.668083
-0.168113 -0.985777 11.685823
-1.611502 -2.702064 3.702257
-0.561796 -1.767505 21.063168
-0.802209 -3.501738 3.101863
-1.088323 -3.484259 3.426751
-0.801105 -2.143012 16.146753
-1.070637 -0.549446 4.032819
-0.450348 0.030257 12.270224
-0.056482 -2.304124 15.772244
-0.865633 -0.701451 6.191418
0.577786 -1.451099 13.658697
-1.188157 -0.249599 8.147466
-1.029422 -2.611455 12.663982
-0.386998 -3.418782 4.007731
-0.363194 -3.450911 3.529776
0.730360 -2.382468 14.538232
0.523981 -1.469505 12.740835
-1.177740 -0.248445 8.291740
-1.624774 -3.426144 3.493594
-1.249308 -0.428797 6.153313
0.030024 -3.440961 3.561906
-0.813947 -0.822179 16.716673
-1.310500 -3.480683 3.538425
-0.593878 -0.462939 8.430894
-0.638051 0.091369 12.366511
0.568133 -2.431314 12.712319
0.243105 -1.590121 21.423788
-1.112030 -1.309506 12.567542
1.031987 -2.346506 9.908097
-0.258347 0.601805 17.151922
1.093085 0.158611 10.609496
0.781496 -1.751871 17.497068
0.088634 -3.446866 3.386992
-0.178245 0.340816 18.079611
0.439113 -0.021093 11.439317
-1.683049 -0.931035 3.505347
-1.296203 -3.062029 7.726070
-0.317057 -2.131065 17.540995
-1.753752 -2.751490 3.541093
-0.983403 0.072841 11.780222
0.443438 -1.679964 12.068027
-1.414603 -0.611432 3.981264
-1.605710 -0.704292 4.155871
-1.212149 -2.916474 8.188203
-0.417978 0.364089 17.694395
0.046964 -3.050620 7.865973
0.844325 0.204468 17.585876
-0.907146 -0.196997 8.115942
-1.328147 -0.488574 6.058687
-0.138953 0.613248 17.619595
-0.818508 0.120092 12.385492
0.627186 -0.165500 14.223613
0.940553 -1.873240 19.191010
-0.250130 -1.328424 19.692755
0.901834 -2.078571 18.258486
0.293528 0.598233 17.552860
0.883317 -0.176682 13.914865
-0.641897 -1.910566 19.977430
0.617726 -1.948980 12.946267
-0.018508 -3.000464 8.023904
-0.865396 -0.217600 8.339367
-1.091407 -0.756545 12.689401
-1.612898 -2.705138 3.718966
-0.905720 -3.064738 7.965050
0.866563 -1.944840 20.070415
-1.480199 -3.515994 3.424705
-1.253774 -3.474848 3.461142
-0.743118 -3.054162 8.048708
0.649443 0.654921 17.527527
-0.742839 -3.050563 8.040111
-0.796671 -0.152226 9.468060
-0.911782 -0.199924 8.023746
-0.529433 0.188421 21.351917
-0.567843 0.490731 12.307364
-1.169820 -0.242873 8.317232
-1.396054 -3.463210 3.475003
-0.871065 -2.225226 15.722588
-1.780449 -2.761878 3.604771
-1.512207 -3.057242 5.505631
-0.670173 0.118153 19.827185
-0.693232 -3.413610 3.919541
-1.024222 -2.650548 11.345353
-0.798652 -3.474841 3.612090
0.101040 -3.444714 3.516348
1.075550 0.105350 9.672131
-0.795135 0.582883 17.443075
-1.619659 -1.413892 4.116018
0.209019 -3.227778 5.994830
-0.071904 -3.429277 3.563817
0.788464 -0.255860 8.867284
-1.646672 -1.648230 3.524545
-0.634549 -3.038471 8.029923
0.410056 0.079688 8.231794
0.227050 -3.225143 6.003608
0.700520 -1.722008 14.331549
-1.508342 -2.276874 4.748180
0.132545 -0.625421 13.557404
-0.307355 -3.431151 4.589134
-0.321062 -3.386962 4.427304
0.161341 0.486628 18.240992
-0.626805 -0.564988 6.596601
-0.223312 -2.229180 12.527317
-0.942959 -0.535732 6.768582
-0.969885 -0.764034 4.523684
0.604018 -0.452772 9.027223
0.548808 -1.695826 12.685071
-1.337070 -3.035866 5.711891
-0.986612 0.102535 11.621323
-0.321693 -3.405302 4.481895
0.053285 -2.103796 12.876186
-0.620780 0.081929 16.713778
-0.277772 -2.575228 9.460488
-1.042945 -1.002624 12.972719
0.210290 -0.821856 5.935619
0.330845 -0.612943 6.707348
-0.754812 -2.190265 11.163260
-0.319137 -3.375441 4.376770
0.736672 -3.160875 5.864696
-1.289293 -3.062696 7.899508
-1.196045 -1.458747 16.926746
1.407075 -0.270218 10.962097
0.502802 -0.264251 12.111402
0.086954 -0.164157 5.039534
-0.669006 -0.751505 6.083714
0.298130 -0.659506 6.526131
0.479582 0.262403 8.838430
-0.646820 0.121286 12.089923
1.067656 -3.249390 5.268314
-1.303168 -3.074741 7.680080
0.174380 -0.258258 12.026909
-0.582019 0.192057 12.139461
-1.264706 -0.253808 7.937489
0.557217 -3.210241 5.981755
-1.011972 -0.696851 4.187222
-1.537223 -2.271596 4.738714
-0.221197 -0.899958 3.940671
-1.072646 -0.640880 4.312001
1.398651 -0.271586 10.921210
-1.560150 -1.814854 4.540690
-0.176230 -0.085496 13.709398
-1.501010 -3.272824 5.606767
-0.731379 0.101544 11.971247
-0.690110 -3.704937 3.786941
-0.925980 -3.462885 3.231035
-0.331342 -3.600944 3.575047
0.494030 -2.343654 15.172886
-1.039037 -2.667312 12.151713
-0.381876 -3.239363 5.875821
0.167307 -0.056217 7.870409
-1.024890 -2.621861 12.593430
-1.067940 0.073693 11.698961
-0.125633 -2.925151 8.809163
-0.340734 0.637200 17.160149
-0.521827 0.468997 15.434309
-0.921096 0.077433 11.607125
-0.687498 0.431299 20.844530
0.194190 -0.930523 6.022301
-1.607920 -2.700368 3.698705
0.683386 -1.911059 14.136164
-0.155796 0.172609 13.657305
-0.152434 -3.451910 3.455043
-1.098685 -3.443098 3.822276
0.433490 1.073793 18.609018
-1.623940 -2.708858 3.745012
-1.181285 -2.925357 9.015180
-1.473258 -2.009754 5.635972
-0.798390 -3.500002 3.101093
-0.155871 -3.457642 3.260985
-0.095579 -3.487701 3.088476
-0.791162 -0.157209 8.277202
-1.705433 -3.084362 3.969040
-0.575071 -2.534326 13.252975
-1.309973 -3.064342 8.280477
-0.453663 -0.280045 8.872974
-0.766882 -3.293478 5.364247
-0.808771 -3.497251 3.323925
-0.901473 -2.445230 11.526207
-1.631843 -1.996553 3.732188
0.663010 -0.140456 14.389588
-0.379171 -2.512458 10.655352
-1.401997 -3.130971 5.982753
0.264752 -3.071078 7.680410
-1.430269 -3.171280 5.689950
-0.952431 0.078239 11.840343
-0.922447 -3.510245 3.011952
0.690363 -1.969752 14.253800
-1.655513 -2.093903 3.920700
-0.014570 0.637283 17.390511
0.231315 0.688009 13.129570
-1.527750 -0.967663 5.528188
-1.019018 -2.685278 11.383475
-0.729164 0.115048 12.173941
-1.110770 -0.979751 12.154515
-1.331267 -0.774565 8.796231
-0.981704 -0.192725 16.687225
-0.684883 0.131861 11.838393
0.157683 0.673531 17.331734
0.578172 0.289779 12.180567
-1.064755 -0.216035 9.341124
0.286535 0.790342 16.674767
-1.499271 -3.273425 5.622811
-0.659107 0.145346 12.079920
-1.566285 -0.918619 5.637374
-0.708785 0.541167 19.417311
-0.668591 -3.466266 3.499933
-0.516467 -3.177659 7.740684
-0.251059 -2.005821 19.363501
-0.592394 0.155216 12.289868
0.837167 -1.195846 17.451134
1.186665 -1.998181 10.020368
-1.106200 -3.409617 3.869868
-0.939150 -0.189297 8.158420
-0.144350 0.607418 17.617954
1.022858 -1.350585 14.533222
-0.145827 0.212677 13.789378
-0.785109 -2.108013 17.169437
0.666250 -2.121598 13.300787
0.238605 0.377490 19.830137
-1.266872 -0.381243 5.970575
0.771022 0.002975 17.377010
0.688481 0.699938 17.244724
-1.051500 0.044117 11.661920
-0.075160 -3.420375 3.546398
0.295490 0.047712 13.596481
-0.508098 0.843699 20.262842
-0.991127 -0.226761 8.227103
0.464452 -1.438231 12.306878
-0.985974 -0.446038 4.336052
0.546362 0.193317 12.164227
0.400626 -3.452200 3.911195
-0.903429 -0.169883 8.256602
0.225122 -3.436455 3.563823
-0.793576 0.061659 18.021135
-0.460663 -3.463274 3.484739
-1.009383 -0.382504 6.201994
-0.955143 -3.431201 3.935353
-1.254686 -0.268200 7.937621
0.263913 -3.071250 7.680717
-0.987462 -3.485001 3.457603
-1.065952 0.036837 11.484400
-0.925846 -0.152148 8.105210
-1.039124 -0.188671 8.182877
-1.741841 -3.102461 4.056531
0.014333 0.024931 20.045967
-1.193779 -3.461751 3.547343
0.417441 1.051600 18.240362
0.568829 0.233752 12.225893
0.265655 -3.060377 7.685429
0.653485 0.645431 17.508949
0.003872 0.150590 14.661534
0.794249 -0.277175 5.100815
-1.635225 -1.190519 4.852252
-0.950750 0.098279 11.835451
-0.597318 -1.824896 17.716949
0.982187 -0.646258 4.293798
0.487941 0.305400 13.051843
1.263950 -1.699414 9.924752
-1.259514 -0.347209 7.302079
0.975379 -0.651053 4.279909
-0.856892 0.487444 12.188260
1.004453 0.041639 10.294379
-0.525180 -0.290850 12.531231
0.381151 -3.416569 3.835599
-1.581767 -2.502673 4.029855
-0.280905 -3.486131 4.689574
-0.789188 0.114726 11.914396
-0.672289 -3.733035 5.586920
-0.067022 -3.991650 7.174870
0.357977 -0.604080 17.068104
-0.566822 -3.221046 5.819689
-1.559596 -0.764826 4.037583
1.117976 -3.118684 6.463527
-0.275643 -3.519289 4.823626
-0.811393 -2.106541 16.346565
-0.391190 -2.421571 9.491615
-1.372438 -0.338045 6.493207
0.272881 -3.064958 7.696323
-1.629422 -1.204220 4.844476
-0.572646 0.656359 18.840265
-1.391699 -3.110075 5.971173
-1.320270 -3.086521 7.449954
0.892196 -0.652309 4.424052
-1.101864 -2.774458 10.196187
-1.421652 -3.144967 6.111379
-0.214529 -1.605392 12.299205
-1.097173 -0.115293 10.228852
-0.979110 -2.457135 13.991479
-1.312481 -3.072729 7.471379
-0.286995 -3.240003 9.598655
-0.830230 -3.295092 7.800895
-1.153480 0.012580 6.459947
-0.217799 -3.319555 5.943246
1.113054 -0.529644 5.439274
-1.420901 -3.189184 6.046083
-1.226947 -0.392771 10.317800
-0.909611 -2.454374 11.582835
-1.208092 -0.463545 6.841186
-0.399153 -2.917521 6.673948
0.513887 -0.777125 12.510165
-1.639371 -3.330908 4.235109
-1.121484 -2.769140 10.393519
-0.572306 0.160683 12.273953
1.322618 -1.821992 10.081328
-1.549083 -1.475993 4.589086
-1.599035 -0.692807 4.180119
-0.918178 -0.690274 6.092158
-1.456002 -0.530853 7.597599
1.108229 -3.203896 5.983003
0.042264 -0.056918 8.105197
-1.274492 -3.477952 3.496823
0.040369 -3.448573 3.471539
0.623803 -1.716086 13.875445
-1.304725 -3.477394 3.529550
-1.127321 -0.057177 15.042762
-0.213723 -3.247248 5.821418
-1.936246 -1.221776 4.801327
-0.583407 0.237442 13.349683
-0.804566 -3.488124 3.319274
-1.095596 -0.010933 16.463194
-0.530040 -1.678419 18.670027
-0.744555 -0.017564 16.737041
0.329117 -3.487467 2.958361
0.556514 -0.157090 13.394202
0.022516 -3.477694 3.406151
-0.417139 0.466229 19.058865
-1.625536 -3.042467 3.718667
-1.150502 -2.813926 10.695161
-1.406092 -3.125284 6.078412
-0.880321 0.387818 14.747608
0.246868 -3.031803 7.626354
-0.937414 -0.401795 15.905348
-0.628778 -3.023063 7.997760
0.483063 -2.193669 17.044058
-0.616586 -3.506632 3.056781
-1.012419 -0.355705 9.396362
0.019617 -3.477994 3.408832
-0.104936 -2.407412 14.840775
0.878565 0.001029 19.002279
-0.110169 0.583102 17.327082
-0.198026 -1.586305 12.574450
-0.276139 -2.700560 12.048557
0.667284 -2.258772 14.296930
-0.618911 -3.510777 3.056403
-0.651917 -1.123049 18.318737
-0.800427 -3.493310 3.082644
-1.498085 -0.505926 5.839664
0.689647 -1.986376 14.225307
-0.599190 -0.130798 18.050425
0.492094 -1.402175 12.174607
-0.859737 -0.090387 8.922883
-0.825351 -3.472771 3.495529
0.534912 -0.293666 13.570768
-0.989998 0.082745 12.351695
-0.998219 -3.487395 3.330037
0.231703 -3.435728 3.095748
-0.275459 -0.570673 14.056047
0.407911 0.378500 13.430247
-1.088516 -0.444502 7.686653
-1.080843 -3.473422 3.393159
0.767201 -0.279099 17.065266
-0.988972 -1.261320 12.369009
-1.545665 -3.288591 3.511099
0.854728 -2.081204 17.321299
1.238972 -1.807155 9.883782
-0.577998 -0.089803 8.863186
-0.933822 0.154021 12.757805
-1.606025 -1.493848 3.676167
-1.087451 -0.025554 16.396742
-1.063067 -1.526900 12.442180
0.244827 0.226591 12.948707
0.850870 -0.708442 17.319311
-1.117479 -1.514096 13.650785
0.765916 0.612707 17.278898
-1.229426 -0.333234 7.738193
-0.740991 -0.086785 16.768869
-0.191328 0.516083 15.609352
-1.288558 -3.049762 7.703349
-1.019941 0.075618 12.962562
-1.133009 -0.821813 12.109479
1.189116 -2.586919 10.017383
0.276368 1.012370 20.123093
-1.611375 -2.006443 3.920014
-1.605428 -2.088469 3.929456
-1.604141 -2.058990 3.779833
-1.045237 -2.626400 12.683562
-0.651077 0.113408 12.066161
-1.069544 -0.953883 12.667385
-1.317346 -3.490968 3.431527
-1.514282 -0.903950 5.554827
-1.123198 -3.524415 2.983022
-0.522510 -1.721640 18.623007
-0.813756 -0.130098 9.433114
0.380807 0.622037 17.333834
0.774194 0.097783 10.478776
-0.836775 0.200719 16.403429
-0.815200 -2.156168 16.362411
-0.714941 0.255311 12.071413
-0.432746 -3.078791 7.738044
-0.138532 -3.119860 8.468023
-0.932584 -0.551371 16.464558
-1.575763 -3.322896 3.590643
-1.428947 -3.523025 3.606134
0.693118 -1.710814 14.113725
-1.428424 -3.162287 5.701110
-1.129740 -0.824479 12.122474
-0.618981 -3.488973 3.018959
-0.874707 -0.317305 7.331156
-0.809330 -3.487289 3.318773
-0.980574 -3.485730 3.387709
-1.131848 -1.539277 13.779368
-0.384515 0.227523 13.013085
0.236683 -3.443289 3.113970
-1.611763 -2.005261 3.916206
-1.607153 -2.070485 3.927106
-0.855028 -2.206093 15.546546
-0.988131 -3.531326 2.958388
-1.139982 -0.463376 6.084348
0.511625 1.060294 18.585962
0.326719 -3.444823 3.362558
-1.520567 -1.132485 5.651198
-0.729056 0.024245 16.733334
-1.560135 -3.305095 3.543990
-1.354023 -3.501321 3.188930
-0.552505 -3.477606 3.415899
-1.525866 -1.157169 5.611625
-0.669260 -3.459736 3.484804
-0.598214 -1.837321 19.573404
0.506389 -1.568817 12.475691
-0.656280 -0.704021 5.986334
0.670772 -1.423425 14.314936
-0.195208 -3.452221 3.493640
0.666614 -1.761486 14.074980
-0.469946 0.687414 19.942589
-1.134250 -0.776194 12.130533
0.091902 -3.430364 3.478529
0.059470 -0.592509 17.475115
-0.067046 -3.439143 3.580854
-1.388545 -0.368107 5.912808
-1.308241 -3.466561 3.511629
-1.158310 -0.270995 8.326110
-1.132328 -0.266928 14.191010
0.007353 0.832852 20.718632
-1.426436 -0.530797 4.929318
-0.603548 0.297714 16.459522
0.966904 -3.244250 6.384135
-1.605656 -0.692099 4.195079
0.908441 -3.295847 5.156288
-0.678023 -0.102798 16.228086
-0.603733 -3.143566 7.042649
-0.588761 -0.632809 6.068161
0.190443 -1.507084 14.113073
0.228825 -1.427987 14.886557
0.946642 -0.485483 4.626526
0.292489 -0.635408 16.227734
-0.698190 -5.245605 10.619315
0.950096 -0.593087 4.682734
-1.419198 -0.629136 4.283394
-1.523666 -0.851136 5.581469
-0.802974 -2.129178 15.293371
-0.912736 -0.463106 15.807272
-0.924916 -2.470144 12.701748
0.610780 -0.495075 5.304424
-1.571724 -0.879604 4.190183
-0.497690 -0.448155 8.385980
-0.839910 -2.335116 15.214820
-0.914944 -2.473589 11.969975
-0.350417 -3.033121 7.657265
0.382183 -3.224103 5.673528
0.512393 0.204013 13.284992
0.961635 -0.557121 5.239551
0.347396 0.178306 14.950838
0.697838 0.433505 15.337714
-0.867414 -0.708643 4.668491
-0.470947 -0.256140 20.156321
-0.930301 -0.610482 6.202724
-0.465914 -0.426559 8.528111
0.482168 -2.375665 15.104083
0.326379 -1.383563 15.137247
-0.978000 -2.473615 14.064217
-0.537156 -0.485916 8.498610
0.098764 -0.129719 8.589662
-1.426091 -3.153872 5.726468
-0.159902 -0.437628 4.527641
-0.960241 0.021337 11.429524
-1.241635 -2.976834 8.519868
-0.590335 -0.635245 6.066821
0.430661 -3.210490 5.863367
1.043100 -3.172889 5.771673
-1.110545 -2.623761 11.827322
-0.309014 -2.525993 9.130771
0.810127 -1.092760 17.147402
1.095700 -3.195202 5.938212
-1.554071 -0.769180 4.561434
-0.392152 -2.386335 9.230261
-1.523919 -0.438469 6.078495
0.536941 -0.362697 14.914101
0.680515 -0.517288 3.751315
-0.133598 -0.570555 4.698356
-0.926541 -0.506644 16.206160
-0.136897 0.621711 16.680153
-0.710367 -0.546330 7.589124
0.067720 -0.228085 8.226307
0.687428 -1.894833 14.301898
-1.488060 -3.045086 4.735321
-0.613738 -1.940693 17.518995
-1.476764 -0.539796 5.776304
0.230557 -0.110447 6.346121
-0.976084 0.015192 15.723170
-1.278153 -3.036656 8.055108
0.811687 -1.176598 17.283289
-0.754001 -0.380940 8.140267
-1.314985 -3.077721 7.612770
0.091334 -3.451832 3.309509
-0.821362 -0.350483 16.879324
-0.039760 -3.487590 2.904193
-0.602786 -0.665014 13.348444
1.005114 -1.343870 14.514897
0.203383 -0.521338 6.104113
-1.254501 -2.999738 8.003819
-1.301360 -0.264734 7.302319
0.682339 -1.831292 14.260993
0.270824 -3.067162 7.712608
-0.821938 -3.474548 3.499198
0.743861 0.073037 10.389667
-0.747843 0.105050 11.578154
0.266163 -3.442771 3.495573
0.251543 -0.175862 6.394602
-1.014130 0.052300 12.871022
0.820267 -0.176519 14.158626
0.130778 -2.187455 17.187271
-0.375250 -0.815427 11.397470
-1.017212 -2.595616 12.306001
-0.960421 -0.390167 6.010114
-0.879948 -0.112249 8.621503
0.985897 -1.047381 19.241728
-1.497293 -0.504529 5.852331
-0.677693 0.259544 12.126571
0.775701 -1.575038 19.361946
0.850082 -0.135607 9.914602
-1.007262 -0.411665 5.929823
0.826378 -0.171896 14.175303
-0.157127 -2.199440 17.138071
-0.631020 -3.136468 7.212292
-0.802877 -2.155679 17.188553
-1.569232 -3.372739 3.586351
-0.768269 -3.293872 5.367073
-0.185704 -0.872171 13.098924
0.820935 -0.177536 14.159576
-0.511575 -3.516433 3.056811
-0.050366 -2.919385 9.470187
-0.087150 -3.464715 3.105087
-0.082177 -3.206541 6.048730
0.654403 -2.002365 13.613249
-0.626998 -0.169791 9.106598
0.551867 -2.571192 12.654585
-0.670577 -0.774616 6.019513
-0.654437 0.162572 12.535925
0.689400 -0.481321 5.442146
-1.533318 -1.114892 5.670279
-0.512483 -3.491955 3.012021
-0.441210 -3.018743 7.819363
-0.338637 -2.929968 9.439445
-0.654154 0.315676 20.341116
-0.846053 -3.519592 2.865941
-0.150766 -3.472355 3.277126
-0.811745 -0.165964 9.338552
-0.665929 -1.101863 18.669792
0.723655 -2.383233 8.684697
-1.543985 -2.143964 3.498565
0.483746 -2.183261 17.055401
-0.894507 -0.190088 8.644380
-0.813643 -1.040819 17.930386
-0.983162 -3.516818 2.937080
-0.215773 -2.710635 13.411527
0.114637 -3.462696 3.561321
0.928968 -0.654697 3.730417
-0.804856 0.103349 13.845803
-0.804668 -0.822741 16.912807
-0.458947 -0.235979 5.962950
-1.485048 -3.499804 3.418548
-0.339868 0.524049 17.022854
-0.707673 0.101957 12.069208
-0.631494 0.059957 11.827101
-0.208595 -3.094783 7.067462
-0.157219 -2.198760 17.138828
-1.602531 -2.490116 3.790831
-1.602085 -2.528162 3.806306
1.019312 -2.983026 6.225419
-0.374951 -0.668397 12.873845
-0.675474 -3.505268 2.893934
-0.280894 -3.473341 3.162116
0.148076 -0.426302 12.623607
-0.309771 0.621862 18.145657
0.700408 -1.142000 16.341379
0.223375 -0.974580 6.079998
0.210109 -3.523703 2.687572
0.591967 -0.232050 13.661072
1.333301 -2.463199 10.794998
-0.637070 -2.709521 10.994123
-0.745951 0.146595 16.936705
-1.285571 -0.366686 6.661830
-0.952318 -1.430583 16.754360
-1.276285 -3.045701 7.852463
-0.679348 0.108326 11.697038
0.128783 -2.180818 17.172598
0.331886 -0.252689 10.455847
-1.192566 -3.514175 3.304406
0.324719 -3.190980 6.170808
0.441649 -3.477052 3.116597
-0.730966 0.073019 11.568786
-0.929899 -0.458681 15.809798
0.676264 -1.733567 14.075075
-0.418166 -2.926873 9.271900
0.876794 -1.219993 18.211660
0.375421 -3.531677 2.734984
-1.488840 -0.499303 5.808856
-1.237565 -2.849170 8.997062
-0.226980 -2.183108 17.364756
-0.408054 -2.618264 12.373317
-1.223407 -2.921222 9.429060
0.534432 -3.398474 3.461135
-0.669290 -3.264780 5.541328
-0.344280 0.528324 17.022684
-0.073759 -2.181936 17.296944
-0.406103 -0.333371 10.694201
-1.618550 -2.497325 3.784083
-0.807123 -0.823383 16.913078
-1.369065 -3.517602 3.225898
-1.241762 -3.533192 3.000241
-0.598029 0.096304 12.638003
-0.948401 -0.431349 5.916771
-0.200872 -3.132116 7.122897
-1.858419 -0.885908 4.197321
-1.006124 -1.052260 12.594468
0.180831 0.814957 17.529329
-1.651174 -3.334880 4.254450
0.473891 -0.747681 12.333741
1.177437 -0.907653 6.436766
-0.670115 -0.740947 6.097605
-0.208310 0.359158 20.200438
-1.491367 -3.043119 4.759212
-1.459478 -3.196912 5.973833
0.820644 -0.585503 17.032009
0.827214 -1.811558 17.742290
-0.555032 0.725783 19.498291
-1.395310 -0.660825 4.217665
-1.469523 -2.368502 4.613020
-0.681584 0.028587 16.715824
-1.336092 -3.128333 7.468687
-1.640708 -1.372387 4.142236
-1.121731 -1.044601 12.253956
-0.849345 -3.445711 8.719640
-0.519868 -3.130805 7.222735
0.045829 -0.543703 10.319670
-0.760756 -2.109144 16.971498
-0.659512 -2.028790 19.284159
0.657561 -0.452234 3.886747
0.563562 0.797602 17.389046
0.212814 -0.091781 12.968464
-0.462836 -3.210971 6.788136
-0.806900 -2.625601 12.243457
0.780599 -0.328257 5.153689
0.819080 -2.087937 17.461317
-0.910311 -0.638950 6.420751
0.936565 -0.529414 5.593890
0.625752 -0.580470 3.728121
1.006800 -3.440202 3.709454
-0.467477 -3.211782 6.786520
0.890148 -0.578371 3.662104
0.426373 -3.208912 5.853924
-1.551827 -2.273570 4.964452
0.844215 0.634474 16.988413
-1.501412 -2.396063 4.757094
0.467186 0.246463 8.804468
-1.397625 -0.317909 6.569058
-1.338900 -0.900543 7.804356
0.779568 0.261910 17.062536
-1.510709 -2.273857 4.780462
0.994079 -3.431150 3.681970
-1.120124 -0.829662 12.090099
-1.120060 -0.733097 14.242422
-1.405114 -0.686461 7.244600
-1.166163 -3.527195 3.308765
-0.374777 0.114877 12.430766
0.693705 -3.311078 6.216290
-0.531149 -3.081272 7.644332
0.090294 -3.259513 5.713233
-1.426187 -3.138293 5.765003
-0.812868 -2.638485 12.274200
-1.424194 -0.909061 5.722351
-1.516792 -2.311394 5.812211
0.462563 -2.495056 10.902397
-1.290039 -3.056596 8.023977
0.647555 0.717749 17.500114
-0.727454 -3.872846 3.778532
0.689469 -1.649132 13.880975
-0.898008 -3.046766 7.928107
-1.183332 0.050425 11.631720
-1.250972 -2.991223 8.547946
0.135345 0.155127 14.371273
-1.460134 -0.557952 5.747632
0.077229 -3.230868 5.642090
-1.157034 -3.507048 3.257620
0.087418 0.623200 17.369801
-0.646102 0.106975 12.409012
0.162655 -3.155244 5.840487
-0.652020 0.157149 11.952652
-1.646250 -2.077952 3.951076
-0.521867 -3.120257 7.197360
-0.581779 -0.304246 7.213601
-0.465972 0.114642 6.529863
-0.469976 0.339071 15.116336
0.488278 0.342244 16.460945
0.678848 -1.891818 14.261386
-0.975243 -0.380544 5.878686
-0.510351 0.365096 14.586576
-0.827805 0.111320 11.566502
0.308594 0.645098 12.488768
0.102885 -3.282612 5.320733
-0.057266 0.419905 9.643620
-0.871810 -3.483324 3.460429
-1.374497 -0.285912 8.215350
0.051270 -3.502663 2.948500
-0.877852 -0.032886 10.032297
-1.447763 -3.460978 3.321258
0.388902 -3.232542 5.698370
-0.272224 -2.677893 11.878413
0.200567 -2.462106 13.921122
-0.079542 -2.498045 9.286271
-1.054192 -0.067512 10.552612
-1.399750 -3.123725 5.623136
0.658808 -0.396090 14.482162
-0.822189 0.036723 10.027213
1.253243 -2.649433 10.403196
-0.291111 -3.487283 2.991635
-1.470234 -2.219138 5.664908
-1.624669 -2.002541 3.703276
-0.616434 -0.333500 15.677918
0.104172 -3.483977 3.369488
-1.103718 -3.071763 7.844829
-1.064565 -0.039952 9.920303
-0.672502 0.092169 11.756490
-1.049753 0.004453 9.808683
-1.665045 -1.454978 3.805189
0.096702 -3.473415 3.342208
-0.032772 -3.207528 6.039338
-0.737118 -2.923333 9.290098
0.487721 -0.765471 12.419718
-1.503236 -1.119869 5.641267
0.682921 -1.736984 14.085907
0.328394 -0.096734 10.077785
-0.843825 -3.512548 2.849336
0.948804 -1.499734 11.549332
-0.431825 -3.435428 3.521850
-0.385085 0.439251 17.974527
-1.516632 -3.257082 6.150474
-0.830180 -0.739821 6.085515
-0.629426 0.045883 12.304728
0.350666 -3.519635 2.790377
-1.146169 -0.031662 9.759033
-0.490241 0.625239 18.363220
0.235653 -3.514033 2.807683
0.263810 -3.053903 7.693024
-1.247939 -3.546868 3.023204
-1.041367 -1.341212 12.305039
-1.216204 -0.154263 8.488956
-0.144955 -3.480973 3.518924
0.494751 0.122352 8.173286
0.315648 0.462248 17.841003
1.329308 -0.722369 11.067732
-0.805046 -0.808327 16.507313
0.655633 0.315453 14.367556
-1.608936 -3.013506 3.659520
0.814079 -0.726969 17.090820
-0.639146 -3.139400 7.109077
-0.580769 -3.521872 2.744329
-1.022885 -2.700250 11.784394
-0.184640 -3.505052 2.754990
-0.303224 -3.514622 2.813256
-0.177286 -1.911179 18.963526
-0.843374 -3.511906 2.847463
-1.071748 0.145483 13.696317
-1.156493 -0.596388 3.692809
-0.938295 0.013221 12.222846
-0.197914 -3.441965 3.471417
0.345651 -3.513401 2.780228
0.782228 1.191178 19.409624
-1.080367 -3.148236 7.034255
-1.535864 -3.341068 3.489327
0.886753 -1.483385 11.199503
0.247671 -2.010661 12.359056
-1.616103 -2.057123 3.813017
-1.128712 0.121231 11.433381
-1.626182 -2.138720 3.714178
-0.374399 -3.143681 7.033370
-0.296148 -0.950930 11.135418
-0.429757 -0.708407 12.086216
-0.634867 0.088334 12.368559
0.830900 -0.142241 14.246640
-1.056193 -3.515569 2.989381
-0.813803 0.145431 12.099255
-1.119656 -3.532008 2.869645
1.356896 -1.747775 11.418803
-0.878597 -1.454230 15.945181
-0.443488 0.092389 12.396051
-1.601255 -3.039675 3.638815
0.688956 -1.477591 13.909632
-0.303964 -3.511908 2.807489
0.000099 -2.786695 9.924272
0.464393 -2.275202 16.006075
-1.034904 -0.131230 10.417993
0.203649 -1.790861 20.695698
-1.283700 -3.023809 8.384839
0.168474 0.416790 17.733227
-0.789438 0.073190 18.009079
-0.490278 -1.381008 8.706424
-0.577543 -2.209486 17.203041
-1.114188 -0.534816 3.647284
0.068568 -2.662895 11.896712
-0.443380 -0.292580 12.869802
1.282622 -1.875812 10.488441
-0.767491 -3.507498 3.031434
-1.117830 -0.791333 12.086841
-0.816430 0.016035 10.072182
0.667082 -1.663547 13.904214
-1.603711 -2.057569 3.774932
0.681218 -1.711070 14.284135
-1.170078 -3.161163 7.004834
-1.057198 -3.519384 2.997743
-1.039666 0.146605 12.934385
1.254817 -1.749763 10.472260
0.142179 -3.433213 3.504791
-1.497138 -2.227962 5.731688
-0.083216 -3.470701 3.121802
-1.242913 -0.452098 5.763042
-0.932597 -2.387625 12.409597
-1.480987 -0.687011 3.560986
-1.105404 -0.360238 7.243461
-0.662134 0.134619 11.841597
0.061392 -2.668518 11.881424
-1.201291 -3.474635 3.576165
-1.282940 -3.487348 3.511408
0.695439 -1.712996 14.335623
-0.422732 -2.310413 15.487091
0.706239 -1.604532 14.495419
-1.549325 -3.349818 3.519753
-0.402501 -0.693234 12.084412
-1.454001 -3.484013 3.503058
-1.571525 -3.405380 3.415112
-1.135967 -0.201539 9.316921
-1.154513 -2.828869 8.647590
-1.616190 -2.531448 3.848018
-1.604410 -2.700274 3.689978
-1.606509 -3.038301 3.646388
-0.958939 -0.658823 4.201290
-1.608856 -2.528764 3.752966
-0.593168 0.285075 13.447064
-1.506262 -1.967200 4.333123
-1.195787 -0.446866 10.208739
-1.564215 -0.889756 4.165817
0.786578 0.116287 10.535502
0.465413 -1.790013 13.897861
0.950248 -0.510525 5.611971
-1.616942 -2.538444 4.232555
-0.633045 -3.131874 7.100694
-0.586602 0.276692 16.466972
-0.003921 -2.407106 9.844193
0.142372 -3.432820 3.509479
-0.152650 -3.108960 7.122324
-0.458973 -0.453932 8.428917
1.032568 -3.074943 6.148185
-0.978322 -2.535027 12.590575
-1.039340 -0.018394 10.227844
0.568993 -3.202611 5.966057
-1.655142 -2.133423 3.836437
-0.972131 0.216540 13.311575
1.127581 -2.869439 5.167267
-1.576677 -2.535275 4.058513
0.638845 -0.159637 14.380721
-1.296657 -0.493293 6.057107
0.467642 0.431373 13.111751
0.693654 -1.643331 13.939219
-0.723273 0.067481 13.944715
1.044702 -0.466683 5.512867
-1.525409 -1.793233 4.569852
-1.081529 -0.642533 4.206248
-0.724862 -0.042367 13.374281
-1.342953 -0.427279 6.214754
0.689073 -0.135923 14.395836
-0.441501 -0.427843 13.541262
0.988845 -0.519122 5.353745
-0.759348 0.193548 14.644169
0.848746 -1.526760 10.841710
-1.455608 -3.199493 5.963686
-0.156817 -0.448922 4.499112
-1.457905 -0.592866 4.357116
-1.112100 -1.233964 12.118516
-1.471222 -3.255423 4.717551
0.239328 -2.385741 14.791469
-0.700402 0.070810 16.700745
-1.545636 -3.355407 4.366887
0.741789 -0.329142 4.127073
-1.347901 -3.151628 7.049138
-1.168160 -0.046956 9.612511
0.670813 -1.359490 14.498324
0.487351 -0.725887 12.357248
-0.005459 0.190336 14.489120
0.176090 0.478750 18.292809
-1.339346 -3.136044 6.660329
-0.602203 -0.220343 18.991179
-1.077995 0.160454 13.777557
-1.048484 -0.423143 5.789884
0.402959 -3.510807 2.720078
-0.566371 0.126161 12.223831
-0.904486 -0.184624 8.156503
0.850527 -0.104806 17.295465
-0.407003 -2.600997 12.345924
-1.080519 -0.137237 10.202280
-1.055031 0.010435 9.816860
-0.764938 -2.078369 17.035332
1.107726 -3.267026 5.344652
-0.612077 -0.497101 7.509104
-1.107199 -3.499232 2.803226
0.521577 -0.328701 12.549055
-0.283018 0.156942 14.457294
-0.780334 -2.156079 18.006521
-0.952347 -0.521288 16.601574
-1.500818 -0.966072 5.935709
-0.224549 0.638828 17.698717
-0.830429 -0.119655 16.772762
-1.106428 -3.502677 2.816732
-0.538376 -0.171237 12.003738
-1.000557 -3.491653 3.352907
-0.677527 0.083101 11.626654
1.332408 -2.426221 11.354047
-0.672364 0.329160 17.124216
-0.812388 0.099993 11.864614
-0.329425 -0.718972 14.107756
-0.686346 0.016864 16.769859
-0.078728 -3.182115 9.398615
0.710332 -2.378763 8.696452
-0.384450 -3.236984 5.875949
-1.093259 -0.012314 9.791568
0.866012 -0.162541 18.164658
-0.187787 -3.506165 2.964300
0.089170 0.051710 11.507142
0.555357 -3.469355 3.122839
-0.441282 -2.866696 9.585185
-0.439286 -2.410037 9.417410
-1.277088 -3.467210 3.466083
0.192739 -3.202972 5.902864
-0.432618 -0.210380 7.591764
0.477384 -1.556173 20.377705
-1.005358 -3.500987 3.366824
0.082685 -0.633882 11.041860
-1.079131 -2.144784 14.279842
0.202408 0.399472 15.321757
-0.483886 -1.135622 13.114780
-0.114815 -2.135377 10.435802
-1.283310 -3.034726 7.679357
-0.720165 0.013343 17.125687
-0.374869 -3.137534 12.114706
-0.791189 -3.551091 2.746259
-0.753229 0.093355 11.931313
-0.769468 -3.507988 3.031577
0.209227 -3.522956 2.686674
0.341450 -3.507099 2.765714
-0.558530 -3.031794 8.314074
-0.844796 -1.279996 17.250496
-0.666907 0.084441 11.940310
1.048598 -1.338221 14.545704
-1.119873 -0.051490 9.993782
-0.390133 -3.231863 5.832971
-0.564612 -0.050285 9.837095
0.117113 -3.461027 2.837734
-1.611524 -3.409767 3.443834
-0.871155 0.089683 10.065424
-0.393460 -3.540205 2.625168
-0.937035 -2.432783 14.173609
-0.686227 -3.520065 2.745190
-0.642935 -0.060968 11.849763
-0.452899 0.519939 18.038214
-0.259471 -3.134306 7.087214
0.187751 -0.327053 12.589531
-0.928851 -0.031873 10.038985
-0.591270 -3.489647 2.998642
0.721582 -0.188373 15.521901
-0.986939 -3.488418 3.462036
-1.004458 -0.338048 5.785244
-1.049264 0.011552 9.823668
0.853908 -1.369684 14.187483
-1.324698 -3.116013 7.389290
-0.008969 0.154762 14.438194
0.373748 -3.528718 2.725546
0.936098 -0.495013 4.601746
-0.628276 -3.135536 7.107645
0.427847 -1.428482 11.870356
-1.092998 0.015727 9.710014
0.683879 -2.017448 14.137904
0.511130 0.213326 13.319448
1.283738 -1.812176 10.070233
-0.404754 -2.595127 12.324612
0.467019 -2.210571 16.960573
0.472963 0.010001 12.177590
-0.436867 -0.086388 11.890007
-0.227775 -2.589202 12.919551
-0.707404 0.397129 20.454874
-0.151045 -3.477801 3.289834
0.830639 -1.435169 14.184780
-0.936894 -3.127788 7.167757
-1.633350 -2.478391 3.404601
0.817301 -1.907885 15.921945
-1.168365 0.065425 11.786215
-0.977127 0.037705 9.909536
-0.548643 -3.479161 3.416945
-0.440266 -0.594300 12.748304
-0.592029 -3.494676 3.013922
-0.431796 0.417447 15.520547
-0.613219 -3.137459 7.107323
0.537374 -2.650976 12.356340
0.614223 -0.171898 14.134531
0.013826 -2.841743 8.995034
-1.080752 -0.004840 16.650888
0.519103 -3.508568 2.772721
-0.640279 0.127508 16.806431
1.311501 -2.624826 10.377762
-0.239993 -2.887097 9.678898
0.264652 -3.053570 7.687617
-0.669821 -2.035617 19.313435
-1.504881 -2.231053 5.748233
-1.059525 -1.455773 14.232498
-0.589290 0.453060 15.716030
-0.885984 0.108817 10.011345
-0.912755 -3.153063 6.920311
-1.332351 -3.506287 3.286211
-0.004271 -2.711389 9.755763
-1.526484 -2.366822 5.579899
0.695949 -1.644765 13.940040
-0.815123 -0.215693 8.873033
-0.162800 -1.498061 13.638057
1.335619 -0.340572 11.295950
-0.642859 0.110851 12.149840
-0.393470 -3.549043 2.643362
0.094365 0.357029 16.695040
0.459045 -1.429500 12.007447
-0.694106 0.488397 19.124451
0.756886 -0.293427 8.789604
-0.527665 0.250525 14.175895
-0.808899 -0.327341 8.007612
1.174592 0.129172 10.777660
-0.962141 -3.515349 2.895213
-1.249337 -0.346077 7.182567
-0.733630 -2.032141 16.917908
-0.327132 -0.375746 14.482509
-1.014299 0.122500 11.819390
0.943611 -1.459222 11.530913
0.793901 -0.190726 14.151947
-1.211994 -0.073970 9.574565
0.669076 -1.776920 14.065798
-0.205538 -3.142031 6.865311
0.678037 -1.473309 13.891891
-1.107022 -1.333334 12.536721
-1.515752 -3.253833 5.320931
-1.072753 -0.211390 14.731453
-0.984053 -3.475720 3.439781
-0.519706 -3.086476 7.615015
-1.088166 -3.490592 3.435650
-0.895382 -3.508793 3.003169
-0.511151 0.846261 19.258646
-1.057216 -3.518232 2.996796
0.063169 -0.333199 9.327135
-0.203521 -3.141499 6.865308
0.100807 -1.911205 20.212505
-0.404557 -2.841856 9.648439
-0.164128 -0.098063 8.605803
-0.950792 -2.581468 12.073216
0.373960 -3.529124 2.724765
-0.258776 -3.122482 7.046063
-1.170295 -0.041586 9.621962
-1.515927 -1.527221 5.665468
-0.888599 0.113421 10.006896
0.737444 -1.434461 14.464103
-1.068958 -0.042013 11.058690
-0.860059 0.128844 10.086176
-1.520476 -2.223768 5.825261
1.004005 -1.345683 14.534790
-1.856428 -0.889035 4.190896
-0.688041 -2.888252 9.686216
-0.438812 -2.876258 9.570609
-0.441122 -2.568886 9.433895
-0.784787 -0.160102 9.596848
0.661106 0.709566 17.566132
-0.879635 -0.599533 17.180788
-1.509460 -0.905430 5.542195
-1.112100 -2.746387 10.652237
-1.496773 -0.791274 6.190536
0.000330 -4.513628 12.408216
1.061735 -0.487935 4.701782
-1.093213 -0.849245 12.016749
-0.263296 -2.569809 9.783903
-0.820946 -0.014423 9.773829
0.841226 -0.465865 9.411197
0.805075 -0.213458 9.631334
-0.143506 -0.381437 4.647714
-0.762583 -0.347730 15.093451
0.661410 -0.404274 14.475307
-0.062081 -0.004508 14.159893
0.726031 -1.659721 14.001686
0.220445 -0.139199 12.736996
0.781856 -0.357630 5.780225
-0.733245 0.038993 21.267582
0.656812 -0.432857 5.484725
1.004406 -0.533754 4.610425
-0.978953 -0.287409 10.268553
-1.649613 -2.137157 3.785142
-0.745901 0.117798 12.128742
0.604530 -0.610716 3.675388
-0.089885 -2.532665 9.501437
-0.457388 -3.281071 7.258809
0.380261 0.724514 15.705584
-1.612133 -1.582095 4.222425
-1.481626 -0.753065 5.740076
-0.034943 -2.234959 16.752594
0.103401 -3.510062 2.839867
-1.313549 -3.052262 8.809314
-1.473749 -2.305180 5.703955
-0.597879 -0.240389 17.959717
-0.555328 0.072725 8.587304
0.466788 -0.697714 12.251337
-0.429040 0.085424 13.749213
1.274366 -0.362193 11.079275
-1.535682 -1.100480 5.681601
-0.085260 -0.141777 6.440269
0.837265 -2.177862 17.065517
0.915192 -1.524415 11.249269
-1.538440 -1.122427 5.677478
0.423578 0.028125 12.621211
-0.693962 -3.506822 3.310506
-0.863529 -0.704123 6.055780
-0.966607 -3.536709 3.293154
-1.075102 0.031621 11.346054
-0.182428 -0.079646 12.790337
-0.722405 -3.547600 2.523578
-0.727263 -3.550586 2.526736
-0.650269 -1.987335 18.553616
0.684998 -1.981749 14.217960
0.971858 -0.571524 4.504666
-1.139339 -0.048881 13.482463
-0.507980 -3.519985 3.068749
-0.395736 -2.858448 9.525066
-0.992115 -0.288916 10.225436
-0.287002 -2.211417 17.034134
-1.095859 -0.049176 10.007911
-0.805678 -3.537017 2.649287
-1.304473 -3.517715 3.155808
0.032424 -2.207777 12.506459
0.397679 0.210275 15.906082
-0.815819 -0.802523 16.961464
0.332448 -0.196208 6.782218
-1.541868 -0.874027 5.617272
-0.659585 0.034331 11.631502
0.667920 -1.733196 14.059872
-0.870339 0.401182 14.530413
-1.250857 -0.273220 7.933020
0.045814 -3.496530 2.931956
-0.276941 -2.677745 11.791586
-0.664184 -2.236722 17.161388
-1.111104 0.079953 13.876024
0.935005 -1.820532 18.577997
0.851286 -0.578552 18.098814
0.256458 -3.221169 5.854064
0.017187 -3.522310 2.661127
-1.126795 -0.683774 3.525364
0.825377 -2.076774 17.042250
-0.423114 -2.808370 10.170396
0.065473 -0.346583 9.316790
-0.302461 -3.516979 2.812538
0.005144 -0.371775 7.564624
0.095795 -1.238421 14.642243
0.379278 1.287660 20.389202
-1.544467 -1.514430 5.484396
-0.750930 -3.529896 2.952000
-1.345885 -3.135425 7.145803
-0.410789 -3.480418 3.364946
-0.228889 -3.311207 5.123693
-0.609796 -2.173748 17.197470
-0.885608 -3.556181 2.491332
0.663750 -1.999962 14.094411
-0.490425 0.219288 12.626268
-0.952445 -2.912062 9.583602
-1.512101 -1.400013 5.791023
-1.488768 -3.022692 5.551288
0.667473 -1.818190 14.237928
0.421109 -3.245805 5.637552
-1.180981 -2.873635 9.800365
-0.780148 0.387992 14.736321
-0.493946 -1.761904 13.527134
-0.927184 -2.647915 12.173955
0.613559 -3.068307 7.390856
0.034771 -3.521904 3.489944
-0.955062 0.026244 16.239542
-1.122563 -3.535939 2.879706
-0.528916 -0.406737 9.217281
0.814872 -1.048801 17.099724
-1.048516 -2.652029 12.171824
-1.067362 -1.897899 14.151690
1.487079 -2.961549 9.913572
-0.736716 0.085802 11.841885
-0.642350 -2.808874 10.531672
-0.765950 -3.290189 5.357100
-0.752556 -3.515817 2.927741
-1.284453 -3.036854 7.851622
0.844410 -2.179357 17.064264
0.586075 -2.339810 13.220718
-0.547902 -3.029358 8.285390
-1.167374 0.119908 14.264023
-0.203326 -3.531454 2.605208
-1.538772 -1.099864 5.680547
-1.509708 -1.420518 5.791252
-0.411331 -3.479416 3.367584
-0.707748 0.102370 12.015116
-0.515215 -3.496286 3.018535
-0.707563 -3.510235 2.820958
-0.844697 -3.517947 2.860036
-0.077853 -2.539159 9.404925
0.636647 0.373187 20.358355
-0.735453 -2.100324 13.262813
0.460168 -2.203839 16.922928
-0.768417 -3.504956 3.028446
-0.958336 -3.567485 2.643159
-1.125912 -3.546830 2.901954
-0.688438 0.114935 11.700763
0.341242 -3.462344 3.407432
-0.635244 0.178766 19.375006
0.315706 -3.463184 3.246498
0.046660 -3.493557 2.929759
-1.461768 -3.571541 3.018775
-0.197355 -2.210720 12.641688
0.563765 -3.473585 3.136730
0.329415 -3.490942 2.960324
0.150299 -3.524458 2.487685
-0.149067 -0.108893 6.509867
-0.220629 0.463338 17.838285
-0.485905 1.114355 13.696037
0.222840 -0.176923 6.245390
-0.312567 -2.619623 9.488239
-0.982176 -3.491107 3.395237
-1.055829 -3.513642 2.982645
-1.156889 -3.500134 3.245291
-1.288052 -3.538447 2.700577
-1.226824 -2.946065 9.160406
-1.536698 -0.609618 5.652392
-1.235716 -3.569650 2.495958
-1.134366 -0.779545 12.150355
0.694055 -2.311765 14.574145
-1.486677 -3.219691 5.585792
-0.251785 -2.590689 9.963178
-0.513581 -3.212828 7.347454
-0.611162 -0.529254 6.456304
0.187620 -0.337225 13.068798
0.768940 0.501031 16.800995
-0.733895 -0.405931 6.983111
0.960028 -0.588217 4.459447
0.268190 -0.704374 15.894427
-0.640534 -1.970458 18.707075
-0.027816 -0.441194 16.098101
-0.622662 -3.146653 7.033473
-0.338214 -2.205268 17.096743
0.849213 -1.526815 18.788799
-0.710272 0.415120 13.321357
-0.531575 -3.155250 7.106716
-0.812047 -0.650146 6.001206
-0.573785 -0.317547 8.943257
-0.087623 -0.634105 14.537809
0.895309 -1.091111 5.722621
0.487061 -1.418283 12.158578
-0.256810 -2.381801 9.953808
-1.413437 -0.619884 3.887374
-0.619888 -2.674944 11.565852
-1.371986 -0.703166 4.141658
-1.504442 -0.587428 3.788236
-0.492114 -3.276903 5.516128
-0.328796 0.597387 17.212244
-0.017350 -0.503052 4.405039
0.437758 -3.048599 7.559498
-1.496662 -1.964452 4.375851
-1.058149 -0.443260 5.601390
-1.307911 -3.483145 3.540299
1.177566 -0.890536 6.419760
-0.163717 -0.454330 4.481608
-1.575346 -0.931634 5.464661
-1.467567 -3.006454 4.716593
-0.492061 -0.343873 13.063086
-0.961408 -0.615001 4.328770
0.694459 -2.310562 14.598721
0.587607 -0.528354 4.514894
-0.779142 -2.605508 12.046094
-1.471498 -2.301155 5.678737
0.385123 -2.014533 18.262383
-1.120066 -0.546047 4.033191
-1.558234 -3.368509 3.563636
-1.545804 -3.351833 4.356640
1.346259 -1.053280 11.364919
-0.103954 -2.532506 9.425171
-1.510701 -0.474776 5.975410
-0.884793 0.302653 16.700920
-1.559893 -2.680736 3.477861
-0.550939 -3.084954 7.603292
-1.280184 -3.485721 3.505264
0.904472 -0.074287 5.611142
-0.369352 -0.391069 20.675026
-1.706543 -2.570548 4.504241
0.514461 -2.477392 11.690548
-1.278798 -3.064478 7.782261
-0.996087 -1.419929 11.911079
0.037237 -0.297051 10.028126
-0.549797 -0.436567 8.544316
-0.671525 0.096838 11.709158
-0.014541 -2.513155 9.922910
1.185176 0.247539 6.455758
1.023368 -0.447328 6.112429
-0.237468 -2.626602 12.273680
-0.024447 -3.844130 8.460339
-0.937135 0.070793 11.805068
-0.753087 -0.233178 9.644725
1.055204 -2.850202 4.971964
0.609508 -0.518465 3.769754
-1.028852 -1.398096 12.386671
-1.743950 -0.721884 3.402672
-0.204162 -3.400389 5.974274
-0.106794 -2.201365 17.044607
0.594915 -3.394751 3.816664
-0.951414 -0.812472 4.368907
0.923716 -0.547455 5.563017
-0.927947 0.076224 11.932919
0.270292 -3.074549 6.332235
0.072889 -0.267644 10.171034
-0.056472 -2.278071 15.296314
-1.560044 -1.219067 4.574577
-1.598323 -1.517745 3.375186
-1.461186 -3.011194 4.592979
-1.043428 -1.120314 12.870313
-1.550664 -3.351560 4.373401
-1.072728 -1.319310 12.381947
-0.994073 -1.114155 12.399080
0.680979 -1.714656 13.360828
-1.456232 -2.974892 4.658218
-0.569549 0.027956 12.283714
-1.015292 -0.364433 5.664880
-0.813853 -0.372992 8.253387
-0.169653 -0.673721 4.494899
-0.625236 0.240563 12.959462
0.284726 -0.711913 6.332298
-0.575729 0.302057 13.634277
-0.010072 -1.093016 17.684271
1.112488 -2.182021 16.967596
-0.469700 -3.021115 8.285643
0.487151 0.294645 16.400120
-0.790643 -2.079469 14.745193
-0.442105 0.371906 14.460115
-1.514958 -1.807548 4.509364
-1.620227 -1.462693 3.512049
-1.207423 -3.505234 2.874754
0.027836 -0.368985 4.721302
1.051366 -0.561413 5.249824
0.257242 -3.094126 7.308342
-1.325113 -3.116963 7.378632
-1.626326 -1.513543 3.537717
0.407549 -3.086252 7.378373
-1.556050 -0.905185 4.142944
-0.452751 0.088357 8.640936
-1.190436 -0.403624 5.582429
-0.010371 -3.546091 2.455752
-0.660051 0.098335 11.599360
-0.864272 -0.701229 6.062160
-1.293115 -3.486351 3.527809
-1.009495 -0.478261 5.576821
-0.704693 0.335290 14.446386
-0.127708 -2.942292 9.461844
-0.231300 -3.302494 5.105240
0.584691 -1.477005 13.551420
0.671525 -1.823635 14.245839
-0.615373 -0.369386 14.884948
-0.829585 -2.658015 12.291190
-1.471878 -0.849227 5.974383
-0.194559 -3.415176 6.096360
-0.697867 0.088702 11.509506
-0.766585 -3.485924 2.979311
-1.332605 -3.105017 7.504049
0.327167 0.482639 13.770339
-0.077297 -0.157787 7.524997
-0.763855 -0.323033 8.331472
-1.228362 -2.932981 9.151317
-1.243209 -3.155889 6.994424
-1.049798 -1.209449 13.032244
-0.537311 -0.470999 8.544991
0.086423 -3.452255 3.295348
0.629902 -0.183449 14.307341
0.424097 -3.035479 7.523265
-0.914246 -3.088860 7.463412
0.347007 -3.508566 2.996267
-0.147041 -3.417774 2.954912
-1.074592 -0.112844 13.156463
-0.310847 -2.581594 9.399427
-0.998472 -0.546142 4.296958
-0.117605 -2.915658 9.326899
-1.073700 -2.700847 11.544735
-1.041268 -2.924352 9.424707
-0.915022 -3.736277 10.599810
0.679457 -1.364324 14.498710
-0.364911 0.038397 12.376293
-0.981150 0.001134 9.564072
0.691234 -2.081785 14.239798
-1.566549 -3.561865 2.527556
0.428309 -0.336604 20.519556
0.251936 -3.086153 7.291278
-1.234004 -0.237163 7.839955
-0.370775 -2.213087 16.768860
-0.944102 0.068201 11.376183
0.480789 -0.638900 11.610222
-0.711825 0.474745 16.955606
-1.028753 -0.485073 5.661573
-0.820244 -0.219280 8.796637
-1.559590 -3.571216 2.816830
-0.992689 -0.926052 11.475800
0.521936 -3.183401 5.915071
-0.715707 -2.911131 9.365938
-1.495582 -0.994235 5.486915
0.017539 0.318305 9.255165
-0.864561 -2.321689 15.451693
-0.970267 -0.454593 5.619100
-0.616540 -1.457424 12.893219
-0.802398 -2.148433 15.349357
0.661223 -1.453129 13.283097
-0.698640 0.382226 15.221169
0.782049 -0.505569 9.205931
-1.530304 -1.821307 4.446735
-0.986703 -1.508852 11.851568
-1.592365 -3.567152 2.518007
-0.726843 -3.520323 2.470533
-0.561122 -0.473663 12.145474
-0.806733 0.085652 11.613345
-1.148123 -0.415079 14.309236
-0.792289 -0.340056 8.591217
-0.204456 0.570129 17.557356
0.901778 0.293232 10.986290
-1.558602 -3.374396 3.551337
0.236615 0.454816 12.535074
-0.762950 -3.274756 5.331145
-0.581170 -3.529116 2.749524
-1.094961 -0.367872 5.646553
-0.650908 -0.169325 10.162378
-0.165600 -2.406578 14.761243
-0.650239 -0.587999 19.285898
-1.248750 -2.973667 8.280280
-0.538833 0.326093 21.410093
-1.639112 -2.756653 2.808540
0.681502 -1.894521 14.269127
0.445601 -2.203091 16.852997
-1.170054 -0.413192 7.694975
-0.403710 -2.384868 14.664828
-0.190223 -3.503400 2.963632
-1.193390 -0.495305 6.130407
0.344910 -3.296471 5.332789
0.616566 0.392966 12.071715
-0.559001 -0.022865 18.386929
0.324989 -2.147285 16.184919
-1.159923 -0.277896 8.242476
-0.951380 0.075539 11.617586
-0.670821 -3.552039 2.431655
-0.000834 -2.454301 9.233905
0.458583 -0.320851 11.781034
0.769646 0.497838 16.776390
-1.214736 -0.088975 9.449731
-0.224218 -0.634878 10.618884
1.460601 -2.178530 16.989397
0.316354 -3.460360 3.247101
-1.675774 -2.717602 3.369616
-1.159655 -0.467626 14.409548
-1.188982 -0.218207 8.296584
0.448204 -2.212753 16.866880
-1.444379 -2.279771 4.383865
-0.824794 -0.700045 6.141233
-0.695375 -0.115568 6.535744
-0.699489 -2.021837 19.266041
-1.099399 -2.608189 11.991427
-0.118246 -2.913340 9.326962
0.025614 0.609825 17.660049
-0.352669 0.448402 16.879263
0.424268 -3.536499 2.768222
-0.663747 0.192507 12.698949
0.060552 -0.358948 9.289165
-0.694699 -2.885049 9.624385
-1.024084 -2.594519 12.785916
-0.756528 0.486654 16.457729
-0.536846 -3.139989 7.058318
-1.570735 -3.526380 2.895028
-0.690104 -2.884952 9.625039
-1.042774 -0.444944 5.757555
0.182868 -2.406657 14.783935
0.154319 -0.065765 9.669526
0.807147 -1.897029 19.709738
-1.189779 -0.461350 6.805326
-0.357473 -0.902355 12.398302
0.040083 -1.412886 12.832867
-0.891997 -1.426309 16.427042
-1.658777 -2.072110 2.870993
0.190323 -2.471980 13.868836
-1.367496 -3.068200 7.186537
0.689525 -1.757970 13.348149
-0.691536 -3.494615 3.270637
-0.469650 -3.022666 8.285618
-0.666496 0.580932 17.180046
0.547651 -3.456389 3.175697
-1.322869 -3.114787 7.424418
-0.404414 -0.422780 20.578358
-1.545397 -1.094189 5.716920
0.400582 -3.079492 7.367758
-0.218618 -2.379895 9.928233
0.206280 0.196468 19.680492
-0.809260 -0.420128 7.764898
-1.646813 -2.405364 3.180628
-0.124964 -3.092667 7.350369
-0.825515 -0.434847 7.651583
0.464794 -0.716887 11.552434
-0.781400 0.359572 14.606989
-0.313769 0.464399 16.895473
0.282432 -1.875921 12.463946
-1.015070 -1.482859 13.976861
-1.184319 -0.500221 6.903385
-0.280750 -2.898513 9.342118
-1.046276 -1.412803 12.505992
-1.120462 -0.213201 9.270162
0.242120 -1.998318 12.385651
-0.859549 0.045114 11.376329
0.009478 -2.396221 9.324748
-0.171254 0.218365 14.730739
-0.782250 0.361276 14.608994
0.354567 0.035380 14.971170
-0.326576 -2.616931 10.419384
0.456745 -0.676130 11.520865
-1.658248 -2.700440 2.682408
-0.208922 -1.467756 12.952445
-1.700209 -2.826659 2.572690
-0.440122 -2.897579 9.629875
-0.808862 -0.840451 16.586796
0.230640 -1.607132 21.482765
-1.007881 -2.697514 11.850843
-0.830155 -0.104607 9.396202
0.430585 -1.572514 11.986875
-0.631202 0.081207 11.363823
-1.706753 -1.933858 2.274454
0.296304 -2.158834 17.086918
0.822425 -0.706219 17.098278
0.672302 0.445562 15.329468
-1.569232 -3.363723 5.371409
-0.553656 -0.389803 8.886308
0.347719 -3.359452 5.042904
-0.056652 -1.035810 20.995384
-0.571276 -3.592666 2.899565
0.161720 -3.517280 2.444757
-0.703662 0.055103 11.289916
0.279765 -3.103252 7.113650
0.578286 -2.410158 12.835246
-0.797133 -3.458229 3.612540
-0.425909 -1.560871 19.238426
-0.428266 -0.226634 15.089811
-0.879393 -0.586357 6.000323
-1.695242 -2.104364 2.450065
-0.183077 0.544712 20.624561
-0.890471 -0.110675 9.395171
-0.550019 0.477810 15.759761
-0.913656 -0.707947 6.165488
-1.232658 -3.176227 6.699630
-0.795851 0.062558 16.662247
-0.526226 0.319926 11.506102
0.019746 -2.477668 9.343327
-1.029571 -0.143573 9.454044
-0.795600 0.071245 16.695816
-0.381399 -0.134284 11.674804
-1.720576 -2.476266 2.509526
-0.383315 0.213258 14.445165
-1.661132 -2.572759 2.410261
-1.231624 -0.377537 7.219768
-0.932121 -0.567820 6.039707
-1.711061 -2.290010 2.461241
-0.370329 -2.522522 9.346629
0.280081 -3.103559 7.122830
-0.871239 0.273493 16.518673
-0.359593 -3.133489 7.040074
-0.036337 -3.496196 2.923656
0.625866 0.353246 13.558166
-0.423816 -2.961139 9.102768
-1.729275 -1.914591 2.449173
-1.056575 -2.726799 11.642397
-0.644325 0.155189 12.645310
-1.041457 -2.629447 11.916969
-1.559456 -3.372367 4.399190
-0.692104 -3.502212 2.722533
0.647764 -1.475703 13.762794
-0.310148 -3.049645 8.037386
-0.391132 0.424576 18.245035
0.452750 0.288831 8.800226
-0.111178 -3.534874 2.536422
-0.742359 -0.008049 10.969128
-0.612067 0.140316 12.469726
-0.870578 -0.571311 5.652027
-0.849003 -3.542282 2.918808
0.059518 -2.685073 11.639894
-0.713082 -0.649771 6.311521
0.617834 -1.951681 12.947112
-1.309761 -3.083215 7.480783
-1.405955 -3.250065 6.022242
-0.612956 -0.520636 7.481662
-1.702374 -2.013417 2.442673
-1.026330 -2.424582 13.432062
-0.912555 -3.151966 6.936523
0.800825 -0.594204 17.035223
0.229407 -1.568645 11.990290
-0.982953 -0.136583 9.362890
-0.230433 -0.408565 8.766182
-0.841244 -2.204120 16.713850
-1.078223 -2.477955 13.647015
1.345129 -0.965057 11.360857
-1.825217 -2.807406 2.940808
0.645508 -1.996357 13.598157
0.911146 -0.023575 9.993910
-1.143039 -0.513266 7.300182
-0.221872 -2.281515 12.456999
-0.511618 0.242497 11.392242
-0.736707 -0.016819 10.785740
0.187641 0.432846 18.230404
-0.108500 -2.222252 16.903685
-1.046406 -0.508510 5.377341
-0.073583 0.093241 19.742052
-0.444578 0.144992 14.383608
-0.646998 0.076858 18.654440
-0.130385 -0.582697 12.367075
-0.956093 -3.553728 2.516738
-1.105379 -0.933042 12.223086
-0.436189 -3.161695 6.836485
-0.207922 0.963214 16.423521
-1.576738 -0.737225 5.475490
-0.312785 -3.045118 8.038522
-0.291146 -0.115664 13.620590
-0.733187 0.547506 16.361372
-0.467081 0.121300 14.755657
-0.937538 -0.599659 6.050056
0.593938 -0.224793 13.587521
0.250424 -2.206667 16.903488
-0.258267 -2.380559 9.740377
-1.327075 -3.110457 6.883439
-0.062828 -2.668005 11.716762
0.786604 -1.930846 15.813672
0.703419 -3.210056 5.565521
-0.497150 -3.531382 2.622315
-0.307598 -2.694023 11.625520
-0.440784 -3.154455 6.818981
-0.122720 0.380573 20.719015
0.248768 -2.213825 16.880186
-0.280546 -2.909875 9.361878
0.149069 0.396709 17.717352
-0.804288 -0.302176 16.766825
-1.204852 -0.630960 3.209922
-0.834269 -2.121826 16.138262
-0.414677 -2.925960 9.387269
-1.593904 -3.145033 5.143677
-0.572739 -0.221841 8.629245
-0.496686 -3.527194 2.612000
-0.257692 -3.283572 5.400844
-1.693648 -2.417236 2.659470
-1.054887 -0.478809 5.453322
-0.994852 -0.136645 9.380239
-0.644396 0.391284 15.155893
-1.044851 -0.125315 9.615339
0.574743 -0.240040 13.346243
0.404461 0.341731 16.559065
-0.274008 0.709187 16.159645
-0.938156 -0.330508 7.287030
-0.733438 -0.092086 16.758402
-1.702896 -2.204717 2.359669
0.904878 0.332955 16.298708
-1.037207 -0.436703 5.841780
-1.083722 -2.715422 11.358962
-1.095894 -1.346488 12.442212
-0.211357 -3.090086 7.056122
-1.700379 -2.534419 2.344935
0.927371 -2.019671 16.476774
-0.210452 -3.518903 2.580999
-1.077468 -3.563945 2.455542
-1.482162 -3.549171 5.427333
-0.699472 0.074387 16.871763
-0.735627 -0.018072 10.786091
0.562045 0.372362 18.588442
-1.057306 -3.125928 7.358586
-1.093372 -1.057764 14.175715
0.677723 -2.218276 18.759527
-1.575484 -3.575442 2.554987
-1.177538 -2.890406 9.604687
-0.715301 -3.453355 3.591905
-0.091260 0.724480 15.431360
-0.835519 -0.150359 16.696238
-1.103820 -3.451438 3.840330
-0.133510 -2.947446 8.901728
-1.710173 -1.806038 2.309458
-1.692790 -1.935951 2.343774
-0.628504 0.053581 17.918772
0.730150 0.554244 15.538741
-1.153656 -0.493540 5.436196
-0.498361 -0.374082 18.454729
-0.849951 -0.084263 9.516282
0.055758 -2.688088 11.642828
0.285825 0.878645 15.632696
-0.252564 -3.161942 6.797050
0.618325 -2.207565 16.679283
-1.292025 -3.058629 7.808031
0.665437 0.145136 10.624496
-1.420700 -0.742717 3.019920
-0.109864 -2.223058 16.904043
-0.770652 -3.505587 3.030371
-0.130756 -3.227831 7.107523
-0.987269 0.209770 13.183979
-0.084624 -2.537629 9.437685
0.786001 0.228409 17.169079
-0.495407 -3.531063 2.625071
0.409479 0.191152 8.605803
-0.837574 -0.167035 8.835043
0.835108 -0.170004 9.753447
-1.066063 -3.578429 2.464423
-0.815173 -0.639368 16.873083
0.487798 -0.719223 12.368613
-0.808717 -1.288551 17.109730
0.154737 -1.096476 15.901793
-1.049430 -0.473818 5.544649
0.603609 -0.323182 16.447996
-0.250943 -2.383167 9.760224
0.042508 -3.489330 2.918739
-0.184608 -3.524851 2.610839
-0.981294 0.010609 13.998300
-0.974862 0.001800 10.701308
0.297185 -2.157750 17.106041
-1.095003 -0.790259 12.182801
0.289630 -3.123816 6.861569
-1.112935 0.944649 16.478785
-1.024251 -0.487190 5.402233
-1.118846 -0.641641 3.117660
-1.105394 -3.545988 2.588044
-0.956788 -2.906974 9.629347
-0.124365 0.053411 13.692369
-1.701428 -1.991432 2.314856
-0.581870 -0.108043 8.793439
0.790452 -0.292071 13.515892
-0.637248 0.956462 17.280127
-0.469882 0.290789 14.632398
-1.564344 -3.572116 2.646852
-0.744028 0.036777 11.293196
-0.368962 0.017917 12.251796
0.252525 -2.206537 16.903093
-0.672500 0.247258 12.171298
0.325263 0.183266 7.896136
-1.636770 -1.798486 4.671710
-0.935236 0.283396 13.578918
-1.149103 -2.801851 10.636248
0.507427 -3.232639 5.578492
-0.479228 0.237239 14.520741
-0.780708 -3.341555 5.450625
-0.846433 -0.092769 9.516649
0.263098 0.533776 12.731838
-0.462550 0.211835 14.495310
-2.188819 -0.765905 3.146563
0.224815 0.971360 20.297916
-0.926211 0.105674 15.644862
-0.936948 0.108780 12.024380
0.347812 -0.693052 11.028172
-0.443829 0.092488 11.297112
-1.331447 -0.457906 6.130753
-1.235800 -3.178630 6.711634
-0.533486 0.462864 15.723012
-1.303750 -3.186739 6.458610
-0.630131 0.498939 16.440937
0.350681 0.598345 14.035967
-1.639533 -3.457148 9.886963
-1.681883 -2.779007 3.009197
-0.856254 -0.595434 6.354278
0.385867 -3.230453 5.687928
-1.247830 -0.889517 4.070617
0.765322 -2.553091 9.819210
-0.658744 0.116899 11.739157
-0.068644 -2.585797 10.230156
0.272653 -4.512196 12.345618
-0.916977 0.239043 13.513275
0.321422 -3.451873 3.515855
0.050008 -0.275718 8.036813
-1.657368 -1.498213 3.682611
-0.266725 0.917172 15.647710
-1.208239 -0.412156 10.291100
-1.877814 -0.988017 3.803653
-1.538900 -2.355179 4.986646
-1.483857 -3.257636 5.422515
-1.089410 -0.576719 7.044823
-1.049059 -1.877323 14.075408
-0.454400 -0.681994 12.039968
1.102673 -0.354680 6.328053
0.634764 -3.226205 6.069546
-0.642840 -0.093590 16.962973
0.380973 -1.593926 11.652250
-0.182155 -0.703320 4.420258
-0.725206 -0.530650 6.743105
-0.432634 -0.156057 7.740321
1.004479 -2.789025 4.810421
0.901286 -3.039365 5.985056
0.607761 -0.552195 8.792032
0.146036 0.088079 9.466893
0.234141 0.151127 8.357371
-0.504735 -0.338102 8.999413
-1.658312 -2.732282 2.978470
0.723087 -1.558887 10.167427
-0.995076 -0.401413 6.296449
-1.561000 -3.371188 3.629501
-1.661708 -2.796077 2.942382
-1.927743 -0.822724 4.349278
0.496856 -0.636922 12.333881
-0.466379 0.118183 6.532217
-1.449248 -0.708649 3.538185
-1.569937 -0.632824 5.370629
-0.448872 0.112406 14.514259
-1.051954 -0.485568 5.411404
-1.521593 -2.373232 4.853225
-0.788434 0.083220 13.873192
-0.931018 -0.306062 10.175905
-0.763673 -0.396278 14.343864
-1.537041 -2.286420 4.958689
0.481310 -1.499034 11.976481
-0.472120 -3.286822 2.589882
-0.749472 -3.450615 3.816328
0.839807 -1.436195 13.921535
-0.474928 -3.533083 2.648438
-0.803657 0.062534 11.484772
-0.472082 -0.090074 13.702139
-1.180210 -0.496129 10.048604
-1.022542 -0.490372 5.255915
0.320002 -3.487703 3.605505
-0.561110 0.132680 11.420412
-0.834497 0.061431 11.444526
-1.045937 -0.120768 9.470074
1.297030 -0.203650 9.248854
-1.064972 -0.489796 5.281343
0.611181 -0.202554 13.767362
1.275960 -0.224233 9.201691
-0.492355 -0.077004 13.669982
-1.076605 -0.132574 9.403627
-0.781288 -3.798537 4.977014
-1.138009 -0.131191 9.400395
-0.487274 -0.013641 13.816582
0.173714 -0.038662 10.322592
-0.807675 -3.579994 2.795700
-0.637814 0.094903 11.343042
-1.363234 -0.493988 5.254412
-1.124976 -0.209903 8.917330
-1.504678 -2.373444 4.759536
-0.739100 0.048004 11.318099
-0.453198 -0.159218 13.548059
-1.074018 -2.700842 11.570505
0.638995 -0.551924 3.789893
0.611709 -0.200828 13.723171
-1.601030 -3.436165 3.515777
1.274342 -2.457295 11.279594
0.659880 -1.481218 13.790784
-1.473015 -0.571499 4.399094
-0.432629 -2.961060 9.136426
-0.306741 -2.571960 9.398439
-0.214164 -0.113911 13.618153
-0.263442 -0.093887 13.655059
0.148784 -0.007158 5.406500
-0.310046 -2.702278 11.613101
-0.713468 -2.917571 9.398653
-0.351563 -0.109188 13.599800
0.400529 0.104638 8.541290
-0.715149 -2.913832 9.398405
-1.429602 -3.165928 5.693859
-0.152822 -0.625948 4.609855
-0.516940 -2.913503 9.374852
0.535277 -3.270493 5.337749
-0.550869 -3.022020 8.132130
-1.677407 -3.350257 4.332040
1.221268 -3.104516 6.671884
-0.554327 -3.061750 8.269887
0.660510 -3.441708 3.960763
-1.223572 -2.922546 9.345959
0.322036 -3.263161 5.250078
-0.016547 -2.158671 11.616695
0.043460 -2.702327 11.645192
0.317418 -3.256450 5.237155
1.052865 0.085720 9.792130
0.784009 -1.060174 18.300364
0.037937 -0.218945 8.249840
0.344835 -3.294813 5.330126
-0.307248 0.863398 16.997978
-0.014269 -0.541021 10.215436
-1.131768 -0.207537 8.852229
-0.289288 -2.907601 9.343724
0.186908 -0.835101 14.748137
-0.714767 0.027279 11.079713
-1.105102 -0.565388 4.373192
-0.293895 -2.906036 9.343544
-1.337051 -0.545063 4.413335
0.297100 -1.665266 10.355898
-0.675542 0.073413 13.939809
-0.979711 0.014334 10.994361
-0.438905 -2.375311 9.288678
-1.689552 -2.711991 2.757720
-1.105662 -0.565246 4.374280
-1.703954 -2.585959 2.527196
-1.357122 -3.362799 5.075281
0.669335 -2.139809 13.748759
1.402619 -0.731623 7.345623
0.021801 -0.417967 9.179225
0.653651 -1.708288 13.682639
0.192478 0.634678 17.671749
-0.994915 -0.531679 4.312360
-0.534644 -0.222170 3.749666
-0.192529 -0.757154 4.257956
-0.318800 -2.514036 9.271600
0.844347 -0.221544 4.389063
-1.015096 -0.591814 4.224272
0.636799 -0.526108 4.612421
0.777409 0.484340 16.747110
0.657218 -2.087872 13.592218
0.650482 -1.723884 13.545397
0.168747 -2.483846 14.460350
-1.536114 -2.283732 4.944859
-1.662510 -0.744990 3.357069
-0.291808 -3.320471 4.894075
0.648980 -1.745096 13.540247
-1.781511 -1.108154 3.514661
-1.001045 -2.574274 11.950102
0.646153 -1.906591 13.529017
-0.522098 -0.500098 9.042257
-1.485853 -0.628214 3.700909
0.475044 -0.729252 12.291731
-0.954069 -2.885883 9.576765
-1.571456 0.402397 9.056123
-0.596659 0.285879 13.412782
-0.412494 -2.930630 9.164588
-1.251295 -3.356567 4.810740
-1.280500 -0.836559 4.218496
-0.432406 -2.931082 9.164227
-1.043493 -1.022934 12.781936
-0.403202 -3.506739 3.200025
-1.278373 -3.018520 8.318809
-0.435603 -3.455098 3.825143
0.617517 -1.782105 13.426777
-0.413672 -3.341610 4.801335
0.558681 -0.262679 13.138846
-0.708277 -2.986714 8.702212
-1.622824 -2.153022 4.228920
-0.922377 0.047188 15.512530
0.222388 0.047361 7.865549
-1.034150 0.082785 14.090944
0.670476 -2.519422 9.244054
0.050479 -0.365414 8.981089
0.715919 -2.291647 14.563627
-0.124664 -2.947280 8.990525
-0.089927 -2.549114 9.658610
-0.484899 0.060268 13.747874
-0.148771 -2.292853 15.199829
0.020167 -2.190837 16.439209
1.072499 -2.803047 5.023380
-1.592452 -2.098335 4.058802
0.895736 -3.145099 5.055161
-0.769491 -2.115633 17.767521
0.738522 -1.102789 16.614401
-0.179317 -0.801972 13.825870
-0.035753 0.451785 13.747766
-1.586386 -3.423360 3.468561
-1.408565 -0.325290 7.576576
-2.027516 -3.471390 3.355256
0.745668 0.700227 18.292885
0.495485 -1.406028 12.186468
-0.909203 -0.080882 8.547288
-1.596758 -1.982063 4.020993
0.150422 0.275951 19.401531
0.440726 -3.050560 7.563002
-1.052050 0.199810 13.548697
-0.559151 -0.429815 8.771379
0.216409 -0.178497 13.800618
-0.114995 -0.127585 7.560651
-1.459631 -3.270740 5.636807
0.462691 -0.394964 12.480695
-0.652260 -0.530050 7.537657
-1.683303 -2.734430 3.076950
-1.190164 -0.178349 8.496107
-1.544120 -3.350633 3.539538
-1.727036 -2.852184 2.377446
-1.482622 -0.849694 5.780063
0.834006 0.295238 17.431314
0.198952 -0.886372 6.015426
-1.481745 -2.366437 4.685652
0.747507 -2.233157 15.612606
0.565861 -2.540411 12.993862
-0.746497 -3.452896 3.848067
-0.910447 -0.685683 6.094470
-1.457350 -3.223291 5.262357
0.458500 -2.982542 8.431053
-0.596961 0.160384 12.492929
0.249600 -0.268348 20.685183
-0.660728 -0.707917 6.026867
-1.120009 -3.437366 3.920484
-0.241830 -0.192143 7.474648
0.399557 -0.288581 12.607988
-0.792666 0.452769 15.540326
-1.048032 -0.132447 10.272202
-0.749798 0.005270 16.890198
-1.708164 -2.534450 2.435861
0.140381 -0.817965 12.887152
-1.248126 -3.031124 8.286904
0.587447 -3.042546 7.332835
-0.695323 -0.373547 8.142507
-0.838751 -0.239135 16.927374
0.152405 -0.198995 12.311653
-0.278477 -0.534287 14.446236
-1.228229 -0.350173 7.610587
-1.286534 -3.045063 8.107225
-0.655935 -0.198025 12.388367
-0.122208 -3.091021 7.377772
-0.124062 -3.091661 7.376959
0.439875 -1.571775 11.675991
-0.013009 -3.014007 8.054790
-0.966988 0.135445 12.418320
-0.740626 0.527364 16.913107
-1.140177 -0.454056 12.204380
1.073297 0.330394 11.183624
-0.879243 -0.706247 15.604917
-0.471059 0.122393 12.392601
-0.838887 -0.529600 7.296721
-1.097326 -0.535335 7.215954
-0.859927 -3.059981 8.001666
-0.940264 -0.329510 7.285485
-1.150055 -0.422005 12.331305
-1.471319 -1.478232 5.666520
-1.067839 0.142327 12.853911
0.793151 -0.257955 17.131525
1.114669 -0.970199 6.427164
-0.461618 -0.233135 3.734365
-0.157551 -0.670236 4.495171
-1.080587 -0.822286 12.014264
-1.071978 -2.260639 14.312232
-0.581142 -3.442458 3.713257
-1.302571 -3.072272 7.743356
-0.581829 -3.438380 3.705085
0.503533 0.346858 16.432812
-1.272687 -0.369676 7.228770
-0.517615 -0.269170 9.622023
-1.614113 -1.478029 3.458365
-0.113607 -3.050981 7.721472
0.802550 -1.178468 17.064705
-1.262101 -0.375750 7.207781
-0.841847 0.234471 12.207218
-0.568245 -2.613672 12.635099
0.802586 -1.181687 17.062241
-0.759504 -0.265656 15.484815
-0.458067 -3.399442 3.619488
-0.873078 0.284413 16.532297
-1.505290 -2.281050 4.704150
0.190561 0.498964 13.015939
0.560027 0.498980 16.877636
-1.021510 -2.618040 12.657436
-1.659494 -0.754083 3.335015
-0.929867 -3.104856 7.124077
-1.725147 -1.170639 3.342870
-0.122417 -2.404970 14.593801
0.595045 -3.111270 7.234543
-1.123683 -0.277471 8.635123
0.555228 -2.564196 12.668016
-1.520828 -0.574763 3.807603
0.469038 -0.420054 12.240755
-1.309336 -0.493513 5.823132
-1.310271 -3.079324 7.519511
-1.099916 -1.097986 12.307281
-1.301578 -0.818720 4.256244
-0.946157 -0.585469 6.197736
-1.472171 -3.480013 3.555871
0.022599 -3.093739 7.067827
-0.648722 0.584918 19.487240
-1.472984 -3.477046 3.555856
-1.017843 -2.614960 12.529568
-0.895937 0.244486 13.671834
-1.071480 -3.129025 7.004483
-0.498152 -0.095170 18.679703
0.644451 0.404755 15.241901
0.169948 -3.526281 2.465674
-0.582761 0.098725 12.413332
0.911348 -2.538071 10.548495
-0.372308 -3.134484 7.045979
-0.415640 0.518197 16.483112
-0.100827 -2.540803 9.564107
-0.413192 0.518474 16.482454
-0.677365 -3.297681 5.244916
-1.236136 -3.140833 6.973954
1.070757 -2.797909 5.025334
-0.438753 -0.239124 13.240210
0.997310 -3.055078 6.065508
0.705040 -0.013319 10.181303
-0.332894 -2.216393 16.856640
0.657694 -3.439636 3.952776
0.342462 -0.148189 6.859420
-0.483719 -1.738055 14.078825
0.379176 -3.418390 3.803151
-0.910085 -3.145347 6.917136
-0.771977 0.496265 16.478565
-0.088604 -3.438122 3.586045
-2.011160 -3.455478 3.304688
0.485708 1.323451 19.949501
-0.601656 -0.385677 6.689188
-0.835498 -2.189073 16.642757
0.518395 -1.400106 12.237372
-1.118081 -3.532823 2.883252
-0.711441 -0.691866 6.173228
-0.654416 0.582398 19.454388
-1.676716 -2.807104 2.971577
-0.730277 -2.069593 13.285357
0.296806 -3.128969 6.886645
-1.538807 -2.381690 5.002366
-0.632677 -3.154928 6.821129
-1.513053 -3.282497 5.642129
0.391090 -0.271323 20.642721
-0.356420 -3.482868 3.127070
-0.652885 0.177774 13.710862
-1.675551 -2.009163 2.515633
-1.701199 -2.028538 2.277344
-0.439435 -3.323464 7.362352
-0.871265 0.291911 14.386695
0.057420 -2.918070 8.657803
-0.651178 0.067305 11.565068
0.163332 -3.462980 3.571065
-0.683701 0.320519 14.010575
-0.046458 -0.530517 7.124328
-0.702003 -0.506373 7.640590
-1.487426 -0.470833 5.789464
0.552091 0.280596 19.221571
-0.685679 0.065393 11.482550
-0.253703 -3.150539 6.753055
-0.684669 -0.052668 13.297676
-0.691201 0.077905 11.502690
0.285015 -0.284360 6.542174
0.405069 -0.464315 18.341280
-0.495167 -3.442017 3.442652
0.306545 -0.139208 15.420623
-0.885812 -0.561100 6.053016
0.431353 -1.562287 11.723005
-0.400082 -0.075443 11.910232
0.737126 -1.675172 15.576783
-1.697090 -2.366637 2.609619
-0.367846 -3.005463 9.514379
-0.657502 0.030318 13.818080
-1.716642 -2.721515 2.821922
-0.568341 -0.321831 8.388652
-1.694632 -2.531677 2.336982
0.237732 -2.265549 15.735277
-1.054992 -2.720750 11.674316
-0.558429 -0.449856 8.757466
-0.360017 -2.496594 9.345931
-0.441257 -3.229471 6.984849
-0.477710 -2.400811 14.533400
1.352073 -0.310466 10.778081
0.826686 0.821001 16.223801
-0.928605 -0.397943 9.669115
-1.071303 -2.748796 11.662897
-0.440136 -3.241767 7.084441
-1.079515 -2.726446 11.568031
-0.040865 -1.045509 12.850439
-0.651595 -0.593646 19.259489
-1.700925 -2.731516 3.435627
-0.380830 0.424897 11.291684
0.739286 -0.275893 8.724232
-0.591991 -3.287931 5.460804
-0.630589 0.058594 11.291978
0.723294 -1.996155 14.347873
-0.593817 -0.618017 6.123103
0.556810 0.208176 19.833050
-0.880530 -3.557716 2.459760
0.711016 -3.213348 5.570997
-0.826618 -0.162439 16.660576
-1.689852 -2.651335 2.507277
0.262327 -3.436646 3.473303
-1.020400 -2.594390 12.553583
0.656473 -1.132345 19.745258
-0.144455 -3.520772 2.610388
0.259995 -2.206922 16.832354
-0.018422 -3.530125 2.428724
-0.031362 -2.346587 15.977632
-0.872554 -0.382652 7.172516
-0.119709 -3.520768 2.511171
-0.636639 0.189662 13.288394
-0.833286 -0.165791 8.951320
-0.031990 -3.210392 6.058421
-1.627192 -2.540251 4.271155
-0.877697 -1.547524 15.561824
-0.295261 -0.208344 15.784942
-0.303932 -0.745615 12.293568
-1.528384 -0.998245 4.429151
-0.976211 -0.630356 4.327214
0.563876 0.214493 12.661095
-1.325848 -3.117091 6.992835
0.362178 0.532004 13.232103
-1.576129 -0.871942 4.187212
-0.972243 -0.810085 4.400314
-1.337286 -0.458265 6.128272
0.724723 -1.597376 14.384508
-1.562286 -1.044711 5.765267
-0.786536 0.057687 13.762790
0.465016 -2.207323 16.718700
-0.615930 0.386777 12.415974
-1.471826 -0.543785 5.820314
-0.628853 -3.167742 6.760228
-1.032245 -2.504697 12.404919
-0.973186 -0.355480 9.923770
-1.459210 -0.571247 5.738888
0.340046 -0.318457 10.058522
-0.715592 0.504631 16.288424
-1.233724 -3.567553 2.488884
-0.949433 -0.650934 4.268500
-0.954553 0.208401 7.450777
-1.360887 -0.179636 7.726912
-0.310767 -2.524999 9.273180
-1.553453 -0.769027 4.549256
-1.766470 -0.694043 3.460845
0.098440 -0.678977 11.960573
-1.713350 -2.808587 2.843021
-1.575799 -0.868575 4.169867
-2.094602 -3.196049 3.299428
-1.463224 -0.573564 4.412179
-1.080678 -0.490861 7.522870
-1.617651 -0.667413 4.252557
-1.322975 -0.793101 4.346724
-0.441650 -2.893635 9.624228
-0.376016 -2.985855 9.358407
0.443963 0.044840 7.930642
0.220571 0.122233 8.213290
-0.752011 -3.510509 2.916678
1.360811 -2.698607 10.716227
-1.078033 0.105151 12.646232
0.262098 -0.441837 6.461216
-1.739602 -1.194871 4.387067
-1.625858 -2.140385 3.712053
-1.670312 -2.312821 3.247512
0.165752 -3.525611 2.457952
-0.983129 -0.211645 8.418748
0.485286 0.956447 18.419634
-1.891249 -0.855799 4.261019
-1.262923 -2.986418 8.933786
-0.316627 -2.518529 8.929355
-1.090326 -2.291934 13.788135
-0.695747 -1.988726 18.409912
-0.489509 -0.483802 5.098057
0.071083 -0.582426 11.681445
-0.593793 -3.071267 7.250109
0.574276 -2.123136 18.193899
-1.830905 -0.919386 4.105778
1.192736 -0.131798 10.888271
-0.892240 -0.671339 6.306487
-0.960331 -1.436658 11.428693
-1.817971 -0.806185 2.650840
-0.775617 0.008224 17.979721
0.581802 -0.598989 4.487502
0.554985 -3.461882 3.113037
0.322442 -2.017828 12.274937
-0.807276 -2.166480 17.548475
0.329949 -3.467116 3.128603
-0.462310 0.128144 6.533423
-1.171962 -2.846573 9.609302
-1.596494 -3.435074 3.503695
-0.470554 -0.027550 6.167283
-1.534628 -1.299453 4.505852
1.393722 -2.609088 11.482953
-1.573711 -3.529960 2.903289
-1.095691 -0.811698 12.017418
0.734402 -0.352993 9.693883
-1.713377 -1.798909 2.371255
-0.464840 0.132742 6.552203
-1.921784 -0.819142 4.362855
0.851227 -0.176507 9.068541
0.960739 -1.461418 11.592883
0.073548 -0.265959 9.674964
0.894278 -2.522741 10.571802
0.988216 -0.500217 6.054815
-1.069585 -0.745718 12.658764
-1.187759 -0.235925 8.207675
-0.170116 -0.252432 3.501076
0.861193 -2.100517 17.797274
0.911450 -0.499012 5.296692
-0.067066 -2.554395 10.021846
-0.191068 -0.770320 4.208437
-0.633550 -3.037924 8.029757
0.271009 -3.148155 6.054968
-0.440175 -0.637291 12.423101
-0.258325 -0.367063 9.012857
-1.294264 -3.041787 7.988263
0.741301 -0.386407 5.032405
-0.346076 -0.787876 13.437005
0.622703 -1.731560 13.485959
-1.616046 -1.985189 4.044042
0.632882 -1.736285 13.508425
-1.040937 -3.052925 7.898353
-0.719491 -2.139607 18.004734
0.302814 -2.378419 16.655212
-0.419824 -2.873739 9.110855
0.041541 -2.047933 18.690865
-2.077004 -0.812880 3.787237
-1.066388 -0.470084 5.369473
-0.745690 -0.324337 9.433972
-1.110008 -0.650344 3.187924
-1.174873 -3.065102 7.867805
0.623058 -2.493400 8.794474
-1.003223 -1.618368 13.253305
-0.960009 -0.444805 5.242756
0.844709 -0.161378 9.763601
1.061294 -2.873728 4.999039
1.122501 -3.129370 6.498377
-1.222643 -2.949267 9.053488
0.376204 -3.410051 3.824779
0.042562 -3.040758 7.840431
-1.034118 -0.501473 5.216119
-0.774162 -3.514092 4.049029
-0.377370 -2.311013 15.690588
0.574278 -0.253153 13.317932
0.474524 -0.579928 11.593521
-1.623154 -0.750791 4.069724
-0.705848 -0.342397 9.393189
-1.058997 -0.470167 5.185751
0.263906 -3.056276 7.672332
-0.585313 -3.523695 2.742856
-1.299735 -3.066445 7.567649
-1.072479 -3.097046 7.602321
-1.595591 -2.009371 3.870993
-1.593330 -0.612583 5.242685
-0.789916 -2.143840 18.006084
-0.374005 -2.304989 15.583143
-0.065668 -3.443836 3.596799
-0.672609 0.066586 11.276660
0.777168 -1.194887 17.407064
0.562361 -0.268764 13.075258
-0.206343 -3.527791 2.598872
-0.657755 0.631477 17.592781
-0.956663 -3.434310 3.941476
-0.782966 0.069130 11.223634
1.224862 0.290545 11.099945
-0.863149 -0.213276 8.410693
-0.804764 -3.427915 3.943899
-0.267588 0.582053 17.470613
-1.184902 -0.215710 8.356133
-1.025999 -1.344174 12.591762
0.615414 0.559395 19.314037
-0.633878 0.655746 17.597864
0.474928 -1.521739 12.370887
0.061810 -2.705294 11.570300
-0.944811 -2.471586 12.757975
-0.878524 -0.206305 8.345891
-0.669833 -2.038737 11.593717
-0.826575 0.028667 11.075531
-1.578891 -0.662876 4.997653
-1.067732 -0.212752 8.300749
0.442143 -1.573538 12.138666
0.211978 -3.419090 3.522423
-1.807784 -0.816962 2.632843
0.221964 -3.431702 3.552219
-2.180202 -0.747118 3.332520
1.299344 -1.233393 10.291624
-0.471785 0.530714 16.500868
0.884224 -1.068636 17.522758
0.883609 -0.579109 3.659578
0.385385 -3.231383 5.691518
-0.211259 -3.091214 7.058347
-1.524084 -1.827348 4.424845
0.333297 -3.478234 3.295300
-1.320528 -0.439417 7.109275
-1.490443 -2.273559 4.665215
-1.630335 -2.100817 3.882366
-1.706527 -3.550567 3.414688
0.567070 -3.473397 3.140160
0.362167 -3.460549 3.101743
-0.603557 -0.704392 13.056608
1.225405 -0.148280 14.328618
-1.615904 -2.779799 3.211092
-0.578885 -3.275181 5.700603
-1.031562 -3.155304 6.978742
-0.515474 -1.608036 18.805527
-0.354888 -3.512967 3.204458
0.199484 -2.482772 13.971087
0.660907 -2.355949 14.867854
0.210160 -3.523028 2.685941
-0.732495 -0.320136 8.373085
-1.610537 -2.022058 3.668641
-0.094402 -3.116418 7.856701
-1.145100 -2.802161 10.312713
0.481794 -0.877732 17.461014
-0.590885 -3.264686 5.673689
-1.023273 -3.132989 6.926692
-0.785058 -0.355862 13.697742
-0.914068 -0.715452 15.706120
-0.827363 -3.544812 2.617265
-0.632329 0.040415 19.430704
-1.036047 -3.154568 6.971429
-1.098240 0.047443 14.008915
-0.994532 0.080202 11.705585
-1.266710 -0.488451 9.699016
-0.985835 -3.486104 3.459372
-1.356679 -3.171361 6.747947
0.547672 -3.456590 3.096611
-0.975513 -3.443342 3.377584
-0.986367 -3.476132 3.440741
-1.689018 -2.732037 3.380992
-1.092359 -0.098079 9.681492
0.899739 0.328456 16.272377
-0.624265 -0.548077 13.363651
-1.637557 -3.184003 3.857459
-1.682932 -2.722299 3.369946
-1.663130 -2.805062 2.901702
0.316550 -3.454621 3.090458
-1.647035 -2.717580 3.233301
-0.985446 -1.433044 16.309563
-1.505572 -3.322419 2.698422
-0.174739 0.276206 19.673178
-0.402073 -3.160328 6.732597
0.459654 -2.212991 16.711117
-1.490468 -2.394124 4.702542
-0.767789 0.024157 13.663723
-0.822116 -0.068954 9.606095
0.200871 0.511218 14.942392
-1.647465 -1.223416 3.464167
1.307496 -0.151371 10.509597
-0.226371 -3.275599 5.636925
-0.226386 -3.282017 5.658125
-1.118248 -3.185675 6.686043
-0.226455 -3.269156 5.627436
-0.321927 -0.181289 13.220341
0.875043 0.988936 18.966734
-1.153821 -3.482431 3.397459
-1.081254 -1.315272 12.701141
-1.210805 -0.400037 10.243626
-0.639464 0.206293 14.298992
-0.551883 -3.471025 3.400766
-0.936381 -0.046534 11.939930
-0.810607 -0.201299 8.984383
-1.659847 -1.320822 4.211286
-1.038750 -2.683535 10.776424
-0.895998 -0.215146 8.519009
0.996474 -1.981053 19.294643
-0.998068 0.069072 11.604774
-1.670037 -1.556716 4.251608
-0.782176 0.068112 13.788151
-1.502147 -3.254359 5.639122
-0.200173 -0.913119 12.844686
0.494855 -2.237565 16.237082
0.073307 -3.452882 3.420012
0.095986 -0.022994 8.624646
0.878909 -1.193866 18.333010
-0.423640 -2.946337 9.038087
-1.642388 -3.331757 4.238428
-0.205672 -2.718251 10.618234
-0.706025 -2.030787 18.530220
-1.425729 -3.164212 5.670563
0.642185 0.320855 13.886235
-0.878917 -0.222694 11.169677
-0.917295 -0.391507 15.700374
-0.469013 -0.442272 12.137287
-0.441105 -3.161272 6.631606
-0.813522 -3.519544 3.371192
-0.552207 -3.464785 3.388701
-0.453616 -3.509779 2.880547
-0.838241 0.375132 14.987317
1.272366 -1.225404 10.221295
-0.762583 -3.277507 5.333714
0.051793 -0.715941 12.413846
-1.311469 -3.480091 3.535112
0.106292 -3.504301 2.897059
-0.711387 0.049404 11.833202
-0.809192 -0.203535 8.982223
-0.767189 -3.288453 5.359925
0.669648 -1.778163 14.067266
1.299669 -0.035841 11.284085
-1.610935 -1.668939 3.450268
-1.149457 -0.606132 11.020798
-0.905401 -0.143708 9.412558
0.671012 -1.900328 14.102564
-1.699869 -2.529578 2.402001
0.171233 -1.778153 19.797651
0.667709 -1.898620 14.097543
0.675302 -1.698296 14.082936
-0.752745 0.156729 11.802835
0.303312 -3.445293 3.461411
-1.136929 -2.766778 11.832197
-1.243964 -2.955503 9.236445
-1.665026 -3.515490 2.972567
-0.813672 -0.654745 16.875816
-1.347197 -0.496765 5.404331
0.680659 -1.974482 14.202677
-0.882450 -2.211884 16.599062
-1.669556 -1.656704 3.373774
0.019754 -2.854795 9.560073
0.491650 -2.233056 16.217773
-0.917817 -0.346056 12.528941
-1.653085 -1.663016 3.341941
-1.639665 -3.495763 2.990109
-0.110476 -3.536980 2.541813
-1.426877 -3.560670 2.668796
-1.461613 -3.022870 5.046046
-0.849065 -2.189043 16.632751
-1.628556 -3.478043 3.089709
-0.640954 0.090349 11.440008
-1.633108 -2.711859 2.940340
-1.235493 -3.571893 2.498900
-1.595128 -3.432804 3.496430
-1.042871 -2.230904 14.057576
0.107724 -3.281138 5.285586
0.256572 0.799450 15.403409
0.625326 -3.411199 3.817701
-0.656912 0.164301 12.637445
-1.187125 -2.867338 9.935144
0.571303 -2.601064 12.715747
-0.669466 -3.474629 3.512610
-0.583795 -3.083421 7.364640
-0.822328 -3.437238 3.426413
-0.372036 -2.486158 9.173635
-0.779042 -0.127426 9.762588
-0.697387 0.179810 11.954216
-1.149455 -0.527283 7.225125
-0.424676 0.539148 19.324034
-1.485242 -3.606483 3.733124
-1.236194 -0.393587 6.821684
-0.998877 -0.528423 7.304939
0.275910 0.514907 12.305940
-1.682621 -2.279632 2.544310
-0.689236 -3.528709 2.765113
-0.930485 -0.003853 15.554929
0.054481 -0.357609 9.308730
-0.066580 -3.443046 3.595543
0.715814 -2.290619 14.567424
-0.437774 -3.451128 3.559247
-1.147404 -0.420611 7.573145
-0.977806 -0.311681 10.175361
-0.435614 -3.460664 3.577705
1.125508 -2.178892 16.991020
0.402845 -2.207471 12.281039
-0.433811 -3.456034 3.570340
-1.140580 -0.533724 7.221007
0.135849 0.204888 14.860978
-1.121954 -0.250842 8.982127
-1.561343 -0.761141 4.604332
-0.828315 -0.692601 16.758471
-0.433099 -2.909703 9.447007
-1.105528 -0.976817 12.127258
0.591731 -3.046572 7.345068
-1.316091 -0.818131 4.260544
-1.605100 -0.703389 4.161308
0.893601 -2.021001 18.567463
-0.401985 -0.135136 11.587871
-0.593650 -1.833060 19.427612
-1.452371 -0.602662 4.337137
-0.988003 -2.388403 13.282020
-0.615046 -3.151748 6.852486
-0.966051 -3.518654 2.899968
-0.005649 -2.407674 9.430318
1.043395 -2.154994 16.963863
-0.794132 -3.529225 2.705952
0.370661 0.568763 10.382326
-1.252984 -0.334925 7.050122
1.279212 -2.302569 10.282733
-0.807209 -3.489637 3.315784
-1.121889 -3.529155 2.869293
-0.262348 -2.600829 12.642341
0.370490 -3.072129 7.549639
-1.734273 -1.168711 3.381450
-0.432005 -2.526130 15.631278
-1.846175 -0.910064 4.129078
0.816365 -1.113430 17.265818
-1.252989 -3.160758 6.916757
0.531499 0.408596 16.526859
-1.614832 -2.645960 3.584320
-0.605392 -1.110123 13.327492
0.530961 -3.059811 7.463056
0.260196 0.954508 13.660892
-0.909578 -3.156091 6.945669
-0.513344 0.030297 13.610295
0.265089 -3.056624 7.675528
0.517436 -3.044115 7.424218
-1.042181 -3.154978 6.963926
0.052942 -3.062287 7.667062
-0.770187 -2.110802 17.587368
-0.657593 -2.614323 12.614981
-0.642649 0.088192 12.040000
-0.406653 -0.069334 11.943662
-1.138914 -3.088404 7.658785
-0.756913 -0.492829 7.615503
-1.091793 -0.062122 6.553309
0.155556 -2.868232 9.568806
-0.787146 -0.069803 12.845662
-0.402743 0.618300 19.670017
-0.912355 0.025644 15.270184
0.972972 -2.151145 16.905157
0.682597 -1.117851 21.412121
0.606400 -2.153387 13.043372
-0.658627 -0.507744 7.581414
-1.553522 -2.555589 3.455739
-1.320703 -3.102238 7.120672
1.244463 -2.148739 16.927963
-0.982374 -0.179410 16.328814
0.631840 0.563094 19.363976
-1.107156 -3.071801 7.822155
-1.564061 -3.391395 3.559388
-0.560520 0.095664 15.481732
0.381646 0.104010 15.313216
-0.704219 -0.279028 8.718637
-1.068322 -0.137137 9.625095
0.663329 -1.759605 13.749729
-1.548324 -3.361828 3.523191
-0.040950 -0.528211 7.123010
-1.697867 -2.534452 2.339897
-0.519888 -3.051906 7.957666
-1.107860 -0.744719 12.533451
-1.695796 -2.529399 2.390573
0.615876 -2.516062 16.953400
0.887108 -0.127504 9.241834
-1.672533 -2.719598 3.056967
0.735760 -2.389224 14.566738
-1.745428 -0.687035 3.934816
-1.678720 -2.718605 3.383690
0.379402 -3.422793 3.841982
-1.291317 -3.043138 8.031826
-1.614424 -2.474850 3.326818
-0.907752 0.139819 10.868529
-0.905800 0.139734 10.868836
-0.910049 -3.040730 8.006838
-0.112685 0.619473 17.370798
-1.937984 -0.884018 4.118277
-0.901030 0.141122 10.869390
-0.813196 -3.441137 3.780792
-0.118573 -3.521329 2.513427
-0.932359 -0.002872 10.865309
-0.013464 -3.537597 2.444281
-0.779401 0.109236 10.962194
-0.773463 0.040982 13.790466
-0.487156 -0.393093 11.644488
0.248915 -1.087594 14.753443
-1.101814 -3.446596 3.833637
1.145493 -1.822911 20.946260
-0.944541 -0.177172 8.176281
-1.282758 -3.024164 8.260791
-1.027613 -2.607340 11.054893
-0.867148 -0.188341 8.296645
0.538533 -1.451278 13.496679
-0.015959 -0.966396 12.275868
-0.926317 -0.540267 7.324573
-0.869146 -0.506361 16.762119
0.169569 -2.482154 13.688120
-0.060902 -3.449762 3.612297
-0.994710 0.073149 12.327827
-0.405948 0.562077 16.545078
-1.067194 -0.986367 14.414164
-0.708455 -0.524555 7.626701
0.772877 -1.974414 17.571442
-0.532945 -1.812381 12.545596
0.019816 -0.358062 7.767756
0.698624 -1.936369 17.007242
-1.683447 -2.779814 2.929219
-0.209603 -3.456722 3.336545
-0.860528 0.127739 12.399032
-0.394470 -2.441558 9.102654
-0.223607 0.509986 17.878864
-0.700290 -0.076203 16.800407
0.214991 -2.522077 12.874509
0.276559 0.558221 12.764494
-0.367237 0.170364 12.518047
-0.550544 -3.469859 3.397285
-0.369899 0.137957 12.460936
0.394130 -1.593850 11.419425
0.315893 -3.460946 3.492702
-0.373244 0.203150 12.552862
-0.416610 0.129765 16.921404
-0.582576 0.187675 12.332237
-0.155385 -0.556038 11.053236
0.664544 -1.774030 14.054982
-0.692929 -3.495167 3.272825
-1.041709 -0.526477 6.826562
0.671618 -1.773011 14.081241
-1.085562 -3.483073 3.420648
-1.044432 -0.516148 6.856346
-1.489340 -0.666330 3.606452
-1.121640 -0.601916 3.281439
-0.422341 -2.940539 8.989504
-0.926289 0.065465 10.773260
-0.217181 -0.118639 13.620758
-0.462442 -3.459130 3.473491
-0.608530 -3.540166 2.593731
-0.545847 -3.526070 2.578754
-1.528852 -1.936331 4.491957
0.708754 -1.730717 14.331791
-0.772724 -3.512125 4.042674
-0.299786 -2.622855 9.591825
-1.535017 -2.391453 5.020419
-0.298993 -2.622828 9.591852
0.675313 0.629645 17.319084
-1.680331 -2.813622 2.965092
-0.809205 0.218541 13.441318
-0.254898 -3.133846 7.017488
-0.963750 -0.355519 12.012716
0.110106 -3.457202 3.539144
1.369340 -1.684399 10.766756
0.107302 -3.452782 3.529930
0.595217 -3.388165 3.744139
-0.039005 -2.628427 9.623362
-0.442757 -2.881360 9.630171
-0.039989 -2.351058 9.121680
-0.668157 -3.464745 3.498739
1.049703 -2.867701 4.966080
-0.188658 -3.391449 6.374435
-1.510661 -2.262455 4.679371
-0.664724 -3.468357 3.502328
-0.048902 -2.709377 11.481741
0.684574 -2.504003 9.283056
-1.542597 -0.735823 4.727434
-0.641716 0.211306 13.225142
-1.212194 -2.908584 9.637938
0.688683 -1.712755 14.308204
-2.282462 -0.681353 3.994855
-1.212609 -2.910233 9.638002
-1.717810 -1.171768 3.326260
-1.508317 -3.305318 4.805497
-1.521545 -2.272635 4.878195
-0.718368 0.040159 11.098705
-0.745015 -0.163910 10.163553
0.875449 -0.091865 14.346070
-0.819884 -2.131518 16.558628
-1.652136 -1.322635 4.178634
0.307233 -0.121411 8.080558
-1.633747 -1.507558 3.524452
0.875509 -0.218045 5.462773
-0.808250 -0.095646 9.647447
-0.450293 -2.810170 9.214656
0.654073 -1.687163 13.345124
1.310739 -1.769429 10.652673
-1.079811 -1.597854 13.823760
1.268500 -1.820780 9.940404
0.717160 -0.371564 4.064531
0.816217 -0.233513 13.700065
-0.187977 -0.760416 4.243394
0.860670 -1.216068 18.160789
-0.542735 -0.166965 3.865998
-1.109425 -0.471460 4.983812
1.052715 0.511794 11.486135
-0.025404 -3.316256 5.122941
-1.019260 -1.304781 12.650175
-0.028071 -3.305469 5.098074
0.877765 0.291671 16.191360
0.418323 -1.625973 14.609486
0.329107 -3.431336 3.597388
-1.272907 -3.022389 7.817434
-0.835296 -2.193747 15.590141
-0.977995 -0.154440 16.017672
0.332447 -3.436661 3.608063
-0.962575 -2.340136 13.244340
-0.985357 -1.526181 11.785174
0.175524 -1.269963 13.024589
-1.630045 -2.136808 3.762362
0.798490 0.683783 15.870355
-1.311417 -0.544569 5.043348
0.838401 -2.125370 17.355495
-1.622736 -2.025751 3.735907
-0.642462 -0.123844 19.615631
-0.446005 -1.592245 20.743412
-0.297492 -2.705644 11.582170
-0.720506 -0.062440 16.733299
-1.658370 -0.763546 3.311784
-1.216254 -0.544956 5.029026
-1.597552 -3.437852 3.505263
-0.226889 -0.417458 7.774004
-0.807647 -0.161561 18.244289
0.251290 0.636977 15.300792
-1.278434 -3.490373 3.513626
-1.075081 -2.717885 11.538823
-1.047463 -0.157603 10.567005
-1.529703 -3.075335 5.128851
-0.783352 -1.265665 16.977583
-1.205043 -2.908424 8.689943
-0.421329 -3.447076 3.570154
-0.441969 -2.959875 9.113238
-0.980481 -0.382699 16.447630
-0.065744 -3.445346 3.602590
-0.369268 -3.436106 2.986334
-0.405211 0.486351 16.421547
-0.887866 -3.461201 3.515874
0.828112 0.753291 16.014833
-1.089938 -0.472711 5.138324
-0.371765 -2.482544 9.333695
-1.052029 -0.470913 5.192971
-0.695507 0.049816 11.368071
0.404286 -2.008783 19.125153
-0.054708 -3.461443 3.631374
-0.971057 -0.188885 8.887836
-0.060628 -3.447968 3.617582
-1.048299 -0.196937 12.798511
-1.032554 -3.569878 2.463340
-0.896545 -2.189082 15.942159
-1.570514 -0.880602 4.164757
-1.052861 -0.226604 9.381126
0.136409 -3.445728 3.680219
-1.302436 -0.839496 4.207993
-0.024842 -2.181769 16.954111
-1.457344 -0.588249 4.381647
-0.565250 0.206851 11.443091
-0.898211 -2.189945 15.960815
-0.566027 0.206882 11.442966
-0.975621 -0.384877 16.447472
-1.004141 -0.976001 11.643762
0.831212 0.262234 16.042561
-0.198162 0.501640 11.513543
-0.256341 -3.290182 5.398149
-0.755336 -0.146855 10.123265
-0.700881 -3.451888 3.693031
-0.015300 -3.534931 2.435592
0.822417 0.307642 16.084856
-0.582918 -3.442257 3.716428
-1.094407 -0.075586 10.326515
-0.083476 0.306493 9.253832
-1.629844 -1.997910 3.714608
-0.814006 -0.126591 16.685984
-0.938608 -3.402893 3.665804
-0.962976 -0.297514 10.227178
-1.004712 -0.419937 5.375717
0.237781 0.623771 15.279613
0.619944 0.246976 8.218013
-1.130843 -0.519895 7.265230
0.174486 0.436482 18.197989
-0.597703 -3.306949 5.506543
-1.001333 -0.085071 16.433920
-0.593881 -3.306632 5.502773
-1.570791 -0.636205 5.367344
0.670611 -1.359696 14.497287
-0.810321 0.099685 16.772125
-1.087041 -0.250048 7.996046
-0.687681 0.264662 17.152515
-1.099292 -0.674562 3.750031
-0.852422 0.192771 13.093816
-0.556867 -3.527640 2.698159
0.796051 -1.172170 17.046379
-0.696167 -3.484025 3.241374
-0.423201 -3.484357 3.144531
-0.814021 -0.798919 16.844423
-1.097322 0.355064 12.254679
-1.490565 -1.682797 5.792761
-0.424828 0.392686 15.428484
-1.562553 -1.038584 5.758307
1.228508 -1.338967 14.415195
-0.983256 -1.525592 11.663835
0.159453 0.205640 14.922616
-0.427214 0.206310 17.621447
-0.330180 -0.460199 14.426366
-0.412434 0.259310 15.113434
-1.015119 -0.051024 12.925961
-0.954038 -3.424847 3.923547
-0.156481 -0.022808 13.419361
-1.564163 -1.041396 5.761302
-1.118806 -3.436570 3.924535
0.030797 -0.269636 12.433472
1.285584 -1.180635 10.267058
-1.034410 -0.787912 12.381599
-0.392017 -3.391854 3.947419
-1.225538 -3.446333 3.971093
0.058253 -2.921045 8.664723
1.393539 -2.504110 11.662069
-1.692866 -2.785435 2.957940
0.138848 -0.720920 10.643484
-1.690259 -2.725642 3.407871
-0.987734 -0.302744 9.800788
1.373708 -1.716047 10.791973
-1.433095 -3.169843 5.703728
0.227582 0.435562 20.779091
-1.696331 -2.531351 2.390317
-1.698433 -2.652380 2.529770
-0.616533 -0.667484 10.721950
0.656693 -2.427092 8.790071
0.436542 0.265187 16.178921
-0.629755 -2.672901 11.510996
-0.707137 -0.527553 7.603663
0.136780 -0.051555 8.955966
-1.597374 -1.022478 5.855493
-1.601304 -2.470390 4.074429
-1.114830 -0.960025 12.261022
-0.287338 -3.196070 6.846188
-0.847347 -2.142253 15.636165
0.501342 -1.526499 12.537161
-0.435026 -3.442571 9.917691
-0.407131 0.362478 17.690342
0.968163 -1.500796 11.714662
0.186741 -0.736962 13.546765
-0.442452 0.495859 16.292492
-1.473353 -0.704978 3.528121
-0.834096 0.216672 12.190640
-1.178994 -0.700011 3.163687
-1.120791 -1.453210 13.827539
-1.659219 -1.571806 4.214439
-0.507258 0.100359 13.888635
0.536012 -2.374909 12.623532
0.534145 -2.385790 12.616734
-0.185339 -0.778838 4.252233
0.607647 -1.406049 13.891894
-1.605649 -2.509878 4.101303
-1.505661 -3.266308 5.642905
-1.520245 -3.439574 4.191683
-0.355451 -3.132781 7.038419
-0.770819 -3.487153 3.951034
-1.594443 -2.505946 4.068110
-1.659942 -2.805073 2.903544
-0.914057 -0.178881 8.977905
-1.571070 -2.500165 3.997714
-1.122872 -3.534259 2.879593
-0.624254 -0.425209 7.718517
-0.616528 0.490519 16.425348
-0.148101 -3.121900 7.168894
-1.967352 -3.425246 3.182231
-1.593068 -3.431734 3.490571
-0.440644 0.759979 16.824659
-1.781687 -3.129183 4.161641
0.613291 -3.401423 3.790926
-0.590348 -0.296503 17.322962
0.636505 -1.727814 13.311303
1.138753 -3.131225 6.535606
0.542358 -1.702869 12.642482
-1.688295 -0.961080 4.171781
-1.045094 -2.524351 12.632939
-1.171033 -0.403123 7.201913
0.915366 -2.517848 10.567847
-1.012388 -2.594821 12.653027
-0.521182 0.517118 16.482838
-0.660522 0.691354 17.704782
-0.952994 -0.312475 7.223445
0.388050 -0.558534 11.837116
0.544235 -1.819973 12.764175
-1.725265 -1.174612 3.336949
-1.309467 -0.603578 4.298686
-1.104019 -0.901322 12.503341
-1.543003 -2.267064 5.025226
-1.310963 -0.596239 4.307055
-1.699359 -1.274364 4.378652
-1.631767 -1.477036 3.506678
-1.180582 -3.069687 7.876589
-0.864945 -0.548769 7.296251
0.619309 -0.549314 4.587410
-0.525898 0.646673 17.736559
-1.798425 -3.145632 4.213301
-1.062512 0.151512 12.960043
-1.363143 -3.064373 7.214658
-0.796724 0.136925 16.858278
0.955778 -0.067986 4.699286
-0.506927 -0.093198 17.883207
-0.806946 -0.050371 9.830463
-0.751829 -0.789060 12.356771
-1.487352 -3.024641 5.547399
0.660417 -1.989584 13.659001
0.292058 0.023765 6.853460
-0.189944 -0.756908 4.255723
0.196253 0.488089 12.676411
-1.287110 -3.048560 7.989583
-1.495137 -1.418416 5.719102
-0.124890 -3.092618 7.376180
-0.547856 -0.262451 3.688916
-1.077101 -1.479046 14.091539
1.029946 -0.989633 6.181899
-1.096201 -1.476800 14.324687
-1.349818 -3.136399 7.394126
-0.482278 0.393865 12.168938
-1.312640 -3.079147 7.403612
-1.310944 -0.814458 4.273053
-1.282135 -3.023259 8.103334
0.383056 -0.142650 7.190334
0.114140 -0.104347 5.157635
-1.453824 -0.582640 4.394731
-1.167993 -0.299298 11.611302
-0.357858 0.017409 13.612559
-0.178295 0.169475 6.771964
0.561260 -2.124987 12.844309
-0.329021 0.608675 16.605034
0.286376 0.032564 6.872008
-1.728671 -3.253036 6.150955
-1.245898 -0.211762 8.390894
-1.240308 -2.975760 8.878372
-1.451389 -0.989900 5.781229
-1.593542 -3.431336 3.493766
-1.550930 -3.096527 5.586731
-1.287770 -3.050629 7.632452
-0.599257 -0.665098 17.530132
-0.570867 -0.178201 9.510364
0.123355 0.459483 16.841030
-1.691752 -1.819513 2.259419
-1.281182 -3.026518 8.278978
-0.958537 -0.604037 4.366413
-0.102303 -3.409373 7.219607
0.211801 -0.936247 13.977589
-0.285842 -2.557108 9.448701
-1.994053 -3.137685 3.048042
-0.997063 -1.225488 12.559399
-1.350765 -0.271076 8.356629
-0.094214 -3.427212 7.329540
0.568929 -2.354844 13.003159
-0.379957 -0.312621 14.117039
-0.723709 -0.547973 7.603402
0.045349 -0.301735 4.782482
1.214842 -2.840926 9.235729
-0.147629 -0.087825 13.704570
-0.615223 -0.078564 8.438187
-0.608112 0.653897 17.961140
-0.888301 0.207338 12.695256
-0.035005 0.278027 9.372958
-1.540644 -0.613609 5.650650
-0.101342 -3.426365 7.289632
-0.951504 -0.375746 9.808668
-0.727948 -0.465689 6.016722
-1.125044 -0.509030 7.295877
-1.698529 -2.730229 3.427349
-0.371131 -2.954826 9.070358
-0.108638 -0.042619 8.652145
0.757885 0.287431 15.889442
-0.752191 0.415690 18.202766
-0.111747 -3.415139 7.242776
-0.577136 -2.542663 13.339852
-0.990749 -0.469316 5.763656
-1.542789 -1.888111 4.535199
0.766862 0.248267 15.849219
-1.145293 -0.692269 3.160156
-1.138244 -0.550269 3.376624
-0.448398 0.104655 12.613643
-0.161715 -3.307400 6.638045
0.064762 -0.267622 10.173497
-0.707254 -0.401585 8.095870
0.001991 -0.372788 7.682334
-0.775920 0.070599 13.851118
-0.516780 -0.106584 10.044512
-1.686461 -2.010684 2.513194
-0.507502 -2.919076 9.375303
-0.626904 -3.736631 5.854985
-0.288972 -2.573041 9.371858
-0.298079 -3.055706 8.054482
-0.678187 -3.540676 2.634071
-1.307182 -0.831744 4.236262
-0.562034 -0.462610 12.597089
-0.551057 -3.535098 2.615453
-1.010140 0.027050 10.734852
0.012515 -1.271851 17.116631
-0.309616 -2.574051 9.368073
0.304389 -0.614253 6.621613
0.289486 -1.663434 10.377832
-1.560964 -0.739452 4.572533
-1.545257 -3.315015 5.788014
1.369187 -1.664487 11.449417
-0.737280 -0.011815 10.803996
-0.570882 0.003900 10.830939
-1.517788 -2.358152 4.783351
-1.026760 -0.081605 14.076630
-0.762895 -3.509018 4.028372
0.000523 -2.833381 9.532501
-1.507323 -2.376227 4.797992
-0.993523 0.001167 14.117363
0.025279 -0.388014 16.770363
-1.704624 -2.825299 3.047626
-1.122235 -3.531751 2.872486
-1.995130 -3.450780 3.261506
-1.076763 0.009109 10.912807
0.612532 -3.408162 3.844184
-1.194473 -0.828093 4.356493
1.059700 -3.014221 6.320702
1.060979 -2.866879 4.996028
-0.186781 -3.052481 8.018445
-0.690883 -3.302151 5.260802
-0.235466 -3.282962 5.057000
0.808532 -2.514859 10.018579
-0.707670 0.015250 11.069813
0.717912 -1.427049 14.439752
-0.016452 -3.538464 2.439801
-0.233504 -0.409534 12.135275
-0.868201 0.013099 11.073659
-0.646058 -0.630900 12.854042
-0.998237 -0.530501 14.268793
-1.505002 -0.849017 6.111160
0.349429 -0.594422 11.340245
-0.662263 0.841078 19.085875
-0.182601 -3.523937 2.649341
-0.681626 0.014522 11.139219
0.052296 -2.695052 11.602639
0.643464 -1.418529 14.236522
0.307967 0.413414 13.638477
0.149691 -0.086654 10.179950
-2.193603 -0.778552 3.757815
-0.817032 -0.064146 9.626792
-1.766087 -1.123874 3.478086
0.835681 -0.157900 14.192423
-0.260061 -2.704822 11.576538
-1.519434 -2.277542 4.752892
-0.544108 0.088665 11.258799
-1.358390 -0.504480 5.278976
-1.657383 -1.333917 4.183994
0.903595 -1.043683 18.930653
1.410529 -1.656543 11.567252
0.699142 -1.640814 14.322490
-1.635527 -1.509879 3.540653
-0.379053 -2.478031 9.188442
0.768866 -0.236182 8.030518
0.762064 -0.365667 5.037885
-0.217981 -3.310319 5.435166
-1.186279 -0.860580 4.291615
0.610556 -1.416076 12.927354
0.891208 -0.174347 4.504519
-0.313976 -2.696628 11.578330
-0.201583 -0.792490 4.172094
-0.768568 -3.298875 5.381149
0.134204 -2.436266 14.404110
-0.813673 -0.204103 8.903047
-0.338804 -2.505266 9.810214
0.376624 0.595722 13.245030
-0.543045 -0.240361 3.721315
-0.765749 -3.293862 5.364728
-0.315931 -0.099652 3.794922
-0.587935 -1.867651 16.915623
-1.193646 -0.413451 13.819132
-0.279021 -2.206556 16.744730
-0.764470 -0.448193 7.701106
-0.687620 0.266543 17.089596
0.346424 -0.281128 20.979698
-0.634700 0.366936 16.640388
-0.814433 -0.649539 16.903770
0.104169 -3.515099 2.842648
0.146337 0.478017 12.883354
-0.332103 -2.224030 16.964811
-0.205907 0.811325 15.934912
0.456287 -2.033072 12.077160
-1.474556 -3.039732 4.695117
1.300229 -2.744260 10.277803
-0.562693 -2.609011 12.720182
0.842629 -1.963903 16.091076
-0.438514 0.681262 19.836412
-0.722475 0.060487 11.123119
-1.172723 -0.333880 7.745230
0.520300 -2.621584 12.120115
-0.062371 -2.575440 9.427270
-0.276265 0.738307 16.223337
-0.463727 -0.612391 12.662436
0.962854 0.432180 20.622272
0.433944 0.247143 8.711482
0.498277 -1.406564 12.181833
-0.250240 -2.603710 12.694489
-0.176067 -3.126182 7.073646
-0.258159 -2.599393 12.642844
-0.825195 -3.543853 2.610207
-0.031162 -2.329989 15.793785
-0.990392 -0.110259 9.404566
0.292310 0.908577 15.615263
-1.067665 -1.356599 12.680448
1.295018 -2.745459 10.253911
-0.813160 0.463438 14.800764
-0.440926 0.530846 19.341959
-1.068709 -0.460596 5.404850
0.417181 -2.039595 11.778673
-0.343745 0.448294 16.871864
-1.158736 -0.174789 9.057040
-0.554022 -3.543613 2.734734
-0.731920 -0.117299 17.855881
-0.442093 -3.240448 7.118804
0.497726 -1.495814 12.057877
-0.696680 -2.010724 18.379620
-0.917305 0.225316 13.424156
0.798599 -1.078717 17.066862
-0.629139 0.120542 12.467200
-1.174081 -0.295691 8.047668
0.784096 -0.602620 16.936527
-1.116137 -0.831080 12.082439
-0.839098 -0.087024 9.146619
0.579517 0.286803 19.722626
1.331893 -1.993145 16.686705
-0.263495 -2.601301 12.648192
-0.309208 -2.243593 16.415277
-1.030970 0.011516 10.905973
-1.073345 -0.134534 9.616999
0.812995 -2.444702 9.497960
-1.057534 -0.358212 5.611856
0.485062 0.306337 8.910862
-1.285691 -0.532076 5.353891
-1.031891 -0.097453 9.203840
-0.180274 0.162288 6.762077
-1.097672 -0.110419 9.883487
-1.465139 -3.202603 6.012411
-0.534192 0.360635 11.560720
-1.035777 -2.915903 9.404782
-0.010234 0.057496 20.243334
-1.079284 -0.166584 10.110452
0.288285 -0.159664 15.333486
0.002036 -0.117195 14.929884
0.537476 -3.065869 7.499972
-0.290602 -2.703743 11.657804
-0.050169 -2.718459 11.503294
0.737534 -1.888210 15.617904
-0.708915 0.493188 16.930332
-0.873848 -0.303481 16.914345
-0.947526 -2.349024 13.039142
-0.739094 0.100013 11.670093
0.495929 -2.236375 16.236877
-0.128113 0.072640 8.834640
-1.515528 -3.083359 5.041333
-0.064239 -2.232239 16.544464
-1.501308 -0.788354 5.377088
-1.669003 -2.798351 2.959840
-0.952544 -3.539256 2.498230
-0.620578 -3.155764 6.891338
-0.664500 0.435401 16.669094
-0.086078 0.239338 20.533558
0.039565 -2.041654 17.774364
0.712620 -3.219970 5.569825
-0.066584 -2.233558 16.544781
-0.842601 -2.216497 15.607471
-0.962710 0.222715 13.434807
-0.693868 0.083276 20.739485
-1.257606 -3.008959 6.942780
-1.049721 -1.409367 12.561183
-0.432999 -2.914116 9.447212
-0.231480 -3.298527 5.101325
0.191230 -1.774499 20.001112
-0.519849 0.272789 11.238988
0.561477 0.124189 20.562622
-0.563107 -0.371071 8.947840
-0.933705 -1.439709 16.045090
-0.817169 -0.688580 16.764004
0.259783 -3.306245 4.869144
-0.927107 -1.414429 15.878991
-1.325534 -3.098982 7.065445
-1.321978 -3.084570 7.617774
-0.932079 -0.231150 5.830575
-0.355346 -0.049850 13.611003
-0.716180 -0.056542 16.736616
0.009691 -0.439751 8.690298
0.646601 -0.153455 14.372135
0.769892 -0.303352 7.986436
-1.159184 -2.842696 10.266409
-0.615239 -0.632020 13.645638
-1.311613 -3.539861 2.892162
0.373003 0.583291 21.155785
0.153131 -3.528999 2.490546
-0.727953 -0.267325 9.846416
-1.698404 -1.981538 2.417525
0.484697 -2.333959 15.164332
0.239925 -2.549176 12.932399
0.219951 -0.712709 12.154600
0.602250 -3.022987 7.172940
-1.793117 -0.793655 2.903890
-1.255656 -0.374895 6.578722
-1.134614 -0.223488 9.240001
-1.528097 -2.383104 4.861356
-1.364312 -3.055250 6.979805
-1.717081 -2.674784 2.402039
-1.208286 -0.384175 10.163384
-0.061608 -3.272813 5.171310
0.809529 -0.586115 17.080557
-0.501989 0.707779 12.835323
-0.120638 -3.220705 6.096409
-1.129006 -3.570715 2.489165
-0.147478 0.071747 13.760926
-1.313250 -3.082935 7.140152
-0.225884 -2.189553 17.388021
-0.967587 -3.522481 2.911103
-0.832723 -0.110265 9.617375
0.255615 0.208789 8.458089
0.788670 -0.760380 16.948450
0.476230 -0.726884 12.302748
0.538828 -0.754043 8.119742
-0.381638 -2.803989 9.960987
0.433375 -1.658452 11.907699
0.344527 -3.175768 5.987607
-1.156864 -0.170249 14.310111
0.133310 -1.306153 12.585308
-0.514621 -0.278223 12.728986
-1.331125 -3.104224 7.422675
0.761178 0.737242 18.372152
-2.177229 -0.776358 3.126275
-0.737796 -3.294210 5.482668
0.466210 0.151834 7.905557
-0.918706 -0.285920 5.728587
-0.184044 0.535769 15.619434
0.804926 -0.232793 8.929936
0.357003 -2.185437 11.845670
-1.089235 -2.694811 11.845221
-0.831786 -0.827950 16.704041
-0.405128 -2.599980 12.340446
-1.540707 -2.373197 4.887595
0.567391 0.508316 16.898146
-1.694651 -2.108202 2.432558
-0.395232 0.240314 17.766617
-0.416962 0.581724 16.416555
0.181681 0.466003 18.320511
-1.077697 -2.474976 14.413949
-0.439387 -2.878628 9.583661
1.000004 -2.156732 16.750496
-0.461475 0.353463 12.229813
-0.354864 0.012581 13.597437
0.813227 -0.577439 17.150274
-0.618196 -3.501964 3.048436
-0.312506 -3.162068 6.804628
0.972697 -1.343079 14.180539
-0.721569 -3.032508 8.200848
-0.830278 0.076898 11.316399
0.079158 -3.235044 5.657138
-0.455882 -0.354441 8.943368
0.954110 -2.019847 16.526829
-0.933720 -2.475662 11.869251
0.440363 -0.580247 12.084009
-1.060809 -0.431497 6.178505
0.772122 -2.043774 15.924130
-1.278054 -3.041929 6.776737
0.704770 -2.328069 14.680919
-0.114078 -3.215272 6.072595
-0.936577 -0.221731 16.489439
0.801394 -0.211834 9.621960
0.120451 -0.494170 12.159874
-1.045390 0.120902 12.882144
0.327935 -3.138362 5.821425
0.724204 -1.810638 17.033808
0.876257 -1.772081 18.231558
-1.701846 -2.667014 2.367312
-0.815727 0.337428 14.882648
-0.177865 0.471795 15.515679
-1.160837 -0.286473 8.154037
-1.188349 -0.418078 6.212033
-0.556230 -3.029197 8.154028
-0.217050 -2.299833 13.421867
-0.975978 -0.438334 6.156613
-0.421247 -2.848945 10.293965
-0.908880 -0.404416 15.872048
-0.940643 -0.148599 9.356113
-1.302579 -3.073468 7.570454
-0.081048 -1.922383 17.823008
-0.515244 -3.498716 3.020927
-0.742329 -0.032921 16.818714
0.547443 -1.807442 12.665106
0.798584 -0.161880 9.639634
-0.205941 0.170499 14.902374
-1.029560 -3.157624 6.972451
1.355009 -1.756233 10.803697
1.172490 -2.212662 16.486860
0.162530 -3.520430 2.449788
-0.984226 -1.261225 12.268907
-1.345150 -3.148867 7.016213
-1.685706 -2.259601 2.790934
-0.729339 0.006678 16.665995
-1.709784 -2.834214 2.629512
-0.827267 -0.778935 16.973717
0.205867 -0.941508 10.904965
-0.351270 -0.032861 13.601742
-0.432488 0.429825 15.542946
-0.900472 -0.077659 15.420928
0.913033 -1.982771 16.330315
-0.711924 -1.197249 12.172567
-1.679207 -2.376888 2.435659
0.817118 0.867030 18.567766
-0.258461 -2.706188 11.580275
0.005280 -0.953077 12.494164
0.154743 -1.105466 17.349205
0.523753 -1.871895 14.410959
-0.679655 0.126842 11.341995
-0.054259 -1.941516 15.127816
-0.389042 -2.924288 8.894087
-0.934243 -0.152380 11.114007
0.556762 -1.802535 12.708382
-0.050858 -2.690133 11.645168
-1.651721 -3.495842 3.118076
0.160942 -3.516689 2.443928
-0.808107 -2.167085 17.489267
0.438770 0.443844 16.758324
-1.684371 -2.255516 2.796554
-1.480607 -0.662174 5.789284
-0.363812 -3.134688 7.047238
0.451006 -0.303849 14.469448
-1.518562 -0.601145 5.416250
0.725356 0.055532 15.552689
-0.312836 -3.041581 8.075481
-0.349263 0.508507 16.981453
-0.679167 0.100965 11.720475
-0.415413 -3.341136 4.791138
0.980689 -2.026332 16.632595
-0.353912 -0.031963 13.601682
-1.706987 -2.021738 2.342339
-0.502943 -0.380946 12.037123
-0.174704 0.232863 15.048390
-0.326057 -3.173717 6.722003
0.012257 -1.079024 12.729317
0.700492 -0.437173 15.376009
-0.440105 -3.167751 6.845901
-0.807668 -3.545079 2.722174
0.521128 -1.473131 12.169707
-1.542989 -1.700674 5.512453
-0.183600 -3.109422 7.030669
0.426433 -2.024845 11.921462
-1.707315 -2.712624 2.366250
-0.174703 0.185485 14.938018
-0.314644 -2.280218 18.319624
0.216717 0.521494 13.137246
0.516206 -3.174008 5.870383
-1.110915 -2.613675 11.884164
-0.281447 -0.161215 16.259970
-0.592780 -0.393559 7.748468
0.988390 -1.462497 11.725181
-1.085504 -0.656304 6.893772
-1.067643 -2.728153 11.534120
-1.193125 -0.446443 6.396581
1.322145 -2.164932 16.966467
0.802337 -0.583003 17.108042
-0.457625 0.475521 14.609105
-0.930528 -3.106401 7.124203
-1.191321 -0.042329 11.010004
-1.847947 -0.714166 3.125764
-0.742784 -0.121545 9.370795
0.721222 -0.342763 5.591282
-1.183977 -2.864528 9.872940
0.030201 -2.864395 9.138264
-0.955970 0.009892 11.089458
-0.046130 -2.627865 9.583626
-0.447168 -3.254517 5.479043
0.050236 -2.682387 11.656567
-1.551440 -3.302771 5.263162
-0.291897 -3.187587 10.676590
0.844204 -1.365952 14.160747
0.039907 0.528163 18.910124
0.064206 -2.677903 11.689135
0.870536 -1.367778 14.223373
-0.762781 0.307682 14.538739
-0.754473 0.086734 10.977558
-0.026926 -1.005388 13.416257
-0.545784 0.462765 11.695816
-1.233043 -0.669863 10.649026
0.622280 0.662902 17.339907
-0.801362 0.264232 13.467888
0.472158 0.593262 14.440342
0.797623 -0.601636 16.997236
0.337396 -2.266179 17.090416
-0.372556 -2.338455 15.793138
-1.086457 -2.285623 13.814483
-0.140639 -3.033045 7.545446
-0.887146 -2.270506 14.214421
1.098563 -0.273458 9.026273
-1.264673 -3.012246 7.799785
-0.713570 -2.915271 9.390636
-1.150648 -0.176768 9.399787
1.199744 -2.835321 9.209552
0.020137 -0.305108 13.806111
0.360691 -0.126761 6.898204
-0.479585 -0.049021 13.658319
0.342206 -2.201960 11.750871
1.010765 0.406722 20.501247
0.181628 0.747509 19.283911
-1.321364 -3.201902 6.334155
0.031698 -2.572974 12.332075
-1.173948 -0.395215 7.272340
-1.327519 -3.114603 7.399179
0.553381 0.190434 13.334841
0.040720 -0.371104 9.257077
-0.101563 -2.222514 16.964983
-0.829952 -0.128909 9.535367
-0.798220 -1.260401 17.085478
-0.947094 -0.684437 6.003697
0.164054 -1.065794 10.529106
0.692808 -2.093272 14.293995
1.303490 0.597030 16.916550
0.278217 -3.334342 4.923615
-0.456100 -3.115021 8.169394
-1.081708 -0.492202 7.510039
-0.507636 0.067266 13.735250
1.087458 -0.284969 9.048818
-0.975417 0.087916 11.316637
-1.704419 -2.384325 2.511060
-1.516780 -2.278896 5.530411
0.739793 -2.224025 15.556088
-1.691106 -2.346089 2.884787
-0.739641 0.075630 11.461744
-0.660072 0.533549 13.912617
-1.111234 0.016191 10.852750
-1.351893 -3.150583 6.925400
-0.716234 -0.063477 16.795458
-0.908314 -3.139902 6.900988
-1.043791 -0.112757 9.722689
-1.009111 -1.373830 11.915263
-0.103510 -3.303690 7.406519
-1.197313 -0.482463 6.087188
-0.111363 -0.518488 12.664232
0.174908 -1.254270 13.246201
-1.526679 -3.084034 5.157976
-0.428499 0.358401 14.680696
-1.075534 -3.559909 2.454260
-0.504592 0.433234 16.866638
-0.669836 -2.487516 13.914630
0.150833 -0.070226 7.687080
0.438439 -0.720119 11.445369
0.011731 -2.842341 9.537185
0.220179 -2.400870 14.525440
0.268446 -3.315484 4.895014
-0.840183 0.336869 14.445510
-0.591284 0.338434 11.608591
-0.627754 0.105508 16.739986
0.662921 -1.160890 21.043892
-0.126343 -3.236552 7.178035
-1.204203 -0.439090 7.063240
-0.590933 0.336482 11.608870
0.310220 -2.107241 11.305079
-1.413702 -3.146126 6.016139
-0.931378 0.170483 11.620251
-1.113849 -0.163264 9.037701
-1.273121 -0.306769 7.264668
-0.693354 0.032782 16.781391
0.560816 -2.084169 14.698031
-0.196905 -0.375026 12.472653
-0.697199 -0.496341 7.718675
-1.701007 -2.530937 2.404503
-0.843677 -0.143146 9.364485
-1.238025 -2.945475 9.194588
-0.835727 -0.138004 9.343227
-0.348778 0.215810 14.997757
-0.341821 -2.223136 16.994133
0.830163 0.022096 18.043497
-0.123205 -1.013665 13.425201
-0.714877 -2.917326 9.390648
-1.488847 -3.044337 4.971615
-1.068925 -2.685321 11.690471
-0.800420 -0.122346 9.539163
-0.533240 -0.343521 9.417578
1.298997 -0.365407 10.635662
-0.779202 0.072348 11.571717
0.251718 -3.035800 7.648777
-0.016686 0.169082 8.975600
0.771737 -0.214520 8.839530
0.044871 -0.389174 9.250843
-0.946024 0.227740 14.382552
-1.353552 -3.145712 6.936360
-0.931856 -0.117223 9.654703
-0.789383 0.059656 11.356706
0.254580 -0.796939 14.983987
0.263912 -3.212211 5.839697
0.113765 -0.685154 16.310616
0.230593 -0.543680 6.269224
0.112331 -3.520849 2.858752
-0.612004 -3.529944 2.566971
0.629642 -2.223556 16.718361
0.374606 0.882870 18.608740
0.644521 0.570864 19.394417
-1.703308 -2.481859 2.346041
-0.043607 -2.625227 9.583673
-0.029310 -3.507146 2.954288
-1.098603 -0.109174 9.653736
-0.259607 -0.443797 8.927266
-1.267785 -0.195561 7.139499
-1.658419 -2.769241 2.826674
-1.087136 -2.690310 11.882009
0.639385 -0.682335 8.479409
-0.751349 0.071609 13.887565
-0.399885 -1.031459 14.344794
0.129139 0.186825 14.444161
-0.126756 -3.509419 2.485330
-0.472763 -3.059726 7.514504
-1.301036 -3.191547 6.498801
-0.055106 -3.292200 5.209506
-1.233575 -2.966191 8.027745
-0.688689 0.042997 16.748377
0.479243 0.570379 14.291022
-0.278583 -3.535317 2.872330
-0.062437 -2.669445 11.718665
1.319608 -2.169704 16.967701
-0.430695 -0.281982 9.089864
-0.770911 -0.137597 9.334263
-1.577229 -0.734001 5.437369
-0.649621 0.016231 12.121089
-1.227145 -2.934419 9.314508
-0.473008 0.513948 16.473589
0.461618 -2.216131 16.841351
-0.836861 -0.132907 9.444855
-0.910502 0.227028 15.473303
-0.122380 -3.515140 2.503918
0.269574 -2.297398 15.337586
-0.883922 0.029021 18.947985
-0.861213 -0.201413 11.453037
-0.989049 -2.341324 13.531397
0.341651 -1.114517 16.965752
-1.130029 -0.170552 9.131024
-0.692487 0.140522 11.774407
-0.471042 -3.088948 7.589591
-0.037774 -2.588522 9.511570
0.358431 -3.464455 2.617157
-0.746613 0.406760 18.189934
0.542452 0.199495 11.778292
-0.813440 -0.358665 8.264177
-0.888536 0.114848 11.789997
-0.961547 -3.561247 2.555517
-0.680656 0.100769 11.702682
0.273898 -2.019755 11.693772
-0.633132 -0.537834 6.217634
-1.011235 -0.013206 14.165301
-1.124661 -3.522687 2.961632
-0.473374 -2.488709 13.940907
-2.086031 -3.195470 3.280362
0.630400 -2.725776 12.721724
-0.268774 0.285638 16.961027
-0.190387 -1.810590 20.685429
-1.078437 0.021782 11.099017
1.269839 -0.187549 9.159883
0.169985 -3.537642 3.005418
0.820005 -0.216125 8.946071
0.836828 0.895107 18.751268
-0.319952 -2.547281 9.297401
1.307665 -2.643207 10.264127
-0.827074 -0.590726 17.905363
0.467780 -0.204307 21.562481
-1.360376 -0.431729 5.728130
-1.336061 -3.128490 7.245273
-0.572961 -3.270052 5.565921
-0.550267 0.346037 14.512105
0.592732 -0.194008 16.239916
-0.627983 -0.839223 12.355587
-0.595039 -0.798024 12.497047
-0.752931 -3.500074 2.887472
-1.205218 -3.342672 4.889588
0.335920 0.529369 15.462501
-1.084855 -0.437422 5.368181
0.597928 0.745791 15.074347
-0.625059 -3.155984 6.934212
-1.018483 -0.365079 16.145370
0.345704 -0.062592 10.179585
-0.242998 -2.592111 12.835385
0.253460 -1.677993 15.796704
0.079845 -3.239501 5.660562
-0.485012 -3.556417 2.745749
-0.158897 -3.131584 6.767907
-0.227983 0.058244 13.682470
-0.429414 0.112218 8.838620
-0.455455 0.395287 12.309102
-1.042639 -1.191601 13.069505
0.611188 -2.220351 13.948682
-0.876288 0.259226 13.860983
0.624508 0.805076 15.160206
-0.314797 -3.034393 8.122071
-1.799560 -0.736590 3.168652
-0.826470 0.333222 14.438314
-1.206569 -3.506008 2.869378
-0.685237 0.018744 16.719336
-1.131568 -3.542169 3.013716
0.655768 -1.969483 15.560118
0.149594 -3.522519 2.482424
0.026565 -2.143650 17.457233
-1.013919 -0.202269 9.434979
-0.958911 -3.575681 2.561636
-1.541251 -1.079341 5.693134
-0.205829 0.450176 17.765718
-1.078244 0.022943 11.071207
-0.447249 -3.061982 7.920741
-0.913532 0.149263 12.778476
-1.056908 -0.799794 12.562896
-0.646288 0.400451 16.714924
-1.707923 -1.777356 2.587248
-0.817639 -0.100619 9.551645
-0.717931 0.062539 11.207366
-1.249665 -3.353124 4.804845
1.255076 -0.132108 10.034190
-0.643963 -0.578365 19.513336
-0.690808 0.095826 11.605117
-1.522549 -3.304292 5.285004
-0.492098 0.296480 14.498799
-1.261271 -2.994339 7.836558
-0.465761 -3.091144 7.598794
-1.674344 -2.093618 2.625814
-1.167608 -2.850871 9.917203
-1.686003 -2.742146 2.556571
-0.383515 0.133180 13.528377
0.536001 -2.611977 12.285398
-0.401673 -3.545606 2.796176
-0.619527 0.224925 11.325660
-1.315031 -0.124479 8.294321
-1.459344 -2.297487 5.656205
0.531888 -2.600462 12.283291
-0.815248 -2.348083 15.615714
-0.124883 0.101441 8.888838
0.387420 -3.494223 2.683700
-1.024101 -0.471790 5.430582
-0.147982 0.757315 15.670801
0.377417 -3.217348 5.651520
-0.218277 0.697254 19.404503
-1.529448 -0.934413 5.338511
0.507635 -0.360777 12.464391
-0.950096 -0.096170 16.047386
-0.427184 0.232410 9.071327
-0.365861 0.454222 13.569480
0.772440 -0.251473 9.479675
-0.000426 -0.063745 11.003627
0.559467 -2.572065 12.681679
-0.848180 -2.204136 16.722412
0.387392 -3.235312 5.697579
-0.859912 -2.234695 15.697622
-0.041018 -2.131002 17.793697
-0.597360 -3.596502 2.492016
-0.732762 0.420039 15.551288
-0.055790 -3.292400 5.213337
-0.112149 0.583160 17.314619
-0.120610 -2.947982 8.991294
0.781605 0.514033 16.824268
0.662129 -2.360613 14.877293
0.029586 -1.018247 13.195059
0.100013 -1.391122 14.352160
-0.433829 0.551960 17.073120
0.161030 0.193143 14.906865
-0.900066 -0.077533 15.411937
0.490727 -1.469140 12.071582
-0.677733 -1.998214 18.268253
0.732868 -3.233931 5.623443
0.699748 -2.296284 15.341291
1.097430 -0.184061 8.924268
-0.698101 0.977247 17.195816
-0.729950 -2.075386 16.516953
-1.297217 -0.568499 5.374327
-1.402505 -3.235399 7.085087
-1.031418 -2.914701 9.410707
-1.707063 -2.796321 2.670048
-1.675026 -2.370886 2.547595
-0.661949 0.113453 11.712142
0.841112 -2.083718 17.079571
-1.025668 -0.107716 9.750227
-1.498468 -3.279186 5.628199
-0.741769 -1.077385 19.668236
0.199312 -2.469836 13.948502
0.397658 -3.503027 2.702387
-0.046289 -2.307834 15.569935
0.034689 -0.407483 9.213646
0.824912 -0.094767 17.249180
-0.904140 -2.289671 15.171058
-0.058072 -2.687309 11.756737
-1.206840 -3.347351 4.894934
-0.358398 -3.145293 7.047445
-0.150552 0.740196 19.505381
-1.725155 -2.725203 2.843758
-0.955585 -3.568514 2.550508
-1.193972 -2.882942 9.723533
-0.730063 0.507066 18.758293
-1.091553 -0.246860 16.517309
0.672679 -2.295166 14.617245
0.691980 -2.311170 15.569977
-1.065185 -0.003223 11.066743
-0.584664 0.434684 15.244946
-1.124575 -0.180844 9.123819
-1.591046 -0.603525 5.346038
0.206922 0.526462 14.954982
-0.585750 -3.268850 5.567493
-0.753596 0.597590 19.024239
-0.706212 -3.335678 4.837656
-1.105225 -0.222261 16.636660
-0.589568 -0.447040 7.592221
-0.475212 -2.494250 13.935730
-1.649834 -2.632609 3.104899
-0.658666 -0.247203 9.906163
-0.927188 -0.122495 9.648454
-0.926149 -0.260785 5.782207
-1.575783 -0.977991 5.475312
0.257487 -3.147246 6.325249
-1.711250 -2.422322 2.718870
0.201449 -0.431695 15.007740
-0.124152 0.053102 14.333280
-0.919965 -3.178675 6.957790
-2.018437 -0.262300 4.370337
-0.676243 0.118135 11.987988
-1.184029 -2.876066 9.766666
0.868898 -0.131848 9.857371
0.501694 0.636928 17.111296
-0.478838 0.056610 13.732149
-0.408285 0.035934 13.599796
-0.715391 -3.506353 2.443794
0.244988 -2.568130 12.947600
0.184651 0.616331 17.346703
-1.797367 -3.402433 3.645444
0.631169 -2.091070 15.686554
-0.848218 -2.363431 15.248265
-1.713077 -3.227259 3.621874
-0.913343 -3.161726 6.925661
0.666773 -0.422502 9.271045
-0.989656 -2.548608 12.789368
-0.323450 -2.160682 17.357378
0.697921 -0.398207 9.426462
-0.201358 -3.117299 7.105241
0.658860 -0.424778 9.223407
0.814208 -0.090071 17.247288
-1.744832 -1.612267 3.415004
-1.550391 -1.339668 5.469226
0.498639 -0.588459 8.337134
-0.386256 -2.498858 9.260130
-1.093127 -0.098029 7.370197
0.465572 -0.647789 8.091067
0.360355 -0.770799 7.415930
-0.967727 0.037260 11.285264
-1.034279 -3.571025 2.464836
-0.711765 0.092817 11.344045
-0.296694 -2.143904 17.885920
-0.791231 -2.148132 17.188063
-0.735674 -3.289783 5.475025
0.873474 -0.013536 19.449169
0.006661 -3.526569 2.667469
0.153015 -3.524991 2.648545
0.493609 -1.466810 12.079992
-0.236152 -3.282494 5.562762
-0.672830 -1.933983 18.357607
-0.163948 0.213093 19.504414
-1.143242 -0.450377 5.935388
-0.270297 -0.745421 13.390015
0.430757 -3.543832 2.782857
1.283207 -0.164186 21.284492
-1.292729 -3.055814 7.717332
-0.080542 -3.477109 3.133015
-0.916027 0.151751 12.766237
-1.679281 -2.332979 2.549690
-0.736569 -0.441029 6.056473
0.686308 -1.708196 14.305824
-1.660977 -2.138124 2.702299
-0.838136 -2.245499 15.601766
-0.627227 -0.620010 12.857543
0.032719 -2.380382 9.315150
-0.663727 -0.481509 7.633461
0.160836 0.205235 14.938147
0.557105 -2.391069 12.715355
-1.657127 -2.755697 2.817209
-1.539353 -1.922111 5.541211
1.050214 -0.232206 8.804131
-0.493955 -3.544448 2.653499
-0.293832 -3.332875 4.920347
-0.881625 -2.367922 15.077341
-1.029036 -3.159298 6.966628
0.472462 -0.626762 11.581427
-0.819800 -3.525161 2.689448
-0.659675 -0.225114 16.092335
-1.089288 -0.405396 5.486757
1.025466 -1.481489 19.918732
-1.700005 -1.999869 2.610671
-0.646463 0.265454 13.517949
-0.179358 -0.132658 12.885766
-0.783640 0.072230 17.972767
0.762103 -2.249769 15.610611
-0.400806 -2.379585 9.234936
-1.059574 -0.440888 5.600865
-1.629767 -2.404315 3.133706
0.733495 -2.324511 15.542054
1.473249 0.028189 10.393354
-0.196008 -3.491990 2.930189
-0.488855 0.303884 14.647451
-1.073552 -0.427571 5.542588
-0.761167 0.484839 16.453972
-1.123467 -2.765812 10.728878
0.120299 -1.477517 10.877149
-1.026784 -3.156823 6.962383
-1.081486 -0.967044 12.050518
-0.384615 0.225618 14.466014
-0.896455 -0.294264 7.790901
0.009907 -2.833710 9.354214
-0.920430 -0.243589 5.921352
-0.492792 -3.545478 2.656974
-0.182261 -2.467627 13.909543
-0.518739 -3.500013 3.015692
0.219336 0.618928 17.654041
-0.768447 -3.306737 5.390753
-1.975273 -3.435144 3.205444
0.605186 -1.707213 12.969710
-1.069546 -2.686074 11.802086
-0.792005 -2.627124 12.111824
-0.881325 -0.319426 7.822597
-1.137746 -0.677032 3.171574
0.698582 -2.315018 15.188701
-0.230529 -3.304307 5.110249
0.697810 -2.296097 15.305423
0.046329 -0.174222 12.925999
-0.187343 -0.298759 12.867906
-0.985527 -0.355514 11.900411
0.413863 -3.524024 2.741429
-0.662536 -0.452358 19.252222
0.482737 0.633801 15.235476
-0.391738 -2.482896 9.229499
-1.026628 -3.153921 6.955789
-0.616266 -0.421618 7.676385
1.013491 -1.981509 19.372610
-1.420611 -3.537280 3.184818
-1.537796 -3.088393 5.448466
0.567837 0.207837 13.344872
-1.112009 -0.491671 5.562160
-1.510552 -2.742921 5.589789
1.313983 -1.823032 10.665517
0.941923 0.362738 18.363747
-0.837577 0.287788 13.570474
-0.280072 -2.573358 9.747072
-0.725323 -3.555675 2.537500
-0.999196 -2.681740 11.908689
0.612120 -2.365793 13.242649
-1.474305 -0.491805 5.751835
-0.387126 0.220072 14.466795
-1.476856 -0.738927 5.175412
0.260334 -0.152919 6.427262
-0.134989 -2.210346 14.337356
-0.890989 -0.552264 6.045536
-0.644847 0.223959 11.763128
-1.001776 -0.393487 5.593112
0.510794 0.119100 11.996115
-1.508132 -2.713975 5.594404
-1.648794 -2.387922 2.890710
-1.001206 -0.093494 9.831962
0.541636 -0.804378 7.953062
-0.746238 -0.142799 10.159201
0.831039 0.609300 16.980221
-1.566051 -3.593437 2.564286
-0.767457 -2.083659 16.980856
-0.764148 0.076996 11.496163
-0.125387 -3.093014 7.355184
-1.449009 -0.523629 5.685000
-0.209700 -0.426656 8.874184
-0.796694 -2.635489 12.139917
-0.486608 0.447721 15.668479
-1.076827 -3.569845 2.466060
-0.937482 -3.125807 7.159656
0.085016 -3.470050 2.819871
-0.197572 -3.485131 2.914375
-1.663751 -2.248745 2.857670
-0.171528 0.876241 16.686935
-1.721227 -2.650774 3.328332
-0.863064 0.099675 11.868942
-0.760731 -3.538817 2.789941
1.353197 -2.497757 11.486474
0.469985 0.089353 8.080812
0.608856 -2.363310 13.180934
-0.319721 -3.031965 8.108032
-0.721335 -3.549594 2.530970
-0.993620 -0.432001 5.535392
-0.826989 -0.117888 16.757732
0.531001 -3.061775 7.464417
-1.051055 -2.683150 12.226096
0.236507 1.027085 20.700991
-0.751175 0.596014 19.027214
0.335178 -3.506914 2.751189
0.268435 -1.698623 12.850148
-0.915279 -2.436142 14.367149
-1.650489 -3.509414 2.891848
0.487160 -1.410075 12.134850
-1.462751 -2.834753 5.474611
-1.474307 -2.291121 5.687466
-0.621302 -0.403904 7.703901
-0.736354 0.101803 11.171743
-0.980078 0.094777 6.976429
-0.397956 0.494375 16.557659
0.275117 -3.069181 6.325466
-1.023660 -1.037447 12.893319
-0.916540 -3.166128 6.941979
-0.576992 0.551903 17.691086
-1.485868 -0.823991 6.018816
-1.625034 -2.539814 4.255066
-1.548856 -3.355042 4.373681
-0.809419 0.330868 14.435715
-1.423836 -3.151229 5.717416
-1.311061 -3.486988 3.550358
-1.478247 -0.837440 5.962596
-0.672441 0.017128 19.866083
0.246715 -3.412932 3.394044
-1.527876 -1.817998 5.491913
-1.541117 -3.343036 4.327447
-1.586172 -3.401600 3.682091
0.629123 -0.192875 14.292961
1.057457 -2.789102 4.999872
-0.167380 0.649738 16.067553
-0.651021 0.403729 16.599880
0.266679 -3.050966 6.242919
-0.894319 -2.401799 14.785705
-0.994891 -1.477850 11.565187
-0.997400 -0.106570 10.328102
-0.599142 -0.635244 6.085815
0.258179 -3.023020 6.121591
-1.747301 -1.615620 3.438092
-0.197823 -2.310117 13.750530
-1.530743 -2.567077 5.619884
0.696106 -1.371770 14.565799
0.438427 -3.542024 3.999977
-1.456276 -2.991356 4.680834
-1.138891 -0.280211 8.211883
0.451065 -3.062676 7.593894
-1.818480 -1.557856 3.617157
-1.522771 -1.395016 5.668537
-0.621517 -0.698837 6.136526
1.456474 -2.174137 16.976757
-1.233276 -0.242815 7.833342
-0.334638 -2.211339 17.062080
0.185913 -1.618591 20.047663
0.285033 -3.114312 7.124074
-0.121621 -3.098805 7.368176
1.457480 -2.167788 16.965601
-1.230534 -3.559109 2.472465
0.235823 -2.195089 17.067362
0.453875 -2.203402 16.880957
-0.888169 -3.563317 2.504729
-0.806146 -3.537698 2.653870
-0.192547 -0.051760 19.853037
-0.719802 0.111198 11.365804
-0.832034 -2.163833 16.576511
-1.175583 -0.475441 9.831856
-1.243663 -0.222941 7.859269
1.209271 -2.167286 16.952013
-1.673485 -2.346927 2.829784
-0.581460 -3.547276 2.789854
-1.071444 -2.689438 11.778179
0.754333 -0.277880 9.306633
0.266515 -3.073918 6.334661
-0.012528 0.215106 14.535170
-0.523521 -3.083348 7.638327
-0.435437 -3.070433 7.728312
-0.079240 -2.944057 9.023136
-0.888650 -2.387379 15.091228
1.221520 -0.244830 9.679773
-1.107904 -3.169732 6.689316
-0.372991 0.468307 16.911314
-1.480935 -3.532712 2.737418
-0.606238 -2.572821 12.457844
-0.535544 0.372041 14.462283
-0.681634 -0.081731 16.885649
-0.744469 0.403573 18.153116
0.070329 -0.302689 10.049742
0.815531 -0.737316 17.165613
-0.521861 -3.065473 7.592062
-0.583902 -3.519629 2.725260
-1.105963 -1.530742 12.552867
-0.461840 -3.091112 7.602566
-1.549419 -3.570807 2.520322
1.035619 -2.997178 6.260697
0.264237 -3.054906 7.693248
-1.490143 -0.835327 6.008935
-1.239829 -0.476151 5.637602
-0.042634 -2.785784 17.308565
0.288527 -3.122744 7.133306
-0.323236 0.497833 16.963728
0.098406 -0.923450 12.126704
-0.188769 -2.405255 14.753091
-0.579869 -3.535450 2.763374
-1.020168 -2.701304 11.802109
-0.004829 0.217676 14.535159
0.582109 -1.960791 12.985819
0.735352 -1.139007 16.597931
-0.548338 -1.843024 14.488352
-0.123896 -2.917413 9.336389
-0.634087 -0.425553 7.710071
-0.940330 -3.137272 7.180948
-1.079135 -0.774577 12.668244
-1.334060 -3.005513 7.227501
-1.093704 -1.523731 12.563313
-0.975375 -1.317304 11.744500
-1.487681 -3.037185 4.753306
-0.622313 -3.139876 7.047828
-0.582548 -3.535189 2.757430
-0.138642 -3.037761 7.557176
-0.736268 -0.166941 12.825368
-0.551651 -3.503220 2.542930
-0.962975 0.191107 13.247058
-0.625884 0.292711 13.109803
0.842124 -2.066020 17.282948
-1.240098 -3.581524 2.512500
-1.093232 0.045015 11.295947
-0.086527 -2.484728 9.456285
-0.435782 -3.068265 7.718252
0.898732 0.251925 19.033298
-0.986224 0.049702 11.126198
-1.214424 -3.356976 4.915265
-0.629129 -3.146856 6.999040
-0.116584 -3.524504 2.515054
-0.718843 -3.545314 2.513068
-0.278895 -2.691495 11.771997
0.517990 -1.422829 12.238587
-0.797761 0.068807 16.703278
0.812111 -0.588401 16.993023
-0.949408 -3.415361 3.904731
1.227334 -2.859657 9.597244
-0.656533 0.633776 17.601191
-1.531968 -1.824431 4.450789
0.839609 -1.146356 18.029795
-0.797769 -3.456810 3.610419
0.875166 -0.161260 13.967739
0.888480 -2.062667 18.501568
-0.890922 0.084499 12.340573
-0.449353 -3.515134 3.824740
0.130291 -3.436112 3.661771
-0.680990 0.662828 18.146616
-1.548839 -1.886252 4.541077
1.289892 -2.003633 10.300275
-0.414337 0.280013 15.123395
0.806052 -1.097394 17.120132
-0.840710 0.066426 12.311611
-0.071391 -3.390092 3.612799
-1.557711 -0.932361 4.525152
-0.741449 -2.068854 13.748443
-0.651708 0.170748 12.752523
-1.284180 -3.078460 7.785937
-1.091441 -0.810344 12.643965
-1.181427 -0.433893 11.547318
-0.577357 -3.388589 4.125753
-0.583014 -1.334518 13.942426
-1.563662 -1.815302 4.532303
-1.103161 -0.803823 12.037683
-1.299376 -3.458374 3.492340
0.520431 -0.472322 12.479124
-1.749881 -3.435895 4.496026
-1.304923 -0.811400 4.342697
-0.065417 -3.404800 3.642038
1.343248 -0.343049 11.333439
0.917669 -0.010912 9.998952
-1.735377 -2.087794 4.400317
-1.554548 -1.962897 4.440510
-1.070798 -0.180164 13.136783
-1.745606 -2.889784 4.601371
0.396569 -0.375812 20.380951
-1.712641 -2.090580 4.337616
-1.580112 -1.951531 4.532238
0.309324 0.663172 13.034164
-1.404285 -0.666270 4.230652
-1.173144 -3.070345 7.868054
-0.876663 0.146368 11.996475
-0.607123 0.307087 12.310199
-0.581276 0.223221 13.351279
-1.256837 -0.209024 10.996421
-0.390393 0.165678 12.774070
1.261248 -1.823800 9.924743
-0.575969 -3.401902 4.180629
-1.243677 -3.027068 8.279333
-1.475285 -0.662249 5.447865
-0.780024 -2.590587 13.008879
-0.562181 -1.762490 20.757639
1.370443 -0.298255 10.827868
-0.775470 -2.578719 13.008013
-1.175831 -0.197581 8.481378
-1.273767 -3.041865 8.084394
1.144673 -1.817148 20.914213
-1.447243 -3.006067 4.581428
0.627562 -0.465816 5.364101
0.893346 -0.320749 5.750845
-0.561814 0.152910 12.442195
0.968498 1.263445 21.153778
0.031086 -0.270063 17.428083
-0.990982 -1.149866 11.909798
0.818160 -1.207702 17.329546
-0.987335 -1.144375 12.065369
-0.540550 -0.374206 8.848023
-0.286809 -0.310543 13.692403
-0.923126 0.175964 12.885016
-0.433937 -0.013650 13.606695
-1.096419 -1.096793 14.239361
-1.053114 -2.708557 11.684301
-0.846026 -3.416447 3.916409
-1.621212 -0.683781 4.197606
-0.388465 -3.414140 3.998057
-0.740771 0.481456 16.453289
-0.698498 -3.446021 3.999614
-0.480999 0.006429 14.003036
-1.525460 -1.342132 4.496775
-1.526853 -1.827202 4.435701
0.474989 -2.088998 17.990156
-1.113129 -1.020476 12.302868
-0.101325 0.274385 9.201769
-1.498416 -3.403963 3.976751
0.374239 0.089828 15.314007
-1.111500 -0.548285 4.450888
0.542068 -1.468335 13.457955
-1.584475 -2.518403 4.172511
-1.037596 -2.518005 12.612527
-0.276773 -2.537137 13.395316
-0.534937 -0.441214 8.654976
0.901218 -0.609855 5.133316
-1.699321 -0.716156 4.956182
0.469448 -2.322390 12.182500
-1.545491 -3.464133 4.208589
-0.137705 -1.326294 14.901607
-0.921929 -0.596426 4.287301
0.017230 -2.269198 12.197020
-0.602882 -0.101958 9.947186
-0.577503 -0.630318 13.777900
-1.251973 -3.508833 4.082898
0.871322 -1.328820 14.253261
-0.836488 -2.078730 15.657349
-1.861764 -2.893649 4.790871
0.292889 -0.680248 13.009583
0.735115 -2.223606 15.548378
-1.518107 -1.352636 4.472833
-1.634894 -2.880862 4.321083
-1.287676 -3.042481 8.066642
0.919451 -3.282503 5.304688
-0.434062 0.533053 14.278724
0.243530 0.211233 10.150879
-1.634220 -0.752337 4.080722
-0.126277 -4.001894 10.197092
1.317600 -1.302387 10.344511
-0.970147 -0.800613 4.375710
-1.281878 -3.043718 8.026011
0.329399 -1.709123 13.522477
0.295216 0.694816 17.425781
0.309320 0.446457 13.711028
0.678516 -0.655764 20.355780
-0.588732 0.205470 11.985107
-1.498802 -1.944490 4.536616
-0.245787 -3.217016 9.668767
-0.576844 -3.354452 4.092478
-1.575307 -1.323867 4.580468
-0.151906 -3.259033 6.555431
0.045572 -2.904720 9.305887
0.597913 -1.773289 12.994445
0.640183 -3.223125 6.074303
0.009067 -0.372257 7.661108
0.854497 -0.254693 5.090382
-0.626876 -0.679492 6.206637
-1.493003 -0.894545 5.990045
-0.572470 -0.250603 8.560649
0.157629 -0.959223 13.304537
-1.487503 -0.649357 5.462382
1.080614 -0.998206 6.339190
-1.277552 -0.649545 4.816720
0.091428 -0.162172 10.675570
-1.462802 -3.238148 4.740953
-0.912087 -0.444420 12.200804
-1.439593 -3.219367 4.661383
0.801550 -1.095422 17.113371
0.629213 -2.232128 12.985023
-1.625296 -2.092270 4.144127
0.588415 -2.530961 13.106388
-1.075173 -1.552414 12.494294
-1.523266 -1.887367 4.489554
-0.040313 -0.434836 16.421295
0.258066 0.640150 15.627986
-0.362103 -2.485089 9.231294
-1.689819 -3.385001 4.364501
-0.676525 0.204707 12.751983
-0.890053 0.183667 13.161673
-0.853237 -0.121415 8.823602
0.229048 0.483828 15.688437
-0.233274 -3.004558 8.395513
-1.382813 -3.472634 3.995980
-1.509650 -1.953377 4.562926
0.633086 -1.954617 13.027340
0.214101 0.134914 9.965714
-1.112617 -1.014075 12.296292
-1.079614 -0.205811 8.436818
-0.727210 -2.153283 18.047230
-1.455767 -0.601483 4.334868
0.771260 -0.229373 8.808092
0.672861 -0.084785 14.238442
0.440899 -2.556868 13.204911
0.830680 -1.168673 17.380379
1.268321 -0.057139 11.175197
-0.508854 -1.696943 21.086514
-1.092320 -0.863883 14.188045
-1.029204 -0.579544 4.835703
-1.064117 -1.327305 12.681481
-1.607389 -1.973633 4.052840
-1.039382 -2.628032 12.971633
-1.641064 -3.571481 5.115519
-1.510973 -3.060656 5.605435
-0.695854 -1.094747 18.997492
-0.832016 0.116021 16.811237
-0.145255 -2.919484 8.798129
1.125785 -3.016270 6.468854
0.599279 0.254182 12.891982
-0.954821 -0.795464 4.393858
-1.139964 -0.687761 12.866002
-0.610880 0.164827 12.744164
1.411050 -2.488453 11.015962
-1.540582 -3.455946 4.175656
-1.557125 -2.506804 4.244231
-1.503735 -1.951338 4.547170
-1.002214 -2.570764 13.230233
-1.764268 -2.845041 4.550185
-0.234610 -2.996116 8.373642
-0.892009 -0.117238 8.568556
0.810888 -0.284588 17.179132
0.827216 -1.168024 17.373976
-0.556552 -0.460937 8.624499
0.003335 -2.839445 9.561433
0.031683 -2.303397 12.327578
-0.917372 -0.160060 8.451689
-1.405855 -0.649023 4.252648
-1.018687 -0.122474 9.785221
-1.110642 -0.934784 12.229119
-1.013156 -2.604599 12.516115
-0.236969 -2.994986 8.370918
0.574257 -0.547380 4.481550
-0.924597 -2.449868 14.431353
-0.506331 -3.412241 4.089707
0.068790 -2.036971 18.907829
-0.821383 0.151733 12.421289
-0.994133 -0.667521 4.099225
-0.722139 0.158508 12.422609
-1.509739 -3.425883 3.948736
0.660715 -1.668923 13.993644
-0.520034 -2.959945 8.871710
-0.719372 -1.111428 19.111053
-1.590558 -0.825887 4.590584
0.597818 -2.537802 13.164499
0.042493 -0.950930 13.845665
-1.512509 -1.797404 4.544807
-1.490934 -3.376839 4.506487
0.842918 -1.439268 14.106614
-1.662930 -2.484897 4.216793
-0.242793 0.320171 13.866228
-1.520037 -2.275457 4.765391
-0.121632 -0.462310 4.753175
-1.171857 -0.207230 8.463505
-0.561202 0.163218 11.229386
0.014612 0.070327 11.382630
-0.363977 -0.197950 7.512378
-0.433243 -2.335737 14.947784
-1.642724 -2.047709 4.146626
1.326009 -1.831340 10.707357
-1.253102 -2.969357 9.280046
0.885027 -2.058948 18.490734
0.739175 -1.685845 17.421528
-0.169723 0.796897 20.360975
-1.353598 -0.749983 4.379632
-1.225975 -0.403645 10.376563
0.786468 -0.345084 5.774632
-0.638781 -1.895711 19.870319
0.587178 -2.014635 19.066393
0.917250 0.270392 19.086632
0.768273 -1.927612 20.184620
-1.508355 -3.425667 4.159113
-1.593461 -3.367385 4.356742
-0.949844 -0.277765 11.993172
-1.215556 -2.917430 8.589037
0.300248 0.061102 13.680087
0.865215 0.089268 18.279909
1.361800 -1.743746 11.440103
-1.534687 -1.789714 4.603313
0.715777 -3.214213 6.036142
-1.090625 -0.723996 12.727238
0.322923 -2.198030 17.328163
-0.184519 -0.731467 4.269847
-1.516147 -0.600422 5.419960
-1.030791 -2.427336 13.422084
-1.315692 -0.800664 4.375971
-0.463599 -0.382707 8.687757
-1.475735 -3.364572 4.486995
0.352210 -0.941684 20.859488
-0.517519 0.830221 20.449770
-1.379069 -0.710694 7.064517
-1.308917 -0.808749 4.353298
0.621599 -1.806266 12.931292
-0.379146 -2.480522 9.449812
-1.163643 -0.234742 8.477681
0.062779 -0.687236 16.573217
-0.854000 0.120089 12.396113
-1.623406 -1.575229 4.243820
-1.117001 -0.704211 12.777436
-0.506290 0.815965 20.409887
-1.494588 -3.398554 3.970973
-1.540785 -3.349355 4.348829
-1.568782 -2.383411 4.995321
-1.198323 -0.841538 4.338959
-1.039938 -1.494346 13.351813
-0.944298 -0.655753 4.242492
-1.505091 -3.425929 4.144223
-0.710749 -2.974192 8.870140
0.457676 -0.013694 11.447570
-1.504178 -2.391754 4.651377
-0.455175 0.115844 6.503448
-0.906871 0.124827 12.383931
-0.563016 0.144725 12.416164
0.188740 -1.827188 21.014204
-1.653100 -3.346588 4.269066
-1.267745 -3.014450 8.258601
-1.115947 -3.428063 3.907306
-1.465052 -3.357079 4.490040
-0.600195 0.207148 12.798335
0.827827 -0.294294 4.918254
1.058788 -3.092834 6.321238
-0.684499 0.452955 21.043732
-1.686250 -1.542198 4.395061
-1.528230 -1.335283 4.500723
0.606354 -2.549687 13.201848
-1.582864 -0.944221 4.193489
-0.865404 0.156001 12.669832
0.411067 -0.536298 12.292425
-0.649994 -0.451751 19.343607
-0.415987 0.632999 13.548844
-1.016173 -0.558932 4.358918
-1.038870 -1.454936 14.175644
-1.582795 -0.858650 4.179441
-1.079082 -0.970500 12.510996
0.761925 0.955883 18.218767
-0.568030 0.158319 12.434646
-1.479768 -0.481458 5.782229
-0.070969 -2.545027 9.800482
-0.586923 0.693050 18.491280
0.460917 -3.335694 4.769163
0.197417 -1.839666 21.191261
0.226818 -2.547879 12.930247
-0.991000 -2.552887 13.151999
-0.191719 0.078453 6.582494
-1.452535 -3.192296 5.947371
0.967013 -1.363030 14.212211
0.654720 -2.417970 13.361509
0.610783 -0.569528 4.565630
-0.558084 -1.761952 21.030661
-1.657706 -1.558213 4.326267
-1.117369 -0.152466 14.094461
0.656413 -0.538232 8.948041
-1.393620 -0.686690 7.168666
0.518796 -1.816043 21.018988
-1.565000 -0.663945 4.575334
0.763860 0.953981 18.228811
-1.780908 -2.028987 4.451864
-0.681799 -0.154670 6.420858
0.530257 1.067582 18.369354
0.231174 -0.409465 6.364262
0.807359 1.071214 18.404446
-1.566810 -2.507514 4.256577
-0.315302 -3.242907 6.474222
0.163527 0.213932 14.949565
-1.070680 -2.693559 10.419718
-1.354511 -0.112217 8.028375
0.959138 -0.475237 5.384758
-1.075019 -0.642509 4.291956
0.416552 -2.191388 12.541253
0.885783 0.674255 18.761763
0.854590 0.653476 18.009216
-1.344978 -3.423956 3.899419
-0.558996 -3.278297 6.842704
-0.587911 -2.537715 13.425526
-0.688304 -3.415078 3.924876
-0.827765 -0.828227 4.308007
0.018535 -2.461236 9.397729
-1.581877 -0.641137 4.629403
-0.857233 0.122341 12.398252
0.672588 -2.051819 18.559767
-1.404756 -3.129581 5.991247
-0.434197 -0.228164 8.948249
-1.395588 -0.659167 4.546699
0.342084 -0.157226 7.065286
-0.260417 0.150638 13.546258
-0.868310 -0.733271 4.491120
0.475127 -1.664287 12.337037
-1.403947 -3.272879 4.295326
-0.512698 -0.249858 12.689225
-0.662545 -0.592254 19.293695
-1.084656 -0.231213 8.589557
0.638965 -0.451898 5.372854
-0.678996 0.579310 9.561677
0.434238 0.040034 7.540470
-0.671237 -0.334851 11.690825
-0.656125 -1.251586 20.172859
-0.053907 -2.533313 9.477593
-0.158062 -3.716455 6.191240
-0.384892 0.135788 13.529697
-1.536131 -1.851170 4.407266
-0.105884 -3.889178 6.705563
-1.604720 -1.311907 4.676024
-0.701889 -0.815980 12.454229
0.923229 -1.921595 18.402124
-0.866020 0.152152 12.680673
-0.287456 -2.518852 13.443252
-1.294609 -3.038701 8.763836
-0.553976 -0.460137 8.737836
0.521386 1.049319 18.349871
0.204219 -3.209879 5.957320
-0.295450 -2.959269 8.899661
0.907526 -1.136099 18.295849
-0.740416 0.400725 18.135727
-1.572163 -2.383168 5.013540
-1.552948 -0.977078 5.879768
0.920277 -0.552623 5.567231
-0.808475 -2.171114 14.551785
-1.316442 -0.634159 4.244027
-1.089393 -0.944689 12.706115
-1.298786 -0.625557 4.257096
0.600783 -1.792870 12.912924
-1.317384 -0.830492 8.723904
-1.066731 -0.956108 12.662237
-0.479450 0.573528 18.204100
-1.594331 -0.694520 4.177228
-0.692800 -2.008492 18.521955
-0.564263 -0.446312 8.666101
0.191550 0.678299 18.072874
-0.392882 -3.405502 4.186856
0.886207 -1.762685 18.226566
-1.066096 -0.979176 12.472444
0.133461 -0.103443 10.640000
-1.438931 -0.970004 5.735365
-1.590059 -2.157229 4.172037
-0.530671 0.705882 18.183228
0.625708 -1.961493 12.934088
-1.141132 -1.521210 13.738220
-1.055318 0.127940 12.909103
0.464621 -2.990146 8.441378
-0.167154 -3.354761 4.540642
-0.416773 0.949230 18.465874
-0.614405 -0.104306 19.128559
-0.587802 -0.434251 8.574209
-1.154097 -0.196052 8.710040
-0.284035 -2.519825 13.443628
-1.273534 -0.655190 4.294037
0.041266 -2.892847 9.141847
-0.537393 -0.262279 13.407273
0.629506 -2.391846 13.216975
-1.574435 -0.735462 4.111819
-1.483418 -3.428881 4.491523
-1.276626 -0.645051 4.313647
-0.656192 0.000429 11.599797
-0.670318 -0.444112 13.784806
0.768706 0.825881 17.938665
0.868744 -0.277643 18.177002
0.665130 -1.543666 13.289219
-1.339441 -0.707316 4.297993
-0.846863 -0.148982 8.839557
0.911847 -1.810245 18.382652
-0.686739 0.207096 12.887068
-1.067048 -0.665852 4.241841
0.769216 0.828976 17.945232
-0.579274 -3.454162 4.286015
-1.504639 -0.971600 4.351915
-0.417849 -3.835882 12.205486
0.194887 0.444877 18.258236
-1.077082 -1.182788 12.566268
1.067475 -3.039181 6.240548
-1.554908 -0.964489 4.605702
0.118367 -0.899152 12.292839
-1.425703 -3.383403 4.620932
-0.440830 -2.827923 9.480447
-0.182387 -0.873574 13.216040
-0.667385 0.177773 12.749185
-0.527179 -1.781461 13.193586
0.004346 -0.253898 12.832128
-1.506194 -1.388909 4.454104
0.613088 -1.962389 13.142782
-1.516565 -1.839330 4.341866
0.618517 -1.964867 13.149734
-0.636057 -0.432568 6.975756
-0.927757 -2.303465 12.587796
-1.383665 -0.359968 6.407094
-1.461752 -3.398052 4.428035
0.439267 -2.552021 13.213089
-1.066748 -1.010552 12.847317
-1.422383 -3.380481 4.617301
0.662522 -0.074022 10.107582
1.272223 -1.768312 10.541485
-1.045131 -1.119877 12.876434
-1.496413 -0.639726 5.467944
-1.486823 -0.521799 5.835353
-0.382593 -2.472303 9.207783
-1.556857 -1.378980 4.587325
0.828765 0.017569 18.036154
-0.184595 0.110927 6.649799
-0.522478 0.726460 18.515379
-1.313788 -3.117056 7.225995
-0.270690 -2.529692 13.483225
-0.704749 -0.700309 6.166555
-0.687293 0.162347 12.520965
-0.187127 -0.762498 4.280845
-0.693719 0.199555 12.641841
-1.040511 -1.210530 13.053166
0.588854 -1.915444 12.945992
0.900909 0.290359 10.985539
-0.076775 -3.167995 8.133432
-1.368753 -3.441106 3.939246
0.445035 -2.562108 13.243710
-0.376410 -2.483654 9.486402
-1.069374 -1.457893 12.557296
-0.072002 -3.191011 8.165821
0.235350 -0.110792 6.524249
-1.628342 -2.537626 4.271074
-1.513899 -0.852026 6.121681
-1.535255 -1.370445 5.886856
-0.779406 -0.082416 10.156896
0.442066 -2.552268 13.209747
0.569347 -2.518963 12.761197
-0.873118 -0.199334 8.827340
-1.173339 -0.142704 9.422904
-0.064488 -3.231946 8.429194
-0.906731 0.155013 12.834682
-0.668220 -0.835554 11.162114
-0.416513 -2.913459 9.234539
0.466157 0.023676 11.635815
-1.475292 -3.259348 4.728488
-0.017032 -2.505554 9.819844
-0.505363 -3.057285 7.168899
0.263503 -3.040923 7.709087
-1.475805 -3.036308 4.692917
-0.772229 0.227885 13.473420
-0.378344 -2.480046 9.554046
-0.471466 -0.196918 12.660329
-0.724743 -0.623316 6.396591
-0.697248 -2.009837 19.236200
0.248540 -0.486514 9.319069
0.702319 -0.157897 9.408484
-1.001033 -1.403469 11.883860
-0.227753 -3.339221 5.132193
0.784043 0.310952 15.988148
-1.239586 -0.365200 10.476474
-0.992554 -0.672595 4.649859
-0.401367 0.019637 13.590786
0.386316 -3.227410 5.686647
0.546016 -2.431978 8.283057
-1.459947 -3.237817 4.692786
-0.601416 -0.208946 7.314014
-0.159947 -2.314881 15.258537
-0.442010 -3.604494 8.412700
-0.841970 -0.554475 6.339525
-1.569170 -2.607767 5.806810
-1.027553 -1.028075 12.863458
-0.074871 -0.124837 7.614738
-1.520944 -0.687814 5.235489
0.960289 -0.548619 5.993252
0.980208 -3.156782 6.105023
-1.286633 -0.629285 4.839658
0.674472 -2.340680 13.961947
0.712171 -0.163646 9.431726
-1.243441 -0.496587 5.034241
-0.543085 -0.428521 8.805774
0.457518 -3.329612 4.755737
-0.157876 -3.350598 4.544096
-0.696910 -3.429360 3.953301
-0.988723 -3.424365 4.067709
-1.104894 -0.931227 12.232280
-1.006717 -3.379436 4.282673
1.408571 -1.019154 11.570204
-0.392567 -3.394439 4.162484
-1.267747 -3.022695 8.285427
-1.083030 -1.176568 12.544755
-1.608855 -0.824391 4.238779
-1.637551 -1.571065 4.269388
-0.521845 -2.958169 8.969793
-0.449197 -2.956513 8.971122
-1.311583 -0.808747 4.352084
-1.194971 -0.186054 8.815793
-1.533471 -1.825236 4.459806
-0.322764 -2.946812 8.938359
0.575163 -1.716229 12.762686
-1.250801 -3.354346 4.807891
0.636319 -1.547847 13.173112
-0.165315 -3.347403 4.523006
0.082450 -2.966148 8.801026
-0.593091 0.221889 13.185137
-0.336044 -3.412498 3.987864
0.612911 -2.156167 13.086817
-1.352492 -2.996755 8.693114
-1.244149 -3.342692 4.787100
-0.714903 -2.953268 8.968340
0.195499 0.277252 5.986086
-0.595109 0.240879 13.222041
-0.336026 -3.415290 3.987871
-0.950537 -3.427998 3.929247
-0.657755 0.391101 15.134266
-0.244627 -1.003266 13.690570
-1.253886 -3.359365 4.817866
-1.075538 -0.160789 8.948887
-0.627972 -0.241804 8.830252
-1.020127 -0.134557 8.873470
0.555208 -1.926257 12.717878
-0.714091 -2.953249 8.968354
-1.030311 -0.583711 4.758592
-1.428428 -3.388926 4.634674
0.756264 0.028506 13.536476
-0.851733 0.201376 12.971964
0.769303 -3.171661 5.903145
-0.678766 0.254490 13.010750
-1.017343 0.119610 12.403645
-1.513923 -1.972747 4.336913
0.603936 -2.078540 12.915565
-1.347104 -0.482276 5.221290
-1.145203 -0.163942 8.989728
-1.030088 -0.568221 4.800132
-0.863169 -0.125685 8.782298
-0.677929 0.220339 12.789419
-0.994180 -0.676616 4.601892
0.073210 -0.297934 8.976398
-1.561845 -1.363893 4.593989
-1.166056 -0.035430 9.980430
-0.855515 0.113237 12.374092
-0.711165 -3.407951 4.183434
-0.000177 -3.301792 4.723762
-1.544145 -1.960317 4.438766
-1.083583 -0.729069 12.704792
-0.651503 0.175411 12.788314
-1.032388 -0.585863 4.822024
-0.106012 0.116811 14.182650
1.067243 -0.394572 5.937448
-0.674788 0.342062 12.942669
-0.727535 -3.374467 4.372157
-0.419905 -3.334802 4.789172
0.211660 0.057837 11.025050
0.302721 -0.750229 10.599558
0.709841 -0.463311 9.265656
-0.892450 0.165787 12.596326
0.572738 -1.712518 12.726910
-0.663093 0.182199 12.813051
-1.580533 -0.641457 4.607583
-1.461345 -3.344938 4.617417
-1.004556 -2.556517 13.211708
-0.260354 -2.349290 12.664409
-1.580599 -1.299826 4.241822
-0.591182 -0.989589 14.158754
-1.570487 -0.615092 5.398495
-0.655859 0.200567 12.995331
-1.482104 -1.528365 4.474408
-1.122221 -2.775833 10.244123
-1.682963 -3.377603 4.345055
-1.042091 0.145848 12.925788
-1.492464 -2.407227 4.655729
-1.151966 -0.170058 9.164176
-0.067387 -2.942939 8.472034
-0.093247 -2.527320 9.417551
0.521771 0.058268 20.335287
0.069700 -0.311083 10.021742
-1.079501 -1.014406 13.058479
0.603369 -0.196363 12.991152
-0.416525 -3.356354 4.849950
0.550473 -2.561604 11.897993
0.672962 -0.432790 12.991074
0.078849 -1.767779 18.745083
-1.077636 -1.182266 12.530723
-1.054285 -0.845531 11.915557
-0.279602 -2.692615 10.061218
-1.543449 -1.963988 4.628882
-0.060619 -2.952369 8.600019
1.286336 -1.772243 10.595864
-0.861116 0.167071 12.930408
-1.072811 -1.084029 12.709993
-0.060844 -0.080012 7.726937
-1.105890 0.030018 14.041227
-1.321240 -0.608209 4.819046
-1.283217 -0.689547 4.602095
0.589634 -1.770475 12.926850
-1.526902 -2.418498 4.774688
0.159686 0.566868 13.021425
-0.432440 -0.378467 12.452949
-0.439585 -2.957971 8.924470
0.078529 -0.258544 9.053724
-0.973864 -0.495061 6.009006
-1.100159 -3.171581 6.673795
0.972359 -1.507212 11.673572
-1.597725 -2.124156 4.304826
-1.034459 -0.125687 9.636358
-0.623438 0.245487 12.956130
-1.024169 -2.606215 12.684915
-1.605873 -0.691769 4.721482
-0.455395 -3.244838 6.892726
0.676148 -1.647348 14.160242
-1.644297 -1.775442 4.629484
-1.074907 -0.572074 4.784143
-0.962779 -0.524506 5.954958
0.511419 -1.395875 12.246597
-0.722074 -0.580437 13.769602
-0.908153 0.139304 12.842114
-1.034870 -2.634274 8.330895
-0.913586 0.161147 12.950273
0.425970 -0.058695 7.434413
0.211751 -1.186061 6.300019
0.100319 -0.211062 9.133330
-0.893804 -0.117706 8.982993
-1.484414 -1.718773 5.780174
0.315844 -1.654261 13.778419
-1.069534 -1.457914 12.551769
-0.273938 -2.688013 9.969215
-1.324651 -0.275217 7.407952
0.648249 -1.965289 13.009295
-0.322824 -2.966203 8.997007
-0.730400 -0.372552 11.581990
0.517525 -1.396652 12.254614
-1.223614 -3.012316 8.491894
-1.325874 -0.488158 6.056396
-0.172602 -1.354131 14.168307
1.450396 -2.453642 11.497722
0.154727 0.205073 11.777137
-1.055300 -1.218815 13.069830
-0.894616 -0.263743 10.876151
-0.466045 0.063336 6.420069
-0.512925 0.460254 12.858344
-1.063239 -1.193309 13.103432
-0.602882 -0.679393 17.718706
-1.602109 -2.516810 4.330979
0.481317 0.301759 16.354374
-1.491206 -3.050706 4.743767
0.714912 -0.391647 13.071171
0.230120 0.661714 13.065925
-1.522569 -1.829479 4.428340
-1.508076 -3.409654 4.432726
-1.047084 -0.513489 5.045997
-1.620265 -2.521809 4.380190
0.554979 -0.276001 13.089992
0.444112 -1.453425 12.785298
-0.088007 -3.129660 7.901227
-0.897491 -2.284149 14.415514
0.478352 0.110405 8.138484
-1.195930 -0.169129 8.572701
-1.437874 -0.609863 4.631870
-1.063782 -0.133788 8.515186
-0.419831 -3.105288 10.325849
-1.360155 -0.357473 10.134553
0.592567 0.272341 20.281181
-1.188618 -0.616661 4.714083
-1.213459 -3.007441 8.481908
0.418989 -3.345414 4.582629
-0.073869 0.344089 9.534000
0.712115 -0.391696 13.071173
-1.148392 -1.527119 13.736746
-0.908954 0.189290 13.033304
-0.879048 -0.129468 8.618038
0.442811 -0.041321 11.345439
-0.689181 -1.090318 13.104058
-0.883421 -0.736064 6.125581
-0.449551 -2.875526 9.948967
-1.035721 -1.504537 12.051875
-1.579578 -0.969565 6.005519
-0.883365 -0.124780 8.617641
-1.563547 -1.407531 4.293959
-0.635417 0.283399 13.011632
-1.435333 -3.161896 5.766099
-0.538463 -2.973660 8.843743
-0.995151 -2.204446 13.240155
0.294128 0.653854 17.003181
0.003738 -0.447316 8.695868
-0.029632 -2.922439 8.469115
0.996834 -3.155186 6.145653
-0.445916 -0.464083 14.967299
-0.898758 -0.721446 5.895140
-0.100466 -1.510445 12.547697
-0.717538 -0.643922 6.319857
-0.669282 -0.464407 13.832076
-0.145977 -0.545471 4.553865
-1.513802 -2.769167 4.355707
0.764982 -2.459834 9.493603
-1.432279 -3.393475 4.641962
-0.683335 0.276275 12.934050
0.782156 0.121437 10.566461
-0.626692 0.276559 13.021566
0.629642 -2.385773 13.422701
-1.620282 -0.673578 4.719738
-1.588686 -0.851987 4.194183
0.157276 0.377466 17.643793
-1.509535 -1.939382 4.451776
0.303955 -1.365070 12.751308
-1.005896 -2.479948 13.208163
-0.652515 0.207513 13.122799
0.129573 -1.441780 11.028203
-0.983837 -0.464298 4.945226
-1.030067 -1.631005 13.287209
0.420734 -3.345916 4.589335
-0.823126 0.209263 13.264558
-0.855621 -1.458951 15.535879
-1.068411 -0.550155 4.927563
-1.060233 -0.549915 5.001117
-1.004515 -2.467929 13.201201
-0.850247 0.190479 13.069556
-1.628246 -1.574631 4.253803
-0.019743 -0.451072 7.355660
-1.511036 -3.421482 4.276705
-0.786948 0.210744 12.911615
-1.577400 -0.683695 4.838870
0.704744 -2.461911 9.165689
-0.442855 -3.500072 7.956908
-1.524305 -3.428391 4.475307
-1.030702 -1.518842 13.267997
-0.990460 -2.366086 13.564660
-1.298099 -0.614532 4.873484
-0.185730 0.118222 6.664080
-0.921835 0.173183 12.885183
-0.670706 -0.182932 6.363770
-1.065945 -2.741797 11.238589
-0.714320 -0.142476 8.676366
-0.545480 -3.317479 7.076739
-0.430739 -3.011258 9.392817
0.640619 -1.820181 13.488209
-1.192638 0.041389 10.260954
-0.933685 -0.233232 11.774115
-0.841312 -0.405682 6.000768
0.198136 -1.499219 12.876237
-1.420187 -3.378283 4.616099
-1.044340 -0.163794 8.770801
0.469877 -0.470525 15.300365
-0.517947 -1.712435 14.270885
-0.418524 -2.902509 9.126395
0.625742 -1.816824 13.452109
-1.100960 -0.250682 9.187647
-0.391894 -0.359230 8.899236
-1.267934 -3.037040 7.742732
-0.524718 -4.356911 12.144482
-1.492612 -3.328927 4.297910
-1.643360 -1.252899 4.779412
-1.037315 -0.546094 4.977876
-0.210778 0.038422 13.601485
-1.238968 -2.968384 8.869832
0.653838 -2.008003 13.621770
-0.767719 -3.340088 4.680379
-1.244741 -2.975580 8.891088
-0.006963 -0.058512 19.784878
0.720072 -0.434459 5.529783
-1.296782 -0.195143 9.233246
1.016925 -0.447122 5.813610
-0.473588 0.035693 13.695953
1.076680 -3.185480 5.915803
-0.268557 -0.025077 10.366702
-0.446310 -3.359223 7.327334
-0.875107 -0.518341 15.445662
-1.499715 -3.046076 5.568436
-1.063668 0.145279 12.928781
-1.529658 -1.405074 4.528954
0.925278 -0.198824 5.876325
-0.965900 -2.509443 13.078446
0.299335 -1.970513 12.324743
0.388631 -0.691500 13.381000
-0.267525 -0.405870 8.943007
-0.675014 0.195518 12.959092
-1.101022 -0.114459 10.227497
0.144661 -0.829089 12.690845
-0.762592 -0.458315 15.000213
-0.888285 -0.420331 9.993504
0.809842 -0.307839 5.805284
-1.508616 -3.055533 5.604086
-1.071076 -1.085144 12.698209
-1.263566 -3.012729 7.942590
0.465443 -2.588036 13.312305
0.920238 -1.474413 11.390578
-1.054494 -2.465365 13.512235
0.789893 0.276401 15.924022
-1.337908 -0.778854 4.324698
0.652706 -1.434214 14.110231
-1.040113 -1.123334 12.868526
-1.318741 -0.516481 5.531889
-1.046493 -0.562771 4.792924
-0.819097 0.173744 14.010236
-1.217096 -2.932904 9.007798
-1.483812 -2.394330 4.590065
-1.001982 -2.487092 13.177724
-0.416935 -2.916575 9.190492
-1.551710 -0.968933 4.525105
0.918101 -1.369834 14.088448
0.337502 0.074211 7.082777
-0.956705 -0.685816 4.988904
0.668745 -1.770824 14.068492
-0.831376 0.122534 8.880920
-0.994917 -0.106514 8.725871
-1.124673 -0.188031 9.037580
-1.518907 -3.443491 4.199889
0.052325 -0.287345 9.302679
-0.054909 -0.084180 7.716584
0.567271 -2.576433 12.727078
-1.024146 -0.160336 8.942952
-0.433741 -2.862289 8.496400
-0.979430 -0.092805 8.718050
-0.416988 -2.912482 9.188759
-1.014552 -0.502338 5.316560
0.049590 -2.917437 9.194696
-0.416335 -2.913610 9.189976
-0.548622 0.451448 13.308509
-0.471481 -3.071690 7.304618
-1.334697 -0.305170 8.365920
0.720282 -0.428524 5.548565
-1.478571 -1.616238 5.800793
0.646183 -2.079402 13.544974
0.600190 -2.305716 13.590490
-1.185219 -2.911202 7.314142
-1.143346 -2.790808 10.649205
-0.119690 -3.212584 6.074338
-0.627196 0.236316 13.487426
-0.897665 -2.421040 8.838011
-1.508629 -2.379296 5.528297
0.078131 -2.967935 8.751889
-0.774736 -2.581857 13.009335
0.785384 -1.531509 10.515919
0.611164 -1.798683 12.936118
-1.137427 -0.150839 9.493152
-0.559665 -0.506223 11.798618
0.609684 -2.188279 12.984213
-0.686544 -1.086190 13.183017
0.273455 0.021179 13.493125
-0.857243 -0.276916 6.269301
0.514450 0.426486 16.746218
-0.580293 -1.828278 17.397293
0.378322 -2.291017 11.202873
0.075390 -0.138118 8.401292
1.456216 -2.469732 11.497354
-0.031228 -2.652546 9.580198
-1.435648 -0.987043 7.628976
-1.057112 -2.449792 14.279072
0.277295 -3.218156 5.899505
-0.603738 0.380359 12.723187
0.048371 -0.251898 9.512483
-0.724656 -0.976774 13.683909
-0.123034 -2.594857 7.944366
-0.146229 -3.693174 6.297395
-0.099116 0.203857 9.289991
-1.364705 -0.465325 5.097454
0.262918 -1.100251 12.386038
-0.268360 -0.404681 8.920826
0.453277 0.519518 13.750423
-0.528095 -0.458375 9.108948
-0.465136 -2.868515 9.997509
-1.101719 0.056317 13.279611
-1.302384 -0.230422 9.033013
-0.203958 -2.420917 14.614885
0.395124 -2.644441 17.639128
0.013673 -2.392075 12.345412
-0.621842 0.234982 12.958113
-1.224399 -2.944295 9.067993
-1.484594 -2.316268 4.665842
-1.522379 -2.275365 4.770135
-0.902853 0.242396 13.319098
-1.044746 -0.048202 13.046581
-0.928418 -0.164921 8.919822
-1.084765 -0.203010 13.176380
0.832527 -1.104760 17.214069
0.843713 0.057539 18.161167
0.609279 -2.193438 12.989595
-0.996159 -0.141241 8.809363
-0.690986 0.086279 11.419599
-0.435128 0.566973 13.448300
-0.118759 -1.464381 13.902690
-0.492396 -0.292331 12.275400
-0.092116 -0.282709 4.962209
0.437254 0.466773 13.667268
-1.239007 -2.948978 9.150496
0.095818 -0.838566 14.948004
0.417961 -2.721484 18.215479
-1.220125 -2.948349 9.120464
0.187465 -0.374455 14.009685
-0.527820 0.455728 15.723128
-0.164217 -0.177806 13.440536
0.586984 -0.215533 12.974197
-0.767597 0.260275 13.536301
0.675897 -2.285560 14.585001
-0.532731 -1.775773 14.509632
-0.439611 -2.391100 9.345788
-1.095773 -0.193300 8.909059
-1.037523 0.106618 13.011174
0.516796 0.225940 13.342846
-1.164134 -0.191104 8.700935
-0.316237 -2.942229 9.033143
0.059208 -2.923485 9.212990
-0.115159 -0.385354 4.816138
0.569473 0.332147 13.511360
0.862822 -3.172853 5.987398
0.180953 -2.299977 15.493906
-1.068433 0.150111 13.738613
-0.523675 -2.946697 9.074081
-0.684233 0.028270 16.730804
-0.418551 -2.916459 9.215901
-1.016248 -2.223872 13.313897
-0.827164 0.094465 8.858894
0.253169 -3.151884 6.262992
0.637777 -2.170306 13.174855
0.669149 -1.474641 13.927779
-0.714049 -2.947887 9.086118
-1.064938 -0.214787 12.969467
-1.421577 -0.617561 8.642144
-0.956877 -2.501773 12.728447
-1.013843 0.456018 13.361688
-0.411186 0.505812 13.357934
-1.169888 -0.550307 4.941552
0.463811 -3.340557 4.777115
-0.648103 0.279988 13.456822
-0.825249 -2.473322 13.401033
-1.063943 -0.150230 8.630648
-0.373036 -1.529855 15.141233
0.631055 -1.978626 13.503650
0.612374 -1.774948 13.065195
-1.544563 -2.277906 4.838204
-1.556887 -3.370926 4.398369
-1.449085 -3.380051 4.397958
-0.673845 0.269406 12.913081
-0.959137 -2.890914 9.586570
-0.093650 -0.031701 9.925941
-1.065922 -1.576943 13.405922
0.731162 -1.550193 13.463186
-0.128268 -2.923157 8.781469
-1.071587 -2.297319 13.545626
-0.270198 -3.368089 4.350648
0.621538 -2.157599 13.120025
-0.947986 -0.490406 5.627652
-0.785726 0.251640 13.431039
-1.224385 -2.925317 9.226427
0.660808 -1.872615 13.719694
0.660053 -1.869822 13.723210
-0.580017 0.230898 13.370002
0.544622 -2.535822 11.885930
0.634371 -0.474033 5.373503
0.508277 0.125090 20.292049
0.130044 -0.130848 10.542608
-0.803295 -0.189891 9.068364
0.354398 0.517435 13.229026
0.617747 -1.780718 13.089448
-1.258385 -2.999752 8.675859
0.065383 -0.315358 9.932936
0.048632 -2.912282 9.222192
-0.498550 -1.693889 17.725485
-1.522208 -1.913229 4.366362
-0.739821 -0.362946 8.248996
-1.044590 -0.116522 13.278016
0.611715 -1.776106 13.062484
-0.766918 -0.390163 13.541119
0.622311 -2.223370 12.961458
-1.071036 -0.538853 4.937201
-0.822136 0.228753 13.418115
-1.409110 -3.057150 11.150918
-1.503159 -1.404838 4.458766
-1.469760 -0.952127 5.872396
0.406756 0.008355 7.504827
-1.472633 -0.496204 5.741945
-0.823520 0.208833 13.262103
-0.014558 -2.362251 9.214326
-1.080843 -1.520769 13.440276
0.004815 -3.320592 4.755305
0.532790 0.408274 13.269711
-1.320491 -0.864648 8.688498
0.074141 -2.958385 8.731873
0.596334 -3.234111 6.108894
-1.041696 -2.399287 13.318767
-0.881015 -0.135558 9.364177
-1.045469 -0.897934 12.478455
0.658417 -1.539630 13.281249
-0.910159 0.199157 13.111819
-1.440822 -3.324524 4.518096
-0.871171 -0.161752 8.806215
-1.371824 -0.296105 10.360331
-1.500322 -3.057465 5.571204
0.567615 -1.711445 12.746621
0.451842 -3.319030 4.736701
-0.931098 -0.161750 8.845707
-1.061760 -2.252101 14.273111
-0.966272 -0.496717 6.063335
-0.727779 -0.340853 8.235841
-0.379839 -0.313995 9.051728
-0.132348 -1.294253 15.065492
1.194451 -0.492484 12.284796
0.874955 -1.374299 13.538980
-0.959665 -0.171738 9.066545
-0.558550 -0.415815 8.815828
0.496801 -2.513251 13.255157
0.161066 -0.907013 13.739583
-1.046870 -0.992745 13.035005
-0.158867 -3.349093 4.541862
0.622526 -1.778364 13.084041
0.999788 -2.970214 6.176662
-0.782305 0.053355 13.761602
0.620865 -2.004418 13.085313
-0.961915 -1.210751 11.205752
-1.001110 -0.379533 11.586096
0.334506 0.065759 7.072340
-1.051919 -1.210972 13.063196
-1.518268 -1.839718 4.343871
-1.497852 -3.246739 5.623196
0.299126 -2.187767 16.665001
-0.304220 -2.925562 9.158656
-0.495075 -1.688504 17.778992
-1.023412 -1.562769 13.272999
-1.450753 -0.518156 4.959021
-1.037567 -0.120668 8.788863
-1.450574 -0.608181 4.606054
-0.943313 -0.635622 6.060032
-1.078040 -0.559160 4.835415
-0.435292 -3.370117 4.334994
-0.630070 -0.282385 8.732157
-1.541010 -2.379165 4.910475
-1.016898 -0.161390 9.020654
-1.580152 -0.716807 4.619737
0.006410 -2.417886 12.409319
0.148538 -0.107760 7.653557
0.002499 -0.234810 10.485950
0.462814 0.233932 8.781075
-1.298495 -3.385365 4.270122
-1.459834 -0.588216 4.634756
-1.442625 -3.183372 5.908320
-1.489155 -1.952481 4.281558
-0.990216 -0.132646 9.463347
-0.191655 -3.390646 5.536541
0.580575 -1.786197 12.851232
-1.311124 -3.407490 4.311874
-1.055584 -1.115951 12.902496
-0.147407 -2.929911 9.172631
-0.979458 -0.155329 8.942034
-1.089698 -0.188857 13.218283
-1.030521 -1.215778 13.017418
-0.403316 -0.027163 12.103293
-1.089401 -2.506740 13.623827
-0.807337 -0.173581 9.119221
-0.273086 -3.355909 7.345254
-1.023286 -0.614856 4.700094
-1.341857 -3.341099 5.040586
-1.215519 -2.927386 9.301428
-1.452291 -3.362939 4.526846
-0.046920 -0.078594 7.733796
-1.339217 -0.486491 5.288248
-0.893391 -0.156969 9.052148
-1.026760 -0.531709 5.019049
-1.239049 -2.961797 9.015125
-0.998788 -0.410353 6.231580
-0.983658 -0.636815 4.938920
0.514581 -2.317794 12.554173
-0.125048 -0.657813 14.824226
-0.428833 -0.357990 8.929093
-0.598475 -3.612534 6.130368
-1.073209 0.161836 12.980719
-1.654291 -1.163175 5.340040
-0.186824 0.078727 6.586084
0.979994 -1.364846 14.264389
0.087341 -1.071265 12.795289
-1.052984 -0.550600 4.808816
-0.689562 -2.770447 10.473765
-0.440805 -0.027414 11.002869
-1.333294 -0.504750 5.474702
-0.334543 -0.273077 12.852503
0.644921 -0.136120 13.112030
1.288120 -1.398289 10.999121
0.301101 -1.608400 13.643199
0.088687 -0.044709 10.242487
-1.011568 -0.186042 9.288398
-1.566260 -0.748647 4.581346
-0.386186 -3.144393 7.931816
-1.523413 -1.971171 4.332089
-1.520677 -1.830762 4.422430
-0.805684 0.101173 13.662865
0.206382 0.397070 12.332235
-1.585134 -1.215824 5.117629
0.384088 -3.228124 5.686786
-0.385335 -3.146340 7.911860
0.108912 -0.020844 10.289682
-0.794904 -0.460897 7.620481
-0.969005 -0.425578 6.265203
-0.465319 -0.007188 6.272950
0.221058 -3.243504 6.054311
0.540577 -2.546035 11.929468
-1.504349 -3.399221 4.564243
-1.521769 -1.972322 4.355559
-0.668262 0.191758 19.992643
0.524413 -2.129298 12.624775
-1.354208 -0.507213 5.068271
-0.446032 -0.019727 11.002380
0.588663 -2.167745 12.869505
-0.567261 -1.016168 14.301051
0.580948 -1.856293 21.387236
-1.515749 -1.022353 5.736459
0.211965 -3.220289 5.990673
-1.310369 -0.564049 5.074755
0.266134 -3.212452 5.845363
0.556467 -2.158752 12.711680
-0.529301 -0.524962 11.538221
-0.469107 0.247829 14.560156
-0.995414 0.080815 11.500391
-0.884822 -0.330023 6.086411
-0.888745 -1.439474 16.199951
-0.150565 -2.452270 11.489663
-0.407161 -0.086412 13.572959
-1.164665 -0.295054 7.128995
0.037314 -0.427832 9.153547
-0.198678 -3.317948 5.356283
-0.792050 -2.151509 18.023081
-1.261922 -3.007250 8.464973
-0.797563 -3.368698 4.770919
-1.078973 0.163232 13.825104
-1.191436 -0.122633 8.888076
-1.225646 -2.948142 9.087431
-1.468955 -3.234544 4.708454
-1.497584 -3.065243 4.758755
-1.254974 -2.998947 8.513940
0.288490 -3.187198 6.468128
-1.248211 -2.970922 8.746100
-0.382800 -2.473754 9.288260
-0.459265 -0.435481 8.545419
0.807912 -2.029579 17.668169
0.251800 -3.292740 4.842471
0.208558 0.399787 12.332220
-0.823148 -0.713974 6.115262
-0.416683 -2.924422 9.226791
-1.523359 -1.370003 4.505247
0.609655 0.236832 21.051867
-0.711086 -2.935976 9.174595
-1.224023 -2.926569 9.298162
-0.199678 -3.315555 5.353174
0.075311 -2.960917 8.744476
-1.559047 -0.731194 4.654739
-0.086130 -2.412402 16.276741
-0.292052 -2.927952 9.198195
-0.255644 -0.414861 8.953888
-0.956071 -0.502513 5.456305
0.050938 -2.911169 9.254722
0.445585 -3.315991 4.723984
-0.169634 -3.343738 4.516535
-0.706141 -2.941162 9.175018
0.187001 0.900853 17.563753
0.550817 0.754812 15.023529
-0.146101 -2.926869 9.209702
-0.869121 0.296959 14.242081
-0.033270 -3.211642 6.063864
-0.913263 0.246878 13.563049
-1.238736 -3.003753 8.575659
0.689208 -1.714205 14.301716
-0.126346 -0.680533 14.574787
-0.214951 -0.539015 11.159405
0.630946 -1.956620 12.983727
-0.254731 -0.423642 8.970604
-1.608387 -1.193777 5.182444
-1.326223 -3.117636 7.233467
-1.025640 -2.425311 13.371287
0.231758 -0.096951 6.376734
-0.597339 0.272241 13.264912
-0.913809 -0.605742 5.943362
0.667556 -1.886298 14.198042
-0.559423 -2.610564 11.905806
0.914517 -1.505776 11.314888
-1.014334 -0.384933 5.935276
-1.309781 -0.475092 6.098300
-1.463147 -0.977546 5.881410
-0.163433 -0.942249 14.154096
-0.787389 -0.009402 10.239610
0.135616 -3.311303 5.382222
-0.761113 0.245718 13.587688
-0.622230 -0.472547 13.883875
-1.043795 -0.885125 12.468973
0.649712 -2.050675 13.631292
-0.672832 -0.122835 16.085354
-0.885316 0.206073 13.616707
-0.719556 -0.261807 8.982153
0.635159 -0.169911 14.309636
0.561668 -1.990192 12.927254
-0.917445 0.256981 13.578513
-1.068439 -2.466799 13.917721
0.675656 -1.632475 13.902990
-0.398087 0.045634 13.643903
0.149986 0.418657 12.577342
-0.169116 -0.195648 13.338717
0.581336 0.155966 10.715666
-0.920531 0.223413 13.557146
0.342344 -0.493912 13.371471
-0.213742 -0.104384 13.654529
0.143051 0.184877 14.435828
-0.908884 0.222066 15.489708
-0.813705 -0.216011 8.831608
0.704954 -1.488762 13.862854
0.311036 0.447186 13.710824
-0.382486 -0.100822 13.735700
-0.917232 -0.191696 8.876649
-0.453603 -0.436493 8.545652
-1.129910 0.032285 13.591936
-1.605981 -2.280765 4.959104
0.740827 -1.423849 14.517117
-0.630353 0.269987 13.611941
-0.852173 0.060737 10.159047
0.830583 -0.153169 13.724583
0.056197 -0.368935 9.284163
-0.021768 -2.397205 9.321260
0.031287 -0.407478 8.880907
-1.225146 -0.186023 8.831410
-1.595882 -2.276970 4.931662
0.877437 0.672512 18.063450
0.068216 -1.565007 13.234910
-0.875815 -0.431725 15.452439
-0.511025 -2.488663 12.639032
0.650325 -1.755942 13.702434
-0.809879 -1.258961 17.278749
0.020402 0.445888 13.723169
0.089232 -2.970263 8.585962
-1.601320 -1.757503 4.736887
0.333520 0.461396 13.721352
-0.046815 -2.515240 9.445848
-0.378583 -2.524507 9.402114
-1.444682 -3.179340 5.776205
0.330558 0.205323 7.923437
0.004098 -2.518179 9.977233
-1.029349 -0.170630 8.919362
-1.540557 -2.375023 4.894515
-0.899983 0.202178 15.422748
-1.405994 -3.249398 6.025908
0.303403 0.422026 13.672448
-0.941052 -1.495878 13.035733
0.468313 -1.214717 17.453123
-0.411797 0.259210 15.130318
-0.158954 -0.519195 11.225828
0.591041 -1.874331 12.843909
-0.475790 -0.001524 13.681491
-0.053943 -2.379873 9.192941
0.476921 -0.022396 11.481503
-1.497918 -1.943778 4.527911
-0.382985 -0.099886 13.735611
-0.451553 -0.097547 13.688886
-0.612303 -0.376706 8.732844
-0.449301 -0.239309 11.136749
-0.265489 -0.088539 10.234112
0.351559 -0.084104 15.448946
-0.742910 0.009100 13.611685
-1.021766 -1.461771 14.069171
-1.233012 -0.506075 4.885031
0.567470 -0.247429 12.828395
-1.083258 -0.511938 4.997207
-1.145980 -0.220393 9.244634
-0.492040 -0.326246 13.494320
-1.498267 -2.399276 4.723335
-1.544173 -3.090334 5.191016
0.308284 -1.023982 13.290674
-0.561992 -0.096431 14.589467
-0.429301 -0.134241 11.583690
-1.095833 -0.474414 5.061694
-1.098295 -3.170248 6.672951
0.958050 -1.357426 14.053097
0.601433 -1.928055 12.923954
-0.141844 -3.196381 6.714249
0.699360 -1.901437 14.311676
-1.270154 -0.051592 10.191635
1.325362 -1.058520 11.300762
-0.574116 -0.249119 10.421219
-1.072041 -0.521445 5.055364
0.649470 -1.711134 13.656063
0.259188 -3.209091 5.818424
0.641858 -2.076295 13.536982
0.609713 -1.798531 12.934085
0.156905 -0.076922 10.599785
-1.476366 -3.364809 4.716850
-0.977452 0.206698 13.263841
0.649541 -2.051188 13.632901
0.075893 -2.523348 9.571495
0.632991 -1.943954 13.068168
-1.551764 -0.924066 4.580186
-1.179986 -2.857782 9.308355
-1.048546 -0.503071 5.061736
0.560794 -0.266844 13.457080
-0.421923 -0.411522 13.558334
-1.145776 -2.808954 9.164515
-1.545374 -2.345958 4.868834
-0.195359 -3.377453 5.515450
0.659170 -2.174895 13.586408
-0.329117 -3.116025 9.426320
-0.988382 0.216162 12.846863
-1.508588 -1.519249 5.809056
0.653989 -2.503758 13.675297
0.478004 -1.518005 12.649427
-1.579874 -0.933954 4.665081
-0.271755 -0.575400 13.659041
-0.978104 -2.183070 13.318676
0.612708 -2.067828 12.966911
0.052292 -2.919693 9.253643
0.687707 -1.895494 14.280591
0.413119 -3.334540 4.563710
0.311229 0.069837 13.702936
0.254634 -3.257810 5.218476
0.050917 -0.385867 9.242343
-1.463573 -3.252921 4.694083
-0.969907 -0.179931 8.908648
-1.062495 -0.156585 9.110969
-0.720907 -0.494672 7.767704
-1.065694 0.160036 13.087179
-0.536577 0.188973 13.742225
-0.973243 0.053056 12.299787
0.565002 -1.709515 12.736219
-0.939792 -0.418941 6.165764
-0.824355 -0.201860 8.816411
-1.079051 -0.179530 8.840815
-1.531844 -1.921810 5.520348
0.048624 -3.283630 5.134782
-0.406234 -3.297986 5.231753
0.381014 -3.225695 5.672188
0.375284 0.238954 14.012411
-1.480724 -3.368759 4.573762
-0.192223 -0.038385 7.888518
0.532787 0.403902 13.262209
0.556056 -2.159019 12.707446
-0.591781 -1.101004 13.445108
0.604377 -1.932262 12.937547
0.655223 -2.585301 17.197927
-0.144640 -0.060909 13.775437
0.098135 -3.261819 5.229527
0.485122 0.182647 7.951284
-0.329067 0.039562 13.614163
-1.557721 -0.639716 5.354739
0.636935 0.293626 11.011728
-1.308981 -0.533004 5.492198
-0.427574 -2.844022 9.479143
0.136166 -3.268120 5.303782
-0.446893 -0.708466 11.420800
-0.796001 -0.198786 9.271980
-1.210849 -2.926386 7.943224
-1.047093 -0.027865 14.185152
-1.489234 -0.998104 5.985775
-0.130095 -3.208407 6.805053
0.885488 -0.147898 13.988479
-1.497468 -0.753235 5.738218
-0.006867 -2.845641 9.571562
1.406101 -2.524053 11.726419
-0.926489 -0.659829 5.991032
1.396928 -1.749353 11.511402
-1.030125 -1.482137 12.353932
-0.879603 -0.657483 6.356123
0.865453 -1.766035 18.194088
-1.271149 -2.934802 8.024838
-1.024693 -0.422484 14.406317
-1.095724 -0.459204 5.169546
-0.086484 0.759341 19.645563
0.056979 -2.915944 9.192965
-1.058336 -1.964949 14.209580
-0.955559 -0.164965 9.364913
-0.724939 -0.263133 8.983675
-1.108396 -0.142003 9.423605
-0.488138 -0.733241 19.424120
-0.758017 0.363845 14.787099
-0.756449 -0.098663 10.320678
-0.306799 -2.423949 14.289770
-0.156871 -2.910760 9.253352
-0.151659 -2.912205 9.253641
-0.231984 -3.296893 5.095654
0.732495 -2.331146 15.497808
0.597864 -3.190724 5.927606
-1.196230 -3.318440 4.824593
-1.522226 -3.081663 4.814416
-0.293617 -2.912191 9.266655
-1.020237 -0.051008 14.046311
0.955076 -1.461440 11.561327
-1.493010 -2.397270 4.611973
-0.883963 -0.174785 9.309856
0.672520 -1.690817 14.078317
-1.569103 -0.910979 4.609890
-0.389681 0.644205 19.778074
-1.365510 -0.553573 4.908712
-0.557994 0.569196 18.557865
-0.791953 -2.127431 15.368435
0.709511 -1.555407 13.369461
-0.390239 0.263700 13.727149
-1.015925 -0.445053 5.228470
-0.814047 -0.651682 16.906082
0.322727 0.092314 13.731392
-0.292686 -2.913929 9.266756
-1.061055 -1.453381 14.091003
0.735794 -2.463015 14.812317
0.076082 0.495438 13.795403
-1.384885 -3.015655 8.229662
-0.428784 -2.871813 9.568159
-0.297412 -2.907889 9.266335
-1.532108 -1.889083 4.495009
-0.789984 -1.262676 17.058550
0.735042 -2.416326 14.127100
-0.427872 -2.856158 9.530506
-1.493990 -2.270892 4.596805
-1.275866 -0.325259 6.929105
0.667714 -1.359894 14.483414
-1.000366 -0.165583 9.374604
0.655518 -0.143586 14.389746
-0.418339 -2.917413 9.214126
0.362336 -3.201066 6.059690
-0.348428 -3.325156 4.902996
-0.273944 -0.124249 10.204898
-1.390275 -3.230912 5.971471
-0.698067 0.356612 14.793434
-0.744044 0.091172 17.174812
0.702280 -0.248259 9.204747
-1.036014 -0.906138 12.474133
-1.177379 -0.519367 6.055509
-1.107129 -0.430086 5.177630
0.379415 -3.224196 5.665555
-0.992561 -0.470231 14.268378
-1.241834 -2.959908 8.897813
-0.380105 -3.092772 7.652189
-0.633396 0.094670 19.987799
-1.548420 -1.045444 5.716716
-1.107593 -0.084343 9.953820
-1.038280 -0.305319 14.456854
-1.102906 -0.448827 5.170916
-0.442210 0.566860 19.488325
-0.749698 -0.653494 6.029833
0.650919 -1.806284 13.548930
0.188058 0.368599 14.818903
-0.819575 -2.153871 16.514145
-1.504949 -1.087145 5.557960
-0.985183 0.235315 14.130540
1.404685 -0.263539 10.889791
-0.979118 -0.160378 13.584469
0.396310 -3.241846 5.733022
-1.378388 -0.755996 7.118127
-0.761787 -0.532512 7.444607
-0.140579 -0.026724 13.831236
-0.718354 -0.668734 5.997485
0.853127 -1.999417 16.198357
-0.495787 0.069002 14.034007
0.009325 -0.958732 11.738737
-0.997130 -0.406866 14.291191
-0.791365 -0.183724 9.402462
-0.136414 0.612445 16.581745
-0.482480 -2.407873 14.550898
-1.115594 -0.062952 10.365513
-0.952414 -0.132132 9.104068
-1.504031 -3.398729 4.788638
-0.999193 -0.451723 5.791729
-0.403836 -2.372157 9.274964
-1.031430 0.076998 14.077367
-0.594364 -1.160169 12.932202
-0.399931 -2.370602 9.197550
0.323194 0.086660 13.792789
-1.519748 -1.410563 4.493651
-1.078810 0.164929 13.838394
-1.535733 -2.282517 4.778146
-0.998908 0.196894 13.824236
-1.055657 0.125850 13.772284
0.666703 -0.404021 5.479651
-0.828314 -0.119159 9.064954
-1.562784 -0.689724 4.916798
-1.345170 -3.142396 6.710301
-1.499815 -3.393156 4.781044
0.649041 -1.537113 13.262516
0.425984 0.055501 7.650797
-0.403632 0.030257 13.601309
1.055353 -0.213002 13.854845
-1.339561 -0.840723 6.887168
0.890293 -0.186821 13.875859
-0.560260 0.307554 13.917415
-0.727065 -1.073016 13.604067
-0.740057 -0.125388 9.228271
-1.054285 -0.525811 5.207039
-0.212539 -3.289463 5.330516
-1.030229 -1.514120 12.164611
-0.978621 -0.131865 9.059649
0.739006 -1.653759 14.008052
0.133613 -0.135833 7.489459
-1.517085 -0.981570 4.502028
-1.518447 -2.373062 4.838823
-0.939575 -0.198707 5.884539
-1.226118 -2.955919 9.080765
-1.015084 -0.435187 5.249115
-0.594197 -0.122205 9.174996
-1.014590 -0.406966 5.804885
0.861933 -0.190682 13.885718
-0.068189 -1.030767 13.051536
-1.475832 -0.769423 6.592076
-1.279768 -0.295872 7.278423
-0.144293 0.061825 13.782625
-1.548632 -2.357184 4.883022
-1.054247 -0.328109 5.783162
-1.190388 -0.096591 9.366986
-0.331272 0.040507 13.616315
-0.580589 -0.180776 9.213172
-0.911500 -0.259833 5.892858
0.350862 -3.199867 5.948317
0.187668 -3.222289 6.044035
-1.217195 -0.394450 7.198706
0.337921 0.506464 13.794706
-0.925124 -0.124951 9.068013
-1.440990 -0.972473 7.679773
-0.001726 0.068020 8.114039
-0.751502 -2.093739 13.401428
-1.352109 -0.410203 6.007256
0.654805 -1.860439 13.710098
-1.342040 -3.337053 5.042140
-1.188065 -0.429007 7.551855
0.270590 -3.217684 5.858624
0.980037 -3.156305 6.099103
-1.072279 -1.452979 14.139638
-0.779989 -0.156880 9.529244
0.638037 -0.133153 14.108967
0.452447 -2.605682 10.839375
-1.332364 -3.171917 6.724396
-1.295534 -3.146721 6.627337
-0.828983 -0.135269 9.588861
0.563919 -0.245186 13.069490
0.081698 -2.972832 8.777146
-1.499203 -0.637484 5.464222
-0.505901 -0.416986 11.604221
-0.197367 -0.530291 11.346578
-0.803829 -0.670838 5.946011
0.020100 -2.930746 8.366639
-1.371549 -3.182446 6.631305
0.726538 -1.427167 14.450212
-0.184221 -0.178799 13.289660
0.085907 -0.854162 11.484242
0.058905 -2.919876 9.207830
0.642238 0.293037 11.006577
-0.440195 -0.238813 14.750973
-1.518850 -3.281675 5.628645
-1.200841 -3.191668 6.683091
1.011109 -3.092273 6.215935
-1.524891 -3.286254 5.648720
-0.936948 -0.660063 6.178607
-1.472332 -0.541728 5.757200
-1.351227 -3.140295 7.016272
-1.232276 -0.290810 6.858266
-1.024316 -0.302246 14.377224
-1.244428 0.402567 12.926891
-0.692010 -0.103133 16.734800
-0.374374 -1.664642 14.278025
0.266508 -3.166306 6.346262
-0.426379 -3.430116 9.725875
-0.981543 -0.143441 9.451831
-1.465289 -2.894914 5.919844
0.587560 -3.222843 5.547475
-0.223015 -0.451473 8.801443
-1.027739 -0.076732 16.432907
-1.012395 -1.563242 13.219781
-1.514651 -3.260506 5.332500
0.136112 -3.282539 5.034684
-0.391565 0.434819 16.420990
0.472037 -0.377111 20.924816
-1.001807 -2.724888 10.166842
-0.200303 0.035563 13.637429
-1.227057 -0.432853 5.546306
0.692004 -1.586120 14.429480
-0.281037 -2.576225 12.455570
0.377188 -3.221205 5.661565
0.619717 -0.217534 14.238976
-0.246693 -0.146514 14.789105
-1.186132 -0.465821 5.733312
-0.517974 0.352918 14.882853
-0.996723 -0.284964 10.284833
-0.513015 0.384187 14.623223
-0.857698 -2.370797 15.298550
-1.002979 -0.471100 5.670887
-0.609413 -2.361040 15.354964
-0.590760 -3.279672 5.710013
-0.529333 -3.159455 7.118728
-0.806865 -1.268990 17.169731
0.063404 -3.261726 11.296975
-1.554254 -0.679669 5.079123
0.570990 -2.241421 13.713105
-0.725985 -3.317027 5.109402
-0.826758 0.174075 16.382139
-0.831121 -0.787795 17.031559
-0.408029 -0.276945 10.316938
-0.511602 0.432133 15.382050
-0.388458 -0.449913 20.739553
-1.122819 -2.777364 11.237174
-1.515631 -0.596313 5.424352
-0.445104 0.417694 15.424179
0.197926 -3.204532 5.947406
0.698162 -0.709016 16.459431
-0.263575 -2.603683 12.718531
0.607675 -3.208673 5.983768
0.492984 0.323364 16.393465
-0.684532 0.309470 20.049303
-0.791999 -0.262002 8.896423
-0.765719 -3.291856 5.363711
-0.379590 -2.471369 9.230811
-1.313690 -0.407483 5.911224
-0.682651 -0.024201 17.239208
-1.040228 -0.427630 5.869337
-0.782129 0.391230 14.738545
-1.022396 -0.389445 5.893302
0.385478 -3.229728 5.690949
-0.367340 -2.878199 9.457002
-1.501398 -3.253041 5.571572
-1.095633 -2.735304 11.084776
0.064844 -0.250748 9.368660
0.592476 -2.293429 15.462791
-1.068913 -0.151694 12.976120
-1.061809 -1.321730 12.632606
-0.398592 -2.497484 9.311485
-0.396464 -2.390198 9.281637
0.549455 -1.945907 12.730770
-0.410568 -2.363590 9.242973
0.091270 -0.270785 10.171554
-0.842804 0.721067 16.023018
-1.036407 -0.437243 5.851010
0.426333 -3.211508 5.852457
0.615100 -0.199393 13.852383
0.687254 -1.830993 14.287272
-0.014986 -2.776409 9.432926
-0.222317 -3.257019 5.682833
-0.132220 0.516918 7.392968
0.473901 -0.401792 12.317863
-0.461701 -2.880355 9.589820
-0.636565 -3.706466 7.204435
-0.667035 0.407215 14.651115
-0.934785 -0.205217 5.992697
-0.863110 0.373619 14.679300
-0.967456 -0.403708 5.903945
-1.443805 -3.189172 5.929340
0.608576 0.784657 15.121357
-0.932916 -0.203671 5.994600
-1.329623 -3.180434 6.724736
-1.374550 -0.771863 7.136405
0.366151 -0.077592 7.386317
-0.393220 -2.918538 8.982405
0.499893 -1.958402 14.542193
0.296011 -0.014621 6.908526
0.479771 0.271347 8.860221
-1.141481 -0.372232 7.196167
-0.626019 -0.686705 6.172683
-1.178877 -0.201140 16.756971
0.257396 -1.840971 11.672877
-0.877845 0.523362 17.204273
-0.883190 -0.574686 6.025473
-0.528279 -0.914727 21.645094
-0.175550 0.481472 15.540856
-0.839371 -0.121135 16.782217
-1.370047 -3.189488 6.629586
-0.590172 -0.633467 18.587263
0.390288 0.130649 8.399292
-0.206959 0.647457 19.235462
-0.391746 0.459225 16.477226
-0.831962 0.405606 16.886824
-0.769126 -2.129734 17.869919
-0.953642 0.329880 16.420424
-0.821526 0.348490 14.776057
0.675273 -1.767429 14.087373
-1.520291 -1.460634 5.675048
0.706687 0.441977 15.381965
-1.506170 -3.025983 5.594172
0.886291 0.202851 18.401266
-0.563147 -3.217204 5.791829
-0.592565 0.352895 14.667173
-0.593296 -0.523515 13.128685
0.740956 0.485270 15.553815
-1.375732 -3.149128 8.498955
-1.290191 -0.338158 7.301018
-0.191528 0.069323 6.600424
0.469264 -2.601742 10.796207
-1.394476 -3.139609 5.969082
0.320136 -3.191940 6.103689
-0.702681 -0.727681 6.096092
-0.661939 -0.699622 6.047357
0.571577 -2.243887 17.068539
-0.147379 0.628587 19.168055
-1.226606 -0.521840 6.659871
-0.731387 -3.269307 5.431893
-0.623453 -0.699171 6.139669
-1.436346 -3.274635 6.441844
-0.572230 -3.245538 5.936427
0.852195 -1.685323 14.355278
-0.438638 -3.034818 7.925554
-0.564261 -3.246002 5.960614
-0.448089 0.000026 12.215631
-0.825273 -0.720124 6.103138
-1.120204 -0.324867 6.148908
-1.394373 -3.235529 6.158340
-0.726186 -0.260884 9.655892
-1.053790 -1.323855 12.699298
-0.894195 -1.126270 10.858255
-0.507331 -0.063192 13.273262
-0.118788 -2.859074 9.710458
-0.014790 -2.388113 9.260275
-1.059080 -0.148131 10.173473
0.504511 -1.598109 15.410943
0.297829 -0.289461 16.033705
-0.151062 -0.491201 15.686827
-0.817758 -0.022389 10.116792
-0.900683 -0.004545 9.918295
-0.819155 0.005428 9.965390
0.413572 0.357557 14.642866
-0.313346 -2.572521 9.368245
0.038095 -2.388606 9.318920
-1.057504 -2.656718 11.653021
-0.987599 -2.346841 13.398666
-0.646247 -0.150378 10.189694
-0.816940 -0.031470 10.108934
-0.469807 0.511973 12.254307
0.010710 -2.397044 9.288746
-0.442525 -2.887585 9.605248
0.501840 0.109649 13.038774
0.620070 -2.063411 13.154762
-0.377325 -2.510551 9.291236
-0.550383 -0.115395 10.728567
-1.051628 -0.187336 12.841328
0.242053 -2.309487 15.792830
-0.313345 -2.543470 9.282625
-0.521280 -1.690884 15.479015
-0.726300 -0.955252 14.737788
-0.950928 -2.914208 9.594201
0.462818 -1.444608 12.268329
0.407090 -0.533804 14.922724
0.502461 -1.208075 14.976265
0.250519 -0.283955 15.448151
0.162250 0.408945 17.769627
-1.130055 -0.017329 10.122249
-0.891108 0.128095 10.042524
-1.097695 0.078432 9.987904
-0.384302 -2.526705 9.326792
0.003638 -2.487992 9.289035
0.884882 -1.783237 18.244698
-1.214092 -2.932460 9.300653
-0.636336 0.106419 16.775454
0.279473 -0.366704 16.037453
-0.784861 -0.044107 10.113096
-0.856159 0.062866 10.111272
-0.373236 -0.551973 15.675401
-0.505081 -0.228213 17.348576
-1.113538 0.064427 9.997132
0.122752 -0.195149 10.284139
-0.395356 -2.391731 9.261050
0.553375 -1.975703 14.397826
-0.859212 0.066435 10.110670
0.302976 -1.691363 16.506327
0.117626 -0.199131 10.283264
0.130984 -0.185018 10.356956
0.184904 0.627829 13.021049
-0.780183 -0.057138 10.217964
-0.731314 -2.091583 17.281193
-0.782964 -0.049707 10.212181
-0.225733 -1.281623 16.771011
-0.787386 -0.042057 10.119094
-0.692821 -0.111609 10.265270
0.699699 0.508578 12.808643
-0.397735 -2.403788 9.289951
-0.114694 -2.117056 9.155099
-1.165462 -2.865144 9.981655
0.713029 -1.364740 14.604387
-0.238502 -0.021482 15.430143
-0.986488 -1.521213 13.059486
-1.135266 -0.059540 10.256278
0.213214 0.822310 13.503281
-0.738049 0.314320 12.018323
-1.186329 -2.900311 9.626086
0.230252 -0.258874 14.714096
-0.569484 -0.870581 15.601120
-0.986181 -1.428031 13.239282
-0.844015 0.021599 10.041745
-0.256445 0.126902 13.494942
-0.975775 -1.473658 13.444418
-1.036630 -2.923501 9.419317
0.558176 -2.562996 11.987535
-1.202533 -2.910927 9.518052
-1.019502 -0.057711 10.132982
-1.273929 -0.489234 9.860723
-0.665723 -0.102982 10.261405
-0.792192 0.020511 10.315001
-0.678578 -0.003556 16.623011
-1.136276 -0.040555 10.380133
-1.015838 -0.063344 10.287060
-1.189394 0.005421 10.088476
-0.706365 -2.801731 10.585255
-0.441988 -2.878687 9.607354
0.004283 -2.395928 9.263366
0.018515 -2.404655 9.299377
0.512507 -2.499500 12.414842
-1.087545 -0.031462 10.178325
-0.970337 -0.080679 10.304149
0.549183 0.082342 14.882772
-0.196544 -2.454007 14.145320
0.515275 -2.504252 12.408426
-1.163925 -2.863451 9.978871
-0.952781 -2.903823 9.615146
-1.003065 -0.090308 10.230610
-0.845398 0.081028 10.269282
-0.480406 0.131166 14.702147
0.304304 -0.309480 16.463398
-0.500236 -2.281510 13.778525
-0.421858 -2.383304 9.251574
-0.965172 -0.087289 10.278155
-0.763368 -0.074595 10.310239
-0.953530 -0.083375 10.303672
-0.829216 0.124938 10.248259
-0.589849 -0.037267 10.336099
-0.383025 -0.307134 16.651438
-1.210280 -2.919693 9.397322
-0.863379 0.257733 14.286732
-1.011371 0.169810 12.650112
-0.289488 -0.215794 15.989128
-0.690739 -0.131671 10.219474
-0.880493 -0.065662 10.207164
-0.126566 0.230568 14.338234
0.037826 -2.128315 9.327612
-0.952234 -2.308102 13.072326
-0.416638 0.649059 13.695691
-0.438891 -2.858650 9.544056
0.037737 -2.127127 9.327565
-0.753121 -0.113564 10.253853
-1.223820 -2.802812 9.925840
0.066008 -2.352118 13.300859
-0.552144 -0.084936 10.784800
-1.187396 -2.867108 10.026568
0.444309 -0.513215 15.031919
-0.827962 0.092250 10.145097
-0.771751 0.110280 11.271839
-0.612777 0.202696 10.841589
-1.058199 -2.720633 11.589182
-0.385163 -0.147964 13.000972
-1.097378 -0.064806 10.191891
0.999890 -1.501393 19.968439
-0.292725 -2.773068 9.773078
-0.767237 -0.052308 10.372822
-0.908751 -0.080809 10.323898
-0.816120 -0.068852 10.353082
-0.796430 -0.008034 10.294690
-1.051724 -0.096680 10.328992
-1.021289 -0.046610 10.292904
-1.028004 -0.228937 10.326517
0.118598 -0.175616 10.278778
-0.323702 -2.550250 9.305909
-1.184998 -2.878698 9.768021
-0.770828 -0.039700 10.377365
-0.806024 0.032375 10.354411
-1.003615 0.057179 11.424173
-1.019004 -0.045599 10.293358
-0.903063 0.083537 10.299819
-1.103156 -0.002016 10.217128
0.120976 -0.173909 10.273778
0.047711 -2.385400 9.305957
0.492226 -1.468953 12.060609
0.239709 -0.550548 17.113194
-1.101614 -0.007515 10.226374
0.118474 -0.190365 10.276931
-0.011938 -2.384885 9.246576
0.012707 -2.387972 9.258049
-1.106420 -0.958759 13.365696
-1.026670 -0.229769 10.325144
0.536951 -1.559220 12.668572
-0.850730 0.188348 10.331436
0.119344 -0.173167 10.273442
-0.427519 0.654500 13.689818
-0.976847 0.056292 11.169461
-0.086569 0.327048 15.401593
-0.754431 0.027259 11.078035
-1.047822 -1.508590 13.773414
-0.149242 -2.611376 15.452307
0.089919 -0.252869 10.211552
-0.749155 -0.136688 10.200701
-1.014043 -0.050423 10.296355
0.396829 -0.952066 16.567408
-0.666297 -1.984474 15.283925
-0.320851 -2.644558 11.861120
-0.006135 -2.115171 9.247107
-0.330901 -2.636611 11.804055
0.029864 -2.778026 9.805614
-0.148033 -1.254269 16.073011
0.022816 -0.599957 17.249847
0.857930 0.074078 18.177141
-0.591435 -0.054034 10.280195
-1.000590 -2.564426 12.155003
0.730556 -2.000677 15.608416
0.452474 -2.472145 11.483637
0.588272 -1.663547 12.998996
-1.205276 -2.909431 9.370544
-0.388524 -2.402172 9.285220
-0.979819 -2.537433 12.495173
-1.139447 -2.786381 10.598229
-1.192150 -2.873820 10.209804
0.189880 -1.146444 17.557661
-1.151084 0.060242 10.193638
-0.585567 -0.078491 10.299814
0.112714 -0.015055 10.264193
-0.008008 -2.387712 9.250423
-0.079853 -2.521604 9.258312
0.168117 -1.104610 17.385605
-1.036981 -1.495054 12.370857
-0.974181 0.006633 13.955698
-0.080023 -2.520502 9.254894
-1.002147 0.122769 11.310221
-0.904478 0.010640 10.325034
-0.483105 -2.859644 9.904096
0.034488 -2.113399 9.281773
-0.749010 -0.479538 14.826476
-1.182808 -2.885867 9.832867
-0.481728 -2.854400 9.903914
-1.010235 -0.058983 10.289018
0.497063 -0.558023 12.482000
-0.498377 -2.274294 13.750911
0.481312 -0.477257 15.346942
-0.963924 -0.121420 10.220003
-0.901475 -0.090276 10.011699
0.496230 0.184359 13.199581
-1.187476 -2.899176 9.618868
-0.841206 -0.152849 10.186859
-0.676114 0.109639 11.828023
-0.201966 0.049925 13.716887
0.029777 -2.659061 12.049706
-0.618486 -2.670551 12.007923
-0.636998 -2.787541 10.443679
-1.164117 -2.865306 9.996931
0.022339 -2.656311 12.013330
-0.978860 -2.589516 11.766332
0.486641 -0.377940 12.369307
-0.345922 -0.757021 16.668943
-0.710755 -0.148603 10.179824
-0.282406 -2.629314 9.443299
-1.193818 -2.880533 9.811493
0.709042 -2.330788 14.615727
-0.353040 0.255804 17.839714
-0.818426 -0.564397 14.459350
0.007128 -1.638489 16.413115
-1.028537 0.229258 12.494743
-0.821907 0.048306 14.959162
-0.600585 0.189137 12.601100
-0.748922 0.483741 16.458788
-0.985820 -0.109665 10.240138
-0.657429 0.180776 12.583953
-0.798131 -0.000453 10.184539
-0.589688 -0.793312 15.956755
-0.566794 -0.518619 15.430145
-0.153256 0.171689 19.306164
-1.088643 -0.818151 12.004194
-0.551793 -0.118274 10.712325
-1.034674 -0.131727 10.281560
-1.014150 -2.205884 13.790206
-0.749505 0.499421 16.512543
-1.114608 -0.072484 10.172202
-0.289849 -0.400044 20.706387
-0.846970 -2.770093 10.840311
0.104630 -0.036178 10.219391
0.679635 -0.127749 14.428965
0.134575 0.453374 12.549919
-0.251384 -2.599478 13.198997
-0.589034 0.204832 11.886112
-1.007339 -0.050098 10.170752
-0.114404 -2.111681 9.132767
0.530301 -1.432169 12.617218
-0.356579 -2.673546 11.970608
-0.263518 -2.534312 12.862816
-0.357089 -2.660003 11.903229
-0.681902 -0.043879 10.207904
-1.002720 -0.260846 10.341525
-1.188243 -2.908524 9.633820
-1.026843 -2.612217 11.937342
-0.262813 -0.229658 15.889321
-0.789988 0.246663 14.498942
0.010600 -2.653845 11.996572
-0.326522 -2.655598 11.960032
-0.251718 -2.806993 9.802262
0.733614 -2.303091 14.668239
-0.684046 -0.247254 10.408341
-0.674732 -2.002082 18.324688
-1.016873 0.177205 12.654202
-0.383986 0.202973 17.168928
-0.942888 0.345534 13.851544
-0.347311 -0.811864 16.162466
0.595483 0.071699 14.766908
0.539631 -1.231569 14.981819
-0.655677 -0.135196 10.617009
-0.693419 -0.118489 10.241777
-0.951867 -2.478372 12.775163
-0.972364 0.150399 13.784557
-0.758005 -0.135486 10.153839
-0.796500 -1.263703 17.121735
-1.193827 -2.873498 10.789604
0.525246 -1.432029 12.600456
-1.195629 -2.876651 9.973443
-0.621572 -0.107417 10.194944
-0.615147 -2.668691 11.992391
-0.761532 -0.218243 10.481658
-1.118714 -2.754317 11.159316
-0.834273 -2.162275 14.881120
-0.398495 -2.388204 10.226616
0.712641 -1.655595 14.328534
-1.112093 -0.042938 10.126721
-1.031366 -0.042021 10.151371
-0.805100 -0.723366 16.693970
0.162109 -0.309089 20.016357
-1.158253 -2.833331 10.263194
-0.968815 -0.016614 13.869135
-0.580624 -0.128588 10.203082
-0.686178 -2.578736 13.203377
0.028630 -2.653924 12.066639
-1.093549 -0.075374 10.307713
0.531764 -0.037613 14.318614
0.276027 0.891652 13.650137
-0.567602 0.224111 11.507246
-0.225489 -1.936472 16.562639
-0.900236 0.039633 10.131650
-0.588160 -0.144774 16.682293
0.533195 0.594717 15.598344
-0.715567 -0.028754 10.334552
-0.386668 -2.577759 9.421689
-1.127934 -1.290867 12.868083
-0.057191 -2.108113 9.166964
-0.700786 -0.008502 16.691105
-0.593107 -0.278639 15.938878
0.013077 -2.790978 9.780805
-0.285460 -2.254416 9.609958
-0.535655 -2.522557 13.196660
0.038501 -1.009517 19.041958
-1.197447 -2.916483 9.663291
-0.613073 -0.188865 16.748938
-0.522160 -1.671474 17.024382
-0.177541 -2.320166 9.800344
-0.686851 -2.868911 9.987742
0.597622 -1.439063 13.659140
-0.457371 0.240048 11.525878
0.170435 0.420354 18.124292
-1.095635 -2.753828 11.073919
-0.928034 -0.043218 10.336858
-0.987411 0.074405 11.532887
-0.438452 -0.232359 10.459169
-0.536353 -2.508185 13.221867
-0.757349 0.063282 11.242181
-0.451336 -0.005924 10.947413
-0.791558 -0.067479 10.800711
-0.012544 -2.437187 9.206375
-0.964127 0.118691 13.629479
-0.226439 -2.384320 13.650775
-1.170493 -2.842895 10.455946
-1.071659 -0.032058 9.969119
-0.754515 -0.018121 10.022073
-0.030839 -0.408980 16.981556
0.117427 -0.233405 10.177932
0.105619 -2.364899 13.536987
0.744527 -1.592860 14.496232
-0.813680 -0.008126 9.976177
-0.013572 -2.440183 9.206333
-1.087733 -0.013808 9.907260
0.116322 -0.230017 10.176579
0.083996 -0.090654 10.119154
-1.132030 -0.073771 10.288304
-0.011806 -2.441339 9.206737
0.118253 -0.230629 10.190886
-0.628391 -1.204882 16.378414
-1.101233 -2.731158 10.386117
-0.682322 -0.075645 10.134756
0.629963 -1.644311 13.263547
-0.784666 -0.040932 10.043713
-0.663002 -2.850503 10.471326
-0.893262 0.131119 13.269826
-1.106246 -1.520508 12.831134
0.511023 -0.556653 12.538728
0.125185 -0.235722 10.233048
-0.440421 -2.439801 9.220571
0.467378 -0.437274 15.789503
-0.619076 0.036293 16.545992
-0.899981 0.258719 13.830641
-0.393378 -0.059173 16.024761
-1.047011 -0.214201 10.336524
-0.425290 -2.259955 9.493876
-0.018696 -1.310557 17.423450
0.131268 -2.405698 13.916883
-0.168876 -2.427855 13.995182
-0.415204 0.091797 12.479286
-0.892893 0.223919 10.222813
-1.234749 0.155285 10.255464
-1.107932 -0.113517 10.215198
-0.725986 -2.832974 10.523789
-0.858408 0.156999 10.230689
0.818264 -0.721133 17.124868
-1.195985 0.245603 10.283044
-0.862144 0.168756 10.253760
-0.092626 -2.168225 9.123142
-1.153655 -2.809019 10.547712
0.353920 -2.642764 10.792328
0.347136 -2.643941 10.791287
-0.831174 -0.009707 10.055603
-1.173837 -2.835555 10.342991
0.461015 -1.304180 18.580479
-0.882143 -2.371718 12.053608
-0.989974 -2.547596 11.540194
-0.751050 -0.381143 15.118246
-0.826756 -2.307791 11.603266
-0.853753 -0.232305 11.514066
0.059529 -2.441344 12.746863
0.104712 -0.070122 10.153421
-1.090930 -0.959315 12.092918
-0.842427 -0.242252 11.486018
-0.123607 -0.037559 13.215000
-1.008895 -0.038553 13.825835
-0.270280 -0.463757 16.374201
-0.954431 -2.518580 9.941913
-0.443734 -1.613112 19.086468
0.261580 -0.432400 16.866037
-1.005792 -1.347295 12.424850
-0.483111 -0.104520 13.051442
-0.317825 -2.655252 12.023505
-0.699333 -1.322830 14.583110
-0.837984 -0.516590 14.751806
-0.321014 -2.664618 12.006385
0.175481 0.179762 11.894279
-0.899328 -2.462624 10.564010
0.504048 -0.386569 12.467661
-0.711223 -2.000492 13.958782
0.556818 -2.596605 11.920767
-1.113048 -2.797332 11.645746
-1.062779 -0.187540 10.389492
-0.511316 0.200661 14.955338
0.538395 -1.588330 15.730181
0.521749 -2.548143 12.521611
-0.765797 0.005555 10.101098
-1.073614 -0.082018 10.077448
0.544156 -2.600154 11.934365
-0.368544 -2.713961 10.864631
-0.719231 -2.830880 10.502092
-0.750004 0.021499 11.224292
-0.771775 -0.068642 10.285427
-0.620968 -1.935490 17.206461
-0.459002 -0.334976 12.803900
-0.870881 -2.802962 10.790781
-0.980221 0.059486 12.108635
-0.898051 -0.040797 10.052432
-1.024521 -0.073921 10.184868
0.113469 -0.199562 10.185442
0.491318 0.265342 10.549311
-1.136856 -0.063161 10.239446
-0.976720 -0.097821 10.203202
-1.022717 -0.074385 10.185012
-0.995568 -0.087239 10.170986
0.112634 -0.193557 10.190471
0.110743 -0.024673 10.167347
-0.768791 -0.101400 10.152713
-0.604982 -0.116343 10.140981
-1.058339 -0.192709 10.300315
-1.135750 -0.063612 10.237615
-1.172257 -0.042969 9.900797
-0.827486 0.027444 9.973980
-1.088648 -0.058175 10.055973
-1.037457 -0.046235 10.061206
0.112216 -0.196742 10.188114
-0.925810 -2.128244 12.780725
-0.768158 -0.103282 10.149817
-1.012117 -0.082032 10.173876
0.111926 -0.202616 10.183655
0.597471 -1.500772 13.632032
-1.134075 -0.067937 10.231931
-1.015246 -0.082176 10.171555
0.096449 -0.029925 10.162313
-0.756274 -0.119852 10.168806
-0.590311 -0.062482 10.095539
0.094521 -0.029225 10.159771
-1.153428 -2.808140 10.482542
-0.770028 -0.106546 10.144160
-1.124215 -0.066748 10.234998
0.494768 0.261605 10.553506
-1.121011 -0.059752 10.248311
-0.705082 -1.994752 13.909314
-0.410287 0.211498 13.675173
-1.104334 -0.064131 10.245088
-0.999720 -0.081661 10.180479
-0.270534 0.105118 16.077641
-1.079926 -0.165206 10.368545
0.513468 0.143856 13.099572
-1.084145 -0.869283 12.686872
-1.021675 -0.585309 11.462598
-0.707411 -0.156818 10.790704
-1.112762 -0.065747 10.092721
0.433681 -1.579130 15.479799
0.720461 -0.084632 12.918149
-0.850782 0.008059 9.992387
-0.842345 -2.162940 16.723181
-0.494190 -0.030987 13.430602
-0.132820 0.648225 21.331078
-1.080686 -0.061742 10.294690
-0.990069 -0.075372 10.240579
-1.103953 -0.059969 9.964705
-0.933172 -0.039666 9.936594
-0.751988 -0.039702 10.002513
-0.400338 0.022616 13.173662
-0.222317 -0.453909 16.653713
-0.934727 -0.039846 9.945433
-0.648708 0.200321 19.900850
-0.534797 -0.284534 13.742313
0.530592 0.035946 10.554141
0.539988 0.226316 13.314301
-0.890258 -1.157864 11.655787
0.461903 -1.006694 18.674051
0.061794 -0.089159 13.537019
-1.107194 -0.066751 10.605095
0.410939 -0.517783 11.965389
0.518110 0.030298 10.570007
0.592481 -0.115826 15.735106
0.139012 -0.145676 10.352960
-1.111622 -2.766512 10.974870
-0.003193 -0.367001 17.465687
-1.123042 -2.761803 11.038050
0.365233 -1.303806 13.701133
-0.966110 -0.230336 10.473229
-0.181816 0.595618 21.123470
-0.030232 -2.771561 10.971120
-0.425625 -2.174041 9.142719
-0.956283 -1.081855 11.260230
0.514041 -0.004129 10.565972
-0.452082 -2.277786 9.428524
-1.033227 -0.025857 10.064154
-0.765617 -0.112026 10.134188
-0.592141 -0.072679 10.102795
-1.066446 -0.003642 10.116664
-1.148779 -2.793365 10.578050
-0.152594 0.066112 13.717527
-0.244113 -0.281231 10.188979
-0.792892 -0.019998 10.036855
-1.051017 -0.205746 10.280008
-0.925314 -0.028407 11.142936
0.340636 -0.194905 16.698980
0.165958 0.290551 15.071803
-1.048910 -2.659649 11.983945
-1.051739 -0.192019 10.332453
-0.890915 -2.477503 10.259018
-0.889358 -0.069130 10.132463
-0.570760 -0.604388 15.805369
-0.221063 -0.265080 10.194890
-0.870402 -2.794721 10.743981
-1.054733 -2.254438 14.219480
-1.122140 -0.089721 10.492262
-0.240265 -2.502332 13.236547
-0.533508 -1.708476 16.964821
-0.706899 -0.091387 10.162679
-0.989225 -0.083398 10.237358
-0.798942 -0.021934 10.074151
-0.221736 -0.265087 10.194902
-0.994310 -1.536241 13.157650
-0.465162 0.059614 11.083741
-0.558756 -0.560858 16.257786
-1.076833 -0.043140 10.797134
-0.502985 -2.526323 14.708654
-0.866359 -2.795951 10.745900
-0.597961 -0.037652 10.150658
0.052501 -2.640937 12.052791
-0.909806 -2.117036 12.638924
0.283487 0.342494 13.402332
-1.150266 -2.786442 10.641813
-0.873636 -0.297010 11.874240
-0.242080 -0.274224 10.194332
-1.071778 -0.153091 10.369688
-0.992525 -0.082380 10.247056
-1.099449 -0.049584 10.066817
-1.124656 -2.771165 11.053218
0.295354 0.399058 13.573120
0.655492 -2.290230 14.351534
-0.757233 -0.011604 10.084675
-0.998767 -2.562949 13.193772
-1.138320 -0.040713 9.970253
-0.800637 -0.023230 10.071658
-0.463994 0.026877 12.276607
-0.931373 -0.076486 15.851144
-0.597172 0.281497 16.411074
-0.738733 -0.871734 15.145552
1.007563 0.431720 11.248160
-1.121660 -2.759658 11.024546
0.313775 0.070184 13.697713
0.613704 -1.956100 13.043678
-0.985034 0.071902 12.329165
1.012331 -1.466434 11.724517
-0.215123 -2.577404 13.817230
0.212157 -2.272168 14.716577
-0.020207 -2.754975 11.018282
0.942686 0.363048 11.212530
-0.646956 -0.504856 19.484449
-0.929507 -1.546394 12.475255
-0.580701 0.025675 10.958953
-0.293443 -2.649039 12.074112
-1.069966 -0.165363 10.369164
-0.519199 -1.647953 16.756863
-0.940107 -0.320644 13.644779
-1.012481 -0.187029 13.164105
0.483735 0.338868 16.459805
0.180444 0.428689 15.366899
-1.057617 -1.321790 12.371267
-0.016577 -2.742926 11.001597
-1.061463 -2.454678 14.299160
-0.969602 -0.022976 10.850256
-0.378722 0.125578 12.507023
-1.141827 -0.038637 9.910010
0.509024 0.280038 10.556114
-0.747114 -0.389577 15.105893
0.531281 -2.591824 11.873547
-1.031544 -1.006442 12.968448
-0.612548 0.220321 11.334929
-0.483398 0.281397 11.497221
-0.678779 0.053181 11.497837
-0.723002 -0.072272 10.724648
-0.378800 -2.754872 11.059816
0.312070 -2.320502 11.314970
-0.784346 -0.068494 10.106567
-1.000302 -0.273645 10.231518
-0.462028 -0.010162 10.867434
-0.748042 -0.093461 10.163355
-0.951420 -0.113003 10.178020
-1.098109 -2.770656 10.994189
-1.081789 -0.049309 10.007667
-0.035432 -2.752061 11.038660
-0.367086 -2.751504 11.059053
-0.035459 -2.747287 11.038111
-1.041594 -0.048758 10.794626
0.964395 0.403782 11.281691
-1.035303 0.181914 13.750306
-0.504547 -2.329313 14.611018
-1.083925 -0.023093 10.837387
-1.067971 -0.093184 10.066437
-0.954626 -0.078729 9.992862
-1.037250 -0.091127 9.901553
-0.582567 0.348033 13.792912
0.648606 0.593936 19.483898
1.446947 0.441457 11.427355
-1.015042 -0.261735 10.252599
-1.097090 -2.741316 11.188180
-1.038037 -1.197495 12.833408
-0.468603 0.149440 12.571732
-0.497866 0.134514 13.946860
1.494198 -0.264950 11.572269
1.472158 0.109651 11.552090
0.486987 -2.641487 11.640423
-1.102500 -2.756901 11.219944
-1.041686 -1.029981 12.740711
-0.672905 0.119775 12.002265
-0.221722 0.288985 16.575033
-0.372484 0.032069 12.278654
-1.067230 -2.724851 11.417233
-0.979834 0.103511 12.195397
-0.998739 -0.080293 10.179667
-0.370553 -2.751013 11.105673
-0.762915 0.124153 11.095486
-1.054164 -2.491206 13.422081
-0.447527 -0.066613 10.787766
-1.070789 -0.048444 10.775803
0.515211 -0.396597 11.842495
-1.014400 -0.018508 13.127438
-0.145095 0.136998 14.025393
-0.985716 -2.587480 11.156956
0.107957 -0.248540 10.150916
-0.590355 0.142215 11.162740
-0.246008 -1.311010 21.505701
0.425911 0.081485 10.255655
-0.380371 -2.744453 11.168304
-0.808188 -0.078574 9.963960
0.599875 -2.076372 13.018800
-0.020317 -2.744013 11.134041
-0.886540 -2.384292 11.712252
-0.796145 -2.761626 11.132025
-0.713299 -0.076421 10.186240
0.518862 -0.861246 15.335565
-0.966965 -0.096947 10.212860
-1.114073 -2.766324 10.986256
-1.059888 -0.064523 10.023799
0.315491 -0.296609 17.082775
-1.040394 -0.076093 10.087381
-0.641700 0.095824 11.457497
-0.728409 0.076445 11.190603
0.711271 0.387574 11.180752
1.120713 0.370833 11.213717
-0.458765 0.016453 10.894709
0.929763 0.072441 19.454851
-0.579578 0.016266 10.896882
-0.701800 0.077689 11.357777
-0.680209 -0.020397 16.567230
0.515566 -0.484156 11.831145
0.539814 0.214595 13.300877
-1.008513 -1.464357 13.708303
-0.576142 0.009650 10.896681
-0.480727 0.278347 11.372816
-0.574429 0.008159 10.880812
0.093431 -0.269099 10.133866
-1.071609 -0.886710 12.648924
-0.570588 0.011932 10.896124
-0.695963 0.068725 11.332689
0.113147 -0.980909 19.442619
-0.517479 0.235529 14.142927
-0.777581 0.129486 13.491835
0.341981 -0.503985 18.391499
0.508543 -0.440344 11.819413
-0.177434 0.261190 15.156052
-0.475908 -2.763424 11.024621
-0.095154 -2.731842 11.198983
0.007926 0.425748 13.689608
0.203533 0.572753 12.949398
-0.596677 -0.063895 10.189018
-0.607345 -0.037253 10.149786
-0.743193 0.000309 10.821068
0.562386 -0.381300 12.040975
0.529572 -2.368849 12.604282
1.408655 0.071320 11.534575
-0.706504 -0.090696 10.188162
-0.464511 0.092719 11.128983
-1.078395 -2.727075 11.316447
0.664247 -2.685114 11.746840
-0.971937 0.014141 11.005271
-0.709715 -0.088386 10.164201
-0.637479 -1.217254 16.250141
-0.710573 -0.088383 10.164225
0.598476 -2.080730 13.028388
-1.094041 -2.746952 11.062578
-1.004353 -0.066213 10.194758
-0.791186 0.176696 14.115984
1.020114 -1.460803 11.726525
-0.053289 -2.730469 11.195641
-0.245279 -0.260905 10.303448
-0.730447 -0.083861 10.173979
-0.034403 -2.729781 11.193038
-0.250494 -0.258562 10.303244
-0.832618 -0.535296 14.737616
-0.999487 -0.089071 10.174932
-1.019224 -0.088051 10.163443
0.548786 -1.700510 12.718090
-0.772807 -0.084709 10.210021
-0.773514 -0.083279 10.209833
0.756348 -1.550427 17.816765
-0.570750 -0.000386 10.879677
-1.089227 0.005291 10.867317
-0.745422 -0.017875 10.947796
-0.310240 -2.647195 12.232141
-0.029110 -2.733963 11.213336
-0.740884 0.002638 11.021712
-0.566916 -0.002733 10.879917
0.577442 -2.434516 12.943582
-0.388108 -2.738292 11.274359
-0.779018 0.014549 16.477354
0.503310 0.584788 15.355539
-0.584458 0.153755 11.876357
-1.087829 0.172271 13.825136
-1.089956 0.048387 13.881141
-0.777550 -0.072043 10.228086
-1.059625 -0.200126 10.278805
-1.174258 -0.073380 11.006245
0.571789 -1.561790 16.175568
0.739048 -2.165586 13.778129
0.247310 -2.287933 15.198099
-1.102983 -2.755995 10.964035
-1.029578 -1.332210 12.589828
0.348900 -0.420282 19.250128
0.493958 -0.833341 15.164477
-0.755109 0.017799 11.031765
-0.638804 -0.255437 10.290130
-1.072527 -0.040524 10.060147
0.327120 0.470471 13.744319
0.745323 -1.437512 14.503337
-1.081471 -2.715792 11.382465
-0.613925 -2.621597 12.311394
-0.607082 -0.006370 10.267574
-0.754598 0.012894 11.019772
-0.127335 0.195857 14.010776
-1.015097 -0.088641 10.165759
-0.619063 0.053692 10.888474
-0.137354 0.144548 19.064901
-0.616708 -2.622067 12.311531
-1.004135 -2.652005 11.899075
0.768399 0.508990 11.374619
-0.756422 -0.861543 15.827074
-1.031352 -2.407158 13.863938
-0.761698 0.062904 13.789206
-1.093007 -2.734942 11.184220
-0.637668 -0.029658 10.241414
-0.468677 0.493947 15.997164
-0.643334 -0.559809 19.321283
-0.808173 -0.454928 15.853938
0.113559 -2.493698 13.460971
-0.599764 -0.059664 10.701769
-0.253017 0.118409 18.179304
-0.629113 0.046705 12.290610
-0.767639 0.124795 13.523007
-1.015176 -1.629340 13.291863
1.055119 -1.465474 11.832943
0.558296 -0.587231 12.737993
-0.131990 -2.306347 15.025434
0.226536 -2.149497 15.759350
-0.868671 -0.415190 15.228499
0.509308 0.125640 11.723144
-0.416908 0.593324 19.595345
0.368439 -0.243231 18.355013
0.559087 -2.539041 12.788384
-0.687602 -0.276141 10.237247
-0.235274 -0.174852 10.486817
-1.021196 -2.665095 11.929101
-0.929854 -0.258384 10.290982
-0.874268 -0.528213 15.292383
-0.730400 -0.028361 10.779152
-0.571362 -0.000008 10.864074
-0.375248 -2.730046 11.235050
0.032500 -2.635091 12.305858
0.720054 0.409327 11.209692
-1.070604 -0.764507 12.576097
0.721789 -2.022296 15.546867
-0.622546 0.035166 12.298765
-1.011310 -1.044337 12.659193
0.617677 -0.232851 17.216785
-1.071105 -1.335240 12.531390
0.705738 0.406006 11.219820
-0.104798 0.299848 14.293636
-0.236223 0.410716 17.029617
-0.484283 0.115774 13.903505
-1.171114 -0.008239 10.305030
-0.794568 -0.224760 10.362147
-0.009170 -2.709094 11.448737
0.033358 -0.244631 18.676037
0.594661 -1.958411 13.018007
0.569833 -2.581465 12.731598
0.524068 -2.592143 11.836175
0.564060 -2.534501 12.781650
-0.497384 -2.326807 14.827688
-0.370567 0.046519 12.295793
-1.006037 -1.513944 13.192792
-0.777681 0.253883 13.515992
-1.020062 -2.664515 11.924180
-0.729285 0.087995 11.810688
-1.127673 -0.464637 12.066259
-0.724537 0.271853 11.923965
0.621703 0.585734 19.432741
0.760779 0.491529 11.330332
-0.460274 0.109537 13.580897
-0.507420 -1.662141 18.276443
0.115319 -0.213855 10.212444
-0.512739 -0.311687 10.184225
-1.077556 0.025760 11.133904
-0.699001 0.114201 11.589042
-0.689445 -0.150021 16.038900
-0.221922 -0.121583 10.591690
0.434614 0.453729 13.581617
-1.121967 0.056838 10.949986
-0.009300 -2.719057 11.466909
-0.223019 -0.125651 10.579256
-0.965210 0.067251 11.214230
0.504061 -1.492559 12.074809
-0.895738 -0.204868 10.404333
0.026404 -0.305758 17.953762
-0.612239 0.012728 10.813677
-0.402461 0.482287 19.096798
-0.363528 -2.725818 11.287186
-0.754825 -0.134429 10.127357
0.196287 -1.891476 19.466469
0.028090 -0.310146 17.957970
-0.975606 0.169657 13.849770
-0.353388 -2.729502 11.316143
0.520465 0.145363 13.189952
-0.244171 -0.176837 13.413188
0.005687 -2.704827 11.303786
-0.410840 0.539032 14.705251
0.622518 -0.733604 19.250353
-0.561428 0.126298 11.410043
0.493817 -2.677303 11.741197
-0.511977 0.689473 12.720194
0.484692 -0.510988 11.668426
0.728373 -1.756574 17.075933
0.543514 -2.509359 12.641212
-1.094116 -0.146242 10.346066
-1.077312 -2.727181 11.410942
-0.942078 0.561768 15.384544
0.806996 -1.088606 17.084309
0.055164 -2.626587 12.337581
0.570993 -2.480831 12.705031
-0.205213 0.008720 13.564157
0.768204 0.491959 11.333131
-0.970669 -0.107386 10.545407
-1.084175 -2.715488 11.542673
0.445727 0.276488 16.196650
-0.638973 0.466198 17.153267
-0.693500 0.364895 13.112918
-0.243579 -0.209376 13.307367
-0.917349 -0.348156 16.016457
-0.571636 0.268410 16.348082
-1.114363 -2.736612 11.375416
-0.928366 -2.466281 11.860229
-1.004633 0.163957 12.297170
-0.772754 -0.308707 16.030867
-1.062522 -2.654924 12.398255
0.392518 -0.225352 20.980721
-0.641681 -0.252689 10.267071
-0.675137 -0.259604 10.262929
-0.988731 -0.241566 10.305634
0.774702 0.349570 16.069538
0.773482 -0.631439 17.579893
-0.676051 -0.257193 10.260826
-1.068141 -0.004766 10.997233
-0.971048 0.000533 10.984193
-0.954294 -0.011492 11.045894
-0.357531 0.067777 10.788420
-1.069562 -2.747828 11.239342
-1.206584 -0.706257 12.486217
-0.998593 -2.399310 13.337905
0.128122 -1.865531 18.331121
-1.066835 -2.750093 11.242108
0.390460 -0.811731 11.883334
0.160624 -2.410900 14.234385
-0.893440 -0.022815 11.033826
-0.340731 -2.733007 11.363587
-1.021898 -2.629977 11.037694
-0.939416 -2.500201 14.559608
0.757275 -1.720781 13.785857
-1.086758 -0.168337 13.004165
0.652936 -1.587892 13.952503
-0.580961 0.314944 16.474585
-0.586153 -2.634303 12.416759
-0.762984 -0.822730 16.042124
-0.461580 -0.018872 10.880186
-1.080925 -2.710291 11.480444
0.557975 -0.865471 21.639147
-0.728149 -0.013044 16.566778
0.673211 0.292493 11.056428
0.463468 -0.005491 11.819146
-0.929717 -0.261587 10.274368
-0.953801 -0.002491 10.932939
-0.922628 0.023245 11.108228
0.766259 0.482666 11.317825
-0.923900 -0.061664 10.614867
0.278070 0.574009 12.778376
-0.578391 0.079334 11.005115
-0.919769 0.026946 11.107964
0.482790 -1.405741 12.108262
0.515987 -0.474325 11.828859
-1.089794 -2.720896 11.521031
-0.462721 0.032956 10.892840
-0.557861 -1.716129 18.721109
0.432461 -2.326473 18.167097
-0.593565 0.130820 11.145118
-1.035881 0.148585 11.145185
0.449073 -0.124183 19.211275
-1.002218 -0.267796 10.234186
-0.956140 0.102093 13.602734
-0.678425 0.233095 20.692371
-0.910832 0.045581 11.093338
-1.036000 0.101177 12.988200
0.133894 -1.873266 18.871471
-0.392719 0.426815 16.383791
-0.761815 0.052955 11.857018
-0.205260 0.231884 11.131969
0.503884 0.207333 13.257987
-0.280625 -2.620639 12.381764
-1.025711 -1.209677 12.991715
-1.038746 0.093265 12.750301
-1.101892 -0.134550 10.340034
-0.577547 -0.785498 17.035177
-1.080228 -2.732796 11.443005
-1.006726 -2.577179 13.188749
-0.875443 -0.033441 10.646570
-0.711297 0.218288 11.904524
-0.272609 -2.615024 12.380310
-0.758994 0.070801 11.266496
0.429890 -0.702575 12.156359
-0.602397 0.206081 11.233249
-0.803979 0.031732 11.063838
-0.727090 0.066883 11.148520
-0.733477 -2.740499 11.248232
0.546583 -1.563813 12.690278
-0.924980 -0.158429 10.483326
-0.746020 0.067833 11.369721
-0.735494 -2.736918 11.247649
0.738776 0.499701 11.455571
0.372009 -0.602185 12.486591
-1.036609 -1.040935 12.934880
-0.813146 -2.121705 15.835224
-0.998139 0.002569 11.153697
-1.015821 -1.465117 13.873381
-0.720922 0.058976 11.135472
-1.105027 -1.243045 12.129641
-1.009564 -2.547529 13.119357
0.201388 0.723326 13.229190
-0.603455 -0.015487 10.753709
-1.094926 -0.730027 12.746714
-1.050146 -2.638819 12.357989
-1.027320 0.114193 11.945385
-0.594240 0.079016 10.965199
-0.602828 -0.022672 10.746145
0.165158 0.547239 18.481323
-1.117384 -1.231678 12.189951
-0.375077 0.058776 12.315535
-1.081825 -0.742435 12.609006
-0.820595 -0.781328 16.701262
-0.532475 0.185755 13.729205
-0.576339 0.576480 16.137987
-0.903341 0.209720 13.180409
-0.498763 0.268562 11.231007
-1.015972 -1.137208 12.636941
-0.637033 0.115276 10.949327
-0.898847 -0.027338 10.807877
-1.034864 -2.622539 11.874007
-1.044665 0.110254 12.958406
-0.507052 0.259858 11.276234
-1.141022 -0.421776 12.264926
-0.354339 0.145654 13.530178
-0.952110 0.023270 11.059504
0.759483 0.524324 11.493203
-0.012929 -2.714771 11.446598
-0.851062 0.106477 12.425716
-0.703221 0.412683 11.364534
0.033196 -2.718403 11.474344
-0.506776 -0.328104 17.900234
-0.990384 0.095694 11.822409
-1.006139 0.066199 11.365273
-0.758935 0.127408 11.526563
0.491243 -2.648869 11.769361
-1.044135 -0.068515 13.550548
-1.124466 -2.317518 13.959646
-0.940170 0.017548 11.132903
-0.891804 0.033285 11.246586
-0.794523 0.039682 11.247983
-0.234372 0.388158 11.369306
-1.000738 0.009413 11.170331
-0.323004 -2.721661 11.489578
-0.204027 -2.501903 13.519644
-1.060831 -2.753988 11.238193
-0.503111 -0.217842 17.600199
0.266427 0.472739 12.237625
0.463114 0.026677 11.505851
0.519194 -0.586736 11.785155
-0.568401 0.121624 12.224915
-1.037781 -2.696297 11.616773
-0.776058 0.020305 13.638790
-0.434531 0.488233 19.142603
-0.734729 0.039316 11.392461
-0.753881 0.018309 11.027258
-0.911159 0.032912 10.735318
0.288256 -0.223376 21.151184
-0.913466 0.236115 13.507490
-0.323765 -2.725137 11.489897
-0.638686 0.080339 12.382166
-0.327069 -2.728169 11.489843
-0.579071 0.246179 16.267260
0.180966 0.411196 15.531409
-0.163294 0.108332 13.557542
-0.795373 -0.277638 15.972692
-1.104380 -2.731829 11.789505
-0.296049 -0.561648 18.938671
0.155153 0.356826 12.472711
-1.038502 -2.417788 13.988325
0.489568 -2.556786 11.675884
-1.009474 -2.553594 13.086005
0.905544 -2.083404 18.258955
-1.094237 -1.534873 12.708233
-0.735013 0.051710 11.418847
0.354941 0.513704 13.200771
-0.198787 -2.502633 13.532642
0.661362 -1.375305 14.407192
0.468600 -0.270490 19.965958
-0.636868 0.045943 11.721481
0.267384 0.474403 12.265171
-0.854113 -1.451916 15.775106
-0.486198 -2.462609 16.269974
0.304953 0.052369 13.646672
0.731480 -1.135262 16.528278
-0.658920 0.381615 11.381079
-1.032967 -2.609883 12.968350
0.137436 -1.850463 18.379299
0.654364 0.207161 15.641974
-0.569404 -2.619603 12.552563
0.579866 -2.041138 12.916718
-1.065051 -0.006352 10.848661
-0.979892 0.004602 10.889742
-0.470274 0.016280 10.922745
-1.033840 -2.680921 11.576145
0.431790 -1.794558 17.919146
-0.757680 0.053776 11.779537
-1.051511 -2.702261 11.645836
0.069707 0.585361 14.019905
-0.752247 -0.038904 11.704742
-0.383675 0.526852 19.331409
0.190007 0.803987 12.917946
-0.964044 -0.286604 16.053152
-0.729356 0.066929 11.585999
-0.711649 -1.094706 19.105341
-0.041848 -0.034967 18.908886
-1.033296 -2.427008 13.436107
-0.763495 -2.397778 15.690626
0.095505 0.091058 16.451035
-0.168101 0.100309 13.472726
0.344262 0.503345 13.123774
-1.086080 0.037785 11.298673
0.620767 -0.759603 15.628920
-0.901364 0.240523 13.772545
-0.849381 -0.574474 14.940046
-0.545972 0.264821 16.311590
-0.964629 -2.517485 12.309203
-1.038178 0.073184 11.125772
-1.042046 -2.629140 12.248991
-0.623766 0.073778 16.701775
0.231317 -1.839372 21.387888
-1.139428 -1.231931 12.190654
0.086149 0.113744 20.872046
0.671332 0.917237 18.625643
-0.500263 0.086253 13.758041
-0.170684 -2.466898 13.919971
-1.073889 -0.004689 13.811727
-0.780863 0.107275 11.705287
-0.785100 -2.616730 12.080395
-0.666691 0.079653 12.325249
0.617714 0.408199 12.080077
-0.284425 -2.678748 11.786631
-0.684494 0.079063 11.583202
-0.929313 -2.657551 12.168764
0.078448 -2.670768 11.853042
-0.975814 -2.624747 12.196446
-1.185375 0.045616 13.612744
-1.084487 -1.477877 14.122928
-0.906545 -0.351261 15.877774
-0.890986 0.191200 15.418928
-0.695217 0.507170 17.024481
0.148617 0.368577 17.629427
-0.866002 0.091703 15.103298
0.076067 -2.665225 11.831011
0.728827 -1.587891 14.422284
0.169930 0.353987 15.347974
-1.140422 -0.819992 12.118176
-0.404183 0.022990 13.605680
-0.418848 -2.305931 15.519989
-1.032679 -1.323417 12.571641
0.012099 0.454503 13.751223
0.144703 0.672374 12.680507
-0.416042 0.431734 18.772038
-0.545338 -2.590908 12.931586
0.528669 -1.613901 20.761150
0.556559 0.240731 12.101832
0.613696 -2.085250 13.112966
-0.693268 0.074534 12.010380
-0.697942 0.002270 16.567930
0.448898 -0.880877 21.261215
0.490861 -0.785021 12.382720
-0.564902 -2.477297 14.076503
-0.403548 -2.595352 12.326343
-0.559563 0.210504 13.754638
0.160184 0.767681 12.795582
1.103635 -1.523301 20.564985
-0.764391 0.105042 11.864177
-0.140639 0.707295 16.839071
-0.580602 -0.337343 17.594893
-0.885316 0.071682 11.488131
-0.485257 0.135236 12.482902
-0.836790 0.079466 11.567147
-0.860655 0.107713 11.867223
-0.677207 0.113858 11.896588
-0.407499 -2.617343 12.382762
-0.805725 -2.655313 12.174322
-0.005494 -2.645930 12.105003
-1.113416 -0.932252 12.254098
-0.573313 0.157293 12.289316
-0.546624 0.379298 12.158859
-1.113692 -1.013535 12.292885
-1.044350 -1.431462 12.476897
-0.852379 0.091308 11.936134
-0.777866 0.120614 11.801527
0.577367 -1.942931 12.979842
0.476921 -1.436416 12.360177
-1.026627 -2.603755 12.392987
-0.395094 0.303856 20.522165
-0.598730 0.174051 12.909836
-1.084865 -1.450078 14.353988
-1.062652 -0.008351 13.108158
0.734877 -2.392535 14.584744
0.558898 -0.766173 12.719372
-0.948394 0.311186 13.340121
-1.063633 -2.256740 14.276168
-0.780988 0.054311 13.763034
0.185089 0.727097 12.757252
-0.881812 -2.378224 15.262340
0.718551 -2.276586 14.564607
-0.394286 0.532608 19.210262
-0.757607 -0.175992 16.376148
-0.763753 0.131579 12.393369
-0.715655 0.131958 12.387480
0.507722 0.086473 12.558088
-0.814432 0.135908 12.404481
-1.103535 -0.750981 12.518651
0.590968 -2.441670 12.829363
-0.811922 0.136867 12.412479
-0.466706 0.134807 12.437936
0.484480 0.024383 12.310183
-0.197021 -2.459676 14.184497
-0.853083 -2.219042 15.696665
-0.884393 0.174219 13.693173
0.493054 0.051001 12.318323
0.299716 -0.452506 19.692612
-0.659467 -2.628396 12.643534
-1.106622 0.032994 14.036687
-1.022814 0.126911 12.162268
-0.659475 -2.628418 12.643599
0.524908 -1.409973 12.249767
-0.387131 -0.044754 14.106797
-0.149727 0.161396 14.409091
-1.100302 -1.536656 13.687200
-0.486938 0.608551 12.564705
-0.854520 0.145484 12.522071
-0.643468 0.142491 12.601329
0.635072 -1.441102 13.967102
-1.081828 -1.596616 13.894881
0.698851 -1.720245 14.322132
0.252717 -2.300522 15.991864
-0.828768 -2.183317 15.645455
-0.258778 -2.545068 13.337624
0.878552 -1.855829 18.228409
-1.116387 -1.004798 12.082694
0.596429 -1.771484 12.951941
-0.748872 -0.104481 15.860257
-1.103408 -0.804040 12.052095
-1.091430 -1.557732 13.616604
-0.368493 0.175140 12.518171
0.559898 -2.571411 12.680252
0.426971 0.440309 13.573618
0.622877 -2.077406 12.983317
-1.101334 -1.103831 12.289599
-1.102297 -0.931997 12.227002
-1.017680 0.105258 12.141442
-0.689576 0.281732 12.261868
0.614050 -2.095249 13.087153
-0.562061 0.569823 12.512053
-0.810568 -0.692565 16.348318
-0.801298 0.091979 12.334380
0.603667 -2.424476 12.955796
-1.076227 -1.551534 12.492062
0.424067 -2.539981 13.126118
0.401724 -2.501830 13.065650
-0.670675 0.175964 12.712446
0.630092 -2.165733 13.145743
0.670110 -1.739261 13.047447
0.869444 -1.324407 14.235158
-1.050964 0.159355 12.916726
-0.679308 0.171056 12.625286
-0.657619 0.186642 12.717655
-1.085404 -1.052518 14.133038
-0.878724 0.176151 15.395846
-0.961338 -0.318460 16.150579
-0.155634 -2.325878 15.427088
-1.115634 0.232861 13.907688
0.797093 -1.082385 17.048668
0.227374 0.502704 15.252877
-0.906181 0.245894 13.783574
-1.065230 -1.110739 12.933127
-0.434638 -2.354656 15.034257
0.524814 0.632504 15.005067
-0.054143 -2.654660 17.525814
-0.131404 0.427386 14.258995
-0.439501 -2.335176 15.031979
-0.943683 -2.448544 14.314341
-0.580037 0.168183 12.301938
0.211238 0.599011 12.993653
0.961974 0.367336 18.600241
-0.997756 -2.557190 13.160978
-1.111374 -0.976715 12.150204
-0.573744 0.281109 13.577731
-1.089249 -1.249379 12.060624
-1.110687 -1.232673 12.103867
0.553931 -1.563724 12.698297
-1.039672 -2.248724 13.423178
-0.522455 -1.921965 19.447113
-0.483723 0.046569 13.725121
-0.701771 0.074424 20.520576
0.828519 -0.715747 17.213083
0.638223 -2.389683 13.323859
-0.663288 -0.009156 13.775061
0.649903 -1.551708 13.186485
0.747176 -0.327830 13.408175
0.879356 0.489645 16.502544
-1.110101 -0.839555 12.055187
-0.410413 -2.635929 12.421918
-1.090539 -1.104775 12.274688
0.576228 0.398389 13.285699
-0.834887 0.408804 15.135831
-1.101208 -0.932314 12.225124
-1.041591 -0.994834 13.018907
-1.110347 -1.236090 12.103812
-1.103941 -1.247807 12.105539
0.614482 0.643214 17.401398
-0.013782 0.318929 21.579290
-0.833572 0.216731 14.098169
0.655055 -2.007301 13.627462
-0.610331 0.299639 16.454140
0.431005 -2.379978 15.363759
-0.140073 0.700257 16.837513
-0.144491 0.067999 13.730965
0.566215 0.326110 13.496469
0.583080 0.286958 14.782902
0.463386 -0.009645 19.322483
-0.981771 0.244965 13.407372
0.486809 0.007513 20.151525
0.657789 -1.690369 13.331772
0.911902 -1.365938 14.061205
0.941010 -2.079378 16.737318
-0.711236 0.431397 16.358404
-0.776376 -0.884204 16.278355
1.164172 -1.521593 20.931316
0.906098 -1.374436 14.058265
0.765729 -1.984860 15.780240
0.587618 -0.062703 14.812147
-0.199378 0.062970 13.646484
0.709150 -1.494181 13.856557
0.073770 0.490679 13.804030
-0.663643 0.426733 15.238344
0.436624 0.012096 18.742861
-0.791157 -0.804894 16.560337
-0.550776 -1.718574 20.865238
-0.132129 0.684772 16.786892
-0.076430 -2.219933 16.344351
0.775746 -2.000358 15.877458
-1.106165 -0.795628 12.221889
0.606012 -2.065110 12.933816
-1.032128 0.146261 12.430891
-0.651597 0.314527 12.641593
-1.067247 -1.432442 12.523381
0.707891 -1.641555 14.354233
0.593436 0.285354 12.734036
0.615857 -2.157676 13.101086
0.585177 -1.920844 12.925431
-0.879248 0.182071 12.776830
0.614710 -2.073771 12.964621
-1.062649 -1.187724 12.522139
0.551248 -2.457364 12.640915
-0.853168 0.176163 12.861726
-0.724589 0.234136 12.822044
0.526140 -1.418839 12.254525
-1.036438 -1.038560 12.937496
0.620873 -2.199853 13.025869
-1.084742 -0.775812 12.428481
-1.086017 -0.764628 12.523463
-0.917713 -0.350862 16.295456
-1.072964 -1.104559 12.519903
0.771042 1.032765 18.062435
-0.221838 -2.421204 14.460268
-1.069896 -0.952938 12.643109
0.526919 0.230100 13.342338
0.496474 -1.405270 12.180254
0.870957 0.183159 18.334272
-0.736752 0.243283 17.623709
0.645748 -1.822286 13.512763
0.678853 -1.686947 14.097322
0.871800 -0.171068 13.936105
-1.100470 0.204925 13.852028
0.489656 0.360403 16.509665
-0.383932 -0.077497 13.394013
-1.062131 -1.322543 12.635591
-1.069909 -0.781164 12.665582
-0.619320 0.070845 16.695246
-1.077752 -0.776986 12.665785
0.918562 -1.343109 14.175279
0.524033 -1.420563 12.233342
-0.780138 -2.132819 17.866367
1.016943 -3.118995 19.467525
-0.929071 -0.318378 16.422113
-0.198076 -2.424312 14.504858
-1.127680 0.260605 14.008942
-0.199700 0.013632 13.604795
0.544174 0.428170 13.301014
0.526362 -0.323340 12.536078
-0.969699 -0.332167 16.272127
0.549894 -2.578646 19.783894
-0.898216 -0.473333 15.890953
-0.483834 -2.404510 14.533304
0.522241 -0.327544 12.545120
0.615589 -1.938540 12.956103
0.516314 -0.328018 12.825654
0.698178 -1.487077 13.877896
0.613729 -1.940437 13.010638
0.604875 -2.089489 12.906938
0.893179 -2.123452 16.430273
-0.154475 0.448611 16.059488
0.657378 -1.757508 13.727930
-0.202427 0.021962 13.577763
-0.735355 0.279811 14.579823
-0.384016 0.248436 13.738322
-0.393576 0.032847 13.630052
0.348316 0.535538 13.838544
-0.665789 0.236845 20.284168
0.169448 0.234598 14.978110
0.033594 -2.489387 13.767131
0.527577 -0.320637 12.564880
-0.964798 0.226176 13.445781
0.686420 -1.887815 13.791962
-1.112091 -1.525681 13.534032
-1.088404 -1.521680 13.476034
-0.812138 0.260495 13.436666
-0.599382 0.251330 13.228392
0.032279 -2.486351 13.759970
-0.582188 -0.021571 18.718311
0.817577 -1.989911 16.024805
0.808444 0.291365 16.012516
-0.199512 0.071052 13.666696
-0.390102 0.478809 13.811216
-0.442906 0.698699 13.626955
0.860201 -2.167327 17.002750
0.727269 -2.750694 17.495424
-1.097021 0.200130 13.871962
0.680107 -0.142711 14.373693
-0.084802 -2.320610 15.675098
0.020662 -2.304324 17.522285
1.081338 -1.338454 14.547587
0.017882 -2.347902 17.446777
-1.094866 -1.616162 13.952105
-0.813647 -0.834139 16.733419
-0.970634 0.205680 13.105286
-0.977150 0.244114 13.216966
0.030765 -2.479848 13.750975
-1.098380 -1.524716 13.469945
0.656188 -2.421665 13.409768
0.622061 0.361743 15.052340
-1.026277 -2.426641 13.371437
0.508818 0.348156 13.187099
0.650416 -1.689348 13.327697
-0.780444 0.272897 13.678460
-0.615346 0.312359 13.308737
0.031325 -2.481021 13.744609
0.635526 -2.404704 13.308142
-0.235194 -2.478030 13.889040
-1.108777 -0.607470 13.563275
-0.854663 0.258623 13.227500
0.633662 -2.487681 12.927676
0.578776 -1.720341 12.769104
0.527978 0.097512 12.863309
0.567061 -0.245175 13.068326
-0.909799 0.207024 13.188394
-0.888548 0.207038 13.267816
-0.837791 0.250639 13.451126
0.527162 -0.573880 12.549209
0.629363 -0.694258 12.847781
0.602596 -2.144309 13.071541
0.431704 -2.537358 13.186698
0.553894 -0.393155 12.607658
0.675005 -2.268947 14.580805
0.950674 -1.360670 14.173050
0.130888 0.167677 14.406483
-1.047768 -1.456817 14.213077
-0.710775 0.173657 14.316158
-0.573433 0.282319 13.624359
0.577363 -1.520624 12.748075
-0.214957 -0.133784 13.593106
-0.950453 0.264649 13.700308
0.734257 -2.445592 13.988725
-0.464223 -0.113087 13.675689
-0.037633 0.002427 19.658285
-0.036151 0.442620 13.725195
0.548667 -0.767344 12.646403
-0.340219 -0.078897 13.801101
0.614702 -2.093289 12.943933
-1.063325 0.142227 13.805298
-1.066466 0.139827 13.746721
0.602214 -2.086528 12.912577
0.698132 -1.368217 14.545553
-0.139802 0.116528 13.829529
0.478990 0.538562 14.558773
-0.848730 -2.214862 15.632413
0.964438 -1.355124 14.074396
-0.801690 0.098359 13.843781
-0.764911 0.509459 16.518261
-0.423837 0.477490 14.087706
0.890083 0.411724 16.426376
-0.420370 0.487154 14.100254
0.418505 -2.317949 15.340897
0.477647 0.535063 14.559221
0.224893 0.557875 15.232168
0.016873 0.421713 13.683576
-1.053515 0.119080 16.634470
-0.258774 0.567083 14.223289
-0.937930 -2.447995 14.297737
-0.707764 0.129323 14.086546
0.894316 -2.109795 16.399952
0.096083 -2.024531 18.734341
-0.970971 -0.122358 16.277466
-1.082156 0.059181 13.875753
0.936610 -1.376317 14.121032
0.665199 -1.991519 13.670810
0.648434 -2.022657 13.147759
-0.948408 0.306109 13.932026
-0.671761 0.174726 13.725181
-0.201665 0.017444 13.568353
0.618731 0.294319 13.397304
-0.570260 0.332259 13.788871
0.621415 -1.950593 13.146575
-0.950101 0.335840 14.064560
-1.005791 0.320322 13.599888
0.629563 -2.478604 13.604101
0.681549 -2.387976 14.635849
-0.685224 0.232606 13.813425
0.532146 -0.314276 12.578201
-0.301262 -0.031913 13.500489
-0.647445 0.353218 13.746021
0.643127 -2.493304 13.641779
-0.878383 -2.373338 15.164909
-0.592454 -1.825676 19.261940
0.466865 -0.378341 13.525515
-0.688460 0.513091 19.483471
-0.700132 0.462972 16.860739
0.626424 -2.700351 20.832048
-0.417002 0.565318 16.714132
0.872705 -0.102478 14.315084
-0.200755 0.032927 13.590943
0.642099 -2.174722 13.185496
0.693958 -1.712813 14.327540
-0.403674 0.023174 13.586002
1.051164 -1.102826 13.880913
0.850714 -0.252927 13.341433
0.616571 -2.056587 13.482385
-0.990550 -0.404014 14.242847
0.892542 -0.187313 13.882924
-0.922215 -2.410767 14.402514
0.861628 -0.185413 13.899814
0.655937 -1.714319 13.666591
0.653521 -1.820592 13.532622
0.162935 0.196972 14.912143
0.154194 0.734368 17.119587
-0.873837 -1.478726 15.671114
0.871604 -1.854676 18.208839
-0.361196 -2.203291 16.892544
-0.579083 -1.818497 19.054707
1.242678 -1.337466 14.449641
1.257159 -0.123173 14.390451
0.716519 0.887439 18.101456
1.228920 -1.337570 14.419304
1.226468 -0.151952 14.324430
1.174383 -0.195535 14.211133
-0.802240 -0.801857 16.817894
-0.359868 0.544382 19.427681
-1.079061 -1.455109 14.158911
-1.069866 -1.460191 14.288244
0.635066 -0.153295 14.037855
0.595753 -0.220483 13.493718
-0.143493 0.124431 13.620400
0.668989 -1.697288 14.086321
-0.356737 -0.051900 13.700620
-0.649524 -0.575834 19.323309
0.648559 -1.707457 13.671908
-0.145276 0.072578 13.731481
-0.486616 0.068853 13.754570
-0.353211 -0.112116 13.599265
-0.146077 -0.013639 13.839927
-1.005387 0.217601 13.890659
-0.153428 -0.102440 13.684562
-0.477838 -0.043510 13.805075
-0.394092 0.049036 13.646830
-0.654472 0.388670 18.958122
-0.951841 0.329581 15.736300
-0.857951 -2.151883 15.693669
-0.836433 -2.196791 15.589403
-0.428452 0.558756 19.447485
0.596510 0.222375 21.364981
0.259236 0.452032 20.696466
0.146231 0.237585 14.531540
-0.168069 -1.214611 20.963697
-0.483443 -2.409113 14.553196
0.655178 -1.539715 13.276085
1.214805 -0.154782 14.310007
0.695038 0.418905 14.447200
-0.213468 -0.119288 13.617768
0.647064 -2.033353 13.546161
0.649520 -1.833329 13.505329
0.709059 -2.283708 14.535991
0.636683 -1.719507 13.520823
0.668911 -1.663198 13.907745
-0.979408 0.157926 13.806675
-0.833840 0.323962 14.426883
0.648281 -2.081225 13.569845
0.635509 -1.850365 13.673321
0.628640 -1.821406 13.463320
0.659275 -1.710174 13.691683
-0.880488 0.317670 14.426080
-0.838302 -0.616406 17.143215
0.668168 -1.841396 13.548339
0.586818 -0.237031 13.364642
0.636790 -1.994812 13.580441
-0.910058 -2.425945 14.697385
0.641555 -1.480259 13.710312
-0.771327 -2.125662 17.835333
0.930248 0.066495 19.844137
-1.076289 -2.264852 14.327196
0.556455 0.065453 20.864613
-0.708881 0.382386 14.853137
0.534418 0.444326 16.764479
0.688534 -1.713035 14.305998
0.977771 0.130610 20.196585
-0.736349 0.354905 15.097822
-0.278635 0.780129 16.310820
0.819039 0.247909 16.000769
-0.264323 0.463994 15.593205
-0.418502 0.630976 19.730457
-0.791225 0.257241 14.323652
-0.983625 -0.579512 16.318707
-1.017708 -0.554477 16.497427
-0.588777 -1.821822 19.236290
0.891646 -1.784821 18.349987
0.643107 -0.151878 14.372091
0.458116 -2.399741 14.431394
0.542872 -2.409774 14.535307
0.868264 -0.216815 13.821570
-0.008697 0.163122 14.439779
0.861119 -1.367514 14.211891
0.799142 -0.174724 14.182168
-0.939753 -2.364103 14.399477
-0.908221 -2.430555 14.888771
0.716524 -1.426920 14.441094
0.698161 -2.156663 14.148204
-0.459155 0.175665 14.427057
0.809634 -1.398451 14.077291
0.705111 -2.434342 14.256619
-0.455074 0.160629 14.401792
-0.833844 -2.184182 16.634367
-0.489148 -2.429469 14.609247
-0.839044 0.341180 14.450489
0.924414 -1.367472 14.357715
-1.014696 0.021526 14.181123
0.679796 -1.909918 14.124846
0.668164 -1.751105 14.071060
0.847948 -0.187619 13.917294
-0.152997 0.023913 13.835505
1.044795 -1.358735 14.229387
0.716890 -1.594033 14.504750
0.664043 -2.000640 14.096593
-0.795808 0.107554 13.906990
-0.287515 0.196408 14.519957
-0.853615 0.254780 14.331963
0.749981 -1.435823 13.939415
0.680316 -0.357945 14.538186
0.710268 -1.586046 14.478807
0.684985 -1.471788 13.913994
0.744599 -1.503550 13.968275
0.817145 -0.177215 14.139565
0.597632 -0.182110 13.798382
0.165407 0.200289 14.927032
-0.010546 0.157657 14.437887
0.685500 -1.783769 14.107397
0.713276 -2.336222 14.700842
0.680442 -1.699790 14.101425
-0.700878 0.367839 14.835449
0.680795 -2.400246 14.615916
0.713008 -1.915435 14.342756
0.668630 -1.691722 14.069069
0.688348 -1.970617 14.244885
0.899571 -1.368138 14.145349
-0.542087 0.488647 14.705227
-0.775144 0.345943 14.512209
-0.666821 -1.993438 18.972334
0.855444 -1.144841 17.371698
-0.397010 0.442130 16.360323
-0.906117 -2.297933 14.673654
0.711371 -1.593604 14.489395
0.605731 -0.184753 13.837335
-0.200594 0.018465 13.593968
0.721051 -1.489868 13.938261
-0.790602 0.070108 13.781739
-0.505353 0.063402 13.732406
-1.050113 0.014775 14.122731
-0.199834 0.011148 13.588871
-0.293353 -0.099665 13.645839
-0.154374 0.194082 13.877731
-0.490001 0.020659 13.693262
-0.797523 -2.114860 17.274696
-0.928579 0.288546 13.997546
-0.477141 -0.074058 13.722637
0.749822 -1.656328 14.074610
-0.467046 -0.095309 13.698933
0.838669 -0.148698 14.212014
-0.461100 -0.096559 13.694475
-1.012212 0.045697 14.159540
0.867330 0.968917 18.899015
-0.245409 0.015191 13.604872
-1.000919 0.066129 14.091323
0.695447 -1.838173 14.296979
-0.498660 0.118493 20.368250
0.301810 -2.240373 16.815800
0.255930 -2.367220 15.937180
-0.760003 0.354768 14.773881
-0.696459 0.318573 14.430575
-1.078953 -1.462868 14.290084
-1.057545 0.115247 14.146507
0.666983 -2.363370 14.889504
0.693881 -1.638010 14.315883
0.958382 -2.103244 16.540209
-1.078882 -1.463997 14.290172
-0.900216 -2.227721 16.702274
0.857509 -1.927438 18.723915
-0.829620 0.395454 15.111859
-0.766509 0.375852 14.809307
-1.098836 0.039926 14.042807
-0.973044 0.257421 14.081824
-0.480038 -0.079892 13.717206
-0.841993 -2.255932 15.639071
-0.517472 0.284734 14.344606
-0.890741 0.441573 14.860783
-0.818276 0.314466 14.422163
-0.983811 -0.556073 14.240165
0.848342 -2.043913 17.993263
0.830591 -1.167093 17.247099
-0.184734 -1.251285 20.878700
-0.011837 0.177033 14.481066
-0.385122 0.205158 14.447573
0.478392 -2.367059 15.084155
-0.379746 0.185812 14.407468
0.465738 -2.347461 15.032650
0.600364 -2.345401 15.172957
0.691987 -2.348884 14.952043
-0.484166 0.282741 14.605619
-0.701381 0.354311 14.581573
-0.616059 -2.365049 15.353575
0.738130 -2.329316 15.557063
-0.760633 0.390007 14.909125
-0.442105 0.371906 14.460115
0.163818 0.181051 14.886435
-0.881986 -2.380339 15.167688
0.163745 0.185841 14.885667
0.627142 -0.183461 14.123576
0.684260 -2.301356 14.607872
0.671926 -2.074227 14.233458
0.670762 -2.073626 14.234871
0.676804 -1.707255 14.278029
-0.010980 0.182383 14.480521
-0.708935 0.397416 14.965712
-0.432001 -0.079834 18.945234
0.450405 -2.275049 15.926088
0.605229 -0.197346 13.902973
0.675478 -1.957894 14.219520
-0.573541 -1.784757 21.223080
-0.407150 0.573597 16.753519
0.316851 -2.189610 16.683176
0.879857 -1.774750 18.273443
0.829833 0.025805 18.043474
-0.537561 0.441324 14.618090
-0.534011 0.421650 15.313080
-0.818722 0.350522 14.935275
-0.286800 -2.217859 16.746180
-0.810988 -0.655096 16.869520
0.193138 -1.564240 20.364677
-0.891606 -2.393384 14.848898
-0.857094 -2.228602 15.712875
0.699392 -2.316754 15.567393
0.505675 -2.355007 15.240602
1.011572 0.518410 16.734146
-0.619996 -2.360598 15.380361
-0.506088 0.367376 15.061254
0.168577 0.216387 14.958162
-0.337778 0.529845 14.832952
-0.163015 -2.329080 15.450752
0.754891 -2.371330 15.625279
0.782210 0.255831 17.057806
-0.935060 0.274897 15.563156
-1.003014 -0.133520 16.867443
0.425853 -0.245105 19.932741
0.740067 -2.226417 15.574224
-0.608121 -2.360900 15.347912
0.876922 -0.572707 18.309883
-0.590214 0.667892 18.867487
0.577758 0.555878 17.022814
0.692480 -2.310183 15.544023
0.689543 -1.838102 15.423220
0.485813 0.346040 16.457590
-0.614660 -0.179986 19.636177
-0.292912 -2.222229 16.786364
0.869549 -0.697844 17.423307
-0.576754 0.411682 15.217833
-0.622747 -0.120727 20.210756
0.600590 0.760884 15.092508
-0.280619 0.775460 16.305786
-0.163961 -2.009378 18.447748
-0.775634 0.376931 15.143204
0.900431 -1.046273 18.906147
-0.163567 -2.338037 15.487370
-0.365194 -2.234863 16.822222
0.809507 -2.153162 17.064783
0.937268 -1.974826 19.211193
0.908041 -1.041816 18.953241
0.225325 0.678038 15.102603
0.567074 0.649345 14.938710
-0.581611 -0.676469 18.525532
-0.571366 0.371236 15.132248
-0.289452 -2.216061 16.696884
0.733535 0.470034 15.522301
0.225240 0.674955 15.102770
-0.916455 -0.209075 15.973773
-0.086808 -2.325416 15.747055
0.217759 0.664614 15.113377
-0.204793 0.984212 19.443260
-0.805807 0.080296 16.729256
-0.685099 0.410466 15.225760
0.160429 0.184151 14.893555
-0.951459 -1.436878 16.756973
-0.023165 -2.210498 16.763294
0.539377 -2.200234 16.557676
0.735196 -2.341175 15.617646
-0.179657 -1.969541 19.520601
-0.882400 -2.198236 16.584024
-0.868618 -0.802694 16.951109
0.095628 -2.006328 18.443354
-0.856367 -2.354623 15.242566
-0.774270 -2.118080 17.799191
-0.637592 0.417696 15.237370
0.854454 -1.135561 18.149603
0.644321 0.556851 19.354277
0.142550 0.263372 17.614826
0.796588 0.281593 17.133232
-0.753988 0.371578 14.884416
-0.924583 -1.426741 16.592232
-0.757826 -0.117398 18.048672
-0.963655 -0.511425 16.627460
0.927526 -1.997267 16.396410
0.227023 -1.583718 21.001190
-0.567646 0.462487 15.370571
0.621867 -2.340350 15.622178
-0.163247 -2.334740 15.464017
0.321001 -2.200695 16.760689
-0.251781 -2.313074 15.744970
-0.846357 0.400455 14.841663
-0.984032 -0.164616 16.753887
-0.683098 0.426814 15.548820
-0.595304 -0.118094 16.759123
-0.850188 -2.337780 15.624519
-0.471610 0.325247 15.098012
-0.732188 0.409823 15.526066
-0.979685 0.396063 16.570789
-0.836030 0.391209 15.009604
-0.414688 0.374047 14.654110
-0.787703 -2.372688 15.708258
-0.450453 0.251010 14.972635
0.775550 -1.369392 20.081305
0.944669 0.376615 19.586279
-0.759952 0.390504 14.845212
-0.229061 -0.055247 20.372395
0.606752 0.785973 15.123345
0.714123 -2.298026 15.486423
0.146917 0.182492 14.596440
-0.855418 -2.349633 15.659915
0.377143 -1.996895 18.292725
-0.864891 0.386245 14.878784
-0.884915 0.376421 14.641385
-0.604561 -1.848393 19.610695
-0.420361 0.359315 17.675943
-0.695358 -0.059551 16.740633
-0.201170 0.443999 15.463364
0.274726 0.523112 17.065426
0.604957 0.772514 15.114651
-0.978126 -0.684949 15.928466
-0.774210 0.426381 15.562586
-0.699359 0.358916 14.853453
0.953741 -1.035261 19.119795
-0.494594 0.919550 19.495829
0.652855 -0.406336 14.453469
0.647545 0.452004 20.529800
-1.029310 -0.275544 16.174618
-0.336775 0.169301 14.914227
-0.859162 -2.277726 15.704117
-0.585235 0.404164 15.174974
-0.901197 -2.284928 15.864549
-0.165694 0.611371 17.637041
0.602544 -2.330747 15.184834
0.868146 -0.578865 18.257727
0.504789 -0.086010 21.098263
-0.719250 0.513018 17.018204
-0.526424 -0.025803 20.923765
0.267740 0.505748 17.041317
0.831233 -0.726119 17.192650
-0.749199 0.408320 15.279593
-0.583801 0.444931 15.698941
-0.347887 0.179107 14.926753
0.599918 -2.294540 15.472656
0.195370 0.550518 14.874155
-0.344696 0.213986 14.996511
1.116724 -1.478232 20.447237
-0.759211 0.420397 15.234267
-0.416840 0.519318 16.130724
0.159620 0.190504 14.903170
-0.081003 -2.327151 15.856019
-0.016554 -2.205796 16.825867
0.678981 0.428936 15.343423
0.245493 -2.301955 15.876780
-0.065350 -2.359281 15.931587
-0.690518 -1.963632 18.786774
-0.889789 -0.751815 15.560432
-0.251838 -2.317841 15.754553
-0.738788 0.031141 16.726299
-0.740353 0.386228 15.314283
-0.750926 0.420164 15.375056
0.153740 0.385799 20.438766
-0.355591 0.394052 15.369905
-0.851081 -0.168552 16.709274
-0.199795 0.363236 15.326177
-0.892780 -0.536510 15.520476
0.058419 -2.331355 15.358787
-0.799902 0.453581 15.471981
-0.660501 -0.429378 19.380981
-0.625172 0.494014 16.434216
-0.971656 -0.517267 16.697264
-0.756377 0.425879 15.297910
-0.613391 -1.857875 19.759884
-0.388064 0.610869 15.735503
-0.613602 0.475081 16.378832
-0.474798 -0.087966 19.992455
-1.069164 -1.423500 16.877254
-1.073731 -0.301657 16.230433
-1.062891 -1.413630 16.956207
0.497024 0.540079 16.409073
-0.911857 0.333037 15.410257
-1.058822 -0.322173 16.168970
0.554602 -2.363019 15.040801
0.687125 -2.332896 15.167039
-0.523015 0.386302 15.090461
-0.139094 0.603380 16.631781
0.486237 0.313806 16.381819
-0.779755 0.394468 15.176078
-0.662965 0.411895 15.222495
-0.480352 0.082995 19.845934
-0.161114 -2.342896 15.491583
0.476722 -2.358811 15.065460
-0.820859 0.371059 15.001156
-0.498047 -1.720731 20.872255
-0.157928 0.665174 19.331276
0.745240 0.562736 15.554215
-0.791021 -1.272494 17.052185
0.310721 1.202495 20.770124
-0.622763 0.489118 16.407698
-0.397497 0.430602 16.410435
-0.270733 0.670925 16.107553
0.949521 0.300210 18.779722
0.244133 -2.289126 15.841952
-0.903733 0.207531 15.418551
-0.252098 -2.321034 15.771587
-0.389934 0.584340 15.685337
-0.735941 0.411221 15.261245
-0.695415 0.443043 15.567850
-0.459773 -0.172788 19.520023
-0.755267 0.421371 15.294174
0.606667 -2.351904 15.196812
0.692064 -0.528501 15.345188
-0.590988 -0.114888 19.181549
0.332321 0.508618 15.429824
0.880588 -1.869579 18.341202
0.995396 -0.441456 17.974234
-0.437203 0.429823 15.532954
-0.211680 0.584380 15.737655
-0.175269 0.541083 15.661194
-0.204421 0.593853 15.750060
-0.949420 0.297456 15.586052
-0.465784 0.659283 19.840664
-0.984578 -0.564159 16.767656
-0.688765 0.508332 19.371342
-0.697472 0.371414 20.329718
-0.434205 0.499751 15.911200
0.825635 0.201258 17.969254
-0.272836 0.682248 16.129629
-0.826748 -1.270408 17.304602
-0.994870 -0.561509 16.818548
0.436440 1.116505 19.429296
-0.420952 -1.579080 21.025797
1.133948 -0.343428 18.611252
0.505499 0.542213 16.418283
0.558456 0.695056 16.723982
-1.253754 0.114115 17.912136
-0.585477 0.689771 18.590267
-0.679876 -0.117571 16.552427
-0.754665 -2.050310 17.046185
0.473468 -2.346699 15.192201
0.693655 -1.836834 14.304661
0.491341 0.554121 16.448389
0.644334 -2.312157 15.531127
-0.418651 0.373601 15.547080
0.711983 0.411004 15.434033
-0.197534 0.161871 14.884461
-0.049981 0.176314 14.901528
0.831388 -0.727369 17.208082
0.640970 0.739513 19.393631
-0.787773 -2.142408 17.971621
0.237250 -2.275920 16.027212
-1.003702 -0.556425 16.862677
-0.740011 0.035898 16.762711
0.662832 -0.149413 14.377053
0.541997 -2.206560 16.828526
-0.795930 -2.153561 17.184580
-0.160807 -1.998759 18.840240
-0.765883 -0.170101 17.922855
-0.723817 -0.996530 19.127129
-0.600943 -2.268117 16.477642
0.487775 -2.255139 16.359339
0.161299 -1.854184 19.925446
-0.328899 0.531287 16.402977
-0.513218 0.937783 20.857197
1.084908 0.475715 16.686672
-1.098172 -0.328996 16.233858
-0.136026 0.650551 16.741089
-0.453583 0.451617 15.437895
-0.573619 0.451268 15.740958
-0.883218 -2.244694 16.290785
-0.752766 -0.336627 17.917732
0.882523 0.223764 18.988415
-0.776797 0.427213 15.562455
0.455231 0.973537 18.746237
-0.471202 0.442249 15.749362
1.151466 0.169864 20.596354
1.112085 0.581828 20.535574
-0.442423 -1.582030 21.347334
0.316794 -2.181882 17.121140
-1.427515 -0.396506 17.509783
-0.870819 -1.397005 15.630110
0.324386 0.465475 15.354361
-0.524703 0.207946 20.451323
-1.122206 0.014190 16.564533
-0.872663 -0.839815 16.944672
1.252339 0.849398 20.334444
-1.212431 0.110010 16.869452
-0.887243 -0.396408 16.880348
0.784484 0.114828 17.794718
-0.729496 0.364821 17.509386
-1.174797 -1.459951 16.710505
0.887424 -1.135676 18.333904
-1.096289 0.026041 16.757420
1.188239 0.633744 17.007067
0.805080 1.231791 19.573177
0.355669 1.103273 18.411594
-0.780533 -2.100717 16.306377
0.671991 0.372366 15.223526
-0.795628 -1.601876 17.925186
-0.616500 0.067905 16.706308
-0.708231 0.481651 16.182631
-0.165480 -2.000968 19.157177
-0.742709 0.453528 16.381548
-0.782758 0.052589 16.641565
1.178567 -2.093840 17.025709
-0.673717 0.172441 16.956322
-0.637941 -0.351627 19.423414
-0.734675 0.443954 15.357395
0.564576 -2.319560 15.511440
0.522353 -2.189384 16.880070
-0.119363 0.510211 15.415201
0.422289 -2.017449 19.366404
-0.800198 0.446429 15.313567
-0.956322 -2.049743 16.006229
-0.122625 0.489109 15.384631
-0.138161 0.694508 16.803528
0.711699 -2.308598 15.561666
-0.904836 0.397851 16.503555
-0.218971 0.913027 18.998028
0.552769 -2.217898 16.914854
-0.696114 0.443771 15.569520
-0.880340 -1.400967 15.638051
0.217021 0.480312 15.275906
-0.823180 -0.641375 16.966021
-1.062764 0.231364 15.962138
-0.704877 0.461579 15.959844
-0.781340 0.478714 15.355062
-0.770941 -2.109839 17.028181
-1.094974 -0.625250 16.222263
-0.288018 -2.245579 17.474112
1.127887 0.480597 16.705559
-0.212048 0.598935 15.723914
-0.445348 0.565590 15.845225
-1.025980 -1.393015 17.049179
-0.834492 -0.683531 16.804512
0.798799 1.161163 20.761992
-1.104687 -0.458036 17.197140
-0.988898 -0.224035 16.717134
0.131185 -3.067198 21.367292
0.195940 -2.259686 16.324165
-0.911314 0.436005 15.937238
-0.739399 0.496685 16.007334
-0.656937 0.182505 16.962580
0.873447 -0.579071 18.289757
-0.690923 0.453987 15.683002
-0.786793 0.085048 16.730299
0.834060 -2.064074 17.018068
-0.912353 -1.557568 15.780472
-0.443743 0.504538 15.724724
-0.931102 0.391160 15.445154
-0.836308 -0.135706 16.757627
-0.569351 0.443585 15.523704
-0.445861 0.490903 15.626175
-0.855915 -0.107299 16.838940
-0.912371 -0.944550 15.677265
-0.911655 -0.946171 15.675369
-0.503804 0.460503 15.530133
-0.674736 -0.544426 19.799423
-0.458371 -2.302830 16.052883
0.767367 0.485834 15.559653
-0.821506 -1.922088 15.589783
-1.121035 -0.868909 16.328400
-0.728551 0.479528 16.080992
-0.953587 0.297516 15.557007
-0.699298 0.457261 15.682640
-1.102433 0.297230 16.089352
0.361406 0.623550 15.580596
-0.704755 0.468807 16.063993
-0.742980 0.467723 15.713051
-0.206215 0.585485 15.731513
-0.176610 0.608205 15.768633
-1.099104 0.128563 16.167683
0.638807 0.720255 19.331911
-0.785989 0.462851 15.698468
-0.526267 0.475081 15.794700
0.255208 -2.236562 16.462519
0.782397 0.514258 15.612137
-0.828258 0.405714 16.901611
-0.102731 -2.246774 16.507343
0.822377 0.324541 17.219072
-0.907790 -0.696000 15.596082
-0.418824 0.528540 15.905316
-0.654855 0.185147 16.970114
0.469080 -2.233669 16.484789
0.582533 1.379494 19.845684
-0.467334 0.517255 16.058430
0.933106 -2.074278 16.086807
-0.465076 0.503489 16.037025
-0.712610 -2.007213 18.574757
0.465792 -2.233126 16.484995
0.886822 -1.919948 15.982759
0.832421 -1.815058 15.841798
-0.330519 -2.260266 16.485405
0.247187 -2.246554 16.526190
0.246821 -2.239552 16.526142
-0.862354 -2.208068 16.740841
-1.361510 -0.126129 17.193417
-0.815246 -0.803852 16.966454
-1.359749 -0.125786 17.194536
-0.966224 -1.330868 16.822166
0.281750 0.394503 17.384491
-0.703252 0.455617 15.588083
-0.896368 0.450155 16.113787
-0.610435 -1.803210 20.910246
-0.443472 0.533696 15.769470
-0.560257 0.450396 15.567924
1.048939 -2.043360 16.395496
-0.801907 -1.265149 17.195175
-0.764860 -0.321030 17.992725
-0.201080 -2.270216 16.268541
0.679607 -3.316903 20.140957
0.449527 -2.219799 16.504265
-0.172420 -2.286596 16.326691
-0.790262 -2.120860 17.151739
0.459660 -2.231797 16.530214
-1.009668 -0.227625 16.802210
-0.879035 0.455627 16.288776
-0.612781 0.443361 16.906561
-0.633662 0.465249 15.970654
-0.591098 0.378807 16.773411
-0.608438 0.007017 19.420574
-0.109490 -2.237582 16.565054
-0.831753 -2.234959 16.763094
-0.403113 0.516258 16.573679
-0.450208 0.570037 19.506933
0.520299 0.386677 16.502895
-0.976295 0.344690 16.190348
-0.718573 0.504443 16.209332
-0.724022 0.440702 15.865877
0.316482 0.625962 17.952265
-0.471119 0.483405 15.931498
-0.348234 -2.250400 16.601913
-0.720633 -2.007651 18.698946
-0.552091 0.573194 18.609884
-0.410593 0.494127 16.162287
0.193105 -2.256025 16.313377
-0.155983 -2.262738 16.356445
-0.839390 -0.672526 16.869080
0.880388 0.993147 18.965248
-0.735805 0.484133 15.999331
-0.838995 0.214804 18.364445
-0.315841 0.609803 17.656578
0.241526 -2.234751 16.640602
-0.511037 -2.253989 16.634775
-0.282244 -2.239410 16.531559
0.807072 0.536109 16.869854
-0.428110 0.579448 16.443321
-0.746473 0.518898 16.360743
-0.277313 0.723640 16.241165
0.411506 -1.973945 19.488604
-0.843486 -1.277498 17.263111
0.862294 -1.228241 18.168133
-0.910235 0.427425 15.893727
0.460322 -2.221627 16.570221
-0.701076 -1.991072 18.460772
0.890930 -1.050286 18.850454
-0.542991 0.702650 19.439693
0.257103 -2.224435 16.656685
1.133494 -2.188040 17.013035
0.435588 -1.689102 20.437809
-0.099125 -2.227017 16.600653
-1.009060 -0.557401 16.898144
-0.620029 -1.871001 19.780947
-0.112316 -2.232353 16.635717
-0.103466 -2.237111 16.599049
-0.181490 -2.241256 16.478462
0.738743 0.405109 15.473861
-0.396753 0.425436 18.261812
0.792682 -2.224991 16.461861
0.844526 -2.068216 17.282972
0.172245 0.440038 17.790836
-0.729230 -0.098650 16.745985
0.837149 -0.665581 17.233397
-0.584222 -0.232448 19.561089
-0.531311 0.521065 16.107273
-0.214148 0.429255 17.742149
0.243753 -2.221739 16.650137
-0.856027 0.405290 16.218426
-0.703608 0.457952 16.391445
-0.270551 0.678188 16.145365
-0.512273 -2.248443 16.498451
0.503452 0.356482 16.446720
-0.763340 0.477310 16.440424
0.839478 -2.136643 17.284830
-0.822733 -1.711160 18.148676
-0.830980 -1.273849 17.244003
-0.136347 0.615808 16.676350
-0.433351 0.466237 17.958117
0.731339 -1.707883 15.566637
-0.595788 -0.226226 19.484873
0.284098 0.612965 17.631336
-0.405401 0.500460 16.256020
-0.466012 0.498113 16.454796
-0.019656 0.585867 17.609722
-0.793074 0.040666 16.641260
-0.782726 -2.135155 17.950848
-0.849044 0.105579 16.702152
-0.860321 -0.294621 16.684259
-0.332096 0.505257 16.359779
0.463626 -2.215272 16.681273
-1.015865 0.423742 16.347122
-0.884946 0.429671 16.118980
0.815789 0.087496 17.957418
0.466955 -2.218268 16.686049
-0.133799 0.524829 16.519079
1.137550 0.306777 16.362526
-0.278810 0.594492 17.193710
-0.059099 -2.667504 18.151310
-0.757641 0.494467 16.489075
0.279367 0.607990 17.326460
-0.870477 0.256994 16.537838
-0.734804 -0.031691 16.711033
0.151988 0.665126 17.226578
-0.458771 0.629736 16.081079
-0.857602 0.403616 16.184259
-0.801006 -0.104588 16.871668
-0.401864 0.494806 16.514921
-0.780840 -2.150528 18.011606
-0.295958 -2.244343 16.705603
0.467396 -2.228436 16.713913
-0.733060 0.487073 16.142218
-0.284683 0.813464 16.364096
-0.355959 0.641753 17.486040
-0.428982 0.550773 16.154667
-0.394584 0.596550 16.353273
-0.336938 -2.236730 16.821398
-0.467343 0.507153 16.462831
-1.082907 -0.565713 17.108063
-0.639244 0.495503 16.013519
-0.028903 -2.148899 17.612658
0.245085 -2.220617 16.802925
-0.806026 -0.482139 16.822996
-0.907144 -0.222676 16.900005
-0.810416 -0.713748 17.840210
-0.677620 -0.033963 16.701315
-0.559381 0.730139 19.495955
0.700802 -0.354709 15.427711
0.087715 -2.153934 19.401674
0.289251 -2.130911 17.623732
-1.140552 -0.153037 17.239056
0.357197 0.585913 17.966400
1.017543 -2.192045 17.017492
-0.402487 0.464271 16.465055
0.848582 -0.599045 18.114626
0.703168 0.981960 19.014702
0.837203 -0.588989 17.151640
0.803034 -1.074837 17.068949
0.847418 0.011463 17.344515
0.827782 -2.079734 17.059906
0.798000 -1.094719 17.107315
-0.693966 0.484819 19.154724
-0.385903 -1.473223 20.166496
-0.642120 0.099247 16.762062
0.789514 -2.003626 19.036085
0.033978 -2.048626 18.767805
0.519003 -2.185280 17.427658
-0.633445 0.241734 19.962561
-0.396398 0.461793 16.467939
-0.616087 0.295093 16.493515
-0.211517 0.436722 17.748772
-0.203110 0.656691 19.318518
1.017355 -2.192290 17.016403
-0.799066 -1.363910 17.912746
-0.178473 -2.251814 16.521215
-0.751105 0.534254 16.917063
-0.753324 0.590832 16.321438
-0.439324 0.636915 16.346869
0.870724 0.228153 18.153080
0.810575 -1.227399 17.933352
-0.751547 0.545024 16.937193
-0.541742 0.612407 16.333721
-0.436986 0.638491 16.350252
0.279954 0.625362 17.657797
-0.829261 0.413432 16.910976
0.823059 -2.174789 17.104408
1.064029 0.449873 16.676907
0.384475 0.676423 18.189980
-0.725254 -1.101722 19.137409
-0.854405 -1.283242 17.320740
0.567165 0.619190 17.607161
-0.611736 -0.081249 16.859247
-0.612562 -1.855950 19.703762
-0.689657 -1.481450 19.063847
-0.788222 -2.143511 17.985973
-0.151204 0.668295 19.342533
-0.307382 0.427913 17.739191
-0.289045 -2.156797 17.707701
0.788338 -0.756210 16.952612
-0.689382 -1.963335 18.451088
0.856094 -2.167760 17.047922
-0.198148 0.447679 17.742447
0.039494 -2.056070 18.909370
-0.801362 -1.135062 17.859159
0.646170 0.548688 19.326481
-0.448980 0.566926 19.474630
-0.014666 0.592669 17.328632
-0.568010 -1.782568 21.149134
-0.422761 0.599308 16.392212
-0.587166 0.724881 17.992661
0.995715 0.386308 20.457216
-0.603524 0.600054 18.465940
-0.337676 0.477901 16.942902
1.168912 -2.210106 16.479858
1.057164 0.472097 20.775021
0.667742 -0.246229 15.350447
-0.674268 -2.012130 19.227385
0.543725 0.662604 16.583555
-0.732907 -2.146837 17.975864
-0.776596 -0.362514 18.063795
-0.796273 0.109636 18.052908
-0.776825 -0.353358 18.085077
-0.808320 -0.773924 17.825958
0.426035 0.668525 17.724680
0.615803 0.836070 16.823284
0.828336 0.973502 20.642647
0.613287 0.830816 16.820242
1.201987 -2.120835 16.876890
0.186970 0.390858 16.499916
0.775708 0.207257 17.109369
0.487111 -1.824055 20.901989
-0.755708 -0.179557 18.257166
-0.519988 0.502825 16.471977
-0.634167 0.514340 16.468433
-0.455975 0.465399 16.473969
-0.736182 0.545725 17.070330
0.808974 -1.180957 17.083029
-0.334735 -2.225576 17.020914
-0.321856 0.531857 16.548027
0.492760 0.554077 16.433294
-0.119357 0.462401 18.395329
-0.690868 -0.011754 16.757702
0.501148 0.540182 16.412586
-0.031948 0.354719 16.461508
0.768955 -1.192922 17.420500
-0.650185 0.558946 17.228849
0.695594 -0.211762 15.398620
-0.026776 -2.234631 16.757095
0.877996 -1.129024 18.210583
-0.158267 0.705163 19.423779
-0.338802 0.594789 16.644299
0.123919 0.527700 17.009558
-0.691342 -2.114902 18.307205
-0.363616 -2.208452 17.234917
0.759956 0.745494 16.662989
1.145748 -2.174508 17.017569
-0.228409 -2.218412 17.156841
0.835594 0.029265 18.073725
0.493049 0.318164 16.374863
-0.814639 -0.895777 17.905329
0.177086 -1.871226 21.423862
-0.358428 0.595470 16.646093
-0.367874 -2.207863 17.242413
-0.221849 -2.231603 16.819235
-0.164618 -2.184327 17.320753
-0.576865 0.534953 16.521078
0.282563 0.606828 17.328587
0.492520 0.318251 16.436289
-0.792324 -0.181369 18.266886
0.451829 -2.213126 16.856750
-0.217870 0.603896 17.666677
-0.678763 -1.350392 18.917198
0.890438 1.009078 18.974047
-0.632229 0.571746 17.498974
-0.222169 -2.230982 16.828671
-0.702223 -2.007579 18.447483
-0.073815 0.571911 17.593925
0.908233 -0.114966 18.315079
0.477796 -1.791578 20.914848
0.827540 0.099087 18.003153
-0.638174 0.527247 17.251961
-0.241050 0.630439 18.143690
0.875953 -2.056183 18.153166
0.822268 -0.101114 17.229198
0.182234 0.600872 17.619585
-0.041308 -2.138668 17.883432
-0.743000 -0.272080 17.846222
0.579226 1.221879 18.824137
0.293533 -2.118032 17.952892
-0.790056 0.089683 18.014309
0.818006 -2.112316 17.303185
1.094761 -1.838452 20.700497
-0.762207 -0.262645 17.932329
0.109960 -1.962068 20.474337
-0.506657 -0.045002 21.019276
0.848619 0.111711 18.064350
-0.645204 -0.215815 19.585203
-0.915145 -0.189350 17.223806
-0.816220 -1.276018 17.127382
1.552164 0.543829 16.846996
-0.032520 -2.136628 17.910881
0.490521 0.597949 17.061283
0.855438 0.127175 18.059988
0.966120 -1.928903 19.253103
0.489638 0.595103 17.061737
0.879530 -0.150678 18.203199
-0.424014 -2.023956 19.064528
0.485108 0.596231 17.062403
-0.707937 0.156383 19.615789
0.517199 0.692440 17.215006
-0.600556 0.674353 18.874767
-0.214124 -2.013289 19.020662
-0.190392 -1.842359 21.026972
0.854478 1.063674 18.864227
0.296345 -2.112663 18.016790
-0.692386 0.000946 16.775990
-0.831172 -0.145749 16.736406
-0.827375 -0.674146 16.742489
-0.807097 0.076422 16.694174
0.546226 0.437479 16.536484
0.787209 0.620568 17.720119
-0.610105 0.309034 16.523212
0.668076 0.718247 16.919731
-0.245964 0.581143 18.033321
0.874325 0.689290 17.072596
-0.725056 0.335577 17.179979
0.786024 -0.078496 17.131832
0.871621 -1.141222 18.194206
0.401739 0.835789 18.654383
-0.683808 -2.097463 18.265285
-0.201622 0.593944 17.612007
-0.224064 -2.184400 17.381998
-0.633287 0.341327 16.501953
-0.705867 -0.083266 16.745451
-0.822669 -0.684980 16.805553
-0.141457 0.478327 18.422466
-0.219669 -2.211538 17.116013
0.843599 -1.196407 17.670683
-0.821204 0.088599 16.757256
-0.612727 -0.085178 16.836168
1.008852 0.465195 19.991470
-0.847677 -0.129576 16.730579
-0.734660 -0.032310 16.790852
-0.665015 0.180199 16.915186
-0.849420 -0.299528 16.944565
0.917423 -1.898031 18.394989
1.242022 -0.288251 21.538080
0.872393 -1.130522 18.202488
0.469160 -1.914185 20.597828
-0.621070 -0.436472 19.152355
0.744751 0.137427 16.914667
-0.015083 0.591719 17.323961
-0.650732 -0.581646 19.579758
0.652908 0.739492 17.570103
0.487517 0.649764 17.368322
-0.208338 0.575286 17.319221
0.183239 0.823393 17.533401
-0.681070 -0.339411 19.594378
0.501679 -2.163351 17.354321
0.795129 0.233012 17.157047
0.773426 0.250591 17.039450
-0.852420 -1.275629 17.384201
-0.012767 0.614216 17.363659
0.083301 0.605967 17.331909
0.793053 -1.097055 17.099228
0.818756 -1.221132 17.330118
0.789399 -0.601072 16.945623
0.483794 -1.885640 20.508366
0.853710 -1.233575 18.188362
-0.719096 0.500251 17.000080
0.811982 -1.871715 17.035221
0.590222 0.659625 17.367655
-0.766537 0.029685 17.888012
-0.635038 0.109105 16.772381
0.385683 0.638767 17.358456
0.823683 -1.365225 17.031977
0.379703 0.617431 17.325329
-0.352496 0.511260 16.991528
-0.362583 -2.205781 17.233681
1.125176 -2.191479 16.991314
0.474553 -2.175227 17.155210
-0.756976 0.372450 17.206167
0.544279 0.751947 17.345787
0.797372 -0.164377 17.151491
-0.599264 -1.807320 20.888353
0.807714 -1.204592 17.307932
0.549481 0.768313 17.365431
-0.659627 -0.585549 19.703892
0.812808 -1.203249 17.308922
-0.591451 0.129258 19.580822
0.875095 -0.500445 18.190958
-0.509506 0.172599 21.169136
0.786805 0.657951 17.343164
0.355292 0.683913 17.259075
0.885619 0.373828 17.611797
-0.651807 0.159832 16.823616
0.868355 0.664121 19.079609
0.488665 0.660354 17.377810
-0.679146 0.040661 17.085138
-0.111349 0.636379 17.402664
-0.782960 -2.132107 17.852268
-0.367698 0.624585 17.158688
-0.314067 0.626632 17.701035
-0.334103 0.630390 17.156868
0.785736 0.153490 17.034826
0.820835 0.376387 16.917488
-0.684255 -0.086561 20.330948
-0.647898 0.337009 20.473267
0.820894 -2.124726 17.246983
-0.263335 -2.003233 19.275141
-0.430136 0.620495 19.646299
-0.816501 0.120667 18.186117
0.817437 -2.041215 17.226221
0.767697 0.704700 17.243767
-0.066933 -2.179771 17.387331
-0.589759 -0.139748 16.719746
-0.810221 0.723287 17.322092
0.784695 -0.211730 17.112593
0.895057 1.034911 19.058462
0.508292 0.692648 17.323925
-0.111435 0.590977 17.335075
-0.806720 0.722564 17.321728
0.640137 0.733466 17.295980
-0.684248 -1.082016 19.154678
-0.777621 -2.125902 17.961391
0.107631 0.617808 17.740725
0.827203 -1.174843 17.344717
0.708303 0.657398 17.663357
-0.659684 0.621234 17.499414
-0.739400 0.549692 17.077560
-0.666970 0.577306 17.176079
0.617350 0.594653 17.568592
0.812680 -0.575813 17.154116
0.838723 0.303736 17.538383
0.762268 0.695471 17.235746
0.085356 0.617543 17.355148
0.180687 0.603454 17.318302
0.650148 0.660564 17.672331
-0.016398 0.577351 17.300533
0.818726 -1.192772 17.100033
0.851726 -2.109702 17.652222
0.184389 0.621891 17.351233
-0.785401 -0.282457 18.068151
0.804442 -0.295209 17.173557
-0.210664 0.589745 17.338890
-0.490818 0.580251 17.296635
0.881231 -2.143449 17.740515
0.806902 -1.197384 17.537874
-0.645845 0.948226 18.312445
-0.808445 0.092812 18.131828
0.763715 0.186606 16.990316
0.676265 0.692206 17.727728
1.068027 -2.883285 20.520248
0.626907 0.648554 17.455475
-0.624637 0.589721 17.554682
-0.693166 -1.001630 18.955904
-0.293432 0.662940 18.820278
-0.609025 0.701732 18.469736
0.699195 0.968628 20.819532
0.517692 1.076489 18.596640
0.653511 0.851620 20.477289
-0.770171 -0.310709 17.965923
0.831220 -1.367798 17.052166
-0.234712 0.616333 17.805536
-0.635557 -0.030475 16.916210
-0.774461 -0.296821 18.000271
0.796073 -0.200745 17.153540
0.860248 0.666225 17.004181
0.794082 -1.076655 17.038881
0.817980 -2.111306 17.297977
-0.796467 -0.262655 18.170340
-0.693563 -0.308513 19.829552
0.890731 -2.070923 18.173109
-0.768744 -0.290958 18.012953
0.703215 0.998583 20.920696
0.790314 0.076391 17.926189
0.757203 1.100440 19.502106
-0.607916 0.686702 18.906851
-0.569089 0.618709 17.829308
-0.691542 -0.055866 20.518448
0.956155 -1.920985 19.194616
-0.697233 -2.042277 19.353878
0.830232 0.128778 18.066525
0.189774 0.426801 18.220545
-0.152793 0.736984 19.497927
0.804717 -0.686119 17.081846
0.964026 -2.020463 19.261656
-0.748316 0.575138 21.413622
0.811973 -0.213156 17.166662
-0.692311 -2.128720 18.411236
0.496304 -1.750165 21.348057
-0.698222 0.230574 19.975822
0.664003 0.892490 20.616043
-0.628496 -1.074304 19.713369
-0.571066 0.290052 21.393272
-0.512385 0.025611 17.942530
0.867167 -1.223292 18.177420
0.180400 0.379583 18.103682
-0.739631 -0.259184 18.198057
-0.732777 0.101270 18.169415
-0.317842 0.520914 17.908060
0.798581 0.241807 17.159260
0.843142 -2.077587 17.617628
0.812453 -1.200866 17.528282
0.806702 -0.592649 17.092237
0.811094 -0.586860 16.990297
-0.607097 -0.024600 16.810501
0.638421 -2.008312 19.277203
0.582506 1.390067 19.861694
0.799810 -1.182629 17.059902
-0.267498 0.582908 17.477255
-0.394671 0.421254 18.251451
-0.351767 0.601506 17.409420
-0.427969 -1.780742 20.028595
0.835432 0.296641 17.473024
0.792213 -0.171402 17.135656
0.593183 0.573514 17.521490
0.793317 -0.232902 17.140999
-0.605349 0.601088 18.515148
-0.298789 -2.174187 17.635239
0.216267 0.689435 18.204039
1.014120 0.895378 19.623009
-0.581331 -0.687939 20.149956
-0.403396 0.455004 18.324776
-0.660086 0.588989 19.456110
-0.606252 -1.796347 21.051504
0.222878 0.733645 18.278421
0.762937 -1.921858 20.158518
0.536710 -2.089594 18.091719
-0.539784 0.558018 18.209982
-0.382572 0.395349 18.198650
-0.775652 -0.007588 17.921391
-0.214870 -2.104986 18.206310
-0.733814 0.089249 18.178175
0.290892 0.590165 17.541481
0.010227 0.622133 17.751795
0.619170 0.622702 17.699184
0.692516 0.621596 17.608973
-0.165372 0.597176 17.616945
-0.614750 0.704751 18.469336
-0.548860 0.636289 17.953485
-0.460886 0.567056 18.044462
0.906841 -1.038542 18.945950
0.147082 0.403330 17.664238
-0.703898 0.253846 20.039579
0.025184 -2.069535 18.723175
-0.063071 0.391621 17.852390
0.793397 -0.250881 17.148186
-0.814498 0.416208 17.592148
-0.650412 0.640117 17.686716
0.639973 0.638718 17.633781
0.871477 -2.055482 18.093559
-0.649896 0.639038 17.689016
0.489881 0.974454 18.440805
-0.745565 0.583984 21.553375
-0.736402 -0.289090 18.165655
-0.629316 0.722658 18.092293
0.856022 -0.236795 18.139143
-0.575971 0.643136 18.820217
0.232542 0.841607 18.437639
-0.194679 0.883149 20.558830
0.783033 0.218193 17.124235
-0.703103 -2.016845 18.431993
0.831133 0.028483 18.077251
0.829532 0.135821 18.074301
0.796146 -0.689082 17.062973
0.183313 0.358638 18.086975
0.812759 -1.202734 17.073944
0.815086 0.270419 17.487909
-0.229491 0.603297 17.844654
0.876268 -1.877792 18.270134
0.812859 -1.200521 17.077419
0.870724 -1.870110 18.252047
0.813369 -1.200412 17.082537
0.848243 0.044915 18.099962
0.838125 0.033600 18.070513
0.832020 -1.220818 17.363174
-0.701856 -2.014638 18.435127
-0.804279 0.017916 18.052872
-0.806614 0.039136 18.095520
-0.747667 0.577281 18.986742
-0.446418 0.543072 19.408199
1.004337 -1.380064 19.485687
-0.733548 0.380168 18.097895
-0.659068 0.504139 19.478020
0.983887 -0.063874 19.387463
-0.269848 0.639518 18.782217
-0.273539 0.655401 18.828543
-0.354011 0.714364 18.203203
-0.738288 0.531486 18.888855
0.675945 -2.052739 18.562254
0.817971 -0.619020 18.032728
0.869980 -1.828082 21.034767
-0.725361 -0.544563 19.705053
-0.711925 -1.114896 19.095667
0.556575 1.320783 19.724562
0.853933 0.340998 17.851139
0.881179 -1.131920 18.205114
0.192740 0.428981 18.230877
-0.709419 -2.028824 18.452982
0.801534 -0.595565 17.080925
0.818395 -1.174994 17.330711
0.814246 -1.070040 17.143642
0.812289 -0.589150 16.981808
0.815103 -0.738204 17.174810
-0.775538 0.071445 18.246510
-0.535272 0.668611 18.180269
0.805956 -1.071057 17.123125
0.181366 0.335277 18.046305
0.846417 0.129161 18.067509
0.818351 0.272545 17.306059
0.783494 -1.191513 17.392111
0.777712 -1.190941 17.377819
0.818437 -1.112980 17.274683
0.841082 -0.604717 18.136120
0.804788 -0.352528 17.162868
0.794569 -1.207474 17.470957
-0.610882 -1.754645 19.711277
0.838771 -1.209212 17.565296
-0.703246 -2.050405 19.393906
0.838380 1.041960 20.544781
-0.599500 -1.843719 19.567371
0.820836 1.088488 18.759882
