ply
format ascii 1.0
element vertex 14790
property float x
property float y
property float z
end_header
10.729855 1.115268 -9.050623
9.512747 2.923915 -9.435966
9.625237 3.031662 -9.526168
9.450085 2.932782 -9.428976
9.436833 2.737788 -9.490788
10.957808 1.236038 -9.174155
9.416394 2.728205 -9.468298
9.339587 3.629395 -9.185529
9.557833 2.432040 -9.595942
9.661167 3.688250 -9.376330
9.557232 2.422528 -9.600338
9.949955 3.580452 -8.734344
9.682610 3.694938 -9.389762
10.590107 3.427824 -7.911935
9.617233 3.035730 -9.517620
9.712295 3.692620 -9.404943
10.513855 1.382911 -9.426987
11.532100 0.706046 -9.567462
9.536798 2.950184 -9.482715
11.133250 0.575451 -8.698255
10.159490 3.610903 -8.863929
9.844917 3.668833 -9.220953
12.163796 1.299313 -10.037012
9.685128 3.525368 -8.536383
10.532254 3.526571 -8.415011
10.186405 3.591045 -8.839247
12.662743 3.290320 -8.186296
11.377450 1.245477 -8.024135
9.733377 0.885250 -9.669199
11.144841 0.654306 -8.238564
9.643931 0.924692 -9.699544
9.649561 3.572678 -8.794146
11.234718 0.733063 -8.581838
11.113939 3.414861 -7.884770
10.574311 3.419850 -7.909503
10.100287 0.886166 -9.543823
9.858788 0.831896 -9.864737
12.616210 2.740580 -8.435557
10.330027 0.642339 -9.306138
11.112000 3.418542 -7.886426
9.888406 0.794444 -9.472197
9.950257 1.123924 -9.967121
11.424159 0.691523 -9.400692
13.038973 3.502473 -8.537267
11.309005 2.259255 -7.805858
12.647817 1.252390 -10.385859
11.518091 0.727072 -9.710102
13.128731 1.175643 -9.762036
10.403350 0.621431 -9.245022
10.641356 0.559437 -8.730260
10.574099 0.569792 -8.954947
11.237685 0.725760 -8.523087
11.345000 0.712400 -8.401709
11.500887 1.756936 -7.966689
9.930690 3.220834 -9.601558
11.360868 3.288861 -7.614366
11.088518 3.394787 -7.859683
11.497935 1.231371 -8.053576
12.227614 2.696155 -8.199379
11.175534 3.387912 -7.798274
10.447048 0.629103 -8.505685
10.552036 0.614880 -8.112152
11.579090 1.656693 -8.007341
11.046881 3.449437 -8.070098
10.552705 0.613517 -8.111591
11.228680 1.168293 -8.798739
10.245296 3.406473 -8.594506
13.195600 3.827975 -9.734742
11.507134 0.787681 -8.719690
9.763397 0.875257 -9.689952
9.705808 0.852123 -9.584509
11.154469 3.301564 -7.444216
11.164052 0.690202 -8.271235
13.332582 2.248291 -8.998429
10.040226 3.486764 -8.466449
10.168495 3.525363 -8.447058
13.691704 1.454047 -9.119646
11.850356 2.677637 -7.992793
10.442114 1.430858 -9.343679
11.431319 0.916699 -8.054460
10.292985 3.602489 -8.793259
11.546955 0.755461 -10.239189
11.282915 3.299882 -7.554965
11.409095 1.193318 -8.040954
11.278044 3.178749 -7.605885
11.169140 0.690151 -8.297583
11.038656 0.690110 -8.438162
10.057815 0.888782 -9.484154
10.504978 0.601857 -8.913180
11.848824 1.670975 -8.122376
13.447553 1.723502 -9.130484
10.613726 3.610400 -9.068081
11.164761 0.688162 -8.270555
9.632643 0.926590 -9.679406
11.108042 3.403512 -8.255898
10.308910 0.622530 -9.038549
9.593875 0.843319 -9.650083
10.307147 0.625432 -9.039616
12.105068 3.359426 -8.018677
10.205984 0.715674 -9.213856
11.345915 0.844063 -8.093118
9.767259 3.669767 -9.275815
10.594520 0.586044 -8.702439
10.084541 3.534471 -8.492704
11.407015 1.845105 -7.917097
13.875221 2.307122 -9.199674
10.061921 3.509874 -8.466031
11.341193 1.709362 -7.923256
10.437690 0.613493 -8.875915
10.482126 3.485732 -8.389595
11.223902 0.759107 -8.559341
11.307753 3.518920 -8.336984
11.087255 1.214877 -9.270460
11.347523 1.152069 -8.857192
11.292539 3.197791 -7.611395
10.769920 0.624274 -8.261816
10.773884 0.563109 -8.005208
9.340499 3.599453 -8.859855
10.860381 0.486994 -8.467101
11.591159 0.794866 -8.722043
11.111786 0.633540 -8.232407
12.113008 2.110032 -8.360384
11.242846 0.671969 -8.212778
11.197071 1.072336 -7.963307
11.010390 0.583191 -8.116679
11.632329 0.875217 -8.868764
9.948920 0.755563 -9.746904
11.073585 2.286555 -7.613067
12.119077 1.234012 -10.956458
10.060623 0.750796 -9.524113
14.139060 1.079732 -9.817784
10.985629 0.675765 -8.180774
13.087128 1.163820 -9.048234
11.081936 0.704252 -8.497156
10.922493 3.541275 -8.382058
10.792855 0.618266 -8.273296
11.026681 3.260676 -7.330711
9.805169 0.845966 -9.808083
9.658372 2.364185 -9.702229
11.075598 0.688611 -8.457827
11.058460 0.646697 -8.199374
10.116161 3.608791 -8.846765
11.995917 1.492682 -8.185853
10.991985 0.606748 -8.333416
11.310987 0.683667 -8.348458
11.239231 3.327780 -7.448578
10.702425 3.259363 -7.196561
10.366891 3.511366 -8.464275
11.108136 0.697949 -8.506897
12.353694 1.631935 -8.408059
11.674977 2.458759 -7.872561
11.443507 0.775107 -10.142392
11.368464 3.254002 -7.415047
11.948030 2.676653 -8.008486
11.557281 0.862334 -8.148943
11.666343 1.289811 -8.105053
12.249362 3.627587 -8.717531
10.867347 0.584430 -8.306587
11.368205 1.334863 -8.003963
11.220464 1.991320 -7.649087
11.215304 0.450052 -8.888241
10.443069 1.237392 -9.375269
11.119496 3.314027 -7.413338
10.950047 3.306571 -7.345633
9.859780 3.710449 -9.453309
12.525838 1.555436 -8.643869
11.994226 1.493656 -8.195786
11.403135 1.210245 -7.915318
11.917184 1.497442 -8.164153
10.433340 3.402738 -7.771832
10.923499 3.249807 -7.258236
11.414748 1.415886 -7.799218
11.295365 2.002999 -7.664117
10.341845 3.335192 -7.508978
11.153332 3.299811 -7.387088
11.273130 0.656187 -8.226465
9.832690 3.641884 -9.135422
9.290136 3.483209 -8.366047
10.062319 3.608067 -8.889527
11.013502 0.581519 -8.146724
11.636715 0.844220 -8.177213
11.447545 1.208142 -7.936656
13.362835 3.727219 -9.249222
11.306939 2.042733 -7.658584
9.908404 3.537991 -9.474925
11.849594 1.611941 -8.166348
11.259020 2.355013 -7.478077
9.686199 3.521775 -8.533932
12.299849 3.384707 -8.130385
10.139112 3.549055 -8.524372
10.433455 3.246007 -7.083189
11.683131 2.360621 -7.893143
9.641545 3.697725 -9.360349
10.657567 1.272995 -9.578241
9.640157 3.692357 -9.360970
10.374692 3.292717 -7.334452
9.710216 3.544482 -8.554386
9.946136 1.132049 -9.959377
11.038317 3.257918 -7.256860
11.549810 1.848354 -7.964418
9.890651 3.650879 -9.106466
10.616415 3.253001 -7.130492
9.878773 3.699921 -9.485900
11.413491 0.927529 -7.954636
9.953527 3.408802 -7.860589
14.337682 2.771177 -9.475256
11.246530 0.753635 -8.568883
12.628762 1.631355 -8.498215
10.122865 3.556130 -8.526386
9.280322 3.488340 -8.362287
11.863508 1.633343 -8.190924
11.046244 3.425674 -7.788021
14.185751 3.501306 -9.263960
11.765510 0.763778 -8.489063
11.082453 0.593823 -7.910650
12.046232 1.136895 -8.313683
9.339733 3.601425 -8.860908
9.351377 3.469898 -8.264454
12.915459 1.771862 -8.821491
9.664866 3.590934 -8.813337
11.259748 0.742700 -8.573036
13.541615 1.358083 -10.645639
11.262069 3.280645 -7.522805
12.114519 3.607172 -8.639106
10.936202 3.363967 -7.763436
10.782722 3.512348 -8.326696
10.484133 3.646225 -8.964018
11.443760 1.715630 -7.957030
12.396150 2.440766 -8.396577
10.115431 3.606951 -8.866672
12.638731 1.256651 -10.361110
10.935231 0.552111 -8.719760
10.830276 0.613069 -8.236908
10.921919 0.626720 -8.300234
12.014127 1.900254 -8.252507
11.564208 0.809060 -8.730771
10.451058 1.440809 -9.351729
11.241446 0.791148 -8.031840
11.714624 0.783475 -8.811843
11.107635 0.566761 -8.751997
12.929492 1.461858 -11.159517
11.078464 1.187105 -8.670917
11.570263 1.531292 -8.040421
12.600446 2.413655 -8.550482
10.969785 0.646950 -8.144361
10.763322 1.117789 -9.090215
9.924836 3.550897 -8.706511
10.251146 3.437779 -8.011891
10.104151 3.520517 -8.498182
10.924151 0.569568 -8.335951
10.956499 0.603190 -7.943090
10.541200 1.163150 -8.899734
10.390840 3.562172 -8.918698
11.063223 2.473858 -7.687104
11.201040 1.075715 -7.965250
11.605483 1.158180 -7.568866
11.728765 0.747523 -9.882148
10.470037 3.472668 -8.381245
10.751621 3.285105 -7.205426
9.782533 3.419946 -7.884183
10.273788 3.386480 -7.703507
10.016882 0.923228 -9.433977
12.320955 3.441320 -8.085256
11.134089 1.549422 -7.625638
11.324135 2.376279 -7.788071
10.690598 1.342008 -7.403970
10.863852 3.259443 -7.188243
11.048499 0.615707 -8.176235
10.946190 0.651063 -8.131945
9.960218 3.581809 -8.737912
12.779387 3.484483 -8.366582
11.049546 0.611171 -8.176343
11.731884 2.353388 -7.992387
10.043200 0.908904 -9.432861
11.188492 2.318097 -7.505704
11.927616 1.132879 -8.237299
11.944282 1.137209 -8.256666
10.153494 0.863832 -9.519168
12.250356 3.427172 -8.045007
11.532609 0.988033 -7.778244
10.608119 0.583905 -8.852529
9.971101 3.609981 -8.849772
10.097048 3.546805 -8.512443
11.343227 1.021082 -9.553923
11.639023 2.608217 -7.891130
11.186777 2.510099 -7.717469
13.650028 1.223886 -9.959940
11.387323 0.739955 -8.420321
10.960728 0.604815 -8.015454
11.367331 1.201006 -7.920351
10.962788 1.235533 -9.178370
10.734238 3.241374 -7.116755
11.286843 3.209494 -7.399302
11.490201 1.484973 -8.020245
11.500501 0.817747 -8.722471
10.630607 0.634690 -8.189752
10.125381 3.617346 -8.870610
10.635451 0.631398 -8.192495
9.944818 3.618232 -8.955100
10.039316 3.599033 -8.821184
10.152698 0.867900 -9.493628
11.478559 0.710036 -9.744565
10.985259 2.307391 -7.432762
13.326882 1.146518 -9.878626
13.695293 2.662319 -9.206079
9.883603 3.657073 -9.073371
12.089363 2.398332 -8.214718
9.990112 3.633976 -8.943458
10.031170 3.453639 -8.426917
11.869833 0.825292 -8.544576
10.867796 3.263564 -7.232978
11.007799 2.305720 -7.434350
10.629972 3.253753 -7.142279
11.739769 2.617935 -7.955748
13.257592 3.677608 -9.153159
10.625900 0.620488 -8.016897
12.701868 3.943427 -11.016858
10.912002 1.867884 -7.469007
10.690607 0.593502 -7.930785
10.831543 0.618965 -7.962394
10.646883 0.633436 -8.289424
10.671782 3.280789 -7.154191
10.500268 3.510852 -8.721097
9.747804 0.803214 -9.136739
10.555608 0.559101 -7.727871
10.070104 3.517117 -8.489801
9.753271 0.800166 -9.147223
10.096226 0.894230 -9.498530
10.042968 3.376527 -7.724625
10.219273 3.287957 -7.209048
10.709780 0.538795 -7.822473
10.186602 3.161956 -6.769866
10.456487 1.779160 -7.084249
13.953970 0.981965 -9.725955
10.120116 3.359650 -7.726760
10.354231 3.201404 -6.882746
10.685318 0.603127 -8.164381
10.670164 0.515536 -7.735610
10.313677 3.168468 -6.889725
10.491902 3.248016 -7.050914
10.431309 1.774939 -7.084285
10.497155 2.199347 -7.067679
10.183711 3.290808 -7.201505
10.353390 3.192793 -6.862533
9.791682 0.780338 -9.202110
10.218023 2.148720 -6.898914
9.613075 3.429446 -8.060069
10.434428 3.236143 -7.010020
10.454267 0.629988 -8.134871
10.003832 0.799447 -9.002603
10.651893 0.605654 -7.924265
11.340364 2.288642 -7.811244
11.233574 0.796610 -8.028012
10.926327 2.293528 -7.412576
12.586597 2.723269 -8.486709
9.980307 3.491599 -8.754321
10.177165 0.715064 -8.950947
11.001904 2.346576 -7.363074
11.001548 2.341088 -7.363121
11.931855 3.560421 -8.442808
11.583371 3.288501 -7.698553
11.998204 1.897146 -8.248628
14.081709 2.734486 -9.369992
10.409163 3.257986 -7.095437
9.631667 3.455903 -8.068356
9.978362 1.103100 -10.017476
9.982990 0.748812 -9.116048
11.039174 1.832941 -7.485350
12.519883 1.045798 -8.981114
11.844291 3.240842 -7.886738
12.587166 1.757358 -8.673446
12.272097 2.358228 -8.410218
10.214598 3.412576 -7.979568
11.996241 1.892540 -8.245225
10.508717 3.498823 -8.401761
10.299800 0.716136 -8.447567
10.780764 3.226567 -7.138409
10.676731 3.260173 -7.103396
10.569436 0.631275 -8.091190
11.656153 0.899182 -8.804606
10.474841 0.590930 -7.690703
11.331921 0.774256 -8.066879
11.831500 3.233186 -7.887147
9.568433 2.327163 -9.547467
13.795868 2.236070 -9.202874
9.216107 3.465630 -8.199324
9.601452 3.430034 -8.043542
10.106740 0.579097 -7.856662
10.356932 0.562104 -8.355419
10.285554 3.206140 -6.933825
10.166909 0.663085 -8.708687
10.796309 3.434527 -7.770978
9.821713 3.495136 -9.366749
10.760581 0.618584 -7.994123
11.262324 3.160163 -7.610277
11.591766 2.486030 -7.886792
10.989118 1.964717 -7.440467
9.628370 2.363219 -9.636000
10.796375 3.239229 -7.167996
11.089911 1.973920 -7.467544
9.940633 0.710655 -9.390855
10.038386 0.923047 -9.425920
12.624988 1.738952 -8.708395
10.272684 0.602357 -8.285699
11.392276 2.315912 -7.630868
11.576062 2.602169 -7.841638
12.572359 1.747083 -8.673116
11.715203 1.667227 -8.081275
10.535982 0.611975 -7.861846
11.847399 1.450654 -8.156230
11.759913 3.494309 -8.246274
9.701534 3.543037 -8.548893
11.946479 1.435930 -8.199703
12.647511 1.758215 -8.710248
10.241625 0.597075 -9.195505
11.950093 1.066759 -9.104125
9.743711 0.656325 -7.482136
10.663074 0.674404 -8.212852
10.682133 3.289115 -7.025620
9.785453 0.628168 -7.678529
9.680033 0.809311 -9.223210
9.333077 3.587836 -8.848073
9.599330 3.436543 -8.031424
12.797003 3.407746 -8.453188
12.722366 1.103303 -9.119582
10.024422 0.580487 -7.579516
10.253718 3.207754 -6.892673
12.473038 1.503188 -10.769525
8.994609 3.529954 -8.544979
10.144378 3.492345 -8.423017
10.337720 0.709832 -8.469043
9.956255 0.594532 -7.534190
12.855988 1.203367 -9.606135
9.590875 1.021537 -9.866286
12.460459 3.404900 -8.225409
12.496387 1.120015 -9.015425
10.665003 3.277604 -7.013812
9.453085 1.219991 -9.274563
9.504240 0.828871 -9.494723
9.526256 0.824541 -9.535318
11.850355 2.523470 -9.909234
10.348316 0.707405 -8.073343
9.505069 0.835112 -9.509050
11.233495 1.147362 -8.690558
10.481376 0.593251 -7.688395
10.294965 3.471688 -8.838741
10.484345 2.236470 -7.063038
10.077318 0.805170 -9.078721
9.934093 3.435184 -8.001919
13.831586 1.273515 -9.997331
10.505324 2.252977 -7.059988
9.921061 3.377649 -7.843240
10.043859 0.675005 -8.875310
9.497232 0.739572 -6.838085
9.593981 3.398897 -7.755672
9.742130 0.839712 -9.319083
10.720615 3.001201 -7.382892
11.923023 0.829314 -8.563401
13.419153 3.469635 -8.822285
12.851377 1.734107 -11.030147
9.397080 2.069683 -6.509410
11.780622 3.381708 -7.759769
10.114530 0.612365 -8.377142
11.270186 3.357325 -7.472763
9.666698 3.362091 -7.550917
13.722257 1.299524 -9.903139
12.674044 1.417419 -8.555240
9.703148 0.467275 -7.322328
9.752495 0.614657 -7.293139
10.627420 3.545030 -8.463121
10.000011 0.579526 -7.791320
10.150707 3.150165 -6.633453
9.897825 3.196475 -6.965183
13.002319 1.075529 -9.288055
10.119349 3.649592 -8.862357
10.131816 3.242215 -7.191330
11.546474 1.042109 -8.850874
10.334643 1.769309 -7.072430
11.311726 1.185765 -7.907980
10.448973 3.603195 -8.969499
11.659080 3.537738 -8.381868
10.116708 0.661621 -8.950610
9.318067 1.544993 -6.551319
9.307166 1.694354 -6.510536
9.303813 1.695466 -6.509278
11.489409 1.329885 -7.670841
9.416086 2.030219 -6.527596
13.176352 1.447108 -8.912613
9.404683 2.075251 -6.515203
9.631914 2.982762 -6.434742
9.804923 0.769933 -9.414061
9.405521 2.136555 -6.507738
13.073676 3.526631 -8.538427
9.426921 1.717126 -6.622091
9.447412 0.775572 -6.831083
10.000813 3.155086 -6.631028
9.426105 2.073767 -6.521156
9.408739 1.588122 -6.619298
9.406264 2.065333 -6.515464
9.412738 2.144105 -6.511442
9.409914 1.695169 -6.597630
9.404599 2.066284 -6.516635
9.237165 3.477544 -8.295719
9.406780 1.688508 -6.596457
9.415249 1.570401 -6.619188
9.400656 1.686984 -6.595089
9.429554 1.723622 -6.626637
9.734463 2.088789 -6.641830
9.923037 3.591245 -9.509513
10.401969 3.481183 -8.919806
11.783278 1.010954 -9.003898
9.981348 0.936290 -9.385779
10.097465 0.786433 -8.198155
10.047457 0.797878 -8.254993
10.415583 0.526569 -7.646793
10.486114 0.656191 -7.887501
10.611491 1.799400 -7.206315
10.160852 0.768935 -8.347771
11.442204 1.128319 -8.827576
9.213837 3.284869 -7.112156
10.388286 3.433269 -7.859007
12.732056 1.387958 -11.227679
12.691886 3.784246 -10.173943
10.561137 3.373879 -7.522279
10.123139 3.233864 -6.895295
10.583503 1.959119 -7.173733
8.925237 3.434717 -7.856839
9.567554 3.366176 -7.663218
11.733393 1.100274 -9.017721
10.467460 0.615414 -7.648557
9.345454 1.566022 -9.073402
11.129497 3.231907 -7.467204
10.508935 3.365565 -7.518909
8.756837 3.411741 -7.819301
9.715992 0.634087 -7.285026
9.735714 3.173999 -6.520402
8.809504 3.413897 -7.834942
8.811169 3.432086 -7.847943
10.326270 0.661887 -7.582631
10.121901 3.254571 -6.840747
12.443977 1.428688 -10.964219
10.325964 0.657166 -7.570630
9.640491 3.078918 -6.440787
8.518687 3.391859 -7.724414
8.518134 3.394680 -7.716763
10.333609 2.200844 -6.947309
11.500566 3.112177 -7.806617
10.653358 3.222208 -7.082018
12.509663 1.293937 -10.308928
10.116949 3.244990 -6.895381
10.034948 0.679956 -7.866191
10.069664 0.717227 -8.393567
9.560994 0.888517 -9.605476
10.032765 3.160448 -6.779801
10.343012 0.880850 -9.755514
12.881166 2.057730 -10.406679
11.328853 1.121303 -9.548946
8.283741 3.395093 -8.047589
8.371072 3.352568 -7.816324
8.788491 0.791006 -8.983268
12.984569 1.538859 -9.088117
9.878252 0.619642 -7.426399
8.887528 3.408818 -8.026398
9.571068 0.590971 -7.588287
8.806845 0.789878 -9.015050
8.794100 0.792087 -9.013201
9.541885 0.581867 -7.633753
8.886220 3.369073 -7.832768
13.902419 1.647636 -9.241898
8.895926 3.384919 -7.809061
9.465491 0.712451 -6.944036
8.670299 3.372444 -7.856925
9.926989 3.043903 -6.847925
9.473475 0.486376 -7.530609
9.673005 0.528514 -7.379470
9.620561 0.444050 -7.220487
8.384830 3.365842 -7.830482
9.434401 1.578526 -6.748052
9.489849 1.750248 -6.767808
9.534789 2.901894 -6.575752
8.564544 3.410717 -8.050965
8.475302 3.365633 -7.818707
9.185272 3.186384 -6.843316
13.398658 1.644941 -10.327808
11.401435 1.074453 -8.787861
9.394421 1.693144 -6.717255
8.943499 3.288079 -7.260870
9.591804 1.290238 -6.911322
8.299208 3.414677 -8.065331
9.569087 1.299676 -6.902394
8.980019 3.252219 -7.210845
8.250565 3.401408 -8.065615
9.525949 3.060556 -6.544081
9.531134 3.065958 -6.544955
9.565495 0.597885 -7.599739
9.568819 0.592519 -7.589376
9.713257 0.713607 -7.390355
9.979768 0.928804 -9.418616
9.965977 0.931870 -9.384306
9.098656 0.823385 -8.365265
9.921420 1.903796 -7.026590
9.489180 0.335354 -8.256943
13.190618 2.887855 -8.757478
13.200005 2.072869 -8.926859
13.938011 1.759914 -9.494308
11.750224 1.467041 -8.210686
10.906279 0.686645 -8.541148
10.305329 3.400110 -7.819907
11.187710 0.848719 -8.904761
10.991570 0.800298 -9.263472
9.906076 0.613113 -7.465595
10.412222 0.729794 -8.439022
11.599087 0.981122 -8.230006
8.596005 3.381192 -8.639270
11.747055 1.482359 -7.775674
11.110500 1.985575 -7.528360
10.935990 0.666236 -8.556871
10.606720 2.215021 -7.203173
10.627737 1.465850 -7.313916
9.890534 0.838560 -9.435623
12.193816 1.239839 -8.607451
9.477616 0.892573 -9.416430
9.766651 3.361182 -8.685452
8.746702 3.354624 -7.857374
9.780107 3.319601 -7.684814
9.920883 3.126470 -6.704172
9.646720 0.378887 -7.221341
10.472393 0.883983 -9.236864
11.178115 3.284852 -7.435859
10.921993 3.194816 -9.461717
13.370621 1.555234 -9.002932
9.142444 3.142850 -6.830960
11.681279 1.339650 -7.852880
9.446540 2.643453 -9.392605
11.495934 0.928223 -8.710697
11.376622 1.135109 -8.790173
9.258525 3.556675 -9.106287
9.633078 1.561063 -6.797654
11.682503 1.346865 -7.842917
9.324467 2.747261 -9.169328
8.787111 0.780191 -8.877594
8.909034 3.366840 -7.972492
11.323362 0.800444 -8.095492
10.464647 3.166235 -6.985921
9.600080 3.691601 -9.406661
10.532302 1.853903 -7.161224
9.911450 0.461046 -7.355100
10.818424 3.559623 -7.661217
10.720334 0.645061 -8.003352
9.530387 2.646504 -9.534274
9.427260 3.502710 -8.483541
11.133406 0.823616 -7.986474
11.557641 3.494810 -8.363367
10.490835 1.849974 -7.151651
12.477969 1.205820 -8.700562
9.402678 0.317863 -7.015055
10.755416 1.465835 -7.372487
9.453443 1.507277 -6.703649
9.403403 0.315839 -7.014756
11.701577 3.577474 -8.408348
9.542155 0.378825 -7.562013
10.801278 2.196048 -7.294778
9.654963 1.186370 -6.912206
9.561782 0.375897 -7.515919
11.656722 3.562521 -8.394805
13.537026 1.637440 -9.068175
9.714981 0.357197 -7.253607
8.682053 3.220369 -7.297974
10.852236 3.257591 -7.202101
9.611405 0.277347 -7.178987
10.468294 1.861896 -7.144610
8.913229 3.213698 -7.178983
12.877791 1.282743 -9.442122
8.733172 0.839105 -9.227222
8.746812 0.834262 -9.252050
8.860697 0.802296 -9.002779
10.185391 3.408546 -7.810116
10.984851 1.346860 -7.576242
9.381818 0.356321 -7.414897
10.700157 0.672847 -8.406884
9.382078 0.354327 -7.412016
9.856449 0.679788 -7.697079
9.283412 1.004059 -9.718427
9.252535 3.105888 -6.698821
9.423078 0.811689 -8.083364
9.836852 0.695517 -7.728787
10.011021 3.081637 -6.817465
13.283508 1.698026 -10.852049
11.277850 3.442327 -7.342491
9.980737 0.493994 -7.486984
13.195476 2.229490 -8.982041
10.395683 3.480845 -8.927028
10.101957 3.356596 -7.775471
12.727674 1.680090 -10.497173
9.530289 0.468844 -7.518585
9.749370 0.460079 -7.251758
8.676711 3.350171 -7.896262
9.394783 0.402515 -7.518222
8.327723 3.438540 -8.516805
8.667433 3.341329 -7.886528
9.965345 0.472898 -7.143148
9.643678 0.953606 -6.929478
10.320050 3.224971 -6.804255
8.512957 0.899130 -9.160355
8.253267 3.237910 -7.418978
11.819036 0.657188 -9.962772
11.063893 3.365775 -7.253523
13.218618 1.195922 -9.666581
9.495916 0.387590 -7.469625
9.544708 0.956997 -9.828867
9.734331 0.384328 -9.293817
12.865466 1.470151 -8.707770
9.411085 1.556626 -6.738973
9.531737 0.353972 -7.142089
10.322556 3.382520 -8.857748
11.828203 0.911838 -7.843907
8.189852 3.390652 -8.155081
9.007996 3.130848 -6.810161
11.306036 0.794294 -8.082569
8.700696 3.153682 -6.920566
9.433065 0.266333 -7.447125
10.134699 3.377715 -7.749846
10.868605 2.208444 -7.328961
12.060472 1.111622 -9.217280
9.534731 3.050943 -6.468906
9.260927 3.086984 -6.520478
8.304461 3.233013 -7.313477
10.760484 0.556967 -7.845553
9.423203 0.660941 -9.813259
10.481035 3.454998 -8.152210
12.375699 1.126463 -8.958866
10.322741 0.893350 -9.682021
9.866706 0.812234 -9.358593
9.006150 3.330269 -7.741588
9.279750 0.784366 -8.429541
11.264625 1.124088 -7.919833
8.204365 3.409244 -8.175340
9.542119 0.413087 -7.559236
11.840421 0.836563 -8.541327
9.587302 0.374979 -7.412102
10.616247 0.653444 -8.219085
13.568268 1.415546 -9.671494
9.912748 0.454680 -7.339961
9.811659 0.678037 -7.042782
9.469522 0.273449 -8.114678
10.554025 0.656984 -8.188023
9.702002 2.976135 -6.570248
12.387034 3.379734 -8.244940
9.277725 3.119941 -6.709303
10.605880 0.695795 -8.344760
12.143732 3.367043 -8.013487
9.897264 3.081377 -6.616093
13.005098 2.805440 -8.685122
11.094905 1.131225 -7.854668
9.152477 0.829764 -8.302727
8.632648 3.218158 -7.304269
9.583940 0.393824 -7.583946
12.531992 1.395882 -8.668445
9.110156 3.590347 -9.048540
12.681484 1.063607 -9.607514
9.696959 0.846599 -9.085510
12.768638 1.659856 -11.195712
10.747991 3.139328 -7.252290
9.372694 0.678127 -9.739596
11.140056 0.964530 -7.590548
8.352542 3.371360 -8.037020
9.855743 0.438924 -9.067536
10.504732 1.921444 -7.169000
10.356403 3.131618 -6.931228
9.187627 0.622901 -8.374830
10.728330 0.674216 -8.354992
9.348365 0.947942 -9.600060
10.772077 3.670892 -9.227612
9.171538 0.630499 -8.354570
9.372716 1.002911 -9.707175
9.914875 0.798581 -9.426109
7.932032 3.224752 -8.122902
13.007982 1.738092 -11.041323
9.671287 0.536465 -7.696795
10.692143 3.211012 -7.124093
9.670892 0.902632 -9.590418
12.272598 1.826433 -10.932649
9.955172 3.684192 -9.517327
9.984845 1.165531 -7.035829
9.713242 2.458609 -9.726505
12.720006 2.424761 -8.592104
8.683888 0.909777 -9.190849
9.956425 3.331237 -7.638034
10.860819 0.614020 -8.074435
8.383067 3.252078 -8.396427
9.183106 3.536011 -9.064169
9.997416 3.137511 -6.753536
10.820707 3.645560 -9.263408
10.675856 1.418424 -7.341483
8.716461 3.537036 -8.812989
9.936814 1.163343 -7.301856
9.841546 3.052322 -9.700928
9.238955 3.594452 -9.143569
8.089324 3.181477 -7.156394
9.770706 2.975257 -6.650554
12.533866 0.703795 -9.396817
10.193934 3.175346 -6.985050
9.538862 0.417414 -6.987913
9.502011 1.165832 -6.858051
10.950064 1.157593 -8.522962
8.294224 3.218418 -7.308796
8.405869 0.923917 -8.971132
13.778446 1.490785 -9.635416
9.732119 0.448281 -7.726260
9.897270 3.274808 -8.254635
9.837523 0.491921 -7.497859
10.707756 1.457289 -7.284242
9.522649 3.568302 -8.561731
7.984302 3.418397 -8.323372
8.771165 3.372505 -8.691484
10.008355 2.994412 -6.802498
12.662677 3.264218 -10.342705
12.487635 3.312270 -8.340223
13.716694 1.398569 -9.223490
9.307462 3.135010 -6.728189
9.812352 0.487025 -7.570111
9.635493 0.392305 -7.549496
9.347670 1.396911 -9.152423
10.296131 1.360387 -7.441677
9.504686 1.738807 -6.747853
9.822149 0.666407 -7.430740
9.611147 0.369056 -7.550173
9.779916 0.379133 -7.297636
10.404576 0.737176 -8.178637
10.235540 3.252550 -7.153778
10.234553 3.251586 -7.161222
9.613484 3.322652 -9.046678
12.361821 3.530726 -8.498271
10.642863 3.501719 -8.510851
8.969277 3.333208 -7.809616
11.535360 1.004944 -8.916527
8.842609 3.124644 -6.757227
9.461459 2.079202 -6.601174
11.599917 3.336763 -7.765692
10.031095 2.036399 -6.987823
9.445671 1.552115 -6.743523
9.521790 1.524420 -6.778328
8.727924 3.155930 -6.928139
8.640665 0.921443 -9.115632
12.198296 3.710094 -10.472815
7.860093 3.127674 -6.860348
13.437260 1.406775 -10.344966
8.662278 3.114996 -6.900614
9.424978 1.535001 -6.730538
8.991628 3.065826 -6.507868
8.700048 3.301482 -7.805762
8.062710 3.183747 -7.108946
8.927036 3.378529 -7.992007
8.166603 0.632213 -8.662807
12.227111 1.542291 -8.484507
9.786835 0.476326 -7.430221
10.272158 3.216053 -7.022802
9.265429 2.310513 -6.367652
9.460001 1.717875 -6.740541
8.849090 3.109298 -6.693859
8.652436 3.178184 -7.007335
9.855419 3.604290 -8.865780
11.088847 1.423742 -7.499511
8.636910 3.218525 -7.300219
9.589832 1.749408 -6.791266
9.662105 0.384094 -7.233498
12.373715 1.194513 -10.255816
9.464566 1.557526 -6.751707
8.654746 3.171305 -7.007650
8.735550 3.141648 -6.851107
7.882029 3.249733 -7.542292
8.633079 3.217807 -7.302801
8.287747 3.208855 -7.225756
8.752871 3.168228 -7.008119
9.428951 1.948023 -6.616117
9.304702 3.117376 -6.671968
7.856358 3.121965 -6.855160
8.293674 3.206745 -7.229794
9.520864 1.676358 -6.752992
9.203958 2.059472 -6.405541
8.974809 3.091108 -6.487195
10.501453 2.992637 -7.202915
11.169361 3.430602 -8.142613
10.935449 2.234254 -7.284013
12.551843 2.429810 -8.529441
9.591970 0.366494 -7.530671
9.257497 2.079499 -6.446695
9.469019 1.958583 -6.629086
9.117956 0.649970 -8.622793
9.606711 1.688654 -6.780152
9.477042 2.006142 -6.656537
9.664739 1.139565 -6.924262
7.908655 3.284743 -7.572811
9.530311 1.647990 -6.745179
9.711492 2.877614 -6.600680
12.775710 2.774770 -8.567659
9.656448 0.532147 -7.617145
9.936255 2.847606 -6.902751
11.625290 0.691805 -9.792312
9.590589 2.108818 -6.674684
9.674915 2.327215 -9.626046
10.027817 3.258283 -7.300044
10.899163 1.951685 -7.303200
11.655838 0.563763 -9.402653
13.270509 3.413354 -8.781851
9.911596 3.347428 -7.655738
9.267401 1.556636 -6.517467
11.336742 2.438643 -7.692596
9.909410 3.343636 -7.660516
9.679868 3.010742 -6.561893
9.509973 2.320141 -9.597038
9.576809 2.659506 -9.567044
10.787333 1.351714 -7.510257
9.236670 3.091429 -6.697022
9.512869 2.090033 -6.657569
8.245863 3.422230 -8.469976
9.786951 2.360033 -9.758184
8.081430 3.055447 -6.535248
8.722575 3.118563 -6.722125
9.497767 1.659561 -6.686809
8.893530 3.071182 -6.476213
8.574943 2.949696 -5.951538
11.137271 0.766001 -9.875751
7.880588 3.069545 -6.586875
7.609991 3.137475 -6.983138
9.628672 0.347578 -7.198289
9.468072 1.507245 -6.708650
8.711723 3.122730 -6.735535
7.687284 3.109411 -6.816323
10.060671 0.787828 -8.289630
8.037540 3.156770 -7.090013
9.172921 0.468134 -6.670996
8.906746 3.049202 -6.387366
9.389604 1.520570 -6.560945
7.857892 3.081843 -6.668334
9.855193 3.282470 -7.948418
10.037383 1.466625 -9.981556
13.061740 2.757347 -11.040476
9.672028 2.001032 -6.708672
13.739933 2.625755 -9.060391
9.385151 0.776751 -8.511696
8.890470 0.293951 -6.747944
11.828233 3.822893 -8.163335
7.966337 0.193179 -8.239076
9.736523 2.931477 -6.645245
9.274440 1.978017 -6.408489
8.687920 0.320830 -6.350196
8.623441 3.203903 -7.292646
8.561982 2.858645 -5.761594
9.187130 3.599730 -9.124424
9.502132 0.573488 -8.974485
9.920995 0.795533 -8.515900
11.435678 2.504855 -7.702984
8.217119 0.248688 -6.707058
7.917346 0.154519 -6.424248
8.313348 0.272417 -6.791300
8.290625 2.836268 -5.522765
8.370177 0.199443 -6.454504
9.406215 1.380300 -6.596349
8.533742 0.712946 -6.078236
8.364315 2.845670 -5.641265
6.971168 0.593030 -8.044430
6.806107 3.131115 -7.095341
8.229376 0.259252 -6.734265
8.019090 0.188927 -6.564308
9.830633 2.672348 -6.989978
10.813230 1.412001 -9.573147
10.177241 3.232187 -10.116726
9.862832 3.404310 -8.668550
8.577394 0.221654 -6.614775
11.281822 3.608657 -9.206676
8.176231 3.423737 -8.401870
7.444043 3.041844 -6.577096
8.942509 0.662124 -6.320828
7.881760 0.157203 -6.447576
7.433314 0.584098 -8.410241
8.451180 0.174773 -6.335493
8.405863 2.773360 -5.731767
11.874639 1.301798 -9.813815
9.949291 3.672805 -9.517493
6.922109 3.015269 -6.660732
8.018094 0.208987 -6.567618
7.761650 0.731059 -8.427325
8.206791 2.110339 -5.695371
8.632948 0.412239 -6.312814
9.336647 0.615275 -8.470882
8.298032 0.276806 -6.786608
7.910767 0.155751 -6.421086
8.702808 0.339274 -7.031728
8.266273 0.185988 -6.437653
10.688798 1.080627 -7.400159
9.797649 2.984062 -9.721938
8.649197 0.890016 -9.052313
7.416404 2.947205 -6.335783
8.102917 0.194703 -6.542933
7.409496 3.216311 -7.848710
8.285189 0.156265 -6.292584
8.408741 2.785950 -5.716242
8.111792 0.201984 -6.628300
8.340552 0.196113 -6.353721
11.486945 3.681908 -9.367414
9.311481 2.993031 -6.232705
8.969577 0.998895 -6.275064
7.023176 2.973701 -6.279339
8.253106 0.247502 -6.690659
8.119811 0.213360 -6.566173
9.828835 1.064470 -7.006541
10.676091 0.722006 -9.024935
11.710382 0.812370 -8.906372
13.172729 3.628518 -10.711627
10.159715 3.158443 -7.466051
8.540908 2.749479 -5.817844
10.483777 3.310745 -7.607734
9.055087 1.381787 -6.348396
8.944072 1.495983 -6.245451
7.413774 0.592752 -8.371608
7.743168 0.480728 -8.361228
12.312380 1.103232 -8.885341
8.314880 0.254927 -6.684951
8.323191 0.175771 -6.366030
9.147809 2.051786 -6.347044
9.543844 2.849880 -6.539729
8.293518 0.153017 -6.291877
8.378460 3.357321 -8.484752
6.869080 3.144333 -7.467379
7.073061 2.970217 -6.258583
10.226172 3.588375 -8.931845
7.291488 2.980521 -6.303102
7.819995 0.326562 -6.403138
11.359515 1.116346 -7.954714
12.459122 2.600169 -10.557451
11.420395 3.310995 -7.553312
9.354479 3.144567 -6.772322
11.764497 2.585981 -9.907911
7.481127 0.574094 -8.479739
8.287271 2.829686 -5.602851
10.601205 3.271713 -6.973855
7.218235 2.884204 -7.863429
9.362835 2.919339 -9.326039
6.880029 3.034054 -6.594820
7.526062 2.952383 -6.152829
8.736101 0.851189 -9.205042
8.961101 2.833913 -6.118767
6.879097 3.031479 -6.592136
7.231447 2.966338 -6.220769
8.206876 0.253425 -6.708315
8.457732 0.190718 -6.379782
9.800332 2.941011 -6.642573
9.017133 3.318316 -7.760835
6.978534 0.393791 -7.883253
7.038237 0.367509 -7.991580
8.656510 3.207490 -7.278641
7.453794 3.045004 -6.583367
8.803626 1.474211 -6.177433
8.025641 0.233384 -6.569318
8.175574 0.287801 -6.659896
6.999659 0.334575 -7.972507
7.068661 0.303583 -7.957667
8.270041 0.239665 -6.679683
9.517750 2.918198 -6.516296
7.229485 3.259799 -7.766043
9.431827 0.680750 -7.215718
9.416356 1.649199 -6.670330
6.833840 0.462241 -7.567519
8.623200 3.183094 -7.264957
7.423953 2.996433 -6.563093
9.192321 0.699871 -7.079661
8.561987 3.155516 -7.207332
9.414940 1.512349 -6.696385
8.117458 0.162180 -8.154376
7.380709 3.122592 -7.154008
7.190679 3.004231 -6.364728
6.911376 3.003729 -6.652310
7.999478 0.110261 -6.518335
9.767716 2.936563 -6.603852
11.561565 1.519996 -10.210068
12.209085 1.793801 -10.231109
7.656430 0.294391 -8.572742
7.022716 0.327025 -8.008604
9.074010 2.892650 -6.133031
6.687246 3.064610 -7.317097
12.768988 1.340458 -8.522112
8.562169 0.308953 -6.879900
9.338310 2.307765 -6.388161
7.988576 0.708684 -8.314715
9.559075 0.401516 -6.893193
6.812000 0.436866 -8.048906
11.109103 3.391701 -8.262453
8.157086 0.034057 -6.134652
11.046787 1.336624 -9.768637
9.725723 1.483585 -9.611377
8.248874 0.139140 -6.387780
9.793587 1.230257 -7.079705
7.987468 0.661929 -8.294758
7.007462 2.953717 -6.271219
6.908857 0.442618 -7.691463
10.333784 3.532475 -9.083838
7.544048 2.949210 -6.174903
8.117243 0.216049 -6.640021
8.992270 0.278759 -6.804184
7.453434 3.030266 -6.438215
7.306743 2.986208 -6.314632
13.948999 2.284871 -9.598030
7.238832 3.010475 -6.362417
7.925944 0.191067 -6.428462
7.550756 2.954747 -6.179012
8.128379 0.239868 -6.639435
6.481183 3.125379 -7.214577
6.696235 3.029841 -6.601960
7.949105 2.806467 -5.403091
8.669916 0.083736 -6.844816
8.133531 0.207979 -6.369349
12.215384 0.820198 -8.755224
12.942352 2.511455 -8.691026
14.028447 1.707747 -9.534540
6.733763 0.529387 -7.964326
8.091920 0.126224 -6.136374
10.067643 0.442837 -8.133325
9.101325 0.393694 -6.862640
7.250153 2.937824 -6.275673
7.393885 3.027836 -6.674131
10.544940 1.241798 -8.820500
6.743613 3.063163 -7.004654
7.398355 2.791076 -5.364444
8.590905 0.307437 -6.901784
8.605198 0.851992 -7.795658
7.009679 2.950385 -6.272427
7.674588 0.286495 -8.607784
6.989788 2.933383 -6.258508
7.680121 0.059622 -6.269969
7.898732 0.250371 -8.405569
7.219909 2.986610 -6.351799
8.122958 0.659477 -8.457137
7.880332 3.232461 -7.525579
7.767579 0.147893 -6.299117
9.461029 2.073263 -6.607985
6.845841 2.957417 -6.564926
7.899497 0.169378 -6.413999
6.617492 3.002413 -6.544037
7.824640 0.092465 -5.999414
7.945639 2.772016 -5.264625
9.059347 0.972834 -9.279881
9.320887 1.264347 -6.584168
7.389172 2.785491 -5.362454
6.202085 3.030932 -6.690933
10.132493 3.004887 -6.889807
7.980550 0.106690 -6.014382
10.024057 1.080460 -10.029398
9.393307 2.905575 -9.303454
10.167382 0.833455 -9.166137
10.117550 0.775415 -8.313507
7.163997 2.948318 -6.318264
9.817234 0.653164 -7.423688
8.260555 0.104102 -6.179947
10.090629 0.781962 -8.294036
9.686759 3.396373 -9.222389
6.652353 2.868169 -5.831913
9.708066 2.333469 -9.657472
6.613795 2.992193 -6.540324
8.596297 0.068381 -6.930751
8.583816 0.625495 -9.007318
7.379102 2.815570 -5.492841
7.892066 0.788658 -8.768456
10.119855 0.829249 -9.141106
9.960687 3.322182 -8.023390
6.916508 3.008026 -6.654496
7.947156 3.369310 -8.266422
7.874438 2.739274 -5.196105
12.373629 2.450496 -10.452692
10.478934 0.380268 -7.605144
8.940321 3.504330 -8.897399
7.308006 0.307732 -8.294096
6.784331 2.935695 -6.197986
6.806350 2.903137 -5.985896
7.916571 2.788305 -5.431535
8.307871 0.254345 -6.005067
6.801621 2.864000 -5.775760
7.975814 0.210940 -6.532004
10.722643 3.022511 -7.357071
9.361459 0.625638 -8.821234
7.770272 1.837701 -5.293797
9.594180 2.389782 -9.582367
7.914101 0.120260 -6.088806
9.574529 2.982162 -6.524798
6.645748 2.884217 -5.826891
8.066611 0.188947 -8.098365
6.627420 3.027398 -6.543331
7.894058 0.208390 -6.426088
9.554300 1.478131 -6.778372
8.743301 0.042564 -7.104855
9.819679 0.650835 -7.422551
6.975461 3.269601 -7.643878
9.193892 2.470000 -6.270296
6.777182 2.874327 -5.967596
7.471727 2.706461 -5.012946
9.353724 0.443809 -6.815193
9.736315 0.829076 -9.251864
6.801814 2.915017 -5.975452
6.221109 2.963696 -6.297531
8.322631 0.269912 -6.744133
6.792387 2.959047 -6.189533
6.802960 2.950944 -6.192247
6.866208 0.437950 -7.604631
7.215302 2.732482 -5.128492
10.552271 0.577654 -7.787940
8.427454 0.280479 -6.823547
12.583025 1.336519 -8.439037
9.179692 0.417881 -7.311731
7.787312 0.141036 -6.396585
7.443207 2.823228 -5.379163
8.566655 0.979777 -6.115654
7.189707 0.670344 -8.265499
6.688950 3.010900 -6.585335
7.922362 0.142110 -6.391942
7.962163 0.129137 -6.029925
8.534037 3.617002 -8.799358
7.326257 2.723221 -5.034927
6.492833 3.152745 -7.233086
6.458507 2.873068 -5.846462
11.153834 3.227607 -9.577800
9.567205 2.891973 -9.435268
7.401696 2.793067 -5.367548
6.691585 3.034776 -6.304654
7.912680 0.218330 -6.417554
8.642042 0.328070 -6.317374
8.510605 2.747051 -5.787401
8.171165 0.219010 -6.596602
8.268868 0.397314 -5.974696
8.777699 0.480217 -7.023881
6.636485 0.554442 -7.770597
8.633223 0.336886 -6.325100
8.811925 3.469289 -8.793115
10.830094 1.309610 -9.682170
6.734126 0.539389 -7.934783
9.260029 2.903160 -9.177732
7.966335 0.187770 -6.466657
6.543066 2.856146 -5.719079
8.616356 2.775702 -5.795394
13.881574 1.592619 -9.463062
9.378890 1.501650 -6.684440
9.545861 1.676010 -6.757552
9.870814 0.494972 -7.323931
9.227994 2.754798 -9.043192
8.226117 0.266376 -6.687142
6.675149 0.569497 -7.776109
11.406401 1.544384 -9.782909
6.793063 3.103819 -7.065703
8.903054 1.489339 -6.231332
7.889791 3.283771 -8.161784
9.568583 0.934187 -9.429238
10.475804 3.473346 -8.958772
7.656858 0.190894 -6.226608
9.374398 0.608653 -6.807539
6.533331 2.853219 -5.720049
6.613715 2.796976 -5.428372
13.812704 2.252548 -9.491675
8.727277 0.333641 -7.047712
6.635440 2.875152 -5.822399
13.790180 4.683607 -9.384616
8.739250 0.330208 -7.057486
10.235362 0.758469 -8.450933
14.057417 3.033758 -9.615833
9.814931 0.489690 -7.305225
9.206225 1.324743 -6.377104
7.858153 0.151254 -6.426983
7.961364 0.205242 -6.444297
6.970540 0.361352 -7.800004
7.050456 0.347713 -7.861304
6.537440 2.854629 -5.719509
8.723456 3.184859 -7.143046
10.314574 3.438154 -8.870625
12.809092 3.404634 -8.469701
6.760842 0.452255 -7.948357
7.462188 3.033162 -6.595094
6.793096 2.851905 -5.771304
6.643666 2.873981 -5.824101
7.692991 0.177246 -6.260374
10.570210 1.241132 -7.447379
13.384763 4.545124 -9.147519
11.724929 1.095741 -8.994815
9.426477 2.268008 -9.371418
10.154255 0.913410 -10.184574
9.889451 1.661815 -9.834466
8.522945 0.269076 -6.888238
9.149053 2.644560 -6.219209
6.540257 2.859506 -5.723801
6.661992 2.990351 -6.478562
11.296638 2.447304 -7.660785
7.918889 0.792551 -8.666017
6.924231 0.452593 -7.688530
10.765954 3.066897 -7.279397
7.790194 0.189987 -6.396221
8.295877 0.260291 -6.070150
12.506723 1.511161 -9.653061
6.670178 0.500703 -7.983236
9.222769 2.063752 -6.408146
11.743897 1.549884 -10.393046
9.027790 0.381997 -7.307338
7.583713 2.764377 -5.186973
7.318289 0.620189 -8.211462
9.283823 1.016819 -9.575414
6.797399 2.916129 -6.017807
5.881731 2.976876 -6.408054
7.030207 2.984445 -6.281761
13.260182 1.468392 -9.103638
7.547366 0.547797 -8.069229
6.620076 2.795520 -5.429840
8.031270 0.195830 -6.553863
7.871268 0.192356 -6.435529
11.689443 1.120040 -8.972166
9.925335 3.523968 -8.952093
7.805741 0.174463 -6.385442
8.104719 0.154100 -6.115652
8.228894 1.720622 -5.693187
8.295644 1.604508 -5.759317
6.502553 2.797381 -5.487808
7.029427 2.791636 -5.513623
6.780862 2.939646 -6.147224
11.592994 1.444957 -10.229577
8.025434 3.385741 -8.295135
8.945225 3.144687 -6.898501
6.189229 3.031887 -6.670487
11.275974 1.259453 -7.763204
6.612974 2.796444 -5.431075
8.546608 2.731767 -5.826935
8.294967 1.238709 -5.810190
6.203997 3.082645 -7.024450
6.533723 2.847581 -5.716671
8.964994 3.155274 -6.875205
8.356338 1.446216 -5.809564
9.300144 2.420204 -6.349105
6.179640 3.080049 -7.007150
9.305283 2.092362 -6.463614
11.212781 3.195552 -7.521934
7.905620 0.717553 -8.620087
6.780892 2.841551 -5.764854
9.104260 3.089098 -6.561044
6.203155 3.034943 -6.692762
6.746283 2.887814 -6.139738
5.846852 2.966519 -6.390281
6.588987 2.968939 -6.520622
6.758784 2.905902 -6.167692
8.005241 2.914762 -5.769938
7.687486 3.009825 -6.265398
14.360378 1.749663 -9.724916
9.539953 2.960760 -6.493835
8.639183 0.975341 -6.159077
9.385461 1.019980 -6.729641
5.881787 2.980206 -6.405513
8.168269 2.396307 -5.514462
12.392648 2.781728 -10.352520
6.523941 0.529197 -7.819869
9.717881 1.488156 -9.644846
6.182796 3.079590 -7.008658
10.172580 3.221565 -7.347613
6.231050 2.946907 -6.303841
6.092257 2.984414 -6.973400
7.835953 3.213666 -8.081889
8.285129 2.817012 -5.508151
7.329628 2.776294 -5.477869
9.525528 0.608485 -8.974188
6.217432 2.855616 -5.761089
5.879928 2.971620 -6.400287
6.688094 2.757392 -5.252507
7.724308 0.060587 -5.912998
7.572779 0.146179 -6.225461
9.951272 0.978326 -7.062337
10.223063 1.212455 -7.204085
6.520179 2.959553 -6.198588
9.093120 0.667775 -6.503222
9.822604 2.123710 -6.796085
7.685477 0.180738 -6.257647
8.733320 0.592576 -9.185082
8.234410 2.255500 -5.565227
6.637717 3.042394 -6.574259
6.721924 3.186965 -7.424270
6.866535 2.777294 -5.321965
7.171768 2.720043 -5.103740
13.653303 3.378700 -10.144263
6.543548 2.853805 -5.719982
9.248651 2.071992 -6.386927
10.929968 2.386570 -7.459877
8.003856 0.147972 -6.076818
10.882135 0.703304 -8.444823
6.645219 2.872850 -5.824485
11.224207 2.452212 -7.621189
9.128197 0.306136 -6.858570
6.041645 3.060685 -6.907288
6.847539 0.421203 -8.097760
7.841151 3.026903 -6.565330
7.337409 2.782152 -5.479376
7.464935 3.055238 -6.581404
7.948326 1.509030 -5.610328
11.343248 3.095817 -7.692490
6.845495 0.422463 -8.099484
6.603065 2.926537 -6.227993
7.394349 2.828941 -5.480298
7.231065 2.740600 -5.113423
10.151875 3.226306 -7.371101
9.816676 3.234087 -7.654667
6.624275 3.011791 -6.562202
10.347655 0.757119 -8.435127
7.624396 2.991454 -6.209385
7.045193 2.706019 -5.018576
8.894684 3.135618 -6.840278
8.407182 0.685872 -6.057913
8.663172 3.210320 -7.296289
11.847803 1.297676 -9.759798
7.720160 0.200864 -6.336999
6.534304 2.851269 -5.717688
8.299669 0.182472 -6.341429
9.483418 3.423262 -7.230571
9.568671 0.624565 -6.946097
6.623754 3.020585 -6.543495
8.001578 0.142872 -6.070815
6.938359 2.749567 -5.222484
6.478508 2.867036 -5.832953
8.171361 0.300420 -6.689820
6.835144 2.970092 -6.230989
8.035993 0.143811 -6.086318
6.323318 2.853889 -5.773683
9.745605 0.196217 -8.452824
8.178356 2.792841 -5.524854
5.909127 3.045930 -6.812097
9.147195 0.421885 -7.293060
7.529881 0.117715 -6.185434
8.417375 0.100418 -6.881735
11.690907 3.381616 -9.710876
7.931722 0.711749 -8.650557
6.467737 3.103513 -7.187352
13.091773 1.499232 -8.983514
7.109265 2.941379 -6.301671
10.051740 0.268479 -9.619833
7.809763 0.254758 -8.375895
9.097399 1.421002 -6.370513
8.635664 3.210835 -7.268962
8.041863 0.227788 -6.533106
9.284507 2.044105 -6.398653
11.170832 0.568637 -8.076074
6.653311 3.042065 -6.577714
8.204199 0.416917 -5.931742
6.104474 3.079924 -6.960266
8.755854 0.576560 -9.188481
7.617932 0.563542 -8.648077
8.135324 0.244582 -6.601724
7.685115 0.178301 -6.340181
7.571147 0.303243 -8.435972
5.861456 2.987051 -6.401339
7.414858 3.010812 -6.549679
8.830744 0.613673 -9.292783
8.431854 2.786450 -5.737355
13.517874 2.396758 -9.264599
6.785642 2.913550 -5.998738
8.290643 2.124950 -5.719817
12.718341 3.504919 -10.448526
7.989938 0.773474 -8.899527
7.848026 3.031995 -6.571836
7.504985 0.077358 -6.150647
9.823594 0.321900 -9.707161
6.593695 2.850264 -5.683299
7.403408 3.143929 -7.175610
6.083016 2.897897 -5.986301
9.136381 2.903711 -6.167968
6.610911 2.759663 -5.175285
6.654736 2.761132 -5.175609
9.193532 0.450672 -6.683571
8.719538 3.163155 -7.166497
10.611288 1.253912 -9.484045
8.721701 3.163130 -7.165005
8.999070 0.287674 -6.771070
11.306403 1.408419 -9.639230
6.386210 2.804850 -5.478896
6.188520 3.011110 -6.669415
9.894325 3.145779 -7.195384
9.254192 0.643914 -8.701487
9.277125 1.497808 -6.616251
7.363530 0.303095 -8.424412
7.527354 2.977171 -6.172613
12.401622 1.083976 -8.923580
6.536494 2.744256 -5.145797
9.326161 3.002841 -6.237158
8.898491 3.029212 -6.450833
6.536592 2.739549 -5.147965
7.526561 2.983345 -6.170706
6.601739 2.920070 -6.221045
13.471149 1.688906 -9.233605
13.443846 1.672464 -9.729270
9.481196 1.541167 -6.750403
9.281028 1.985360 -6.411951
9.859264 1.039680 -7.025822
9.785510 1.183613 -6.966454
8.333574 0.671932 -6.011099
6.552453 2.742903 -5.152708
10.108396 3.299157 -7.876742
8.883136 3.210072 -7.305334
6.213094 2.844356 -5.755040
10.033871 3.167549 -7.088484
6.222417 2.859792 -5.767019
7.724957 2.693386 -5.120217
7.810867 0.713676 -8.540930
7.531833 2.981932 -6.161869
8.786730 0.634149 -9.258396
10.496621 0.601664 -7.699107
7.726491 2.920937 -5.829144
8.803221 3.238716 -7.197449
8.228298 2.219193 -5.592494
6.333656 2.812650 -5.489549
7.286600 2.818752 -7.946888
6.284036 2.797478 -5.422182
6.773736 2.830758 -5.760152
6.181794 3.026646 -6.667705
6.220470 2.929048 -6.286643
6.326765 2.809737 -5.452224
10.691223 2.770983 -7.360107
7.721187 2.925556 -5.829753
6.457838 2.781033 -5.306341
11.156233 1.397181 -9.872218
8.525587 0.350167 -6.246279
8.996015 3.079392 -6.466580
10.121570 3.206017 -7.334226
8.612410 0.433695 -6.301332
10.703446 2.775956 -7.363288
12.833371 3.427517 -8.476668
7.320790 2.799309 -5.371413
9.129812 0.397945 -8.996937
6.051990 3.080705 -6.920066
6.529155 2.839081 -5.714139
6.447480 2.776143 -5.295529
9.937622 1.087377 -9.902636
6.368736 2.806006 -5.592342
6.284707 2.924849 -6.192642
7.525583 0.121420 -6.186018
12.628939 3.343028 -8.368364
8.917665 3.244791 -7.305770
9.035423 1.380199 -6.339576
8.256117 0.952192 -5.930938
7.645959 1.813234 -5.267675
6.578482 2.736938 -5.209275
6.220180 2.859843 -5.759263
11.259096 2.931454 -7.626653
6.815723 2.882614 -5.776417
9.042772 1.379251 -6.342681
6.460474 2.750370 -5.187751
6.593030 2.848987 -5.680879
8.946003 1.905450 -6.239622
7.588192 2.627327 -5.049522
7.621154 0.062371 -6.381918
10.215994 0.511746 -8.090742
6.385707 0.462410 -7.683344
8.989510 2.142426 -8.889100
6.599975 2.978989 -6.527393
7.472937 0.126723 -6.142691
11.851178 0.374572 -9.184467
7.954369 0.236448 -5.766629
8.129104 1.021220 -5.771771
6.144335 3.104619 -7.002889
9.147856 1.064339 -9.090011
9.341599 0.371368 -7.003718
9.889193 1.641104 -9.791148
8.674522 3.171753 -7.116359
11.239133 1.252507 -9.285028
8.634836 0.857434 -9.108847
7.766217 0.790386 -8.593734
8.811173 3.171422 -7.253999
7.721091 1.827077 -5.283344
8.940475 3.254035 -7.321560
6.904972 2.686507 -4.874897
6.024942 2.807385 -5.486649
6.037899 3.077518 -6.916906
6.266693 2.798022 -5.423563
8.779391 2.011370 -6.181872
6.929362 2.691158 -4.896386
9.036816 3.481357 -8.916956
7.519966 2.675201 -4.944252
9.407096 1.020055 -6.789314
6.814444 2.922250 -5.984730
6.445029 2.775045 -5.298528
9.379474 3.020138 -8.095613
6.447280 2.771734 -5.297130
12.318992 2.758944 -10.289256
7.414817 2.178564 -4.954800
8.206534 2.353612 -5.557715
6.180973 3.048128 -6.704081
9.061678 2.794129 -8.999118
8.614076 3.423444 -8.668096
7.853759 2.687142 -5.246909
6.463023 2.748332 -5.183429
8.099735 2.461658 -5.468465
6.462555 2.748443 -5.183981
6.656469 2.643272 -4.711095
6.784698 2.879905 -5.971867
7.396733 0.144113 -6.238866
6.178693 0.464485 -7.438443
6.461641 2.746390 -5.186050
6.089097 2.852929 -5.798812
6.780906 2.891152 -5.963033
6.901808 2.674614 -4.866159
6.404368 2.840780 -5.733086
10.492730 1.354456 -9.298717
7.293576 0.132278 -5.952761
10.522899 2.975152 -7.171911
8.469621 0.443705 -6.198056
10.200576 3.376534 -7.961844
7.070179 3.241904 -7.648735
6.488035 0.545878 -7.749997
10.394511 3.559604 -8.533566
5.838897 2.950900 -6.325557
5.765376 2.867750 -5.850657
10.827112 1.007645 -8.430321
11.430424 1.495468 -9.510778
6.266932 2.790968 -5.381594
9.254526 0.391484 -6.960020
6.261442 2.795979 -5.419983
8.151192 3.394047 -8.348692
7.507869 0.132415 -6.116919
6.263360 2.926577 -6.184395
7.588785 0.083477 -5.826309
7.637080 0.098440 -5.762620
10.043381 3.588609 -9.600533
7.568709 0.088133 -5.859450
7.303972 2.602662 -4.794997
7.666812 0.090733 -5.770711
7.447041 0.329443 -8.471573
7.456694 1.537863 -5.203977
7.528378 0.379569 -5.447306
6.521952 2.705587 -4.999290
10.745354 3.120327 -9.306517
5.876088 2.973172 -6.392603
6.420823 2.963355 -6.259917
6.671479 0.332626 -6.446047
9.855118 0.093607 -8.414677
7.851692 3.220285 -7.494143
7.664149 1.806614 -5.267213
6.731857 2.674449 -4.821354
9.217743 0.301390 -6.888264
7.588195 2.603375 -5.067768
6.208923 3.122417 -7.068602
6.259896 2.793287 -5.412600
8.335246 2.629131 -5.713691
7.661178 1.809094 -5.273180
7.382043 2.175923 -4.938619
7.476102 0.161605 -6.148827
7.467871 0.336725 -8.501625
7.357342 2.910787 -6.285963
6.468004 2.730375 -5.066454
9.377231 0.973116 -9.542225
10.487691 0.749112 -8.546300
7.492242 0.141840 -5.460097
10.057065 3.650098 -9.584545
7.484358 0.162033 -6.159772
7.255142 3.273483 -7.803984
7.226966 1.158986 -5.101731
7.346382 2.636498 -4.821888
6.191214 3.043200 -6.673553
7.589403 1.783859 -5.231353
6.628385 2.807408 -6.032557
9.743464 0.833866 -9.213794
8.879176 1.252880 -7.923474
5.807694 2.881222 -6.284171
8.203721 0.684975 -5.953194
6.470361 2.731435 -5.069854
7.119775 2.950275 -6.305917
8.304473 1.896092 -5.668483
7.496850 2.669528 -4.969390
8.896151 3.047204 -6.363048
7.417566 3.011714 -6.553815
7.913843 0.121870 -5.962075
7.536023 0.146177 -6.186698
6.873116 0.457945 -8.106871
5.572359 2.882013 -5.977658
5.720795 2.850775 -5.789468
7.111795 0.057806 -5.859296
7.677382 0.110749 -5.877928
8.580411 0.346487 -6.929059
7.399265 0.144144 -6.237432
7.737538 0.253489 -5.643332
9.414704 0.939390 -9.272184
7.765013 0.800977 -5.477846
6.613659 2.807705 -5.420346
7.641895 2.304526 -5.123851
7.640591 0.273629 -7.625460
6.215935 2.856592 -5.754436
6.282662 2.956351 -6.194832
11.796609 5.901274 -8.736779
6.477959 3.128350 -7.177656
8.089064 0.285855 -5.880808
10.116926 2.810019 -6.980162
6.487053 2.935519 -6.178449
7.714189 0.556431 -8.300408
12.339979 2.633953 -10.300760
6.541265 2.862218 -5.708469
7.462285 2.635730 -4.944358
7.346130 0.123522 -5.983719
6.159696 0.327758 -7.132591
6.220465 2.949003 -6.287813
8.111933 2.744758 -5.415337
8.596187 3.195662 -7.228829
6.277508 2.789171 -5.418812
6.940199 2.637713 -4.659823
6.792199 2.859168 -5.759866
7.380267 2.173662 -4.940067
7.282017 1.264604 -5.112759
9.804971 0.474155 -7.249006
7.122131 0.094504 -5.879927
7.456452 2.637327 -4.939046
6.401968 2.811536 -5.621863
6.279377 2.790617 -5.417083
6.782600 2.838597 -5.763769
11.581890 1.793451 -9.878183
7.544755 0.084542 -5.785444
6.637681 2.819199 -6.045656
7.909661 0.127855 -5.951432
7.220677 2.667074 -4.779860
7.429534 0.135097 -6.008461
5.826283 2.957210 -6.303917
7.383220 2.558748 -4.896012
6.310466 2.839875 -5.765927
6.012742 2.787716 -5.475997
7.197731 2.692896 -4.856772
7.175243 2.674786 -4.849681
6.923419 2.626238 -4.658731
6.453321 2.716658 -5.049743
6.517598 0.599058 -7.777258
6.843776 2.752615 -5.312064
6.374782 2.819004 -5.591743
9.179372 1.022857 -9.534008
5.857690 2.967252 -6.365984
10.868601 1.017922 -8.474654
9.374488 1.528290 -6.669731
9.323303 0.455543 -6.779926
6.264606 2.922468 -6.180261
10.690274 0.743066 -8.758479
12.767958 1.109611 -9.194562
7.887229 3.355907 -8.203102
8.165958 2.791785 -5.494327
6.639713 2.869225 -5.823002
13.361922 2.863045 -9.149613
7.563765 2.609933 -5.033281
6.123539 3.080727 -6.971201
7.338342 2.168082 -4.917621
7.392616 2.922055 -8.098776
7.083817 0.069768 -5.836503
7.440607 2.534609 -5.022400
9.669933 2.878555 -6.562541
7.663438 1.803557 -5.282367
8.808968 3.189224 -7.220948
7.366369 0.126860 -5.959561
7.450384 0.283839 -8.444217
8.627467 0.424774 -6.306962
7.245425 1.163705 -5.099436
6.671562 0.332157 -6.448949
6.161653 2.768730 -5.284598
8.614554 0.903734 -9.277437
6.218024 2.862367 -5.750830
7.229302 2.744476 -5.108957
5.586565 2.882289 -5.957576
6.230503 2.970156 -6.298549
7.159775 0.046506 -5.728422
7.243686 0.057193 -5.733173
8.084106 3.398776 -8.323242
8.453561 2.655683 -5.789934
8.399322 0.971390 -6.017410
6.778948 2.935970 -6.168379
9.048059 3.526029 -8.968858
6.488884 0.606324 -7.723849
7.194001 0.667464 -8.285382
8.261416 2.851179 -5.523158
9.165978 2.093641 -6.360197
6.762001 2.906187 -6.154903
8.482353 0.960980 -6.084539
9.366403 1.946363 -6.598738
10.197391 0.777477 -9.229393
7.446536 0.736808 -5.255184
10.397103 0.491346 -8.180906
8.526681 2.731876 -5.817334
13.310386 3.240489 -9.805882
7.423783 2.527337 -5.016773
6.463484 0.560370 -7.596082
7.398870 0.077731 -5.959700
7.317859 0.071960 -6.007951
9.203567 2.131725 -6.389133
13.356623 1.630940 -9.544686
10.834153 1.007205 -7.637488
7.741311 0.095304 -5.925426
8.137861 0.283839 -5.902695
7.424174 0.288236 -8.399553
7.645893 0.193773 -6.217616
9.469995 0.620828 -6.854946
6.839884 0.454785 -8.086435
7.509487 3.017932 -6.388337
7.442397 0.729998 -5.252372
7.507895 0.079786 -5.741261
7.361506 0.118016 -5.953221
7.664795 0.125052 -5.884017
6.183112 3.000556 -6.657505
6.672191 0.095858 -7.947019
7.341232 0.116303 -5.976384
7.612984 1.804520 -5.254603
8.538695 0.948337 -9.173485
10.667423 1.161253 -8.964117
8.624780 0.607674 -9.065795
12.315666 1.524882 -8.547119
7.321298 1.295065 -5.130285
6.671101 0.098347 -7.956085
7.663040 0.112949 -5.869421
6.483947 0.599364 -7.734782
11.064584 1.019612 -7.760569
7.224358 0.325840 -8.101131
7.377233 0.162277 -6.055816
8.390328 0.954197 -6.005147
6.644917 2.905714 -5.810357
7.404689 2.951155 -5.968588
7.526573 0.712625 -5.264919
8.152850 0.282456 -5.909066
7.295467 2.649374 -4.716538
9.513454 2.863603 -9.415889
7.892778 2.739180 -5.265305
7.324245 0.039132 -5.661792
7.232266 0.720414 -8.308992
6.935623 3.179707 -7.512467
8.277732 0.264157 -5.990128
9.969016 0.283241 -9.628820
7.753548 0.507378 -8.339262
7.545660 0.989567 -5.306901
8.818786 3.034035 -6.252751
5.856778 2.844646 -5.817183
6.013341 2.786355 -5.474236
7.295069 0.645847 -8.229800
9.361000 0.890473 -8.449146
9.279712 1.981904 -6.409939
6.842006 2.965754 -7.267865
7.397565 0.153150 -6.090942
7.991972 0.150966 -6.063753
8.659258 2.782186 -5.832436
7.438965 0.052767 -5.586390
7.497853 0.142895 -5.393712
7.291244 0.025363 -5.479741
5.763366 2.861485 -5.852457
6.633477 2.848520 -5.824724
5.555294 2.870536 -5.830746
6.203504 2.830966 -5.747046
9.056725 0.905043 -8.149542
7.549336 2.687812 -4.957673
7.523034 0.700169 -5.262533
7.626759 2.653860 -5.059886
7.840736 0.149355 -5.934535
7.692380 0.551353 -8.267999
8.152824 0.230619 -6.622735
8.525517 1.364766 -6.052095
7.521482 0.602798 -8.077936
9.440452 0.636396 -8.903514
6.164742 2.767691 -5.230135
7.456511 2.230726 -4.937309
11.016808 0.581703 -8.135483
10.315267 1.062151 -8.037929
10.313230 0.501303 -8.125322
7.381186 0.161563 -6.069715
9.472536 0.345054 -7.042992
5.806876 3.043350 -6.731548
6.326203 2.739726 -5.146986
11.334827 3.260262 -7.594112
5.771053 2.862597 -5.858388
6.194345 3.044899 -6.678317
7.162283 0.080899 -5.770784
7.809362 0.053559 -5.852815
7.351561 0.128368 -6.053253
6.110430 0.346571 -7.492544
9.059167 1.469921 -6.490716
5.818773 3.020176 -6.734721
11.517630 1.042770 -8.055498
7.494719 1.195191 -5.197337
13.945034 3.082513 -9.498142
13.363358 3.259604 -9.835977
6.708547 2.650096 -4.704710
7.538943 0.335562 -5.327994
7.570751 0.689828 -5.432976
6.609896 2.652696 -4.702204
7.215200 2.744570 -5.120007
5.559675 2.875817 -5.835689
7.761518 2.726135 -5.097078
7.687121 2.867107 -5.459454
7.332577 2.377102 -5.117249
6.281834 2.947050 -6.191253
7.598026 0.575454 -8.153192
6.208875 2.841921 -5.744279
8.194224 2.781832 -5.456901
11.128942 0.590933 -8.226226
7.497932 0.592409 -8.024372
6.488953 0.549780 -7.745270
7.529870 2.870431 -5.577248
7.440608 2.228695 -4.919126
5.715169 2.840978 -5.780955
6.212667 2.848610 -5.750141
7.526683 0.110196 -5.830364
7.627109 3.097710 -7.824723
8.346122 0.951152 -5.976991
10.306974 0.500367 -8.119870
7.452302 2.597095 -4.871441
7.220003 2.691268 -4.817127
7.585325 0.236255 -5.525301
7.623853 1.819676 -5.227022
6.193646 2.918273 -6.260158
6.085551 2.835315 -5.799346
7.453893 2.592925 -4.880028
11.277892 2.461431 -7.645162
9.564165 2.962009 -6.526154
6.702309 2.645029 -4.702489
8.884366 0.827048 -8.981993
7.591517 0.236095 -5.508006
7.212359 2.736869 -5.124327
6.905815 2.679864 -4.870921
6.456568 0.564014 -7.715471
7.388383 0.055954 -5.672586
7.453351 2.598814 -4.873996
7.260865 2.634734 -4.713983
9.711479 0.797676 -8.793159
8.137985 2.756316 -5.426413
7.556581 0.237371 -5.510935
6.182434 2.738268 -5.152858
7.175566 2.694452 -5.098517
6.911984 2.689235 -4.866551
8.365504 0.680803 -6.036570
6.148017 2.770715 -5.203820
7.510593 0.644527 -8.764529
10.551242 0.367963 -8.395279
6.204965 2.858884 -5.728778
7.486506 2.620995 -4.922029
9.268007 2.083145 -6.364600
7.548824 0.088499 -5.693404
11.396664 1.046142 -7.973513
7.507530 1.779737 -5.043424
9.206668 3.154958 -7.116685
7.163213 0.078265 -5.757810
7.481893 2.645739 -4.955073
7.136904 2.603573 -4.615181
10.010284 1.583481 -6.976614
6.038310 0.359121 -7.400819
9.284894 2.985917 -6.223057
7.490537 1.719851 -5.059580
7.503553 1.742445 -5.050512
10.004282 3.232220 -7.572086
6.153916 2.756766 -5.279164
9.812634 0.131733 -8.529159
7.158506 2.772840 -7.783793
7.217854 0.099178 -5.824294
7.613441 0.646787 -5.452171
7.475659 1.719137 -5.061151
6.539302 2.855427 -5.718858
6.317115 2.872836 -5.752401
9.251126 0.640836 -8.422931
7.223323 2.715700 -4.986560
7.541024 2.251848 -4.977297
6.241018 2.879820 -6.160444
6.202312 0.335776 -7.125913
7.411364 2.830644 -5.534839
7.630686 0.690025 -5.464549
7.611324 0.726125 -5.291194
7.561574 1.182315 -5.213428
7.207456 0.719492 -8.274993
5.968800 0.412480 -7.200285
8.926604 0.554677 -6.738439
7.636027 0.693360 -5.456971
9.399766 1.509503 -6.691672
7.597834 0.768956 -5.427821
7.582669 1.345171 -5.205765
7.618787 0.686054 -5.453125
7.580970 1.185178 -5.209692
7.135026 2.592874 -4.628831
7.618594 1.319137 -5.123532
7.336942 0.053285 -5.603532
7.069118 0.238094 -6.002782
6.600143 2.744044 -5.140615
7.578668 1.181588 -5.207053
7.590733 1.356628 -5.196687
6.129135 2.765558 -5.179618
5.567054 2.889433 -5.932947
8.231031 0.689031 -5.952342
8.747746 2.798015 -5.281730
8.254738 1.242543 -5.447525
7.855118 0.149394 -5.935392
9.629473 0.979082 -9.804089
7.677448 2.672672 -5.081933
8.002357 1.901249 -5.384662
8.742330 2.802663 -5.291698
6.196821 3.027759 -6.680631
9.954706 3.546639 -9.433164
7.316825 2.662358 -4.723696
8.838661 0.452631 -7.065311
7.333589 2.763450 -5.111347
9.179358 2.942864 -6.164443
7.689668 0.299810 -5.385013
7.192504 2.881824 -7.827046
7.506770 0.084264 -5.748188
6.849164 0.178030 -5.808470
8.112708 2.744392 -5.417686
6.065826 0.451007 -7.411810
8.049529 0.302743 -5.848423
6.663006 0.486057 -7.772703
7.673479 0.711254 -5.329367
7.034205 0.069033 -5.656165
7.118295 0.095431 -5.868942
8.293932 0.672949 -5.998211
6.620220 2.605582 -4.437759
7.607264 0.113584 -5.430242
7.689083 0.687403 -5.328518
9.778676 0.303424 -9.356707
9.709038 0.990499 -9.687531
11.183395 1.887707 -7.910784
7.485073 0.084247 -5.782231
7.506357 0.031824 -5.624413
7.253050 2.663212 -4.659332
11.656475 2.545909 -9.637961
8.683717 0.433381 -6.574688
6.046724 0.352776 -7.403587
11.391426 2.393802 -9.637493
7.080935 0.084870 -5.719975
6.489291 2.659482 -4.701640
7.648467 0.108217 -5.511952
7.634043 0.108841 -5.514556
6.613681 2.784400 -5.428139
8.849625 3.193866 -6.725247
5.574228 2.866721 -5.949413
6.583662 2.762525 -5.416099
7.026834 2.702627 -5.006523
9.352628 0.777553 -9.477140
10.322719 3.361539 -7.392801
5.839728 2.959047 -6.334374
6.600281 2.598711 -4.411079
7.403998 0.026768 -5.545324
9.049426 0.826672 -9.154705
8.921288 0.476926 -6.547858
6.589062 2.769482 -5.421572
6.209304 2.873299 -5.723159
6.007545 2.801446 -5.447272
6.348232 2.693990 -4.876472
8.475223 0.462131 -6.461485
8.965367 3.273569 -6.720361
6.327832 2.696708 -4.858913
6.103131 2.747407 -5.176043
7.222099 0.152540 -5.843844
6.524812 2.872965 -5.680070
6.205435 2.833965 -5.748825
6.111042 2.760136 -5.189817
6.236021 0.280958 -7.171860
7.409748 2.713628 -4.750839
10.180868 3.573547 -8.929276
5.837970 2.932591 -6.339770
5.563807 2.849374 -5.847922
6.109999 2.757946 -5.191537
7.465649 0.148582 -5.429099
7.018419 2.687248 -5.013103
6.262081 2.709391 -4.938219
5.713348 2.837229 -5.778942
5.580575 2.903506 -5.992276
5.557889 2.873394 -5.828688
8.967729 2.086740 -5.321196
6.008178 2.779344 -5.469163
7.345232 2.932508 -5.929365
7.588119 2.825766 -5.413295
7.171465 2.654520 -4.639492
6.016371 2.786208 -5.472873
9.356778 1.980343 -6.551063
7.309110 2.944987 -5.883964
7.492932 0.142869 -5.460796
11.126781 1.684339 -9.843364
9.900917 0.928457 -9.888430
6.291492 2.841852 -5.757107
7.365114 0.124095 -5.676421
7.520008 0.133880 -5.476062
6.265784 2.728292 -4.982061
5.565770 2.883085 -5.928648
7.407878 0.095040 -5.591301
6.197277 0.284991 -6.129235
6.180458 0.295199 -6.095912
9.061327 2.831070 -8.988310
6.963688 2.602424 -4.429428
10.830162 3.933234 -7.416574
6.826876 0.103783 -5.155349
9.890092 3.180502 -7.092508
6.291970 0.206579 -6.255366
6.010610 2.810306 -5.453588
7.122042 0.150230 -5.770942
6.850146 0.094758 -5.160303
11.488675 1.680906 -9.618590
6.290975 0.211661 -6.257497
8.374761 0.855853 -8.816121
5.704516 2.824013 -5.767038
6.250693 2.809895 -5.750674
6.018875 2.792750 -5.479279
9.516523 0.167212 -8.274374
6.544545 2.859804 -5.721091
5.858427 2.888772 -5.791254
12.432251 2.060635 -8.619820
6.920717 0.280688 -5.193099
6.291223 2.884829 -5.735786
6.290850 2.842815 -5.772048
9.105929 0.979016 -9.196584
7.076962 0.122881 -5.700450
6.292247 2.846383 -5.776859
6.877149 0.149587 -5.594771
7.122832 0.149404 -5.762437
6.838693 0.138280 -5.550531
6.766168 2.667051 -4.767490
6.875054 0.301435 -5.866553
6.637912 2.597949 -4.359742
6.304325 2.864382 -5.792244
6.588020 2.740206 -5.115565
6.770680 2.664946 -4.770137
6.611238 2.597028 -4.389839
7.982869 0.905950 -8.496887
7.172956 0.140792 -5.811702
6.692247 0.172605 -5.643260
6.607779 2.595046 -4.380498
6.758351 2.672967 -4.737848
6.273561 2.836342 -5.774822
7.171533 0.144701 -5.813491
7.029964 0.256969 -5.954778
7.147806 -0.011879 -5.299266
11.682323 0.273425 -9.216338
7.029018 0.257337 -5.956207
11.844673 2.550771 -9.908104
7.155063 2.663997 -4.546468
7.157206 -0.011527 -5.302171
7.002946 0.110302 -5.763740
6.891574 0.111258 -5.782307
9.860252 0.429772 -7.938671
6.700705 0.338185 -6.465693
7.015620 0.254664 -5.955884
7.052344 0.116677 -5.823238
6.708390 2.572973 -4.144834
7.142878 -0.008981 -5.298677
11.807459 1.019626 -9.072542
10.698171 1.371971 -9.514157
9.134133 0.358644 -8.793708
6.924232 0.283625 -6.206757
6.788432 0.315818 -6.337330
9.030223 1.079019 -7.646792
7.356017 1.122102 -5.182276
9.974058 0.770379 -8.140085
12.924219 1.614209 -8.993653
7.390524 2.492957 -5.014925
6.830693 2.955826 -6.219044
7.615200 0.214347 -6.197291
11.117357 1.002390 -8.570314
9.929828 1.559417 -9.881841
10.146540 0.775819 -8.312853
6.555624 2.733677 -5.405496
10.319834 0.754561 -8.508304
8.316846 0.692890 -8.687960
12.030646 3.147423 -9.792261
7.670921 1.184665 -5.282563
7.447112 2.864182 -5.579094
7.446328 2.862055 -5.580703
6.700679 0.331159 -6.472362
6.720303 2.864075 -6.124483
7.666281 1.192271 -5.281883
7.184933 0.149435 -5.938282
10.259886 0.815511 -9.267257
11.404090 1.291697 -8.116974
6.550201 2.629848 -4.608547
7.881288 0.181230 -5.677393
7.460382 -0.020949 -4.892853
9.248641 1.555327 -5.151341
7.108078 2.625258 -4.550526
6.043532 2.741215 -5.200055
8.781472 2.439191 -4.522565
7.280246 0.012145 -5.439612
6.249197 2.673997 -4.914290
7.418407 0.132722 -6.004043
9.372993 1.643493 -6.656000
7.387480 0.177486 -4.756316
7.254209 -0.018805 -5.393859
7.513036 -0.052193 -5.147079
7.597737 2.690260 -5.014394
13.095166 2.959619 -10.901370
8.733644 2.074202 -4.491709
7.024944 0.257396 -5.985049
6.233364 2.535439 -4.247623
6.916018 0.291718 -6.137938
6.529030 0.188199 -6.466719
6.708491 0.330553 -6.476822
9.357988 1.063058 -9.312701
7.251869 1.148086 -5.101015
9.719955 3.199625 -7.637841
8.063710 1.911232 -7.952308
6.258953 2.676736 -4.893317
7.845466 3.248852 -8.094150
9.959793 3.260679 -8.560478
6.716879 0.330070 -6.488291
8.272748 0.863044 -8.690619
11.524439 1.689683 -9.664968
6.225569 2.532036 -4.246492
10.742205 1.526652 -5.751106
7.299809 0.058539 -5.997507
10.325509 2.994857 -8.897982
10.058983 0.511212 -6.109644
6.226896 2.530895 -4.247252
7.217262 0.135854 -5.870624
7.166059 0.156308 -5.925504
7.470825 0.605859 -7.998795
6.428876 2.601240 -4.556353
6.098985 2.619086 -4.639868
6.616647 0.180940 -6.453735
6.706584 2.755555 -5.240901
7.465359 0.140186 -4.763568
6.789338 2.934637 -6.191053
6.471131 2.490601 -4.075126
8.568731 1.401311 -4.827534
6.388277 2.462778 -4.022603
9.263226 2.975127 -6.218212
7.450558 0.140431 -4.743522
9.109902 0.440611 -7.268152
7.680255 0.192543 -6.245605
6.105571 2.896339 -6.006274
6.032974 2.735244 -5.192885
8.542411 0.936702 -6.099804
6.269495 2.482437 -4.029792
7.055499 2.615369 -4.529160
7.466678 0.016478 -5.276836
7.339752 0.051382 -4.715514
6.103462 2.898083 -6.005291
6.032334 2.734960 -5.192599
6.478676 2.493100 -4.104141
7.523655 -0.049097 -4.948633
9.411378 3.050432 -8.112973
6.002620 2.585364 -4.486179
6.436668 2.576309 -4.386659
9.358150 3.319116 -8.902868
6.131815 2.742853 -5.684692
6.512678 2.509074 -4.150720
6.267396 2.675515 -4.837111
8.717373 2.339830 -4.290522
6.099895 2.618959 -4.638457
6.461214 2.765684 -5.665656
6.355109 2.501161 -4.092572
6.788631 2.550192 -4.261557
6.954836 2.585856 -4.450121
6.065481 2.792840 -5.520479
7.745141 3.304109 -8.104970
7.326187 0.007323 -5.466751
8.480241 2.446726 -4.103874
6.100908 2.620373 -4.640296
6.067112 2.792306 -5.521343
6.417912 2.446514 -4.104236
6.994825 2.587057 -4.507743
6.450161 2.587253 -4.495684
8.679444 2.074528 -4.358187
6.101855 2.619896 -4.637645
6.625197 0.348196 -6.397245
7.017575 0.269418 -5.981831
5.799583 2.672468 -4.913555
6.929632 2.564851 -4.443016
6.680195 2.755306 -5.205429
8.922416 1.950079 -4.740681
8.551318 2.011599 -4.453592
6.171884 2.558350 -4.402360
6.180300 2.660438 -4.832759
6.267222 2.860670 -5.800879
7.093511 2.610117 -4.556539
8.768304 3.166790 -7.205985
8.781828 0.778466 -8.859178
6.180915 2.657182 -4.834519
7.532584 0.155739 -4.801640
10.675409 3.637768 -8.777194
6.174905 2.659100 -4.830100
8.763893 2.074833 -4.485060
11.741868 0.797796 -8.917808
7.404799 -0.042050 -4.742665
6.675427 2.516250 -4.255960
6.858535 0.160132 -5.608730
7.069298 0.037879 -5.325846
6.595251 2.471988 -4.226804
6.623877 2.562768 -4.291369
6.041753 2.731923 -5.146263
8.814735 2.080326 -4.487881
6.635061 0.216640 -5.629035
8.688573 3.183624 -7.128574
8.965350 2.480900 -4.473091
7.432437 0.219614 -4.913963
9.063171 2.220494 -4.823516
9.749990 3.359040 -7.853231
9.248374 1.922245 -6.534486
9.241406 0.477446 -7.475312
8.970001 2.600288 -4.502124
7.064992 2.602216 -4.550866
9.047952 2.307816 -4.790877
7.834205 2.714696 -5.180919
6.569058 0.363574 -6.332014
7.619269 0.213560 -6.200758
11.811992 0.845349 -8.537803
7.585481 2.678995 -5.000748
6.592458 2.544766 -4.276061
9.646289 0.621602 -6.937134
9.132168 1.472239 -4.950292
9.162475 2.011752 -4.795168
11.891932 1.511264 -8.330704
8.888396 1.007968 -9.219764
8.588687 2.575746 -4.297186
12.793059 3.508764 -10.419887
6.193242 2.584500 -4.403703
6.600164 0.360512 -6.368600
7.621182 0.834768 -8.395179
6.694766 0.012800 -5.169281
9.500242 2.034243 -6.517022
9.495758 2.898280 -9.317482
7.589647 0.139825 -4.826776
6.990629 1.255490 -4.571515
6.461448 2.475690 -4.084220
6.152359 0.297622 -6.061925
6.092400 2.680904 -4.957358
7.266513 0.146461 -5.939130
8.865088 2.374392 -4.262743
7.251746 -0.113559 -4.744371
6.135696 0.305814 -6.048869
7.484192 -0.030782 -4.997334
6.919617 2.583489 -4.430471
7.689295 0.355265 -5.679454
8.188865 3.307944 -8.355216
11.344321 2.536736 -9.500894
6.294098 0.039337 -6.334188
6.660214 2.518830 -4.138695
12.048950 3.144744 -9.781492
10.096663 0.920730 -9.475518
9.421817 2.293746 -9.509525
5.999694 0.157243 -5.739202
6.331189 2.857933 -5.823437
6.063175 2.790994 -5.520453
7.782632 2.582678 -5.275835
7.479898 0.151615 -4.788826
9.112781 2.291934 -4.817464
6.228310 2.638766 -4.749816
8.447272 3.020245 -6.380663
9.199286 0.820603 -8.321927
8.475156 1.187617 -7.599253
9.028755 1.550833 -5.117076
6.225836 2.764356 -5.721490
6.910800 -0.058086 -5.484339
9.787812 3.161712 -6.989186
6.388159 2.511548 -4.150182
9.073524 2.326413 -4.836365
9.047831 1.542519 -5.104064
6.910410 -0.054424 -5.470941
9.113731 3.483543 -8.958551
8.908796 2.387587 -4.275410
9.024454 1.748060 -5.276121
7.005172 0.166949 -5.798746
6.912755 -0.063095 -5.053200
8.811624 2.355231 -4.267310
9.036103 1.370950 -5.347115
9.032387 0.659086 -5.096100
6.351479 2.868169 -5.826747
6.640553 2.485737 -4.255893
8.079232 2.483978 -5.691010
7.331548 0.050944 -4.753181
9.076089 2.319330 -4.832579
6.615350 0.046046 -5.485259
6.635792 2.567040 -4.298228
8.043624 0.195633 -8.065289
8.530048 2.541909 -4.248136
8.685792 2.089756 -4.453371
6.431731 2.605815 -4.557778
6.515851 2.605019 -4.602616
6.696803 0.503417 -7.359704
9.511546 3.041159 -6.824909
8.996896 2.196437 -4.800775
6.428869 2.607822 -4.557307
9.427413 0.408460 -7.539750
9.185988 0.289645 -4.995551
9.161149 2.584884 -4.689949
8.714189 0.582875 -5.590880
10.446101 0.642998 -7.843929
7.483075 0.029457 -5.715508
9.103744 2.575728 -4.686702
9.098698 2.322602 -4.804393
9.927439 1.425577 -9.865492
11.020889 1.061787 -8.094871
6.462112 0.530566 -7.424913
8.990855 2.512355 -4.530414
9.061040 2.628129 -4.513271
6.605874 0.349315 -6.373012
9.400536 3.033457 -8.103436
7.380194 -0.012848 -5.101637
7.531721 0.055816 -5.772795
6.358010 2.501092 -4.097184
7.274917 0.622016 -8.155076
9.069254 2.567763 -4.672236
8.043513 2.706836 -5.411402
6.010815 2.593494 -4.488693
8.892330 1.787729 -5.078349
9.272167 2.084959 -6.446574
7.388143 0.168737 -4.732281
6.175886 2.568303 -4.398703
7.033206 0.264933 -5.993808
6.871642 -0.047856 -5.259770
9.232375 1.470667 -4.960034
9.148218 2.260082 -4.840325
9.040940 1.805097 -5.081920
9.076726 1.548895 -5.118090
6.895996 2.558050 -4.420526
7.192162 0.099285 -5.796896
8.646200 0.921496 -6.187559
9.235379 0.654711 -5.141018
7.501289 -0.069967 -4.787644
9.871674 3.186218 -7.654182
9.118791 0.657384 -5.113822
7.696282 0.122131 -4.862680
6.892903 2.554601 -4.422492
11.716522 3.427932 -10.034267
6.925590 -0.067729 -5.290500
9.608572 2.969265 -6.514183
6.398203 2.518911 -4.152643
9.137798 2.238721 -4.828715
8.069101 0.148679 -6.109804
8.536784 0.916996 -6.098887
9.139684 2.249073 -4.871055
8.863276 2.110469 -4.519577
6.881343 -0.045269 -5.334257
6.634785 -0.044776 -5.494204
6.399364 2.520423 -4.151556
11.260393 0.971671 -9.572520
7.369226 -0.028412 -4.737151
6.392958 0.201634 -6.368145
6.913301 2.559748 -4.454743
9.933867 2.777588 -6.839319
6.175996 2.654943 -4.829499
6.818118 2.544319 -4.385956
9.116996 1.473866 -4.950242
9.261525 0.659270 -5.134863
7.504806 0.135702 -4.794816
9.224441 0.657346 -5.129043
6.171363 2.845229 -5.817007
7.468116 -0.048262 -4.877249
6.701200 2.519955 -4.272582
9.110538 2.239597 -4.833748
7.576804 -0.036618 -5.046150
8.972600 1.805826 -5.091942
6.975354 2.584617 -4.467316
6.580299 0.031774 -5.710982
9.108570 1.997830 -4.785058
7.616262 0.065762 -5.814644
7.074435 2.687863 -7.665629
9.852200 2.166210 -6.848272
7.813311 1.341018 -5.281813
7.558055 -0.034462 -4.950451
7.512524 1.147716 -5.254686
7.128452 2.668236 -4.528758
9.056631 2.324947 -4.835590
6.059121 2.785125 -5.514946
6.155417 0.065644 -6.555663
7.371905 0.040178 -4.760246
6.689790 2.654802 -4.760320
10.556491 1.310523 -7.562830
7.181766 -0.110778 -4.690429
6.709769 0.479390 -7.424851
6.025609 2.696757 -5.007830
6.265158 2.857099 -5.796951
5.765709 2.850414 -5.830937
11.552814 1.926536 -8.040043
7.204829 -0.101581 -4.731301
6.129513 2.527406 -4.392578
7.413995 0.031655 -4.771732
8.923772 2.864409 -5.450184
6.219285 2.644143 -4.742380
6.468804 -0.036412 -6.266968
9.430921 1.976204 -6.616185
6.702005 2.622301 -4.826267
9.689137 0.937863 -6.971384
5.968008 2.690255 -5.038341
8.817637 1.262305 -5.715848
6.789761 2.585980 -7.288558
8.653443 3.207824 -7.295759
6.055473 2.780446 -5.510433
6.603689 2.466924 -4.245283
6.794888 2.648643 -4.807743
7.993953 1.902650 -7.961521
8.387268 2.994194 -6.358956
6.523062 0.520364 -7.096957
8.410155 3.020090 -6.355224
6.628932 -0.137567 -4.960261
8.827548 2.828156 -5.440736
7.106151 2.638267 -4.532745
10.106574 3.434678 -8.326020
6.201545 2.631127 -4.723535
6.643938 -0.140200 -4.959224
9.727494 1.654266 -6.995666
6.898195 -0.050093 -5.276409
6.466208 -0.027421 -6.249839
7.005992 0.265329 -5.973825
7.201501 -0.099401 -4.758051
6.896115 0.691479 -7.829702
7.825653 2.711303 -5.178037
8.980260 2.859951 -6.072647
8.988082 1.534626 -5.087308
9.034291 0.380665 -7.309031
6.933288 -0.091347 -4.842544
6.866261 2.455473 -3.770338
6.195010 2.633801 -4.725283
6.956560 2.590131 -4.436491
8.647458 3.148844 -7.116026
6.687518 -0.187617 -5.050930
9.220397 2.792804 -6.343252
6.634494 -0.048224 -5.486376
7.560362 0.047430 -5.838422
6.859109 -0.043918 -5.253829
7.289870 0.132510 -5.677356
2.864612 1.901180 -1.507819
5.229410 0.283968 -3.627789
3.262982 1.863822 -1.486386
7.605138 0.217114 -6.280009
2.653259 1.954826 -1.932575
2.552205 1.988675 -1.945522
2.708038 -0.148261 -3.901974
7.263083 2.612209 -4.760796
2.882510 -0.193199 -4.247412
2.189005 2.131317 -2.845968
5.250716 2.111143 -2.433971
5.529644 2.138405 -3.502508
4.979746 -0.220784 -3.475109
2.940319 2.106378 -2.549280
1.964915 2.136283 -2.799706
3.637203 1.959054 -1.792807
3.805894 0.516249 -5.936475
3.263205 1.817937 -1.562687
3.980504 -0.436710 -3.221122
2.578214 2.088512 -2.487372
4.106316 -0.614219 -2.835030
2.572524 2.064879 -2.506386
5.063878 0.294158 -3.171195
3.305247 1.865862 -1.567977
2.233275 2.114119 -2.666036
2.911797 -0.265923 -3.860545
3.054747 1.656075 -4.496428
3.282703 2.065740 -2.184761
3.200443 2.023169 -2.161340
2.838300 2.003102 -2.060854
3.678073 0.035224 -5.732726
3.158533 1.974236 -1.906505
9.248028 0.928564 -6.724036
2.529952 2.531780 -3.992326
3.717049 2.610746 -4.938466
2.083050 2.036168 -2.231511
2.284564 2.029764 -2.141883
4.185084 2.385773 -3.299997
3.089363 2.034257 -2.097707
5.286089 0.261654 -2.738175
2.212854 2.174060 -2.892813
3.776580 0.679438 -5.905540
5.078862 1.225557 -2.432213
7.077352 1.684476 -7.008345
2.485763 -0.177352 -3.791134
2.582239 -0.154152 -3.512984
3.180080 1.939116 -1.739999
2.532187 1.950349 -1.745852
3.482694 2.315618 -2.225184
2.022624 2.028075 -2.225508
4.523240 1.033004 -1.913907
2.165061 2.153527 -2.906033
2.856333 1.892512 -1.504681
4.698069 0.582561 -8.512794
4.441145 -0.227177 -4.276463
3.529480 1.875723 -1.336152
3.010058 1.958778 -1.760846
2.379164 2.037539 -2.327866
3.903651 -0.055143 -4.393437
4.259208 2.223737 -2.878528
3.415421 1.252000 -5.259507
2.419572 1.539708 -3.952093
4.706235 -0.498336 -3.502322
2.538493 1.970565 -1.935047
2.610051 2.314522 -4.072667
3.732215 -0.072677 -5.878311
5.871973 0.288307 -2.706715
2.491500 -0.181842 -3.737644
4.075525 0.958262 -1.910199
6.750177 0.493961 -7.421170
5.231572 2.053466 -2.399129
2.727967 -0.302198 -3.059348
7.346529 2.820105 -5.431343
4.077162 -0.716992 -2.669394
5.016193 -0.458001 -3.568511
5.639224 0.597219 -2.298669
4.729490 -0.533099 -3.279373
3.884601 -0.136787 -4.403945
8.316030 1.104228 -5.992863
9.125995 2.959186 -7.115041
4.123281 0.750452 -6.522468
4.684402 -0.275489 -4.237288
5.882585 0.401546 -2.622733
4.583033 -0.257924 -4.134358
4.032822 -0.601810 -2.957878
2.969774 1.492581 -4.527805
7.026950 1.233908 -4.899151
2.376098 1.949493 -1.815347
5.010173 2.203253 -2.754988
5.618723 1.242336 -2.168456
5.610089 0.604610 -2.354581
4.837529 1.110710 -2.047148
4.864324 -0.380236 -3.972623
8.626487 0.595921 -6.546287
6.668230 -0.146323 -5.147846
2.658012 1.899106 -1.564015
7.479838 -0.087577 -4.659515
4.104599 -0.315450 -4.637125
6.999052 -0.113505 -5.370328
3.245878 1.998447 -1.885394
9.037230 0.565691 -5.729785
4.951231 1.626341 -2.849205
2.588604 1.838109 -1.269634
4.030127 -0.548786 -3.242124
2.601462 1.847046 -1.275287
7.639944 1.785014 -5.285755
2.096351 1.974737 -2.022219
2.118914 1.973307 -1.912967
2.012469 2.068517 -2.286189
7.200363 2.884667 -5.774532
2.800766 1.776734 -0.953308
9.157951 1.931277 -6.448968
3.945918 2.613057 -5.152493
3.897731 0.036117 -4.377221
6.449805 1.130596 -4.483482
5.374673 -0.069779 -2.851222
10.553065 2.055312 -8.826154
7.345100 2.820823 -5.432888
5.307685 -0.300298 -3.773464
10.281179 1.446800 -7.346688
1.863952 2.026278 -2.244081
8.545124 0.584238 -6.512579
4.191110 -0.627896 -2.832529
8.315307 0.707570 -8.678172
4.101270 -0.612247 -2.889440
6.863346 2.573120 -4.365308
1.795959 2.038976 -2.297449
9.677107 1.044526 -9.665395
2.884881 1.825456 -1.265179
7.663684 0.223137 -5.580051
2.243968 1.910861 -1.658592
2.524829 2.153678 -2.883256
4.395515 1.044710 -2.041520
2.854460 1.889521 -1.505438
3.591877 1.601969 -5.051208
9.360259 0.621208 -6.802307
3.502735 -0.673937 -1.777168
2.963695 2.369150 -4.356440
6.196312 0.352577 -7.037817
4.744932 -0.702832 -2.518882
1.762300 2.023459 -2.262784
3.463935 -0.532038 -4.057421
3.299809 0.981750 -5.313996
3.539575 -0.687427 -1.789793
1.878596 1.989166 -2.084617
2.366732 1.938871 -1.805932
2.593488 1.842269 -1.272001
5.043173 0.353420 -2.270887
2.679646 1.872407 -1.493837
4.468009 -0.750434 -2.257718
8.557796 0.925609 -6.151847
10.768597 1.167693 -9.053548
3.426510 1.861036 -1.291971
7.303045 1.760936 -4.995380
2.097383 1.935747 -1.886823
2.496359 1.908403 -1.721857
10.679459 1.046654 -7.869627
2.602060 1.851643 -1.275095
1.969729 1.991443 -2.220683
10.564304 1.161976 -8.924450
6.764928 2.631011 -4.800060
2.221527 1.933087 -1.731489
2.366518 1.890098 -1.584020
9.090535 0.400499 -6.826705
5.174078 1.086297 -2.605318
2.960800 2.387100 -4.386252
6.425596 0.461633 -7.042383
4.024265 1.909306 -5.621700
6.989600 0.264131 -5.959801
3.391228 -0.580028 -3.913558
2.646544 2.001532 -2.019551
2.591668 2.096996 -2.495004
3.787387 -0.614536 -3.295497
4.447004 2.171829 -7.479274
3.853882 -0.757582 -2.590612
3.215977 1.976943 -1.872017
5.585782 2.627932 -4.784944
2.945598 1.925570 -1.705331
3.498847 1.906685 -1.319132
3.669425 1.897946 -1.471596
2.901689 -0.154286 -4.350354
9.996120 3.659863 -9.309556
2.079563 2.026858 -2.225109
2.170447 2.054539 -2.311256
8.766285 0.476183 -7.148190
7.818681 0.096667 -5.882932
3.482496 -0.555720 -1.748414
6.451138 2.757809 -5.656721
11.723783 0.657000 -9.863952
2.383556 -0.108753 -3.907467
9.763144 3.133090 -6.989712
11.352948 0.742049 -8.410480
6.797743 0.181156 -7.949707
8.227396 0.277232 -6.032897
3.884162 -0.654654 -2.974386
6.152807 2.544891 -4.393790
5.438461 -0.064695 -2.867236
2.822381 1.887312 -1.429218
6.462508 0.458034 -7.078300
1.970144 1.906311 -1.693627
11.467011 0.715093 -8.453056
6.727739 2.530237 -4.301145
5.830369 0.200185 -5.739840
2.739980 2.071420 -2.453137
5.155336 2.759615 -5.454904
6.679476 -0.053672 -5.872820
2.917094 1.811954 -1.124325
2.648507 1.886945 -1.559045
5.002298 2.730406 -5.350010
6.405173 2.579087 -4.549455
6.914956 -0.056998 -5.289789
2.259200 1.987608 -2.110398
4.909059 -0.416875 -4.006887
6.225698 -0.039607 -5.318990
2.596783 1.843900 -1.273402
3.222154 1.979096 -1.870339
3.315742 1.903657 -1.504722
4.221471 -0.622185 -2.815891
5.006886 2.114576 -2.833814
3.693199 1.885387 -1.558332
6.052980 0.110334 -6.412580
3.813444 -0.539350 -2.474993
5.499815 2.692839 -5.213318
6.755414 2.536631 -4.333246
3.856344 -0.657767 -2.661944
9.076103 0.393976 -6.815289
1.899008 1.923552 -1.813854
2.029433 2.075821 -2.487564
6.052001 0.110715 -6.411263
12.368002 1.136324 -8.952675
9.540031 2.410738 -9.565435
3.869624 0.909238 -1.626953
6.298957 0.327984 -7.748530
5.492633 2.707667 -5.220847
3.519596 -0.544897 -2.309702
6.212754 -0.011429 -6.207332
3.592703 -0.503167 -1.859021
6.512052 -0.117929 -5.602431
2.834894 1.774077 -0.957439
7.376254 2.565256 -4.950374
6.439559 2.580256 -4.494229
5.375054 0.419038 -2.799651
7.011431 0.148817 -5.494960
4.978532 2.764268 -5.514809
1.942109 2.164360 -2.906312
8.290021 2.792221 -5.545009
2.378933 1.832674 -1.286273
6.936265 -0.069449 -5.064758
11.205838 0.641694 -8.178943
3.806911 -0.618921 -3.056148
9.909356 3.541815 -9.480958
2.275821 2.012940 -2.127660
7.841413 0.161219 -5.951591
2.387686 1.841435 -1.292202
2.865021 2.020932 -2.095595
2.726032 1.911198 -1.745950
5.878507 2.684774 -4.992220
5.922304 2.681406 -4.937269
3.980860 -0.240652 -4.650249
12.070031 1.906044 -8.270896
5.592352 2.630159 -4.793745
2.255795 2.007828 -2.105349
4.758360 1.419636 -5.334224
6.606145 2.531275 -4.434182
2.850918 2.006467 -2.083367
13.812956 2.682421 -9.275467
5.888799 2.688023 -4.975688
5.879939 2.682154 -4.990050
3.808125 -0.066656 -5.620201
3.365722 1.576867 -4.892430
5.301330 -0.112491 -3.692953
9.935205 1.083446 -7.469515
6.817593 0.148503 -5.217295
4.405942 -0.524577 -3.186143
5.987916 0.345293 -4.148189
12.521547 2.711345 -8.404318
4.627741 -0.457038 -3.779306
3.626927 0.400744 -5.868094
9.692457 0.667282 -7.358330
9.789760 3.677189 -9.257753
3.815783 0.686948 -5.971420
6.758397 -0.003838 -5.488922
5.521219 2.283107 -3.475950
10.160023 3.521223 -8.443244
9.194147 1.100418 -6.649397
5.419168 2.085010 -3.430179
10.983958 0.542840 -8.754411
10.926505 1.324019 -8.066476
6.221061 0.305166 -6.034310
5.274597 -0.116838 -3.664059
6.281937 0.090367 -6.019497
3.178741 -0.396181 -3.665176
5.579429 2.241846 -3.498457
4.587062 -0.310809 -4.967031
3.330462 -0.207392 -5.160302
5.088081 0.415703 -3.133634
11.982511 1.896650 -8.244369
3.952707 -0.585489 -3.014492
8.781494 1.462659 -6.323548
9.506313 3.047367 -6.769532
11.468611 0.596031 -8.925185
2.096729 1.900127 -1.594035
5.384941 2.936225 -6.506680
9.712006 0.829632 -8.770469
5.584462 0.239326 -2.334569
3.004830 -0.412265 -3.433913
3.390816 1.709710 -5.870340
3.151684 1.967072 -1.900703
4.359632 -0.222297 -4.138812
5.397748 0.415052 -2.664496
3.352911 1.901726 -1.591426
5.262898 2.592309 -4.623995
2.389881 2.063299 -2.460022
10.151176 3.546325 -8.945022
4.390674 -0.729784 -2.223376
4.365421 -0.756643 -5.048405
3.396643 1.714209 -5.891446
4.849003 2.187093 -2.815995
2.887459 1.852759 -1.325477
2.093218 1.968431 -2.017314
10.016585 3.567000 -8.719995
7.928716 3.256774 -8.166103
4.947455 1.270909 -5.732288
11.199229 3.463667 -7.897687
4.948961 1.263433 -5.717721
10.860889 3.479169 -8.207492
11.366159 0.901978 -8.090136
2.617826 1.787670 -1.023086
2.469023 1.837398 -1.243512
11.325923 3.300955 -7.590752
4.956117 2.625571 -4.801806
11.421346 1.245584 -8.033171
4.877431 1.196646 -5.579686
5.532991 2.566936 -4.455051
4.991032 2.644974 -4.870994
2.511369 1.827403 -1.224892
10.346068 3.588646 -8.857780
11.223781 2.814556 -7.612247
9.704631 1.985470 -8.146653
10.772533 3.421273 -8.173214
9.943275 1.097488 -10.002079
3.040698 1.990784 -1.899859
3.973642 -0.520856 -1.854742
12.502397 0.905156 -9.334828
5.654593 1.912812 -6.812384
2.028659 1.903427 -2.013991
11.155823 3.425479 -7.853736
12.382201 2.725361 -8.490611
2.124408 1.854825 -1.373564
2.646622 1.754709 -0.846163
2.492595 1.859825 -1.394896
5.511787 2.547142 -4.443086
1.868189 1.996173 -2.175031
5.705688 2.578182 -4.559209
1.959931 2.018200 -2.193868
2.239717 1.900788 -1.652577
5.125293 1.373143 -6.110173
5.899272 2.550054 -4.428848
2.647459 1.861362 -1.461284
4.751376 2.649108 -4.968438
6.145829 0.359708 -7.054806
1.944167 2.137587 -2.752208
6.044441 2.596657 -4.572634
2.297782 1.802890 -1.171397
12.304689 2.898984 -8.816508
2.821943 -0.317544 -3.169123
4.213500 -0.621252 -2.812801
3.158810 2.300294 -4.421508
3.705685 -0.071474 -5.438786
3.952169 -0.695449 -2.778435
7.118107 0.572192 -7.558120
5.526196 0.265950 -2.536459
2.382255 1.839358 -1.293753
10.225386 3.598403 -8.851447
3.479497 -0.298800 -4.874879
8.582258 0.916589 -9.212410
9.830701 3.673494 -9.240955
6.209791 0.097680 -6.159605
8.528771 2.839995 -7.515517
1.774058 1.971778 -2.031698
6.451293 0.575988 -7.644966
4.391475 -0.368187 -4.788043
7.593391 0.145458 -5.532073
9.642987 3.568434 -8.784637
2.118032 2.048177 -2.394354
6.087872 0.184285 -5.778416
5.742751 2.657664 -4.860665
3.102263 -0.166533 -4.739558
2.118003 1.999025 -2.043293
3.900752 -0.659271 -1.950688
11.135720 3.295562 -7.404403
2.123091 1.850237 -1.372070
5.615349 2.649439 -4.808721
6.561718 2.474144 -7.036187
10.248236 3.428231 -7.997020
1.705697 1.926921 -1.783954
6.481112 0.569546 -7.689893
11.428020 0.889736 -8.106125
9.931987 0.742824 -9.588551
2.365673 2.092744 -2.557227
11.341666 0.841374 -8.087011
2.917066 1.862112 -1.472179
5.434534 2.625925 -4.746621
6.271022 -0.002100 -6.060815
1.923921 2.066606 -2.466361
3.762709 2.387196 -4.911501
5.562306 -0.036422 -4.457528
3.797391 1.799977 -5.072957
8.824080 3.113542 -8.413189
2.822270 -0.406507 -4.139684
6.088579 0.457693 -2.928251
2.406358 1.860061 -1.302440
2.385473 1.837299 -1.294309
12.119837 1.495225 -8.215879
8.151337 0.422935 -7.788805
9.006579 2.241172 -8.972195
11.978780 1.610456 -8.209533
7.206503 0.724749 -8.264663
2.126534 1.951661 -1.866259
2.076938 2.020986 -2.211892
11.376989 0.708006 -8.415499
11.017385 2.509095 -9.229926
2.885244 -0.378735 -3.258149
11.144553 2.402752 -9.237836
9.722033 3.229471 -8.473539
9.274589 3.253327 -8.790510
11.318068 2.457425 -9.202830
1.816386 1.878060 -1.633129
2.109123 1.835154 -1.402051
2.386864 1.839752 -1.293529
6.631673 0.551643 -7.848536
3.081235 -0.419406 -3.524607
10.875417 2.323216 -9.137330
4.814453 1.913936 -2.242983
3.660743 1.720062 -4.863644
3.779009 1.834312 -1.706295
9.868344 0.167472 -8.538150
3.910778 -0.579515 -3.105282
3.637142 1.654141 -4.975389
10.147676 3.556701 -8.527523
5.539034 -0.131775 -2.434731
5.707643 2.653910 -4.850546
5.996278 0.208135 -5.781730
2.568511 1.804780 -1.072007
2.128709 1.857414 -1.376294
2.234926 1.996009 -1.844737
3.340326 0.999874 -5.407491
8.565863 0.292048 -7.450197
1.580597 1.958678 -2.086654
5.889882 0.238681 -5.778146
2.570754 1.806905 -1.073814
13.494984 3.711563 -9.020738
5.935019 0.229484 -5.754281
2.854697 1.792632 -0.962932
2.391530 1.844701 -1.293960
10.349962 1.318135 -9.182642
11.106308 0.655115 -8.500550
2.720667 1.596978 -4.162747
11.318971 1.877703 -7.690650
3.435890 1.593562 -5.540688
3.812311 2.440504 -4.931073
6.740301 0.331522 -6.504038
3.470356 1.862548 -1.341703
8.848744 2.624388 -8.741820
2.631026 1.428434 -4.239876
3.635133 0.386125 -5.845833
8.868669 0.591108 -8.126309
2.234719 2.034421 -2.412685
7.511929 1.801165 -7.513963
12.980876 1.530651 -8.836630
7.040009 0.433134 -7.862339
7.070719 2.702372 -7.657012
11.393893 2.018553 -7.684583
11.828302 1.017387 -9.063238
12.349166 1.637560 -8.412155
11.486156 0.747165 -8.480003
12.249368 3.632392 -8.714162
2.135488 1.890555 -1.525031
12.547483 1.001915 -8.702673
2.984866 -0.346484 -3.393122
2.476065 1.841837 -1.388437
6.065749 0.320839 -5.955894
7.108394 0.672043 -7.964205
2.902551 1.849095 -1.463728
2.709512 1.817886 -1.269043
12.455839 2.032079 -8.552936
1.583455 1.996485 -2.153437
11.479311 1.134943 -8.903409
6.584272 -0.001557 -5.741486
6.059431 0.071672 -5.846322
4.374422 0.298839 -1.953319
2.003082 1.967823 -1.939123
4.009966 0.956883 -1.481212
2.131354 1.865155 -1.414709
3.188673 1.875471 -1.509663
9.336545 3.597654 -8.858091
3.861219 -0.699364 -2.486572
3.771558 -0.629079 -1.891378
6.427941 0.606120 -7.615306
12.717843 1.578309 -8.703972
1.862582 2.026327 -2.243116
6.084144 0.315796 -5.981212
3.806262 0.898121 -1.609825
9.800003 3.215587 -8.432717
5.913586 0.244539 -5.814642
5.923169 0.262928 -5.782793
10.857049 2.914238 -7.601288
10.304984 0.800031 -9.338194
11.472761 1.199109 -7.939371
6.105244 2.590895 -4.796053
5.880107 0.258735 -5.779278
6.067762 0.105389 -5.989500
9.379907 0.839417 -8.886009
3.919216 -0.680381 -1.766806
7.527064 2.475152 -6.489594
2.382221 1.831776 -1.290927
11.826632 1.865365 -8.042367
8.472030 2.965529 -7.904051
2.121552 2.053719 -2.396456
12.104270 1.126706 -8.331419
2.003515 1.893273 -1.577934
1.674690 2.015538 -2.252964
1.774867 1.970912 -2.032045
1.962186 1.938293 -1.713889
2.449349 -0.158094 -3.812040
2.727621 1.731699 -0.725349
2.653741 1.759804 -0.849143
7.278522 0.146648 -5.996243
13.721744 2.291923 -9.143889
2.448938 1.814924 -1.235341
11.879656 2.625348 -9.943249
2.632130 1.988344 -2.010577
2.771887 -0.457122 -4.421140
13.568377 2.131702 -9.110997
2.383775 1.833851 -1.288768
5.973610 0.245279 -5.706645
6.017257 0.238226 -5.815825
11.224689 0.676053 -8.781322
1.962382 2.021798 -2.294832
6.010867 0.127853 -5.924539
11.817278 0.712503 -9.950364
3.274967 1.827549 -1.025813
2.070069 2.012956 -2.212142
9.369474 0.538748 -5.832477
11.397450 1.139182 -8.825290
6.924124 3.246663 -5.143077
4.005656 -0.701374 -1.793795
3.745152 2.428774 -4.559159
9.394255 3.272121 -8.736063
6.729195 -0.173966 -5.094317
12.218301 3.405782 -8.039738
3.294986 -0.619983 -2.723572
9.653893 2.325937 -6.817740
12.984804 1.467716 -8.847399
5.142550 2.528279 -4.324999
5.497546 0.229169 -2.280744
5.826771 0.333229 -6.588865
8.004227 0.548064 -6.053049
2.851846 -0.528762 -3.248570
7.548213 1.808991 -7.504086
4.875016 2.672479 -5.141357
2.623212 -0.348375 -3.835846
10.550313 1.331897 -9.010303
2.529199 2.157193 -2.888652
5.439524 2.055252 -3.478896
2.747297 -0.555889 -3.983420
4.841866 2.647146 -3.187804
3.892867 -0.572162 -3.143439
2.734485 -0.343699 -3.066990
5.271991 0.820104 -2.244421
5.646491 2.587167 -4.519797
5.308164 -0.059596 -2.822663
3.230555 1.068957 -4.786118
3.314397 2.462312 -4.704983
10.285531 3.586459 -8.781852
5.020210 0.414202 -3.096634
3.568296 -0.634090 -2.346149
5.106555 -0.398720 -4.179837
4.770478 -0.561340 -3.268532
3.203313 0.363012 -4.757568
3.193758 -0.214515 -4.429739
10.118273 0.755366 -8.620983
10.378880 1.263472 -9.310190
3.428941 2.356867 -4.511350
7.552055 0.010381 -5.134726
4.416666 -0.422107 -3.593953
10.213203 2.160425 -6.893722
1.644257 1.921581 -1.886927
10.536824 0.624939 -8.102827
3.380948 -0.648600 -2.798130
3.324016 1.907886 -1.507428
4.969351 2.482437 -4.107147
2.193653 2.035271 -2.112093
8.259182 3.068663 -6.205922
1.819256 1.882007 -1.639065
7.464783 2.609094 -4.997253
2.982730 2.413812 -4.427265
2.140104 1.889849 -1.498682
5.533946 1.307306 -3.661868
3.949375 0.935178 -1.625529
2.201372 2.154812 -2.870411
3.228146 -0.797973 -2.424003
4.227488 -0.498289 -3.062362
9.380645 2.884333 -5.376679
5.531774 2.132307 -3.514151
3.636492 1.956222 -1.791234
4.616958 -0.675031 -2.445725
3.598572 1.650724 -4.754675
2.646196 1.997277 -2.017678
2.764869 2.096409 -2.475612
12.033741 1.809071 -8.278540
4.670484 -0.161186 -3.486268
8.729753 0.627964 -6.283981
10.507185 3.241276 -7.059869
8.851135 0.826290 -8.944240
9.565601 2.330394 -5.556384
11.016240 0.707804 -8.374922
2.678335 1.775840 -0.821711
4.446181 -0.537684 -3.190600
9.299868 0.531999 -6.246035
6.606722 2.585773 -4.728834
2.534583 1.771075 -1.063334
12.659483 1.474802 -11.435059
10.381937 2.190571 -7.001216
9.929601 0.756389 -8.611177
13.216975 1.462052 -10.021744
1.731950 1.957550 -1.979721
11.045749 0.732447 -8.449699
5.517729 2.604381 -4.660543
1.934765 1.892691 -1.682736
10.204740 3.200544 -6.861223
2.633094 1.743504 -0.845177
6.279033 -0.132415 -5.200486
10.124482 0.756053 -8.624299
5.897427 0.192651 -5.642932
3.776495 0.890228 -1.569089
5.025821 0.012380 -3.187446
10.511726 0.638577 -8.278139
3.757381 0.953509 -1.026415
10.493050 0.649911 -8.396070
2.622616 1.979208 -2.003846
4.605897 1.915020 -2.639366
12.000668 1.800591 -8.270845
3.785855 2.386359 -4.839612
6.431744 2.596326 -4.558794
10.596107 0.610250 -7.991492
4.383130 0.056096 -4.887103
5.300130 2.931364 -3.517162
3.287836 -0.756289 -2.487432
3.453496 0.612943 -5.262607
4.738563 1.980974 -2.668473
3.199580 -0.791932 -2.415563
3.880691 -0.650087 -3.112971
9.414544 3.279284 -8.432454
5.589132 -0.329129 -3.962419
3.106028 -0.170243 -4.753917
3.121527 0.530949 -4.773158
2.361814 1.762284 -1.030113
5.428412 2.616597 -4.739723
3.730644 2.302614 -3.471385
3.260600 -0.753379 -2.497732
5.681023 -0.337321 -4.036915
4.957162 -0.141346 -3.700893
5.129411 0.582268 -2.147078
4.295599 -0.616750 -2.894260
7.686880 0.848707 -5.644798
3.655870 1.284164 -5.528277
10.058064 3.356766 -7.595744
6.558566 -0.127836 -4.997537
4.999933 -0.281431 -4.529893
6.870006 0.474940 -7.548932
2.124856 1.988478 -2.091608
8.278742 2.069917 -5.073100
3.663553 0.002671 -5.624238
2.693712 -0.605313 -3.087243
6.518702 0.123398 -4.728784
3.225451 -0.458424 -4.891428
3.681054 -0.072114 -5.788769
3.773549 2.564446 -5.022390
10.381831 3.158010 -6.843854
2.965798 2.393546 -4.397016
2.666475 2.381060 -3.920340
5.753994 2.493904 -4.272351
8.791557 1.518255 -8.646506
5.497045 2.621993 -4.653403
2.338820 1.791873 -1.010721
5.693440 2.557782 -4.320397
6.225480 -0.080963 -5.077356
9.854940 0.819002 -9.119604
9.957331 0.791273 -8.857050
3.679128 -0.768755 -2.178485
7.859973 1.376547 -5.369040
1.656158 1.915980 -1.745128
7.868970 2.985159 -4.880379
2.551030 1.804029 -1.255993
11.346686 1.150002 -8.823319
8.242922 2.799243 -5.492155
3.289260 -0.857013 -1.857038
3.224289 0.344078 -4.884554
4.978234 0.686159 -3.246118
10.540883 1.475565 -7.163266
7.676858 1.157201 -5.330446
9.927156 0.800082 -8.925504
9.404411 2.056988 -6.587902
3.992314 2.271523 -3.263536
7.103543 2.446682 -4.836257
6.435826 2.199122 -4.223249
3.437618 -0.669273 -2.844290
4.952931 -0.492365 -3.373740
11.516741 0.713549 -9.929055
10.583693 3.639188 -9.067471
6.037220 -0.074339 -5.231975
10.561923 0.641755 -7.920625
3.675669 1.599781 -4.881760
2.558720 -0.503472 -3.628168
2.773478 -0.508581 -3.134434
10.013756 0.797258 -8.977625
6.007220 2.430252 -3.803902
2.199150 2.002122 -2.224878
5.890519 0.228356 -5.812886
4.808521 2.167594 -2.793242
6.276895 -0.204515 -4.729097
4.927044 2.572497 -4.770672
3.361117 -0.731704 -2.269468
4.566535 -0.430294 -3.737991
3.488132 -0.744047 -1.731331
3.352506 -0.878686 -1.994830
3.993437 -0.642106 -2.087577
2.599096 -0.523804 -3.849975
7.032168 0.435709 -7.765236
5.999868 2.649869 -6.504325
10.224010 2.150669 -6.903595
9.685970 3.524367 -8.535704
4.235671 0.049921 -4.733384
11.977583 3.599383 -8.670331
12.430698 3.995355 -10.853411
2.383384 1.786364 -1.034927
11.978417 3.591989 -8.671800
13.160172 3.188898 -9.501309
4.739260 2.619740 -4.648438
3.215304 -0.854734 -2.081708
6.518951 2.395007 -4.217841
1.704426 1.920613 -1.781177
5.155675 2.533047 -4.533664
10.525331 3.208007 -6.989968
2.388352 1.790191 -1.035694
1.697324 2.005874 -2.169795
9.070096 0.662561 -8.535229
6.505844 -0.104202 -4.748677
10.796433 3.243042 -7.191393
3.612241 -0.708004 -1.779584
2.889258 1.700165 -0.614786
2.166945 1.906193 -1.638987
10.734907 3.229342 -7.137167
5.138294 -0.606384 -2.861176
14.302340 1.749470 -9.616645
2.996684 -0.772186 -2.592216
12.931772 3.927845 -10.370035
8.162316 0.707811 -8.499043
2.618604 1.973907 -1.999568
2.978632 -0.365088 -3.381130
10.885237 0.601859 -7.799230
5.597410 0.009110 -5.369945
4.512723 2.491202 -4.611674
3.411659 1.656800 -1.055197
5.324158 1.211185 -1.577080
3.762505 2.530839 -4.982522
6.781954 0.131679 -5.193955
5.630169 2.119646 -3.577050
5.093365 0.346198 -2.884651
4.077543 0.050673 -4.516994
3.004155 -0.544978 -3.571106
5.565307 0.805900 -1.987084
3.688518 0.415637 -5.715326
10.144938 3.241071 -7.208867
9.445322 2.302688 -9.517557
11.437505 1.139002 -8.877481
4.769357 -0.296804 -4.270480
6.820308 1.616992 -6.797361
8.392504 2.516369 -8.292128
12.330819 3.945802 -10.758649
4.032046 -0.510166 -3.149542
4.045516 -0.003227 -4.547346
5.426603 2.428118 -3.694792
7.346796 2.541683 -4.917846
4.881864 0.789339 -3.142819
11.174912 0.693437 -8.337179
7.193209 2.143500 -7.047995
3.151783 0.000307 -3.446475
9.796125 0.777629 -9.203144
4.072494 -0.520451 -3.179181
4.673682 -0.149259 -3.486570
2.683312 -0.540573 -3.882950
3.950543 2.542162 -5.116084
5.514767 0.286659 -3.820131
6.079744 2.501381 -4.077669
2.773548 -0.393974 -4.072135
3.059291 -0.558694 -3.650769
5.916674 2.498635 -4.096944
3.588352 1.710939 -4.743229
5.100375 -0.602446 -2.842242
3.827801 1.696181 -5.113975
9.014926 0.811004 -8.126851
4.970993 2.481986 -4.132517
6.291591 2.163935 -4.183811
2.971825 2.090790 -2.445428
3.752600 2.323454 -3.494460
3.038538 -0.553219 -3.621114
8.328074 1.753773 -6.821429
6.305746 2.029641 -5.391154
3.785822 1.939960 -1.591940
5.275628 2.510911 -4.238070
4.833715 2.188738 -2.821489
2.954833 2.080302 -2.433879
5.195898 2.478412 -4.120010
3.527669 -0.744294 -2.380571
2.735558 -0.521049 -3.113760
6.043790 -0.216708 -5.963176
3.125041 0.505172 -4.558841
3.578121 0.599530 -5.478704
2.960894 1.482293 -4.497826
6.406752 -0.049872 -5.182137
4.845875 2.461699 -4.003067
6.272812 0.296361 -6.182832
2.526156 -0.505961 -3.622365
11.173925 0.664023 -8.169689
9.484613 0.651795 -7.226171
3.030086 1.523932 -4.610648
5.382815 0.352739 -2.329110
3.113210 1.372247 -4.525698
3.283794 1.879429 -1.494519
6.440789 -0.051262 -5.209977
10.390341 1.131358 -8.754780
3.498724 1.772362 -4.856223
3.528192 2.467716 -4.803788
3.551704 0.600196 -5.427212
9.587196 3.389025 -7.763067
3.343910 -0.608484 -4.632565
3.402132 -0.226011 -4.768833
4.368626 -0.633247 -2.214421
10.383109 1.782945 -7.062954
5.002056 -0.012666 -3.163280
6.739232 0.576519 -5.955380
10.361403 1.782221 -7.057564
5.656804 0.239835 -5.462127
4.577136 2.433003 -4.775920
5.217627 3.123341 -4.035360
10.156962 3.200642 -6.822035
4.407121 -0.549628 -3.190909
5.403731 0.244019 -3.742708
6.746784 0.131797 -5.202364
3.363300 -0.639510 -2.235621
2.949911 2.071504 -2.427646
10.095222 3.187852 -6.791464
4.525364 -0.654903 -2.305705
4.679606 2.517531 -4.258607
7.499715 0.648820 -6.668706
5.621169 0.248726 -5.435287
2.855160 -0.496462 -3.887975
4.099062 -0.172216 -4.565046
5.062900 2.244400 -2.848220
8.501787 4.088212 -6.280307
4.439296 2.408073 -4.613027
3.684007 2.266761 -3.420255
3.311890 -0.702932 -2.228684
7.034665 0.143405 -5.407474
5.726077 0.418122 -3.953081
9.469761 0.651341 -7.256378
5.051041 2.426614 -3.777599
3.734143 1.815239 -4.979884
3.751048 2.491275 -4.965698
2.779757 -0.341403 -3.113809
3.938183 -0.253887 -4.585923
3.700169 0.412933 -5.746694
3.395440 1.517414 -4.997992
5.963306 0.261726 -5.799503
5.812638 2.599699 -3.209132
2.225862 1.848851 -1.382570
4.494666 2.448403 -4.672934
7.011350 2.516148 -4.604252
4.277537 -0.535642 -3.092313
4.327914 -0.563196 -3.399664
2.977074 -0.220353 -4.062037
10.361560 0.691970 -8.546991
7.005754 0.136513 -5.391080
8.571218 0.582422 -6.521154
12.066850 1.413565 -9.258984
7.764167 0.689600 -6.950909
3.930610 -0.252400 -4.570498
5.022574 2.441322 -3.937532
3.643202 2.567546 -4.987495
6.205494 2.874799 -4.536971
3.011799 -0.197771 -4.129093
3.443788 -0.067730 -5.350077
2.899611 -0.548853 -3.723021
3.582402 1.619904 -5.316711
5.177145 0.891385 -2.321849
3.492169 -0.926918 -1.972537
3.504137 0.377909 -5.387215
6.144927 0.286487 -6.032414
5.569427 2.581058 -4.444917
9.370556 2.889026 -9.305814
3.942842 -0.252529 -4.624576
10.131724 3.465091 -8.059236
4.974614 2.188597 -2.737396
7.771997 0.572058 -5.726098
1.675367 1.847300 -1.743156
11.013995 3.725802 -9.471597
2.076620 1.887653 -1.564083
4.385074 2.378972 -4.539859
3.804204 -0.622816 -3.052161
4.261489 2.583365 -4.566349
2.771410 -0.421432 -3.776282
2.973661 -0.196339 -4.073064
4.643657 -0.376740 -3.794108
3.647907 2.495120 -5.009544
8.892076 2.130689 -6.255548
4.068144 -0.680769 -2.681892
6.919299 2.090692 -6.787085
2.612196 -0.525872 -3.773159
2.787971 1.878982 -1.189383
3.674262 2.572979 -4.872112
6.042716 2.445898 -3.832786
6.375454 3.042890 -4.659225
9.730209 1.276140 -8.627487
3.603181 2.211796 -3.340307
5.995853 0.349902 -4.158152
9.595834 0.661842 -7.316012
3.763890 -0.608509 -3.015412
4.724508 -0.294408 -4.216998
6.282014 -0.188262 -5.859210
2.963440 -0.229162 -4.025601
3.640491 1.663426 -5.428248
10.185940 3.276264 -7.212659
3.825271 1.822996 -5.136037
3.483957 2.318092 -4.576714
10.593014 1.145593 -8.878981
7.482380 0.669706 -6.725158
6.496906 -0.155821 -4.710223
5.055582 0.839203 -3.270133
6.956179 1.229164 -4.833853
7.444809 0.603574 -7.948566
11.387881 1.198960 -7.916936
4.589792 -0.238188 -4.435031
9.298193 2.425605 -7.392420
3.360727 -0.884444 -1.894015
5.262302 1.026994 -1.711586
10.608029 0.662691 -8.122078
3.807359 -0.243983 -4.441563
4.534745 2.479518 -4.716820
3.731023 2.308191 -3.479530
5.253132 0.280976 -3.626495
3.640405 2.568859 -4.987563
4.710450 -0.393202 -3.870321
1.821676 1.889521 -1.639677
3.441686 1.598288 -4.537724
12.328626 2.017378 -8.505545
5.547365 0.952466 -3.807506
1.671280 1.969542 -1.925168
10.972857 3.698668 -9.438477
4.710143 2.120883 -2.744283
3.184661 1.707665 -0.729950
4.087781 -0.683991 -2.695310
4.524905 1.801948 -2.134239
3.396242 1.060041 -0.922978
4.136215 1.157821 -4.875690
3.513097 -0.739755 -2.367871
3.489130 -0.816431 -2.130251
1.740947 1.969922 -1.992859
4.799043 -0.543732 -1.746603
10.575220 1.549983 -9.403904
3.659854 0.002277 -5.613043
5.420304 0.856977 -2.125121
9.200363 1.022834 -9.587142
4.150068 1.165878 -4.908968
3.824112 0.409234 -6.204928
5.323197 0.213775 -1.827402
3.414947 -0.903337 -1.920731
5.921423 0.024011 -5.708076
3.810903 -0.726937 -1.820683
5.124175 2.505199 -4.321406
4.810427 0.696935 -3.106917
5.872664 2.719414 -4.261553
11.494877 0.715449 -9.897593
5.238009 1.106203 -2.639763
4.925477 0.796060 -3.171108
7.060983 0.538270 -8.542707
5.002575 -0.596966 -2.789767
4.862274 2.095550 -2.658716
4.605955 -0.140550 -3.443586
4.456889 -0.636398 -2.275833
7.925529 0.701346 -7.081150
3.326629 1.904954 -1.506637
3.478808 1.696729 -1.080996
5.755470 2.699757 -4.172795
4.401989 -0.532802 -3.188546
5.861474 0.455393 -4.044627
3.735342 1.905977 -1.576445
3.191455 1.952607 -1.857920
4.902509 2.168832 -2.752100
8.733988 2.770393 -5.942444
3.387193 -0.649005 -2.259024
11.420818 0.724944 -10.134377
4.626054 -0.449102 -3.147854
3.449465 -0.602684 -2.279803
10.476502 2.468502 -5.636387
3.695321 1.889224 -1.559749
11.209197 1.137090 -8.668460
6.184438 0.181575 -6.121417
6.405657 3.058360 -4.681690
4.994932 -0.017034 -3.184832
3.638480 -0.602235 -1.762639
5.028890 0.825744 -3.255479
6.743300 -0.081571 -5.220784
3.528821 1.112636 -0.954968
1.890870 1.930198 -1.765662
4.276561 -0.508539 -3.090649
4.823680 -0.470623 -3.302413
6.735450 0.140428 -5.163640
7.175604 1.693632 -4.990165
11.487367 1.014038 -9.696301
3.691647 0.944582 -0.975200
1.777724 1.977955 -2.040300
2.068233 1.879614 -1.558284
5.335702 -0.186078 -1.892189
9.053039 0.824022 -8.195620
3.376387 1.847424 -1.329857
6.965580 2.422172 -4.655566
10.472933 3.176244 -6.984874
2.027122 2.031948 -2.230544
3.567787 -0.585568 -1.729095
9.364404 0.369246 -7.008031
5.547079 1.036104 -1.572706
2.667818 1.860834 -1.485950
11.568855 2.582009 -9.627304
2.588905 1.836309 -1.269851
3.872720 -0.709849 -1.427819
4.879792 -0.477287 -3.349920
3.602528 -1.021830 -2.095904
13.497880 1.520353 -9.315951
2.206114 1.910311 -1.718231
2.257978 1.840729 -1.349967
2.761818 1.761211 -0.729621
5.003544 -0.017321 -3.186960
6.848152 0.135784 -5.233970
9.971205 1.668370 -7.017660
2.767163 1.722727 -0.658387
7.799673 0.616571 -5.447268
3.387678 1.522761 -0.776299
3.165741 1.734803 -0.858895
3.005553 1.989061 -2.005177
2.609590 1.965961 -1.992963
2.573595 1.825486 -1.265938
3.306718 -0.692385 -2.729836
2.671865 1.864960 -1.491055
10.022655 3.339469 -7.592227
1.878267 1.907964 -1.754544
5.629120 2.548270 -4.278162
8.254679 0.288066 -6.015611
10.693216 0.587969 -7.929975
5.341202 2.390072 -3.900705
10.704037 0.582347 -7.936206
10.488262 0.617269 -8.114100
5.453525 2.424627 -3.711520
2.144168 2.015908 -2.276989
1.697502 1.907981 -1.771411
6.285598 -0.211759 -4.648144
1.935901 1.895578 -1.683982
9.907313 0.745910 -8.847778
6.820605 0.124398 -5.204969
10.375509 0.678453 -8.514141
3.537471 -0.688800 -1.743925
10.499807 0.667377 -8.498188
2.636062 1.988643 -2.011817
3.205893 1.726198 -0.747024
9.839211 0.821635 -9.282747
1.743030 1.967854 -1.989378
2.193533 1.828880 -1.283977
3.353023 1.478559 -0.774557
4.716504 2.483476 -4.174887
5.381730 2.580990 -4.563021
5.150795 0.337039 -2.228197
2.367180 1.933299 -1.800805
3.261225 -0.895660 -2.373696
1.770724 1.929212 -1.885920
5.503525 2.530267 -4.405369
3.321405 -0.608376 -1.577380
5.002007 0.246614 -2.585878
4.884978 2.496814 -4.425359
5.361728 2.416612 -3.905079
2.120149 2.049977 -2.392776
10.180296 3.175100 -6.745286
3.212510 -0.852955 -2.082623
12.662713 0.949487 -9.030536
4.712779 2.599697 -4.921461
6.050945 2.403111 -3.772456
1.701351 1.912108 -1.776773
2.793621 1.765315 -0.837495
5.247197 2.561706 -4.594228
4.773532 2.518872 -4.291789
11.800982 1.095116 -9.089374
4.283466 2.598031 -4.552231
2.851342 1.804865 -1.171276
1.842579 1.918245 -1.663377
10.041948 3.598577 -8.880309
5.235200 2.556383 -4.604105
11.124037 0.674988 -8.150010
4.679733 2.591382 -4.899801
1.685442 1.918700 -1.829406
4.703151 2.613084 -4.910856
12.387511 2.666748 -8.355026
2.450384 1.881099 -1.480423
11.734103 1.864733 -8.093297
4.577934 -0.857478 -1.733907
4.385847 2.559282 -4.549668
10.308341 3.145752 -6.885609
6.356075 2.547601 -4.533309
4.880476 2.506109 -4.234536
3.577055 1.580888 -0.807636
10.394558 3.178475 -6.966092
4.888238 2.490363 -4.252903
4.638921 2.547205 -4.554643
5.391121 2.379283 -3.679491
7.495137 0.145183 -5.476229
5.340786 2.391261 -3.901994
9.811430 3.637641 -9.201224
5.352400 1.235601 -1.592755
4.637258 2.545426 -4.553121
9.847598 0.789828 -9.512673
4.559711 2.574277 -4.684793
10.717547 3.255690 -7.140287
10.444030 0.664747 -8.404916
4.656740 2.484332 -4.239231
4.877252 2.158686 -2.731439
2.955518 1.764029 -0.841543
4.763661 2.432700 -3.913052
2.827002 1.768890 -0.954076
5.130802 2.348467 -3.449508
1.655129 1.947223 -1.904347
4.878751 2.506783 -4.236169
2.670531 1.754525 -0.679909
9.630899 3.445189 -8.057103
6.226659 1.345362 -2.299335
10.221684 3.141354 -6.816500
6.467488 2.433259 -4.144827
3.995788 -0.797697 -1.404690
1.774735 1.972389 -2.034140
4.262049 2.563511 -4.532187
1.701414 1.914609 -1.775782
10.324250 2.227952 -8.563023
2.095364 1.972338 -2.020327
4.762981 2.432319 -3.914034
10.434249 0.638018 -8.241253
9.135888 0.217264 -7.918647
2.848113 1.708139 -0.495676
6.313746 -0.156804 -5.281410
7.231135 0.209973 -4.722221
4.699118 2.479454 -4.152592
2.840478 1.874337 -1.498651
4.684932 2.524854 -4.437745
2.629488 1.983146 -2.006059
4.433983 2.556342 -4.588768
3.845466 -0.746593 -1.804670
12.268249 1.488124 -8.542426
2.315661 1.816008 -1.178319
3.328655 -0.909481 -2.354886
11.003859 0.714854 -8.423200
3.574145 -0.689498 -1.803333
1.749025 1.985157 -1.997576
3.438595 -0.954954 -2.439780
8.333905 0.874849 -6.011531
3.449968 1.574708 -0.814826
2.227352 1.994384 -2.112034
7.437820 1.714096 -5.039816
2.134593 1.864979 -1.382463
3.132273 -0.848103 -2.205962
7.168753 3.251645 -7.729928
3.713166 -0.704639 -1.887297
3.736715 0.916704 -0.919183
12.731738 1.069319 -10.507428
6.296009 -0.130454 -5.277680
3.133948 1.537702 -0.615466
11.447793 1.029414 -9.657256
2.793595 1.823645 -1.307803
4.422168 1.061294 -2.193780
2.350013 1.802098 -1.015243
12.182704 1.273041 -11.011359
1.926682 1.840496 -1.469376
3.157652 -0.844227 -2.103790
3.268407 -0.862582 -2.001114
3.711774 0.907967 -0.913902
3.095075 -0.818821 -2.559580
2.936385 -0.739755 -2.486838
10.540706 1.286398 -8.189693
3.728946 -0.929091 -1.718949
3.520786 1.611747 -0.834134
3.223788 1.738121 -0.751479
3.223042 1.733213 -0.741592
2.824542 1.848342 -1.319182
3.451336 1.049479 -0.844456
6.483555 -0.202937 -4.806409
2.983174 1.782524 -0.847225
2.635631 1.746158 -0.845021
10.230139 0.715905 -9.111549
2.195725 1.858766 -1.232340
11.431509 1.194577 -7.940344
5.095564 2.545041 -4.413185
10.171234 0.739149 -9.146922
11.685369 2.165487 -8.014637
2.322561 1.824968 -1.184396
5.039818 0.539419 -2.114669
9.113529 1.020717 -9.074949
4.324406 -0.617106 -2.302374
10.756144 3.257513 -7.166852
10.623539 3.234489 -7.037708
3.328198 -0.693386 -2.746886
3.374246 1.484222 -0.698780
4.703071 2.535861 -4.929114
3.262464 -0.676026 -2.684715
3.038258 -0.898625 -2.982055
3.298675 1.818978 -1.010357
2.145202 1.872559 -1.385704
10.639111 0.652775 -8.146901
10.124918 3.210254 -6.910710
2.806942 -0.814493 -2.709825
10.611558 3.210827 -7.054291
3.318028 -0.694453 -2.740104
2.930945 -0.735864 -2.486032
3.158363 1.546060 -0.625243
3.049319 -0.901070 -2.999741
3.349285 -0.937662 -1.943926
3.254111 -0.675816 -2.677096
9.964561 3.551563 -8.747986
2.917479 -0.733263 -2.471374
3.718951 0.940559 -0.941529
3.141277 1.861678 -1.316563
2.858554 1.679112 -0.609364
2.132521 1.860321 -1.379406
1.782380 1.982361 -2.043674
2.684955 -0.592646 -3.081897
3.044191 -0.897644 -2.994360
9.791515 1.943299 -5.372770
6.801240 2.693954 -4.950383
12.158070 1.433664 -8.271011
9.784170 1.943264 -5.362897
10.482044 0.615830 -8.112678
10.756761 0.638108 -7.748078
3.104487 1.835139 -1.303331
3.370477 1.842534 -1.327660
3.348403 1.619211 -1.053724
10.596552 2.294374 -8.884682
3.966466 1.019463 -1.060497
5.230417 0.257299 -2.711722
6.039204 0.302787 -5.946115
4.607232 -0.653727 -2.382650
3.114785 -0.841176 -2.590309
9.677142 3.370788 -7.847640
2.935176 -0.784780 -2.572001
2.134248 1.875586 -1.489411
2.988006 -0.791827 -2.465376
7.271199 2.815556 -7.886256
1.874199 1.900088 -1.744326
10.322392 3.230780 -7.105927
3.018945 0.999365 -0.695457
3.735445 -0.896287 -2.277743
3.569601 -0.677712 -1.736968
5.859598 2.489690 -4.066291
9.713132 0.777569 -9.304996
13.625425 2.645001 -9.168164
4.434645 2.444337 -4.030182
9.779763 0.980168 -9.133423
2.398873 1.851010 -1.303654
2.067464 1.869356 -1.409325
3.114946 0.905823 -0.710226
9.609546 3.436086 -8.046133
5.652620 2.531768 -4.294222
12.019707 0.979681 -8.424768
9.747398 2.852182 -8.401155
6.133230 0.357986 -6.949940
3.876828 -0.775254 -1.363132
5.282102 2.591958 -4.649259
9.748341 2.848404 -8.402151
1.943246 1.860040 -1.481269
10.909382 3.289066 -7.206842
9.748463 2.853034 -8.399950
10.062810 0.759659 -8.840775
9.923516 0.708989 -8.928333
2.095868 2.021593 -2.364545
3.286285 -0.865776 -2.012863
3.022108 -0.779775 -2.627352
1.835812 1.909228 -1.655416
10.144213 0.645750 -8.207870
10.364882 0.670234 -8.095556
12.071060 1.642232 -8.271875
2.054710 1.851402 -1.401461
4.829276 2.420696 -3.848541
5.100540 1.170842 -1.518940
10.393459 0.647553 -8.072055
5.100963 2.437027 -3.894422
2.972595 0.982690 -0.683323
10.824878 0.624775 -8.061326
2.807854 -0.817422 -2.448299
3.207000 -0.786448 -2.411343
9.940478 0.684582 -8.894042
2.125223 1.922542 -1.746099
9.781306 0.763533 -9.193381
3.133966 1.723302 -0.504750
13.701368 3.553533 -8.968949
1.790567 1.916935 -1.771582
7.666184 1.793088 -5.296784
2.317126 1.820607 -1.178678
4.414036 2.582723 -4.596410
3.351664 1.481069 -0.775226
3.205820 1.761151 -0.981059
10.325695 3.228383 -6.925540
3.042926 1.011362 -0.697893
5.345809 1.239549 -1.593300
9.770961 0.742269 -9.185737
4.021413 -0.704400 -1.811799
2.840579 1.872960 -1.496471
5.344569 0.609983 -2.237238
3.931625 0.930499 -1.927865
5.529104 0.364323 -2.394912
3.737067 0.951190 -1.016615
5.096605 0.363101 -2.621238
4.517093 1.089640 -2.245086
5.080533 1.068874 -2.559590
4.894194 2.168269 -2.739175
10.256256 0.546132 -8.798199
3.310061 -0.889524 -2.559386
4.049732 -0.756599 -1.476983
4.083350 0.965242 -2.016387
9.469734 3.067335 -8.227052
10.193040 3.543156 -8.462780
3.240000 -0.862306 -2.098280
10.445452 0.668686 -8.172350
4.887819 2.422249 -3.861893
10.117823 0.684174 -8.534043
2.374465 1.831609 -1.027837
4.311323 0.994109 -2.101892
12.919965 2.107768 -8.848395
9.923657 3.567054 -9.499428
9.375583 3.500181 -8.286489
5.530547 0.187814 -2.348900
10.724355 0.619622 -7.973424
2.203235 1.844502 -1.290981
9.700609 3.539926 -8.546587
4.422777 2.571192 -4.594027
10.107929 0.681302 -8.619034
2.798306 1.670766 -0.487980
10.077284 0.720604 -8.787094
2.565281 1.798621 -1.075295
4.937581 2.546013 -4.468579
10.342029 3.328579 -7.459818
2.775534 1.754789 -0.949513
9.749184 1.170236 -9.662503
2.100501 1.944375 -1.894778
4.720527 2.540065 -4.465797
2.898520 1.795945 -1.120230
10.377203 0.719104 -8.411607
11.343030 2.552496 -7.757746
9.106372 3.068589 -7.458860
10.898479 1.039140 -8.487656
3.367288 -0.902549 -2.186606
4.331863 1.003131 -2.113477
12.007670 3.511187 -8.305538
3.843505 -0.760807 -1.183095
5.175920 2.541906 -4.350270
3.122692 -0.862808 -2.279971
11.517095 0.837426 -9.008149
3.081766 0.892842 -0.696255
3.446115 -0.974836 -1.998939
9.574888 0.505173 -6.416924
1.936084 1.895406 -1.682749
5.153824 2.229434 -5.673651
3.327116 1.701305 -0.530716
3.063195 -0.918313 -2.349373
11.205606 0.800477 -8.015574
7.413423 1.166969 -5.200571
4.370433 -0.615146 -2.250895
12.436477 1.230744 -10.521732
3.047328 1.477075 -0.609619
1.968509 1.899395 -1.502541
5.476887 2.427132 -3.767649
3.129795 -0.938829 -2.405000
2.108008 1.953403 -1.900384
1.938017 1.897443 -1.684302
11.324435 3.192883 -7.625926
3.022751 1.460165 -0.606364
10.520010 1.320637 -9.443567
3.032645 1.474060 -0.604515
2.115149 1.963354 -1.911085
1.823956 1.892074 -1.642148
4.577653 2.574749 -4.731922
2.617599 1.784522 -0.976123
9.628010 2.358168 -9.633914
12.235607 2.237391 -8.338276
11.897379 0.826288 -8.559149
2.361935 1.930656 -1.800930
2.211249 1.917978 -1.722703
2.058985 1.858352 -1.401780
2.397183 1.848317 -1.301036
2.411524 1.874673 -1.497685
2.582729 1.831778 -1.268307
10.433730 1.272310 -8.102144
2.507055 1.919444 -1.730049
5.354797 0.384401 -2.746083
5.283463 0.218936 -1.820943
4.083806 -0.445795 -1.786655
3.794003 0.966878 -1.025197
11.783335 0.867660 -8.872865
4.889301 -0.574725 -2.723043
11.296606 1.717094 -7.915249
5.768812 0.758077 -0.958131
3.716042 0.942042 -1.015221
10.349705 0.699453 -8.365187
10.190255 0.720377 -8.691742
3.385076 1.469782 -0.772116
9.343435 2.639024 -9.368325
3.697152 -0.702842 -1.398931
3.840977 -0.673576 -1.208186
6.251816 0.363746 -7.603148
3.068081 -0.842981 -2.237158
10.251971 0.648833 -8.522046
3.275362 -0.884179 -2.537058
6.889538 0.592158 -8.296364
5.922086 0.108492 -5.865304
9.098897 0.817010 -5.932712
3.123747 1.041733 -0.709597
9.407618 3.202365 -8.033534
3.719114 -0.764186 -1.215260
3.561420 -0.570355 -1.798829
3.267375 1.424624 -0.757476
8.491413 0.363133 -6.933352
3.718658 -0.644669 -1.186998
3.409687 1.477494 -0.665824
9.442795 0.875147 -9.450197
11.163475 3.268313 -7.400848
8.967993 0.671762 -8.454052
3.507074 -0.562232 -1.767453
4.117850 -0.765253 -1.485346
6.238556 3.127377 -7.206672
11.595474 2.333334 -7.935301
3.448824 -0.889818 -2.042765
2.645203 1.996752 -2.017572
3.101142 -0.926747 -2.380784
5.357448 0.202192 -2.094512
10.618098 0.625024 -7.941680
9.048158 3.211305 -8.618692
9.578424 0.850393 -9.463918
10.654521 2.447470 -8.842529
6.355573 0.302612 -6.167715
3.154679 0.621159 -0.773686
11.323858 2.833709 -8.473747
10.424588 0.644516 -8.133382
10.573209 3.189367 -6.962748
9.276032 3.496713 -8.367193
8.888829 2.825267 -6.084462
5.240051 0.312610 -2.078940
10.920445 0.675470 -8.300629
3.738015 1.899039 -1.554411
4.919770 0.548305 -2.050024
6.065971 0.928237 -1.327238
5.848626 2.402131 -3.668219
3.651059 -0.588057 -1.850522
5.882550 0.873058 -1.148806
9.552025 0.862496 -9.416796
3.818114 -0.671302 -1.199485
3.431364 -0.894479 -2.045782
10.663925 0.602406 -7.924156
2.684351 1.781593 -0.856823
3.307389 -0.867468 -2.493792
3.326707 -0.883380 -2.098150
4.368750 -1.169276 -1.449891
5.894288 2.371959 -3.604090
3.674014 -0.745130 -1.200334
6.562254 -0.102726 -5.082592
5.429654 -0.162723 -1.326524
5.794688 2.345505 -3.573608
10.011776 3.414252 -8.045081
2.621739 1.978830 -2.000435
3.342026 -0.883979 -2.057920
3.094021 1.540712 -0.612933
3.219670 0.758561 -0.803890
11.537910 2.584857 -7.857504
10.366241 0.685640 -8.413198
2.574744 1.930516 -1.957044
10.221047 0.727215 -8.580199
7.280632 2.664685 -4.685457
3.105953 -0.856727 -2.270154
2.847446 -0.748249 -2.495309
5.439884 0.271933 -2.516837
10.839993 0.669480 -7.808929
3.190756 1.337312 -0.647718
11.625640 0.746255 -10.278948
3.143616 0.797452 -0.788093
11.503836 0.976347 -7.725771
8.585408 1.956723 -6.014302
3.347666 1.043001 -0.911568
2.633543 1.988338 -2.009305
10.196920 3.260301 -7.234578
2.096955 1.839440 -1.467258
2.342379 1.793766 -1.013005
3.140682 -0.870506 -2.295669
4.911663 2.367388 -3.569058
3.175879 -0.853109 -2.461331
4.300003 2.560714 -4.577339
3.980987 -1.217902 -1.198717
12.873076 2.462812 -8.665904
3.038564 -0.816308 -2.513680
6.130761 -0.196469 -4.587139
3.721901 1.606426 0.042054
4.927693 2.510355 -4.283516
12.851993 2.785267 -8.603085
3.047230 -0.838461 -2.218143
4.034892 -1.239061 -1.216514
10.183426 3.403430 -7.749907
2.973771 -0.789268 -2.628943
3.759556 0.953111 -1.029045
4.689512 2.501172 -4.270172
3.681748 1.583103 0.049762
10.605198 0.655052 -8.169143
2.791013 1.859427 -1.416008
3.328102 -0.784181 -2.040834
8.512607 0.912743 -9.137877
9.364333 2.194334 -5.241782
10.245966 3.437401 -7.976498
11.504915 3.738114 -9.352948
4.658806 -1.265108 -1.556369
3.421460 -0.897749 -2.037681
4.313838 -1.269157 -1.282207
12.447177 1.739897 -8.626073
2.934158 1.965719 -1.741900
3.390784 -0.741171 -2.288571
3.276629 -0.743592 -2.454846
9.876399 0.815070 -9.043902
10.115022 3.521878 -8.483204
2.890797 -0.724360 -2.449133
3.528783 -0.936053 -2.106470
3.324307 -0.883229 -2.100393
12.039006 2.394481 -8.169245
4.434394 2.445625 -4.030838
3.012003 -0.756935 -0.617629
8.836077 2.809221 -5.974452
10.107880 0.741765 -8.834454
3.154378 -0.848465 -2.440246
2.907484 -0.766666 -2.389631
5.111366 2.325909 -3.358857
3.496778 -0.990698 -2.032487
11.380825 0.478231 -8.911166
10.113791 0.742553 -8.754033
2.821054 1.984985 -2.050166
9.438096 0.934579 -9.631965
2.390401 1.842802 -1.295462
4.905350 2.361274 -3.567649
3.243420 -0.857042 -2.043825
9.147192 3.483402 -8.476405
5.993112 0.738366 -0.778172
3.436455 0.667968 -0.744457
8.751525 0.236796 -5.959656
13.498812 3.479935 -8.853870
9.894813 1.132441 -9.890458
5.283930 2.323601 -3.340550
4.060412 2.588323 -4.660057
3.515917 -1.002913 -2.036097
3.230761 -0.854144 -2.037223
12.322112 1.208385 -8.635724
9.179384 2.259648 -5.493196
3.591983 0.892351 0.077307
3.762952 0.881003 -0.090378
5.418901 2.446657 -3.936775
11.884546 2.872618 -8.671277
9.964850 0.787902 -8.873676
2.889064 1.739459 -0.495679
10.596768 0.625153 -8.110126
7.158650 0.059567 -4.797016
3.749030 1.466679 -0.224103
5.154637 0.367542 -2.647572
5.455784 2.597711 -4.576623
3.788779 -0.820861 -0.842636
5.488506 -0.115201 -2.440339
5.216558 0.261963 -2.750098
5.675208 -0.713817 -1.035194
5.517908 0.424417 -2.720002
4.724710 2.546298 -4.470708
10.120075 0.678834 -8.783844
3.487648 0.589405 -0.389982
3.318489 0.796233 0.085047
12.054719 2.655544 -8.136725
9.898172 0.768094 -9.072146
4.569779 2.601185 -4.715229
13.253821 2.235461 -8.960868
2.350433 1.853049 -1.193446
3.399374 1.892355 -1.046507
4.690669 2.501397 -4.271665
10.256925 3.452686 -7.991429
2.214224 1.857472 -1.296688
11.900726 3.619908 -8.610493
3.101387 0.901046 -0.702404
4.578606 2.555481 -4.734581
5.450597 2.391840 -3.714101
12.168303 3.541087 -8.372823
4.308414 2.544269 -4.566179
3.413152 -0.842911 -2.049361
11.410662 3.273268 -7.638870
10.623425 3.622777 -9.077257
11.219847 0.781247 -9.666554
4.974159 2.647524 -4.899904
10.018847 1.578500 -10.013925
10.078568 0.693317 -8.753557
5.305366 1.015691 -1.623244
2.267433 1.775304 -1.012050
11.354902 1.553797 -7.678329
2.322532 1.822093 -1.181288
3.436722 -0.688224 -2.307758
6.090404 -0.180079 -5.036300
3.264862 1.390196 -0.652471
3.445986 0.574784 -0.394439
11.241199 2.294343 -7.583279
2.408574 1.859638 -1.305754
9.994363 1.579208 -9.982919
5.184520 2.358374 -3.545537
2.206115 1.847456 -1.291661
4.962118 0.335028 -2.179911
3.777194 1.824609 -1.667680
5.585434 0.664031 -0.657710
4.614208 2.435087 -3.975379
5.130931 0.942034 -1.458557
3.745368 1.379642 0.013504
11.148372 1.103196 -8.575171
6.501211 0.814622 -0.852931
5.278785 0.260688 -2.738408
4.006456 -0.435254 -1.750065
4.991080 0.244671 -2.580299
6.333343 2.506844 -4.477329
4.524350 0.338193 -2.204904
5.785555 0.708588 -0.746694
12.114071 3.826387 -9.845269
3.235140 0.971788 -0.801602
5.699153 -0.219902 -1.037876
5.161735 1.090898 -2.607962
3.826141 0.884108 -0.087567
11.773059 1.233529 -8.185585
3.130491 0.906789 -0.699024
3.613904 -0.580198 -1.806043
10.739193 3.239321 -7.150893
3.839905 -0.764401 -1.173069
10.069003 0.562238 -7.653938
12.381574 3.026170 -9.122544
3.044995 1.005641 -0.723956
13.060158 1.587994 -11.050378
3.415517 2.381348 -2.062598
2.338165 1.838853 -1.189319
5.052449 0.723412 -1.104456
6.009956 0.945057 -1.445460
12.305367 1.934310 -8.415970
3.799548 0.492012 0.055849
4.820641 2.445079 -3.963208
10.062206 0.561610 -7.819973
10.606007 0.626049 -8.123653
10.626913 0.626325 -7.896855
3.552957 -0.572315 -1.782536
3.529142 0.598127 -0.391679
10.515168 0.636999 -8.065379
2.381770 1.831101 -1.290262
10.254570 0.657401 -8.542354
6.234932 -0.150227 -5.152643
4.703240 2.584898 -4.929701
2.400052 1.849510 -1.302300
6.038027 2.373321 -3.758286
3.505232 -0.562730 -1.765060
10.457026 0.629516 -8.103452
10.980329 3.267478 -7.294937
6.358875 -0.221783 -4.388428
2.387886 1.838326 -1.294301
4.774285 2.616283 -5.021617
11.329192 1.716709 -7.926696
2.704035 1.745166 -0.825647
5.622279 2.508238 -4.237359
3.025986 1.017514 -0.726580
6.844274 0.195574 -5.585400
3.215947 0.843465 -0.428306
3.428016 1.509241 -0.191120
6.291101 0.277846 -6.193002
12.825326 2.045494 -8.738449
3.294908 1.828364 -1.028311
5.928664 2.975635 -6.767801
11.425922 1.568228 -7.698149
4.076044 -1.077080 -1.384647
10.268614 0.601176 -8.006059
5.732297 0.730833 -1.514436
4.787116 2.655183 -5.018081
2.387017 1.838125 -1.296532
4.770197 2.618955 -5.024795
3.199132 1.660373 -0.063843
6.580850 2.743852 -5.198330
3.849833 -0.746433 -1.187239
4.122157 -0.897289 -0.902142
10.363688 0.568150 -7.597936
3.546737 -0.685606 -1.795249
3.458678 -0.854216 -2.073992
3.339621 0.600369 -0.516710
2.876512 1.729280 -0.493973
10.312555 3.248898 -7.172626
3.813551 -0.990721 -1.306344
10.066507 0.543911 -7.624121
9.956950 0.943709 -9.362306
6.356111 -0.220400 -4.387767
3.305471 1.575304 0.247249
5.894745 2.408193 -3.707598
12.637738 1.238606 -8.841407
2.264601 1.847262 -1.353489
5.676732 0.723281 -1.498056
5.095647 -0.239632 -1.071571
4.550331 2.564174 -4.581981
5.227767 0.617972 -0.626633
4.010945 1.278735 0.370407
5.480686 0.186797 -2.327090
5.059313 0.173530 -2.144541
4.074610 -0.440399 -1.764344
6.120610 0.750137 -1.134244
5.877516 0.775717 -0.624242
4.700148 -1.092326 -0.266246
4.012599 -0.442320 -1.773467
5.630838 0.758085 -0.995625
11.739794 0.865614 -8.695266
5.097371 -0.425432 -1.720973
4.181085 -0.464332 -1.834399
5.169833 2.070593 -2.412043
3.990108 1.955440 -1.773093
3.405202 0.697460 -0.842311
12.158219 1.306386 -10.019709
4.100245 -0.452875 -1.794829
3.994081 1.957221 -1.774361
5.715703 0.838366 -1.264801
3.734607 1.149667 0.594147
3.375183 1.846746 -1.330963
5.314255 0.743568 -1.173060
4.546810 0.342611 -2.212182
5.219289 1.104375 -2.636359
3.877911 1.897647 -1.730738
5.878514 0.826712 -1.279144
5.667727 0.434355 -2.784390
4.208506 2.534510 -4.472353
6.500953 -0.347107 -0.418244
3.755918 -0.654382 -1.708209
4.829147 1.922577 -2.260451
4.009900 1.973927 -1.790264
5.918486 0.389232 -0.416795
4.293089 -0.606401 -1.743054
4.347151 -0.993486 -0.167289
3.722715 -0.647898 -1.695519
5.355204 0.412671 -1.630777
5.491177 -0.861509 0.011070
5.575181 0.195726 -1.741854
4.598658 2.451572 -4.030482
6.255333 2.778301 -5.735638
3.462069 1.055655 0.492489
5.258812 -0.126823 -1.687603
3.610933 -0.701089 -1.796157
6.057306 -0.284377 -1.210654
6.361610 -0.161071 -4.430888
3.076555 1.521101 -0.610652
9.291570 0.911155 -9.694509
5.710187 0.801814 -1.219960
3.551935 -0.677280 -1.724501
7.893041 0.304406 -5.808704
3.548795 -0.688201 -1.759943
10.168058 0.667683 -8.693403
2.325911 1.776654 -1.005012
6.389172 -0.140893 -4.460401
4.005466 1.322706 0.469184
3.822001 -1.029902 -0.688502
10.489177 0.591166 -7.678503
6.857625 0.939016 -1.222232
9.127413 0.496633 -5.645545
12.539795 2.724535 -8.411864
6.812965 -0.093565 -4.756430
11.392856 1.530205 -7.679002
3.855539 -1.037630 -0.690408
10.161892 3.601052 -8.858130
10.113132 0.684235 -8.788179
2.320271 1.824737 -1.180962
6.235792 2.668577 -4.874039
3.589620 -0.696450 -1.820476
6.745053 2.688953 -4.887165
10.073572 0.552394 -7.828712
3.566642 -0.679547 -1.810779
7.876830 1.683195 -5.608665
12.266284 3.435141 -8.055837
10.860591 0.733196 -8.465879
8.703269 0.339430 -7.034114
3.126298 1.650401 -0.443833
10.104005 0.684265 -8.785250
3.667813 0.634079 0.421398
7.027666 0.101930 -5.347654
3.903277 -1.055346 -0.692921
10.203922 3.603238 -8.852638
2.321165 1.824729 -1.181770
5.292229 2.445761 -3.930406
10.136396 0.647541 -8.831445
2.760492 1.647055 -0.486927
4.235826 -1.217761 -0.070124
6.210993 0.452628 -0.179543
4.023918 -1.142667 -0.102629
11.413184 2.330162 -7.628130
5.175330 -0.132575 -1.681769
3.190299 1.091555 -0.700490
3.597268 -0.683426 -1.830419
5.300916 2.517813 -4.252766
3.769086 1.380775 0.046508
3.828173 -0.792751 -1.245752
3.599404 -0.862869 -2.190723
10.021415 0.705600 -8.966834
9.980132 0.636095 -9.451514
3.709147 -0.723935 -1.887430
4.957981 -0.388654 -1.663441
2.952420 0.985397 -0.719879
5.207231 2.572720 -4.571540
4.984646 2.581356 -4.595183
5.298389 2.515799 -4.246527
5.011389 2.494022 -4.166404
2.325565 1.826261 -1.180852
5.199560 -0.136662 -1.671096
6.362101 -0.373230 -0.205970
4.880025 -0.771864 -0.648610
5.536889 0.675581 -0.725006
5.793326 0.374621 -0.349844
4.063214 2.554601 -4.622995
5.487571 0.627743 -2.229066
5.081254 -0.339852 -1.687687
3.839458 1.213922 0.351954
3.625701 1.260351 0.185664
12.753458 3.445192 -8.387558
6.226094 -0.365784 -0.189349
6.365517 0.155349 -6.042122
5.580269 0.241305 -1.940611
6.195703 1.346248 -2.294147
3.739504 0.723731 0.373027
3.186311 0.913230 -0.654858
6.202818 0.638064 -0.603381
11.334455 1.731474 -7.926360
3.382210 1.169880 -0.737223
12.732060 0.943023 -9.069337
3.118549 1.049223 -0.742235
5.688468 0.618008 -1.042612
3.856863 -0.795585 -1.257107
6.017510 -0.229513 -1.095914
11.808011 3.586017 -8.598921
7.004422 0.306574 -8.725786
6.662255 0.694433 -0.638935
6.064098 -0.209505 -5.007265
3.785800 -0.779211 -1.236063
5.033658 0.630266 -1.320112
11.674152 1.445962 -8.107335
3.814016 -0.784688 -1.241603
4.803413 2.425383 -3.874341
3.296162 0.991246 -0.813488
3.649343 0.677961 0.404249
3.867134 -0.799491 -1.259631
9.456166 3.442063 -8.068754
3.535857 1.135749 -0.523271
10.537741 3.522313 -8.517259
3.280720 1.561777 0.228907
3.004954 1.276988 -0.631531
5.928149 0.657505 -0.541208
11.280482 2.017668 -7.515494
8.571529 2.651888 -5.877092
9.833651 3.663084 -9.177469
3.252436 1.116526 -0.706728
5.390316 0.325862 -2.140446
5.048201 2.352970 -3.517072
2.935066 1.748189 -0.837945
8.230141 0.707320 -8.563070
9.619960 3.674681 -9.330185
3.418936 1.040672 -0.362607
3.505344 -0.674846 -1.741067
5.027307 0.545775 -0.971850
6.469246 0.338737 -7.405132
3.599487 1.261092 0.140797
11.445721 1.098978 -8.802505
10.511130 0.653893 -8.043602
3.527001 1.478834 0.699215
10.089920 0.523704 -7.467446
4.922355 0.474280 -1.088883
3.480516 1.051907 -0.856267
8.879636 0.217996 -6.349137
2.981917 1.703040 -0.212093
10.520058 3.215465 -6.976161
6.844836 0.252901 -5.303083
8.830790 0.812931 -8.895327
8.632889 1.926197 -6.061110
2.762646 1.794674 -0.840816
9.637602 0.895769 -9.456831
3.656711 -0.707077 -1.133876
5.178370 -0.109250 -2.264156
5.707804 0.344347 -2.277473
5.095052 2.531605 -4.417644
4.903001 2.358354 -3.566754
12.056827 3.043267 -8.983087
10.117479 0.562545 -7.649581
8.256996 0.281105 -6.031742
6.146375 2.373035 -3.873560
7.446388 1.317147 -5.181334
10.126639 0.589954 -7.828645
12.523880 2.708669 -8.407027
3.395936 1.019595 -0.374965
5.635022 0.794289 -1.050699
9.625112 0.795750 -9.760503
6.762021 3.158209 -7.435008
3.478982 1.211494 0.144769
9.710590 0.732665 -9.819712
5.733530 0.116611 -1.382692
5.519841 0.597823 -2.322170
12.786201 3.580455 -8.867616
10.548098 3.484591 -8.081252
9.987931 3.389088 -7.793198
2.354528 1.816207 -0.925737
10.004815 3.530661 -8.923390
3.964987 -1.035859 -1.312215
2.437187 1.580993 0.033009
10.249222 3.617685 -8.843585
7.405761 0.051266 -5.107856
8.971319 0.671093 -8.462636
10.559193 3.508295 -8.477093
2.573735 1.520371 0.400034
9.651431 0.853688 -9.237768
10.203428 3.597125 -8.847627
3.404038 -0.711693 -1.703182
3.443043 1.437314 0.695536
5.787970 0.220010 -5.686236
10.376228 3.202305 -6.886012
3.080198 1.665829 -0.589902
5.862635 0.037577 -5.702392
5.230145 0.862361 -1.489795
4.805066 2.520895 -4.303451
4.993260 0.886034 -1.394429
6.069918 0.839948 -1.155359
5.986058 0.616153 -0.293850
12.058296 1.306376 -9.919153
5.946587 0.385397 -0.334406
5.896381 0.616872 -0.293317
6.320251 1.371143 -2.333398
10.096147 0.790542 -9.096691
4.430672 -1.020373 -0.293284
3.804039 1.312750 0.221281
10.694715 0.675930 -8.234072
4.341632 -1.013962 -0.291201
10.999897 0.657767 -8.409629
5.944919 0.556161 1.189941
9.842163 0.176281 -8.523819
4.756502 -1.189612 0.106000
5.169856 0.842984 -1.468713
6.168896 0.418816 -0.202579
5.350403 1.138996 -1.971442
6.295598 -0.186795 -4.688924
3.545932 1.383934 -0.241636
5.013485 -1.147344 0.313522
6.022197 0.640850 -1.165325
4.942012 -0.127851 -1.598949
5.832145 0.805660 -1.097902
5.925969 0.403323 -0.471477
6.030873 -0.235426 -4.975883
3.802150 1.346123 0.055583
5.628566 0.773590 -1.050692
4.912539 -0.388188 -1.649713
5.126111 0.390841 -1.559201
6.335313 -0.155812 -5.439219
9.639247 0.832359 -9.639541
5.908008 0.422837 -0.185438
8.990911 3.536905 -8.527105
5.324325 0.217995 -1.833410
4.865027 -1.056936 0.032539
5.072513 -0.131541 -1.646898
6.052647 -0.410669 -0.115443
4.944962 -0.780059 -0.667527
12.829770 2.187026 -8.795880
5.682611 0.560143 -1.007350
5.616666 0.791954 -1.042682
5.069538 -0.811051 0.185652
5.392417 0.438759 -1.643749
5.122027 -0.175856 -1.813210
5.325465 0.320259 -2.112846
3.584539 1.447131 -0.474822
4.173307 -0.974576 -0.274589
6.343499 0.615101 -0.836489
6.011549 0.460624 -0.250463
5.212472 0.210213 -1.787376
3.518269 1.413518 -0.463755
4.428002 2.474618 -4.211604
9.014186 0.842647 -8.187737
3.866708 0.500578 0.046762
5.951863 0.692548 -0.596953
5.338622 0.958866 -1.489835
6.749237 -0.532853 0.475688
4.479527 -0.504041 -1.587077
4.907666 -0.164658 -1.730961
6.090688 -0.480769 0.025885
4.802229 2.520812 -4.313490
4.242589 -0.987074 -0.284818
4.504099 -0.949786 -0.480673
4.808455 -0.766484 -0.623463
7.127614 0.710708 -0.938106
5.633027 0.542484 -1.234782
6.233101 0.431213 -0.474960
4.684645 -0.524827 -1.675919
4.515759 -0.667034 -1.262818
3.266197 1.429227 -0.693876
9.909753 3.621809 -9.424211
6.448977 0.379610 -7.953479
5.776172 0.755273 -0.945557
6.606866 0.640884 -0.109750
6.167147 0.735787 -0.614464
6.225673 -0.421790 -0.131957
4.291221 -1.002833 -0.284875
5.439517 -0.184708 -1.928921
4.577203 -0.513386 -1.646762
7.336762 1.013236 -6.582597
5.577089 -0.145900 -6.220116
11.994209 1.431923 -10.544719
6.078687 0.719059 -0.685077
6.216777 0.428742 -0.203092
6.219999 0.598435 -0.107765
11.111591 0.836315 -9.832320
5.484757 0.892669 -1.569568
3.955038 -1.039439 -1.340321
9.747719 0.841849 -9.336416
3.694736 -0.710688 -1.760425
12.317561 1.425337 -10.839502
5.292160 -0.180959 -1.878339
11.805668 3.526253 -8.395271
3.196063 1.543863 -0.645370
6.008359 0.578071 -0.795160
10.736663 1.288132 -8.275148
5.775021 0.572988 -1.029828
6.158671 0.730779 -0.697857
5.455002 0.596888 -1.252170
5.151238 0.833367 -1.480299
6.055726 0.473888 -0.245024
5.381812 2.564307 -4.708284
10.347592 0.667330 -8.049199
6.136843 0.594226 -0.111051
6.021422 0.669406 -0.540590
3.787558 -1.043308 -1.171533
3.848969 -1.003577 -1.277436
3.200549 1.383888 -0.649125
9.595984 0.836720 -9.653315
3.645058 1.504677 -0.423944
5.296471 -0.807693 0.016324
6.209255 -0.417863 -0.122434
4.957907 -0.783424 -0.664235
4.633942 -0.519763 -1.680481
3.468549 1.450066 0.701066
8.123314 2.744928 -5.482385
3.334935 1.044478 -0.906561
5.993259 0.576362 -0.791130
10.354487 3.328660 -7.403106
5.714748 0.563221 -1.017260
11.836333 1.431567 -10.408432
5.995504 0.742251 -0.785143
5.380223 0.873730 -1.550978
6.309457 -0.179496 -5.808128
5.993869 0.410122 -0.488096
6.085588 0.591328 -0.109977
4.372093 -0.985768 -0.266168
11.606359 1.124679 -8.916047
4.688208 -1.180360 0.126549
3.895101 1.236484 0.360664
9.597453 0.837890 -9.667886
3.443693 -0.721488 -1.727116
11.001395 0.713871 -8.366611
3.722609 0.480361 0.042030
4.267579 -0.998098 -0.281000
5.294132 -0.181417 -1.877564
10.774092 3.224571 -7.171612
11.201585 2.438960 -9.483406
9.662699 1.033651 -9.924136
5.666483 2.537996 -4.540273
11.250218 0.746337 -9.556446
5.694921 0.632375 -1.307975
5.232963 0.846470 -1.510601
6.025487 0.462693 -0.250042
5.991982 0.582046 -0.114381
5.989857 0.664080 -0.543130
3.634762 -0.711705 -1.801684
11.701535 0.887904 -8.825382
3.604153 1.483735 -0.415594
9.725701 0.774913 -9.331819
6.816303 0.305735 -7.857973
11.774297 0.914783 -8.975036
6.206862 3.078682 -7.131971
4.004488 1.568388 -0.119938
4.633143 -1.168516 0.118619
12.613127 3.919978 -10.951974
12.841937 3.605415 -8.892549
10.466906 3.452738 -8.036963
11.035770 0.808360 -9.773632
6.281376 -0.374380 -0.224790
6.569113 0.339550 -8.069790
5.938282 -0.247381 -1.164232
11.068398 2.333688 -7.472021
11.543954 1.422763 -9.486314
12.123506 2.668341 -8.171045
2.681812 1.780857 -0.856611
3.778789 -0.836955 -1.199084
10.385830 2.972172 -7.009391
5.692402 0.562421 -1.012382
5.895923 0.729713 -0.793238
5.771706 0.643672 -1.327004
5.324439 0.863515 -1.542200
5.894648 0.559288 -0.120816
4.815658 2.434342 -3.883156
8.597324 0.907493 -9.227842
10.877512 1.416743 -9.599191
3.546377 1.027741 -0.350675
10.523520 3.466670 -8.051039
3.269516 1.376860 -0.659812
11.143954 0.683782 -8.161478
3.511620 -0.683849 -1.734319
11.773335 0.510856 -9.095540
4.644019 -0.521547 -1.686704
5.442391 0.576421 -2.221794
4.478543 -0.937530 -0.477069
6.301514 -0.152100 -5.421751
3.124404 1.611428 -0.063483
7.849133 0.815363 -8.678473
3.136056 1.654983 -0.443912
8.848996 0.051486 -6.579177
10.084558 0.593815 -7.879988
4.355972 2.569917 -4.594122
9.935968 3.368045 -7.763202
4.678293 2.509982 -4.474072
5.476598 2.417776 -3.759233
5.048632 1.237345 -2.026549
3.741951 -0.653359 -1.183092
5.155287 1.256461 -2.091277
5.058858 2.386854 -3.683742
3.436112 0.986194 -0.342484
3.358171 0.993264 -0.367458
4.031245 -0.819800 -1.407410
2.662802 1.767430 -0.852043
4.111396 0.982075 -1.642202
6.174415 -0.217396 -4.699887
9.366692 0.922955 -9.464214
3.508460 -0.681423 -1.736468
8.056261 0.831627 -8.418714
12.129831 1.917622 -8.331505
8.344417 2.612917 -5.721455
9.337298 3.604469 -8.828918
9.381150 0.920135 -9.479522
3.867858 -0.671238 -1.746619
3.320745 0.582259 -0.501205
6.331120 -0.193482 -4.697762
3.256573 0.620897 -0.691524
4.195982 2.538845 -4.562785
10.031919 0.704777 -8.843205
6.811542 2.521331 -4.385146
9.448948 0.893935 -9.441008
8.457558 1.855226 -5.980245
2.553800 1.716998 -0.469940
5.552786 2.583238 -4.764649
6.271463 -0.210630 -4.645805
6.070306 2.517877 -4.118883
5.225331 2.490687 -4.140240
6.273478 -0.245673 -6.152032
4.740529 2.613837 -4.958629
11.146106 0.668957 -7.804163
2.742809 1.679616 -0.062232
2.642612 1.734267 -0.237181
2.801166 1.749875 -0.662962
4.292727 2.472317 -4.183486
4.461204 -0.792769 -1.577637
3.508946 1.468312 0.711499
5.040594 2.405405 -3.787834
7.704985 2.854644 -5.758141
4.828104 2.447486 -3.968143
3.215978 1.078079 -0.752757
7.048887 0.480513 -7.799243
3.215307 1.769195 -0.995486
3.157173 1.730668 -0.983633
11.105116 3.035850 -9.058672
3.331162 1.654259 -0.275729
6.584837 0.512275 -7.625032
10.560447 3.196436 -7.056557
11.454938 1.473608 -8.684427
9.546885 0.957298 -6.894587
2.797415 1.766962 -0.837324
10.214931 0.592283 -8.370778
11.090867 0.834133 -7.954759
7.964931 3.241116 -8.093521
10.535028 3.226146 -7.004277
5.841168 0.210466 -5.586363
9.166183 3.521256 -8.478078
10.495436 3.215434 -6.952299
7.708466 2.851071 -5.744223
10.142375 0.585033 -8.215613
10.527182 0.581345 -7.693196
3.112909 1.018456 -0.685388
7.169139 0.063103 -4.813666
9.333109 0.977761 -9.477491
7.403121 0.895782 -7.605733
6.332257 -0.132041 -5.020528
2.663176 1.768117 -0.850177
10.969916 3.055419 -7.293377
4.039909 -1.027643 -1.864175
10.349067 3.367151 -7.497276
3.126425 1.613038 -0.064101
3.645410 -0.938136 -1.201955
6.122438 2.415627 -3.794343
10.695233 1.905302 -7.320721
4.048693 -1.025797 -1.868804
8.079900 2.725641 -5.394479
10.222640 3.272149 -7.440186
11.277375 2.249747 -7.801154
11.738768 1.448396 -8.494854
2.681909 1.782520 -0.855253
6.420950 0.570199 -7.611485
6.310133 -0.154113 -4.584594
10.024349 0.586324 -7.455160
5.813834 2.436323 -3.790010
3.157552 1.344202 -0.617618
10.939764 1.043582 -8.506392
5.632890 1.277779 -1.664332
4.170997 -0.854206 -1.444869
4.088646 -0.839003 -1.416837
3.246444 1.396777 -0.646787
5.097561 1.144118 -1.502108
6.286182 1.367572 -2.323397
3.236153 0.614555 -0.699061
4.689626 -0.894258 -1.690081
3.962739 2.552563 -5.260862
10.614574 3.535172 -8.471385
3.103093 1.691357 -0.966842
3.421318 1.507183 -0.718335
4.585567 -0.859412 -1.725202
9.947100 0.617593 -7.515455
6.485759 -0.112413 -4.953372
3.132208 1.724730 -0.981842
11.199881 1.148343 -8.689240
3.507938 0.723059 -1.213828
4.807594 2.391627 -3.706137
2.576441 1.513213 0.411106
11.647081 0.750521 -9.963772
3.200329 1.771052 -1.005589
4.181028 2.547199 -4.578228
3.438102 0.932734 -0.396849
5.180109 2.348554 -3.483095
3.210416 1.786394 -1.012826
4.597588 2.446746 -4.028591
4.800088 2.421706 -3.873140
9.844513 1.149400 -9.814973
5.187563 2.462086 -4.118189
4.846322 2.320424 -3.378576
10.579716 1.802746 -7.332546
12.915221 1.179865 -10.914613
10.132926 0.680656 -8.625532
3.919272 -1.039155 -0.756009
10.315904 3.314329 -7.386894
3.172816 1.041913 -0.701901
4.896710 2.509578 -4.432889
2.776688 1.751623 -0.833874
6.340021 2.409740 -4.031706
3.403244 1.727360 -0.555901
6.895975 0.443493 -7.588411
10.674615 1.929737 -7.362090
10.553836 1.840702 -7.281029
3.586527 0.685596 0.355872
10.446428 0.617076 -7.655132
3.240590 1.748550 -0.746905
9.418849 2.147106 -6.513423
4.778897 -0.743807 0.468699
10.423265 3.226499 -6.883033
3.185414 1.711257 -0.738785
10.196873 3.213199 -6.711335
3.478031 0.712566 -1.197676
7.730516 0.016556 -5.272902
5.354875 2.574166 -4.480402
6.366566 2.552969 -4.537763
9.563038 0.916624 -8.585328
3.372881 1.073322 -0.922890
10.461907 0.604364 -7.673168
7.031059 2.579286 -4.570326
3.303001 1.565958 0.245741
6.058603 2.503312 -4.112038
10.394823 3.197162 -6.893919
3.371319 1.071481 -0.919690
5.165906 2.540200 -4.540787
10.115047 0.607252 -7.670725
8.780165 0.458445 -6.430320
3.095613 0.587256 -0.677783
5.425642 2.422532 -6.011169
13.134726 1.171294 -9.064692
8.433865 0.555768 -6.118950
10.077618 3.272396 -7.192673
3.976846 0.750277 1.072235
3.607593 0.761904 -0.919162
3.341248 1.691060 -0.544001
3.287042 1.019846 -0.869046
5.687215 2.373314 -3.552050
8.988383 1.502736 -8.867339
3.314120 1.792092 -0.772607
4.939812 2.514994 -4.293638
6.627443 2.654049 -4.790498
3.868037 -1.072332 -1.192595
3.804532 -0.993434 -1.293030
3.312953 0.993032 -0.827909
12.878597 2.493659 -8.672846
3.319695 1.033419 -0.885709
10.377333 3.078237 -7.013576
12.667127 2.460686 -8.572383
3.775262 -0.770266 -1.306721
10.670779 0.609874 -7.916451
3.227481 0.966223 -0.804680
3.307970 1.031459 -0.894537
10.510108 2.216585 -7.071930
10.116735 0.704521 -8.421038
3.970226 -1.152070 -1.185059
6.166456 -0.203701 -4.664052
4.126750 -0.853988 -1.453651
9.854453 0.737637 -8.819973
3.250493 0.977128 -0.809575
3.681609 -0.655116 -1.193352
4.633270 -0.831592 -1.635375
4.197878 2.514851 -4.458989
9.951328 0.655609 -8.050051
3.448219 1.056454 -0.868047
3.967753 2.566554 -5.281393
3.912722 -1.145255 -1.258789
3.902038 2.578083 -4.763606
3.680148 -0.653205 -1.189838
11.769917 0.754678 -8.482551
3.940821 -1.172649 -1.175297
3.793654 -0.827296 -1.046323
6.158170 0.152974 1.432296
10.421759 1.795177 -7.070384
11.082084 0.720536 -8.484914
10.200177 0.589371 -7.909984
3.972782 -1.021174 -0.063829
10.163672 1.432025 -10.134246
3.634706 -0.792542 -1.134161
3.241524 0.654804 -0.801040
3.234950 1.113547 -0.705728
3.627859 -0.793725 -1.137242
5.752190 2.464191 -3.937644
11.040308 0.576580 -8.008272
3.224591 0.649423 -0.794381
3.410574 0.976624 -0.340773
3.209769 1.101912 -0.703766
3.607760 -0.790910 -1.135853
5.456495 2.489297 -4.409443
3.206221 1.097233 -0.702488
6.053060 0.345546 -6.835634
10.086367 0.546495 -7.303615
4.338927 2.408993 -3.878668
9.848139 3.672357 -9.228271
3.234774 1.745264 -0.751962
3.854850 -0.859279 -1.228243
3.835914 -0.770228 -1.267833
11.577761 0.553642 -8.892830
3.294942 1.137877 -0.727181
9.348686 3.368295 -8.880064
9.817468 3.690543 -9.267282
12.989858 2.208983 -8.854048
10.089067 0.790680 -8.314729
8.840384 2.197171 -5.293569
3.314398 0.889923 -0.380692
3.565847 -0.911675 -1.182625
3.638467 -0.805732 -1.152007
3.236743 0.649850 -0.799403
9.542383 0.734589 -7.543016
8.715258 0.107883 -7.331069
3.236383 1.746642 -0.752291
4.767379 2.359605 -3.580633
5.919634 0.025436 -5.760499
8.388833 0.803989 -7.592122
3.715642 -1.513868 1.098560
3.012920 1.336373 1.210270
6.420431 0.145441 -6.114089
3.238668 1.747854 -0.755322
3.272872 1.552092 0.243643
3.914028 -0.921612 -1.071149
3.880290 -0.869081 -1.244120
3.148454 1.358034 -0.662449
4.956870 2.309644 -3.333725
6.214580 2.411348 -3.925515
7.136972 3.196030 -7.659001
11.680187 2.163840 -8.012927
7.491989 2.679953 -4.893243
11.263847 1.464445 -7.945729
6.098317 -0.165503 -5.884590
7.739554 2.778612 -5.456618
6.113698 2.509353 -4.386392
3.282613 1.420853 -0.196917
4.631528 -1.536857 1.097758
5.333490 2.564726 -4.476779
3.428588 1.036951 -0.379879
9.339211 0.448768 -6.800017
9.273318 3.504557 -8.348314
5.330775 2.565089 -4.479255
3.475940 1.112167 -0.513568
10.163209 3.283298 -7.199427
5.448309 -0.125280 -6.507211
9.610490 3.450104 -8.034817
6.286378 3.079616 -7.171791
9.736851 3.380530 -7.857508
11.757817 0.595550 -9.776485
5.483357 -0.117908 -6.528162
8.873819 3.372896 -6.082484
10.195963 0.635313 -8.253166
6.526782 2.738778 -5.161998
10.926495 1.244266 -9.146848
2.651048 1.802533 -0.480791
10.500243 1.159437 -8.673432
11.526033 0.659651 -9.597736
6.675964 0.329779 -6.431666
10.517562 0.587110 -7.682893
10.486852 2.208096 -7.057062
8.849049 1.314112 -5.913231
13.073022 1.074561 -9.320470
6.616271 0.342113 -6.375178
11.189431 3.268509 -7.487730
3.095550 1.902725 -0.528781
9.679638 0.478374 -7.439875
3.969293 -1.049257 -1.193369
4.692412 2.500008 -4.270347
2.922059 1.767726 -0.507348
11.234916 2.511028 -7.739252
3.369961 1.483482 -0.202621
11.625337 0.754989 -9.909280
2.879827 1.734736 -0.501206
3.838530 2.613931 -4.990064
10.176785 2.158892 -6.890835
9.651815 3.217539 -7.882915
4.683178 2.533890 -4.654253
10.056419 0.581577 -9.559511
3.033496 0.581469 -0.711628
13.297209 3.417669 -8.777559
4.928451 2.503196 -4.286779
3.950040 0.618400 0.968989
3.899000 2.571244 -4.753295
3.141322 1.358518 -0.662779
2.796616 1.671007 -0.480771
10.464935 3.461025 -7.964447
2.798749 1.581617 -0.000684
4.991265 2.478156 -4.125731
3.247770 0.651518 -0.799287
3.046446 0.882545 -0.688799
9.792275 0.718129 -7.980253
3.095658 1.330124 -0.649521
11.351086 2.308708 -7.816761
3.120972 0.909513 -0.710983
5.471592 2.418957 -3.770195
9.046460 2.053076 -6.316598
5.354712 2.401725 -3.908852
2.537854 1.293413 1.443135
13.776808 3.391084 -9.086799
9.917327 3.230310 -6.959420
4.751873 2.487375 -4.197685
6.584789 -0.104337 -6.361823
10.096189 0.780273 -9.050866
3.063253 0.602529 -0.745816
3.148530 0.923674 -0.720959
3.595080 -0.689936 -1.116569
2.911908 1.761800 -0.519536
2.563092 1.565723 0.057886
5.746783 2.390846 -3.577180
10.094726 3.190017 -6.912569
10.570380 2.330773 -8.893208
5.568746 2.501210 -4.157523
4.762664 2.587453 -4.673854
6.415240 0.268137 -6.339244
5.887624 2.411844 -3.697028
10.221832 2.191103 -6.872408
5.328879 2.565587 -4.481988
6.237872 0.316673 -7.095263
3.022000 -0.766889 -0.614701
10.569286 0.569640 -7.706386
3.108792 -0.789319 -0.634458
3.385770 0.977872 -0.673630
3.764001 0.832375 0.012094
3.847399 2.534544 -4.553802
3.474449 -0.740832 -0.736213
9.783068 0.356194 -9.467497
3.080583 1.682690 -0.220121
4.028092 0.550284 1.285959
10.056500 3.508307 -8.478620
4.621200 -0.680409 -1.298284
9.904874 0.650107 -7.797146
9.560779 3.389167 -7.722472
2.571966 1.568538 0.058079
5.413028 2.589285 -4.730098
3.051810 0.858781 -0.600785
11.258443 1.154715 -8.687386
11.028517 0.677454 -8.194027
4.624484 2.369330 -3.633676
11.931860 1.436425 -10.503355
4.019352 -1.104999 -1.234470
9.184173 3.538429 -8.501626
7.593125 1.284894 -5.220853
3.846918 2.536405 -4.554708
2.801572 1.577876 -0.006529
6.438087 2.705463 -5.102320
10.693833 1.150543 -9.040352
3.838480 2.494866 -4.378354
9.843546 0.734763 -9.282115
11.208064 1.195031 -7.854610
3.478428 1.653822 -0.351298
11.400005 3.340181 -7.499514
2.867355 1.722039 -0.494376
8.535363 0.806834 -7.706808
3.380576 0.551105 1.738717
5.542824 2.487447 -4.154809
9.975443 3.407868 -7.801389
8.091638 0.355980 -6.168373
6.315046 -0.164249 -4.584025
8.180585 1.896726 -5.261446
11.198873 3.250794 -7.447269
3.004681 1.213849 1.657447
3.002068 0.835218 -0.332942
12.071461 0.862805 -7.764304
3.510211 1.448323 -0.446447
3.595043 1.167096 -0.544932
5.963967 -0.603427 2.177315
9.556808 0.559113 -7.296785
3.611872 1.495495 -0.459847
11.106105 0.731480 -8.474867
3.958660 2.549233 -5.253632
3.100794 0.530330 -0.472322
4.467398 -0.658974 -1.252708
11.000355 0.750250 -8.431547
9.927602 1.108954 -8.213346
10.641118 1.358107 -7.400905
3.835365 0.857905 0.009696
3.984384 1.135189 0.944449
5.012388 -1.069027 0.625715
4.058342 -0.679468 -0.981396
2.647355 1.306096 1.304397
14.355658 3.562274 -9.305738
2.572859 1.510048 0.410311
2.743180 1.564268 0.057364
3.520829 0.711215 0.194795
5.589952 0.427250 1.512770
3.869940 -0.645588 -0.927436
2.407715 1.407576 0.787228
9.597440 2.338729 -9.593271
3.253163 0.868526 -0.373119
5.469853 0.178685 2.223250
3.863276 2.593358 -4.897566
2.916444 1.760503 -0.504763
7.805326 3.240906 -8.072965
10.044721 0.929628 -9.470340
3.926595 2.622181 -5.158649
3.569773 0.419925 0.244857
5.952139 -0.192706 -4.799110
4.716415 2.533782 -4.464990
6.586193 0.514899 -7.613317
11.281725 0.784198 -8.046189
3.959895 2.544811 -5.254282
12.938079 2.808114 -10.876354
6.356434 -0.053222 -6.181229
2.754520 1.302942 1.383242
3.980147 -1.129859 -1.188162
6.442857 2.681720 -5.040721
11.251738 3.250043 -7.589160
3.596791 0.891854 0.075736
3.759276 -0.624543 -0.898159
13.047244 1.478593 -8.874199
4.690692 -0.688858 -1.317495
2.927034 1.534833 0.252671
10.877620 0.681359 -8.092578
9.563408 2.985297 -9.431719
2.912417 1.327779 1.222440
3.731699 1.007072 0.940343
3.921128 -0.654554 -0.931859
4.029124 2.567117 -4.627039
9.864220 0.645385 -7.558268
3.220372 0.834558 -0.407993
5.293057 -1.047843 0.682625
6.154864 0.635074 0.233361
5.442625 2.399808 -3.756050
10.926941 1.237523 -9.147812
5.059159 2.387743 -3.684607
5.038019 -1.016093 1.592064
3.059323 1.674154 -0.490779
10.012884 0.593089 -7.289847
4.445310 -0.703214 -1.188000
9.643331 0.696048 -7.479840
2.604509 1.626137 -0.195009
11.918253 0.889181 -7.720441
4.969583 2.318202 -3.339724
12.719671 1.100056 -9.114777
3.433607 1.081505 -0.484146
2.730311 1.732459 -0.205895
9.096699 0.751260 -8.326398
3.881190 2.509209 -4.420310
4.424870 2.428552 -4.022185
2.407207 1.407606 0.787698
2.859484 1.336699 1.192702
7.536663 2.747284 -5.628101
2.987247 1.628428 0.003758
10.208279 0.607327 -8.025822
3.022894 1.535322 0.620814
2.643945 1.565360 0.425928
10.417366 3.212242 -6.900202
4.408969 2.402864 -3.788114
4.137426 1.152033 -4.867665
3.813061 1.524726 -0.272099
3.655305 0.544687 0.889082
10.346449 3.501025 -8.883908
3.116215 0.533818 -0.466455
4.784146 -0.561397 0.770460
3.759915 -0.627809 -0.890108
12.396520 3.703839 -10.548689
3.180686 0.809939 -0.366142
12.492524 1.032806 -7.734050
5.488705 -0.846969 0.759926
3.187711 -0.813544 -0.651341
3.875410 -0.647741 -0.923718
3.462524 0.996661 -0.344296
12.229117 1.466329 -8.512291
2.555648 1.495746 0.402579
10.122724 0.678261 -8.432652
9.846320 3.696377 -9.436414
5.385991 2.415672 -3.922614
10.250793 3.597903 -8.851792
2.947920 1.706685 -0.361905
9.657041 3.524412 -9.201985
2.779431 1.466321 0.586524
9.321994 3.705284 -9.306010
9.770362 3.652533 -9.336220
3.301264 1.688100 -0.529805
3.824020 -1.470001 0.944166
3.966342 2.563534 -5.280948
8.785732 2.782766 -5.991155
9.763597 0.896649 -9.753038
3.069191 0.851574 -0.569631
2.502539 1.309203 1.395259
9.840443 3.682851 -9.425316
3.417020 0.852755 0.093974
3.305217 1.688561 -0.529025
3.272916 1.551879 0.242207
3.433613 1.431400 0.677395
3.368493 0.887793 -0.409838
5.171542 2.339641 -3.480274
3.756331 2.584129 -4.910676
4.679049 2.391694 -3.770991
5.124743 -0.776203 0.053226
5.600168 -0.449939 0.857485
10.414186 0.540607 -7.630512
3.414067 -1.311419 1.292078
10.302370 1.813464 -7.022708
2.752764 1.304004 1.387183
3.164521 1.675547 -0.441148
10.033803 0.587935 -7.761322
4.097354 2.579474 -4.638000
5.723472 0.399879 1.053217
3.916724 2.570768 -4.762897
10.152601 3.203758 -6.896630
4.769568 2.358716 -3.579640
3.961614 2.539815 -4.862177
10.411670 2.218421 -7.020332
3.929776 2.493132 -4.332757
4.801184 2.418965 -3.945184
5.139632 -1.081354 0.651777
10.053981 0.758796 -8.705967
9.931102 3.237391 -6.957710
3.007805 -0.760197 -0.551055
3.178732 1.083735 1.813564
4.045209 2.531102 -4.546204
12.255971 1.048648 -7.648943
4.266809 2.600376 -4.628110
2.650517 1.307771 1.302339
7.149298 2.767908 -7.754444
3.849230 -1.024588 -0.966783
3.873433 1.362100 0.644341
4.796609 2.416556 -3.943441
3.785934 -1.475238 0.970759
10.082286 3.161156 -6.878877
3.907385 2.522129 -4.426318
11.857717 0.480013 -9.135960
10.077632 0.619650 -9.040265
11.264843 1.834458 -7.883997
7.880836 0.783489 -7.898864
4.661183 2.536243 -4.873120
3.761792 0.648434 -0.424050
3.373854 -0.879520 -0.639346
3.301136 1.571604 0.241054
10.257108 3.636788 -8.862778
3.875340 1.241625 1.706088
3.332581 -0.864921 -0.624967
4.998054 2.471835 -4.311605
11.665342 1.116270 -7.478963
3.318606 0.869814 -0.410438
12.828528 3.850491 -10.899682
3.373579 -1.353890 1.161747
3.508027 1.673293 -0.354316
3.766536 0.833716 0.013022
10.346786 3.494584 -8.450684
3.794388 0.739924 0.364736
3.351949 -1.338956 1.175403
3.489286 1.660835 -0.353479
3.029806 1.646759 -0.221964
3.177006 0.545778 -0.473615
5.085566 -0.905472 1.583900
6.380816 2.781092 -5.414525
4.469880 2.317794 -4.629813
10.998251 3.064780 -7.299445
3.740659 1.151034 1.104790
5.405437 2.429982 -3.928208
9.699499 0.853470 -9.279668
3.100209 1.698857 -0.225502
10.392639 3.527989 -8.481812
3.797601 0.743420 0.355569
8.840983 1.010515 -8.803564
11.122955 0.825121 -7.967567
5.548547 0.349011 1.780435
9.684440 2.789247 -6.608776
3.507728 1.672058 -0.358871
2.963904 1.476796 0.845058
2.972842 1.203430 1.626886
13.848214 1.416729 -10.428471
11.467733 3.483835 -7.430402
3.320480 0.579286 -0.493467
9.424734 2.028478 -6.534340
4.193683 0.483379 1.912810
3.910737 2.509977 -4.416201
6.669317 0.638373 0.655689
10.208641 3.554139 -8.473047
9.948157 3.575783 -8.907464
3.479278 0.867199 0.026121
9.739847 0.769640 -9.356234
3.170193 -0.803540 -0.646913
5.964162 -0.179678 -4.934907
4.481985 -0.712818 0.009085
8.613843 2.734915 -6.697078
3.074294 -0.774150 -0.633351
12.284998 1.500384 -10.602217
3.661309 0.419595 0.295179
3.493202 0.877634 0.032543
3.719560 0.691138 0.416286
10.051178 0.674979 -9.536252
3.320731 1.649249 -0.277901
3.412601 1.330050 -0.288177
4.935099 -0.892575 0.914288
3.003636 1.631334 -0.216208
4.379880 2.439039 -3.984294
3.680517 0.897312 0.108914
5.401304 -0.982669 1.718470
4.632047 2.397097 -3.767992
4.900324 -1.467350 0.659711
9.141587 0.741493 -8.385832
3.414873 0.906270 -0.441344
6.320436 -0.780342 2.460008
5.422616 -1.626504 0.737254
4.169563 2.556809 -4.601513
4.887474 2.337415 -3.435858
10.142490 0.557197 -7.612188
9.900712 0.550963 -7.367777
6.046803 -0.210568 3.400844
10.276095 0.598352 -9.317555
9.691687 0.360877 -7.202104
3.680997 0.626208 -0.426622
3.883378 2.516986 -4.429498
6.239380 2.498648 -3.837412
4.258619 1.247860 1.008333
3.932770 2.497107 -4.337417
4.887810 2.336046 -3.436887
5.191071 2.361370 -3.546516
3.932196 2.495133 -4.335402
6.677574 0.494669 -7.313447
4.758552 2.349836 -3.577498
11.402728 1.358047 -10.266443
7.509676 1.325209 -5.211502
2.844086 1.646320 -0.265478
5.007609 2.385063 -3.695406
6.078097 2.486192 -4.081317
11.931204 1.432848 -10.491544
3.757974 2.574761 -4.902860
9.654729 0.682838 -7.292359
6.531454 0.217732 0.418639
10.472961 3.244604 -6.923862
6.169887 -0.250355 -4.545634
5.447675 -0.884452 1.842393
3.407943 1.327230 -0.267481
3.232135 0.849926 -0.374492
4.177310 0.450335 1.604428
3.065054 -0.780254 -0.563780
3.932258 1.019193 1.148218
9.963457 3.401634 -7.756095
3.905164 1.072827 1.544724
4.754914 2.576456 -4.665830
10.421814 1.803843 -7.069060
2.472238 1.398034 0.898034
11.245275 2.522590 -7.739414
3.390538 1.325205 -0.268005
5.518117 -0.498231 0.835017
3.443965 0.831113 0.086822
3.237551 0.582281 1.731661
8.623748 0.798515 -8.684513
4.952555 2.551036 -4.480246
10.169597 0.571364 -7.874184
10.380152 2.171315 -7.062472
3.273090 0.857487 -0.425030
6.604091 -0.431137 0.887445
3.803886 0.889590 -0.088456
3.934909 0.408296 0.430611
3.091629 1.692224 -0.226386
9.946232 3.391233 -7.661563
3.502595 1.668764 -0.355959
7.920730 2.995555 -5.919352
3.046526 1.306145 1.351521
3.252601 1.540386 0.239656
3.484143 1.658223 -0.357028
11.298072 1.836052 -7.888890
3.372094 0.890802 -0.443999
10.514049 0.652393 -8.057665
3.294524 -1.315502 1.341729
3.043204 -0.770423 -0.554675
3.024417 1.645165 -0.224003
10.132478 0.581182 -7.819551
9.831946 3.443958 -8.052530
10.112730 0.580826 -7.850664
2.489419 1.471452 0.645635
10.208248 0.606146 -7.889594
2.649338 1.473416 0.610127
10.210455 0.572248 -7.863804
6.327285 -0.110577 -5.245493
9.889987 0.783456 -9.305953
5.472341 0.507018 1.081033
12.883459 3.488342 -8.447650
6.216640 -0.480230 0.400038
4.505315 0.060912 2.157694
3.454658 0.989113 -0.344113
13.622285 1.436577 -10.475765
4.148873 0.419800 1.854228
11.209218 0.807531 -8.015803
3.631543 0.742770 0.195816
11.226935 3.161224 -7.596236
3.591635 -0.938280 -0.683593
13.015105 1.166429 -8.948956
3.346484 0.855627 -0.385198
4.925962 2.380002 -3.577106
3.414831 0.922609 -0.394849
4.342961 2.457626 -4.140348
4.863111 2.443938 -4.024431
10.880895 3.003655 -7.466143
11.680031 1.110560 -7.470687
13.084675 1.151153 -8.979157
10.319204 0.719422 -8.451111
12.744996 1.734893 -10.933409
3.950175 1.110873 2.108607
5.869444 2.274149 -3.629128
10.476294 3.570168 -8.967341
2.492680 1.473781 0.645141
11.215851 3.243111 -7.568972
3.268254 0.875451 -0.376139
4.002440 0.603677 1.430683
10.767450 0.614036 -7.986608
3.487592 -1.416126 1.223455
11.087200 0.840848 -7.941922
11.938813 0.816919 -8.567966
2.563200 0.608877 1.615258
10.418730 3.498630 -8.933598
5.162085 2.336231 -3.539603
11.894863 3.385992 -7.823580
4.444458 2.453959 -4.037642
10.128973 2.153660 -6.889116
3.719351 -1.374433 1.837596
11.995538 0.901912 -7.888176
2.507331 1.526771 0.485869
3.217132 0.806099 -0.366271
3.429423 0.931583 -0.394570
3.175589 -1.426927 1.201296
4.430893 2.432533 -4.027784
2.892894 1.430179 0.816632
9.917464 3.427821 -7.991128
10.146160 3.498051 -8.431455
8.653719 0.771005 -5.688388
3.201539 0.573847 1.708401
5.043006 2.405462 -3.790313
10.429311 2.262226 -6.984437
4.641229 0.987526 2.093981
9.001987 0.439546 -7.166158
4.381478 2.583441 -4.625319
3.801391 2.574795 -4.836158
3.277384 1.561324 0.242641
9.312663 1.546218 -6.550973
3.847422 0.896705 -0.076286
10.231181 3.473957 -8.210684
10.133120 1.782783 -6.872486
3.660470 0.623418 -0.410760
3.532774 -1.405510 1.294677
3.311254 -1.374555 1.440797
3.994816 0.417803 0.438305
3.278823 1.433712 -0.194001
3.515823 0.592487 -0.400943
4.650700 2.583480 -4.838891
11.265013 3.495224 -8.321334
4.653334 -0.888769 0.380842
2.509953 0.493774 1.515392
3.852569 1.157477 1.130865
9.397094 2.069212 -6.509517
11.393637 2.776616 -8.411326
4.248891 1.179576 1.057095
4.907258 2.545883 -4.702905
11.530560 0.675763 -9.780636
3.838022 0.576855 1.002340
3.912033 1.181833 1.153375
1.799727 0.905957 1.157256
10.007677 0.489241 -7.381443
6.124740 -0.024755 -5.916220
2.434372 1.315102 1.245418
6.055223 -0.968828 1.365705
9.068179 0.769737 -8.294580
9.758817 0.644716 -7.324434
8.422201 2.031049 -8.410872
3.665118 0.710333 0.330807
3.538720 -1.486594 1.143116
3.682010 -1.446534 0.970120
11.517672 0.678927 -9.766543
4.755293 -0.960094 0.603286
2.013409 0.542482 1.114904
13.989053 1.507121 -9.737319
4.781734 2.500213 -4.303972
10.219463 0.565099 -7.683667
4.708906 -1.173065 0.143899
6.479171 2.624641 -5.096314
4.012352 0.559329 1.449916
4.646917 -1.079686 -0.138867
10.164222 3.279809 -7.183317
3.803905 1.462382 0.451984
3.861351 2.564726 -4.857885
11.211529 1.315754 -10.063661
6.051743 -0.463344 0.037841
10.285274 3.411398 -8.011301
4.067527 1.021551 -4.925385
3.976502 1.020200 1.161045
11.633663 1.329533 -10.476168
2.547897 1.242308 1.586539
12.466230 2.709093 -8.420589
4.070401 -1.009398 -0.534895
10.258006 2.182926 -6.884036
3.899550 1.302107 0.421298
3.296382 -1.317087 1.345535
12.483138 2.711767 -8.431146
10.464910 0.584908 -7.541576
10.307258 2.181631 -6.994932
12.903786 1.002179 -9.182948
11.222809 0.771303 -9.944943
5.276700 0.318529 1.730963
11.117107 3.118894 -7.322337
5.052384 0.055324 2.351230
3.555013 0.877402 0.046736
5.972361 0.212945 -5.668139
4.355242 0.056893 2.075855
4.905205 -0.981702 2.201326
5.313700 -0.813722 0.032598
5.352408 -1.102418 0.671629
10.448482 0.975679 -7.673791
5.914387 -0.524267 1.960833
6.915917 0.281649 0.133655
7.719980 2.791873 -5.461165
3.089085 1.585034 -0.065472
9.454259 0.766611 -6.836354
4.218647 1.110134 1.262165
9.514145 0.655408 -6.875236
4.942026 -1.440713 0.594015
6.018544 -0.230306 -4.541658
10.120946 0.643031 -9.146469
9.469241 1.570246 -6.663122
4.516536 0.456578 1.931420
5.914204 2.293059 -3.645587
7.672242 2.852172 -5.767189
2.517174 1.254307 1.593093
3.033734 1.600137 0.260502
7.156830 0.242141 -6.094390
8.148806 0.911603 -5.883435
4.883999 -0.714064 2.103657
3.811599 1.310706 0.931505
9.516884 0.674466 -6.858880
3.532677 -1.415027 1.264693
6.622074 2.672209 -4.804831
10.637014 0.680931 -8.381358
10.185514 3.274093 -7.219020
4.247979 1.146147 1.050947
4.161443 2.422348 -4.577574
6.320665 1.796375 -6.189730
3.313068 1.452133 -0.194162
11.234050 0.804361 -8.009409
7.740663 2.700938 -5.059821
11.319028 0.995179 -8.750504
10.637781 0.682488 -8.380977
12.347284 0.755634 -8.769818
2.676016 1.322468 1.317641
11.721129 1.524099 -8.129711
4.914546 2.519032 -4.448298
5.801084 -0.718564 0.403976
4.888167 2.339154 -3.452868
8.319847 2.072068 -5.202410
5.468856 2.504146 -4.421036
3.573834 1.158107 0.159065
6.627501 0.325618 -6.345180
2.715253 1.285732 1.531582
5.372598 -0.818083 0.740622
3.505316 0.837374 0.103726
3.834749 2.504337 -4.525898
3.531826 0.672517 0.365770
5.275963 -0.958088 1.682591
9.414810 1.614715 -6.629781
4.439352 0.317462 1.169939
1.823511 0.669828 1.182257
3.521939 0.873261 0.062652
3.866426 1.190686 0.632495
3.288630 0.436456 1.653770
3.915755 2.575275 -4.810992
1.727240 0.860696 1.101690
2.517272 1.252663 1.598240
9.541412 0.584455 -6.900150
3.182421 1.645444 -0.056682
3.581958 0.899364 0.025971
5.187747 2.352365 -3.484112
3.915970 2.569560 -4.801902
6.238338 -0.472890 0.365921
9.411175 1.723113 -6.623153
4.042841 1.015761 1.139869
4.354558 2.444831 -4.063446
1.940451 0.669444 1.235090
9.588634 3.386315 -7.669349
2.555859 1.402524 1.100282
9.530816 0.591995 -6.898014
4.814583 2.430272 -3.953127
10.091759 3.169379 -6.681379
9.678803 0.471439 -7.495014
9.442768 1.127986 -6.741845
4.908401 2.360452 -3.568271
4.919904 2.370006 -3.573201
4.526382 2.437038 -3.920748
9.371480 1.685727 -6.592151
12.128508 3.867132 -10.573596
3.775859 0.910284 0.299838
10.342194 1.755057 -6.851026
4.141861 2.551322 -4.587936
6.858418 0.242465 0.433555
9.345635 2.126951 -6.458147
8.203629 0.598591 -5.689546
2.214205 0.604085 1.528980
8.193468 0.820230 -5.917189
9.416626 1.722829 -6.624414
4.755743 -1.020299 0.032265
3.260149 -1.391752 1.433344
9.868326 0.570352 -7.352168
3.134785 1.449466 0.815229
6.476786 -0.151041 -4.702637
9.688916 0.474833 -7.304224
2.753821 1.243596 1.638961
4.192914 2.474980 -4.228300
3.336196 0.447365 1.673410
10.408652 0.577411 -7.338263
4.830740 2.449473 -3.961485
9.621083 0.543171 -7.019372
3.191596 1.614364 0.123474
9.335097 1.998344 -6.485466
2.847989 1.610583 -0.006464
11.866998 0.843418 -8.535960
10.462246 1.412480 -9.393032
9.011730 0.832559 -8.181128
9.587915 3.397785 -7.669142
7.715743 2.797231 -5.470234
5.880258 0.597650 0.223894
6.007833 -0.683008 1.454327
4.800791 2.522837 -4.294136
9.690907 2.970156 -9.532001
2.675475 1.295862 1.501670
9.340945 1.999832 -6.486240
5.697355 -0.249416 -4.597268
9.622494 3.450347 -8.058473
3.432259 -1.378639 1.213091
1.467921 0.647274 0.906639
5.458394 -0.309446 -4.499045
5.116112 -0.785007 1.463774
5.155001 -1.091118 1.320765
1.744065 0.750483 1.061235
3.144440 1.561180 0.160654
4.570543 2.617696 -4.720509
4.584520 2.558211 -4.744234
3.114297 0.895052 1.787031
5.483179 -0.693054 0.785698
3.000171 1.506407 0.860189
12.022849 3.803684 -10.476005
4.572879 -1.055459 0.137078
5.046560 -0.801869 0.002248
3.292486 -1.422339 1.441955
11.847158 3.435371 -7.782136
6.146129 -0.985241 1.398613
4.593002 -1.312262 0.504717
3.725501 0.649024 0.988196
4.278048 -1.068203 -0.545171
1.720554 0.855012 1.095046
4.316375 2.562096 -4.583541
9.386237 2.139591 -6.511485
3.693354 0.922719 0.082000
3.941074 1.109749 2.121887
4.767612 2.356974 -3.582604
5.564932 -0.965982 2.797555
5.717344 -0.232212 -4.716658
3.065945 1.572566 -0.062168
9.386330 1.593799 -6.616442
5.131646 -1.083483 1.321167
3.235883 -1.456124 1.229210
2.429608 1.314260 1.242538
5.539322 -0.292887 -4.566294
10.333519 1.743887 -6.853593
9.526316 0.748195 -7.583376
3.140709 1.558207 0.162358
3.153814 1.629732 -0.062293
9.328426 2.118461 -6.458398
9.325814 1.545472 -6.557177
3.247482 0.558725 1.753973
10.482282 0.607409 -7.656762
3.999503 1.064164 1.122623
9.413286 2.044722 -6.521402
3.808146 1.156290 0.629556
9.422515 1.574597 -6.649271
9.427275 1.577806 -6.647594
4.188078 0.215315 1.448219
3.836251 0.893163 -0.062465
3.244900 1.545112 0.265038
4.643170 -1.387778 -0.005030
3.901098 0.871667 0.018527
3.549938 0.503501 2.125656
4.192688 2.549093 -4.473364
3.612300 -1.546245 2.246298
6.748764 0.373595 1.898062
3.168421 0.560311 1.690495
5.608809 -1.081632 3.689032
4.373701 2.454154 -4.107399
10.150811 0.442025 -7.472943
9.410221 1.681741 -6.597193
4.141624 0.454692 1.918380
9.408611 1.572680 -6.616872
6.009466 0.587076 5.010800
9.264527 3.482827 -8.347195
5.819855 -0.318320 -4.416364
10.118315 3.243258 -6.870480
3.918202 0.973870 1.130205
5.582783 -1.024605 3.168054
9.960811 3.589758 -8.897252
2.502424 1.362247 1.067073
9.934453 3.470135 -8.012288
6.701834 2.738588 -5.227112
3.782919 0.844406 0.014170
10.497789 0.592782 -7.672649
5.464326 2.407176 -3.721276
5.231567 -0.857511 1.398790
4.895901 -0.667590 2.122117
3.732446 2.553776 -4.619877
3.201123 0.522317 1.733494
4.190630 1.224543 1.505050
5.189312 -0.300398 3.956205
3.990400 1.168011 1.926748
3.653756 0.931940 0.103702
3.481145 -1.469044 2.210562
6.446087 0.348153 1.807647
9.251804 3.503133 -8.299715
3.195116 1.655624 -0.060356
10.376324 3.235871 -6.839232
5.201048 -0.905188 0.952443
10.219745 2.183586 -6.863472
3.649317 0.859011 0.311294
4.527776 2.585916 -4.681106
13.507471 2.943889 -8.844009
5.593834 -0.298561 -4.593166
1.535241 0.591582 1.035419
2.508715 1.369685 1.070784
4.664654 -1.126721 2.942060
11.475348 3.402951 -7.571912
8.378329 2.003272 -8.302493
11.316672 1.189849 -7.897187
4.543304 -1.355307 -0.005554
5.099131 -0.784505 0.035211
3.676085 0.953413 0.108913
6.817611 -0.600086 0.092257
4.226377 2.541166 -4.493165
4.042864 1.392145 0.404471
6.380980 0.345736 1.793980
4.490768 -1.336658 -0.005803
4.011230 2.530398 -4.593345
1.515616 0.579474 1.019293
3.310678 0.599749 2.296171
9.090875 2.964546 -6.507264
4.753383 -1.056131 0.203836
4.478011 -0.967885 0.030714
3.000518 0.850967 1.708571
4.100478 0.401826 1.727774
7.314452 0.625011 -8.197337
4.960064 -1.042830 0.378967
5.397072 -0.262924 -5.617602
6.447406 0.146496 0.861427
4.253977 0.301739 1.095063
5.771152 2.603088 -4.603528
4.701916 -1.017249 0.028940
5.073174 -0.770249 0.014925
5.252576 -0.781751 1.419117
13.147551 1.016997 -9.326129
3.892215 0.583074 1.379149
4.743041 2.556932 -4.486384
4.944231 -1.068753 1.341104
14.147437 1.393498 -9.350902
4.527075 -1.345618 -0.007183
1.775473 0.765810 1.081993
12.938983 3.470957 -8.496709
6.494771 -0.734204 2.471006
9.597253 3.394979 -7.677286
5.296272 -0.790540 1.433060
5.182342 -0.988518 3.392223
4.950682 -0.774293 0.511169
7.260627 0.047330 -4.842428
9.418601 1.598925 -6.614643
3.972384 0.538944 1.252523
6.307473 -0.476791 0.356137
10.487016 3.568515 -8.533910
6.812197 0.274300 0.127181
3.134449 1.556191 0.160122
9.620189 3.436273 -8.062093
8.393762 0.600635 -6.104198
5.378450 -0.814790 0.015497
4.847852 -0.936365 2.043937
5.920732 -0.667275 2.219928
12.559072 1.115307 -9.026090
5.662282 -0.637099 0.835406
9.937441 3.582648 -9.523128
4.764308 0.074198 2.214979
9.604799 3.419535 -8.052178
6.397338 0.159248 1.491086
9.601091 3.472553 -8.020936
10.180037 3.268163 -7.225171
3.189014 1.628559 -0.027920
10.013834 0.912701 -9.403563
3.915398 1.387575 0.201216
3.946692 0.541967 1.414814
10.615916 3.305620 -6.963163
5.354127 -0.979523 3.013299
11.474520 0.879317 -9.066672
5.836161 -0.774842 -0.028443
7.020984 0.261965 -5.976790
-0.251276 1.029852 2.244209
10.377501 3.520869 -8.469929
-0.957750 -2.009667 2.978307
8.153945 0.785137 -8.918880
0.758337 -2.044292 4.366546
10.731058 0.613176 -8.270801
9.366502 1.931865 -6.602076
1.745504 1.971375 -2.208949
9.653365 3.582181 -8.805735
2.209486 1.972945 -2.091866
8.049192 3.174782 -7.102590
-1.214747 1.084260 1.965384
-1.237650 1.117559 1.832863
2.625536 1.852236 -1.459321
10.803359 0.624767 -8.055352
4.531286 2.157248 -2.652898
8.808087 3.102882 -6.697926
0.031064 1.064179 2.159300
-0.255514 1.045911 2.273587
4.580976 2.183234 -2.664659
4.567068 -0.388125 -3.860173
9.989467 0.127403 -8.655438
10.009036 1.122297 -10.061604
10.833211 0.647445 -8.049519
-0.340347 1.077622 2.063601
7.899008 3.269290 -7.559786
-1.160534 1.122552 1.838083
4.741865 -0.363482 -3.601188
0.079963 1.083603 2.178833
9.791100 0.823835 -9.529963
4.664718 -0.355614 -3.824517
-0.730286 0.190581 3.925693
3.396317 2.331255 -3.610482
0.467869 -0.160964 5.007655
4.251883 2.244454 -3.012316
5.585171 0.590391 -2.277733
6.277904 0.083787 -6.027123
11.725806 3.354109 -7.807973
4.702812 -0.397383 -3.647447
10.524844 1.094183 -10.591098
-0.201357 0.154214 3.512788
8.919413 3.232696 -7.327233
-0.696645 0.166070 3.733489
4.862247 -0.434491 -3.463505
11.283998 0.731154 -8.252140
0.588289 0.561359 4.356897
-1.465165 0.970869 2.495432
8.030673 1.090860 -7.982820
8.047630 3.403947 -8.344520
7.918352 3.287316 -7.580204
10.231814 3.718848 -9.689616
5.955959 -0.258036 -6.242598
-0.796045 1.033397 2.186740
9.832308 3.689498 -9.421025
8.569925 2.523950 -8.451565
8.941114 3.123329 -6.711109
8.652767 0.869802 -9.125531
8.924525 3.108967 -6.698128
9.497903 0.435048 -7.567136
9.591602 0.434638 -7.588521
2.198910 2.147629 -2.864477
-1.522933 0.932340 2.786634
0.111067 0.107641 3.199173
3.421094 1.831164 -1.327383
1.772702 1.989854 -2.122669
9.978760 1.124658 -9.998477
-1.236926 0.923496 2.770476
9.787434 2.379690 -7.199743
4.148582 -0.732666 -1.848675
8.922584 3.108124 -6.701842
2.192139 2.138911 -2.853981
9.308233 3.018178 -6.311853
10.953685 1.060959 -8.461767
2.498847 1.912383 -1.724255
7.092309 0.173570 -5.197204
-0.003484 0.914071 3.075484
-1.753897 0.952099 2.502629
7.628945 1.368600 -5.256241
2.844898 1.784757 -0.957349
9.326612 0.952762 -9.560284
5.929509 2.614007 -6.465692
9.407252 0.413637 -7.476566
7.736351 0.495583 -5.455881
9.264105 3.273644 -8.837160
3.251007 1.916528 -1.529938
6.489235 2.347612 -4.262725
-1.219707 0.939341 2.703939
9.512557 0.427004 -6.979152
1.987163 1.897570 -1.534134
11.078038 3.396343 -7.822365
9.725384 0.445357 -7.500609
-0.426972 -1.979434 3.115515
2.769093 1.744643 -0.832584
3.994272 -0.303364 -4.593125
3.194372 2.463892 -4.279539
4.977819 0.678566 -3.239491
0.007555 0.929918 3.113238
5.135461 -0.143799 -4.237147
8.931375 3.116738 -6.709939
-0.092027 -1.953398 3.082211
4.046888 2.525471 -4.543098
-1.728146 0.937448 2.468860
10.041051 0.929840 -9.396832
5.071834 0.722392 -3.317522
-0.296621 1.018550 2.353588
9.804521 3.632551 -9.212154
11.996631 1.555289 -9.142883
1.989969 1.948182 -1.812368
5.741847 1.688056 -3.738179
11.080774 3.390313 -7.818880
2.870020 1.898204 -1.509586
5.107636 2.271671 -2.793116
10.517052 3.498166 -8.397894
11.961594 1.115949 -9.156378
4.425776 2.228135 -2.866279
2.706795 -0.239166 -3.327931
10.685006 0.739467 -8.654100
0.882374 -0.143625 5.006312
13.327942 1.380691 -10.070711
-0.643279 0.222071 3.907969
10.295976 2.107618 -7.059923
0.358757 0.171705 3.327620
4.968726 1.218759 -2.924885
0.274746 0.524515 3.629491
0.827923 0.759604 3.821850
9.990433 0.776843 -9.537217
10.333346 0.641859 -9.333272
-0.218949 -0.064659 4.347336
-0.635896 0.230341 3.974997
3.975890 -0.054429 -4.518391
-0.704486 -1.755069 3.321696
3.810459 2.189249 -2.725480
4.807718 2.172956 -2.549449
4.884806 2.645026 -8.254136
4.959939 2.095928 -2.813539
3.647589 -0.679191 -2.876799
10.225074 3.603254 -8.855803
3.297040 0.990513 -5.358242
11.642776 1.362797 -9.151289
-0.279733 0.061238 3.443833
9.672001 0.519953 -7.697375
4.119358 -0.566795 -3.315027
4.295050 2.533734 -4.556451
3.330343 2.450850 -4.692827
4.291522 -0.529036 -3.480843
3.808956 2.187115 -2.728073
-0.506386 -0.021464 4.156141
10.284503 0.387485 -8.218803
11.331848 1.420964 -9.336051
1.596138 1.976891 -1.984123
-0.348584 1.043547 2.302445
4.879134 2.654260 -8.252355
3.850322 2.138096 -2.512235
11.323469 0.660447 -8.272231
-0.743939 0.971302 2.526029
9.848135 3.698674 -9.440345
9.362338 1.502329 -6.665220
-0.980743 0.996508 2.569710
-0.541849 1.078840 2.257898
8.304293 0.755936 -7.444345
2.119241 1.993720 -2.131325
3.813976 2.163438 -2.670929
12.989138 2.478100 -8.710939
4.798190 2.069909 -2.830604
2.100123 1.944124 -1.894991
6.187281 0.016309 -6.072918
12.571392 1.101240 -9.107182
12.554191 2.020013 -8.590473
9.674543 2.859827 -6.590960
4.041411 -0.525778 -3.213810
11.361319 1.184864 -9.071396
5.928077 0.023932 -5.715542
2.214431 1.984916 -2.099220
9.442216 3.061682 -6.376216
0.511137 0.966876 2.889972
0.562975 0.957797 2.973280
-1.140204 1.135069 1.853501
-0.435243 0.959080 2.924860
1.889124 1.932058 -1.764427
-1.511862 0.985428 2.392326
-1.066141 1.081093 2.070174
1.658978 1.968772 -1.987401
10.340373 0.749183 -8.427595
-0.766240 0.998073 2.589460
5.247395 -0.232877 -3.656864
5.168902 -0.276020 -3.609540
5.671919 2.242152 -3.567420
-1.363993 0.945390 2.584120
-0.900902 1.000672 2.482585
11.337644 2.552391 -7.755722
11.362124 1.427450 -9.313139
-0.386572 0.230030 3.799374
3.999323 2.281887 -3.270380
8.913116 3.148521 -7.279396
9.699461 3.666047 -9.380365
-0.657258 0.635016 3.753711
-0.372775 0.229028 3.714032
-0.766265 0.647412 3.830206
12.188266 1.137591 -8.848455
-0.650504 0.881552 3.165354
3.757162 2.342606 -3.509377
3.807360 0.021993 -5.362767
3.439959 -1.377255 1.213289
4.114380 -0.602685 -2.765018
0.311660 0.388225 3.683788
3.003771 2.376292 -3.820797
-0.180802 0.139960 3.410416
10.225255 3.337988 -7.998013
0.086565 -0.137341 4.742923
0.545540 -0.202124 4.971699
-1.468697 0.809110 3.239870
10.956217 0.644697 -8.133062
-0.879388 0.751644 3.577839
3.919925 2.204369 -2.857505
9.628993 3.052735 -9.544724
0.955067 0.810210 3.730999
9.099347 0.818313 -8.271629
5.330600 -0.261941 -3.810941
1.695772 2.003795 -2.167021
5.284330 2.589385 -4.618301
0.102463 -0.127522 4.581099
4.811937 -0.406672 -3.934046
3.143671 2.271251 -3.275445
9.451972 0.320374 -8.211663
10.017702 0.754170 -9.653837
3.307537 2.463701 -4.713653
8.326934 3.311924 -7.965038
3.484519 2.172031 -2.714302
3.816250 2.162161 -2.672992
2.379840 1.836794 -1.296761
9.309566 3.122856 -6.669225
6.759716 2.575408 -4.836707
5.768864 -0.352770 -4.097957
13.160419 1.920727 -10.970450
-1.383717 0.960251 2.623074
-0.290488 0.392078 3.458962
11.800064 3.230032 -7.876315
-0.427585 1.015955 2.488354
11.805265 0.631968 -9.924477
4.958189 2.622727 -4.799636
9.405148 2.288154 -9.500684
13.882489 1.743382 -10.086985
0.898873 0.916294 3.211753
-1.496505 0.938837 2.778604
-1.347525 0.909990 2.748638
7.249578 0.183531 -7.009166
5.157995 0.348925 -2.920956
9.483422 0.951803 -9.456639
3.818720 2.164613 -2.672821
0.489118 -0.154071 4.979994
-1.120322 1.081553 2.043531
9.763497 0.713206 -7.118969
9.893668 0.321647 -9.502493
5.449857 0.266216 -2.512079
-0.149722 0.979207 2.665152
-0.066229 0.888263 2.714453
3.299140 2.201408 -2.887128
-1.198828 0.966562 2.260390
11.259051 3.287863 -7.519388
3.750310 1.392191 -5.879148
3.336104 2.443933 -4.689888
-0.357687 1.067408 2.348319
3.010833 1.812163 -1.044152
5.733545 2.598885 -4.576370
6.808181 0.485304 -7.476299
3.317090 2.176567 -2.789507
8.003408 0.239905 -6.837270
9.951653 3.580344 -8.731935
-0.959434 1.135188 1.782615
4.542607 2.481146 -4.712943
5.732579 2.599758 -4.577418
9.725766 0.361008 -7.258560
9.748553 1.182593 -6.947277
1.879294 1.990708 -2.085696
13.733748 1.745339 -10.272504
3.517571 2.204879 -2.877992
-0.008018 -1.902902 3.977422
4.083018 2.373533 -3.738504
13.167610 1.039316 -9.314774
3.850813 2.671783 -2.388625
2.295400 1.801231 -1.171958
6.139133 0.113435 -5.886151
-0.973816 1.078500 2.157520
3.819525 2.164723 -2.671372
11.351257 0.717312 -8.404309
11.633753 0.772145 -8.414829
3.528277 2.554060 -4.864314
9.987972 3.641096 -8.948889
9.531278 1.980661 -6.686210
0.003699 0.896368 3.010229
5.407514 2.343156 -3.571765
9.528623 3.334714 -8.782592
7.996080 3.380774 -8.110315
10.591451 0.576637 -8.836165
0.802536 0.111340 4.130178
9.568199 1.247287 -6.886975
9.920874 3.369138 -7.666821
0.320984 0.401727 3.805970
0.822871 0.569350 4.283850
4.705839 0.184984 1.805637
8.924250 3.118811 -6.694681
3.833905 1.834916 -5.155943
7.005912 -0.794047 2.694238
3.742649 2.322680 -3.492336
1.853931 0.664132 1.203573
-0.715251 0.840499 3.392350
10.290902 3.242462 -6.754599
8.832767 0.509828 -5.532584
11.317551 0.677560 -8.350669
2.765943 2.095594 -2.474545
-1.052004 0.863217 3.311083
7.901472 3.256813 -7.540738
-0.486447 -0.131007 4.307986
8.573160 0.946730 -9.232085
4.589573 -0.253622 -4.140337
-0.738857 0.029665 3.863193
-0.722605 -1.802765 3.408574
4.545141 -0.284747 -4.053953
5.707483 2.655290 -4.850070
4.284461 2.548862 -4.586955
12.508269 1.530543 -8.561752
0.075692 -0.081453 4.527620
2.204465 2.100286 -2.544523
-0.147442 0.261566 3.572799
11.288798 2.524463 -7.757014
-1.512862 0.937262 2.783472
-1.306585 0.867498 3.325159
0.626360 0.991710 2.741628
-0.132468 0.964360 2.601681
9.760386 2.364709 -9.738308
4.261681 2.415519 -4.420339
8.888055 0.362047 -8.561108
0.711886 0.916911 3.243733
9.295351 3.113446 -6.665618
3.602028 2.323825 -3.503511
11.464549 1.227615 -8.049553
10.498884 0.565295 -9.545119
2.561656 1.794564 -1.068527
2.991210 2.388874 -4.398667
-0.510443 -0.017761 4.264527
-0.987891 0.924799 3.037361
-0.853348 0.992633 2.494620
-0.744747 0.977802 2.535856
4.099545 2.103156 -2.374105
8.882751 0.972947 -7.412426
4.852136 -0.759953 0.505512
-0.999661 1.061916 1.961573
-0.947357 1.049069 2.094980
-0.935473 -0.095974 4.006315
9.644537 0.740540 -7.522613
0.437695 1.103019 2.324121
4.173311 0.989357 -1.579034
4.255424 2.175645 -2.684980
11.568906 3.004904 -9.183981
4.799008 -0.194143 -3.568961
11.209038 0.805866 -8.036269
4.243732 2.165071 -2.681665
9.715660 0.882348 -9.828119
3.383676 1.599668 -4.934517
9.774080 1.037949 -6.988133
8.695063 3.251637 -7.316216
3.079378 2.234875 -3.174819
7.746416 3.369673 -8.155403
9.742336 0.866485 -7.014452
-0.967536 1.068606 2.137810
9.980945 3.622207 -8.963412
4.796278 -0.190026 -3.569649
4.951915 1.113791 -2.934519
4.480592 2.127537 -2.452270
11.487535 1.715179 -7.967842
0.034294 0.697734 3.120740
4.799679 -0.196017 -3.569191
-0.575589 0.942936 2.776981
2.647430 2.003264 -2.020349
0.596667 0.867157 3.367695
5.246722 -0.099090 -3.661377
6.583704 0.218189 -5.690197
0.766531 0.960232 3.134682
-0.963560 1.062987 2.128503
5.139791 2.730224 -5.428919
7.521899 3.242802 -7.928717
-1.241507 0.918910 2.622420
9.419078 1.591163 -6.620677
4.866788 -1.067567 0.338186
0.612978 0.886715 3.426436
4.201683 2.101960 -2.378938
3.393568 2.184680 -2.802554
-0.954634 0.915832 3.089171
9.854925 0.819343 -9.888125
3.705902 1.633042 -5.564120
10.526814 3.521139 -8.419993
0.359510 -1.914866 3.265697
-0.335297 1.103240 1.960518
-1.636560 0.928795 2.519235
9.748711 3.369812 -7.822968
4.786121 -0.185460 -3.571503
3.773988 2.170069 -2.676489
-0.977808 0.913033 2.998731
9.315116 3.119550 -6.667831
2.564246 1.800800 -1.073096
9.789333 0.638189 -7.399594
11.348677 1.187318 -7.900293
6.157664 -0.698643 1.478888
-0.988690 0.991307 2.522352
9.331668 2.616077 -9.339737
3.069946 1.244422 1.670113
-1.044643 1.014324 2.395324
9.594459 1.969025 -6.709803
10.045382 0.930300 -9.465420
12.802415 3.432380 -8.443043
3.109298 0.766577 1.681244
11.518862 1.293308 -10.366728
3.104038 0.772380 1.681826
4.496279 2.570136 -4.646079
4.941926 0.028610 3.748419
3.910177 2.201121 -2.847157
5.026256 -0.282082 3.808959
4.534118 2.336348 -2.755557
4.198873 -1.894122 0.957714
0.371855 1.062239 2.363615
3.620603 0.777380 0.077640
12.141440 1.632538 -8.339713
2.989288 2.342885 -4.373311
13.407900 3.737601 -9.255926
4.558511 0.574820 -8.190775
9.539096 1.979366 -6.686348
-0.305188 1.039104 2.397477
5.449971 2.093752 -3.446624
-0.320978 -0.101324 3.894017
4.181659 -0.219099 -4.830201
3.519525 1.229754 0.144706
4.020014 -0.409565 -1.707397
4.280447 2.191228 -2.695077
0.512927 0.967983 2.896286
3.844227 2.098340 -2.324772
3.954927 -0.519720 -1.851931
4.954901 1.467561 -2.881947
5.596964 2.358326 -3.489044
14.004219 1.626794 -9.324033
-1.866064 0.827242 3.179947
5.887640 0.224060 -5.816165
9.598879 1.179577 -6.892946
3.034729 1.528639 -4.611066
10.580574 1.882556 -7.165331
5.490961 -0.108032 -2.445176
3.608887 0.780827 0.068414
3.897050 2.553121 -5.069542
-1.100191 0.923068 2.876472
-0.751798 0.980231 2.544276
10.341788 0.677322 -8.083520
8.147513 0.636752 -8.630472
2.983208 -0.223459 -4.062956
9.503536 0.360932 -7.485560
12.126432 1.690298 -8.374088
-0.222447 1.087759 2.038936
5.433470 -0.230117 -4.768498
11.034472 3.470444 -8.010479
9.445469 2.841728 -6.427427
5.466756 -0.862646 1.759261
8.751583 2.570097 -8.546138
-1.269913 0.940827 2.677124
10.456025 3.480443 -7.886717
5.794294 2.341342 -3.577959
-0.886418 0.846886 3.333804
4.531357 2.474540 -4.707234
11.715732 0.879328 -8.836344
3.725993 0.957725 0.105933
5.815274 0.192870 2.387750
13.778427 1.402576 -9.261753
-0.225027 1.086858 2.036556
5.437464 -0.230417 -4.770842
-0.883162 1.097724 1.944081
3.146643 1.659771 -4.553931
3.186011 -1.366454 1.309348
12.095482 1.899718 -8.353772
3.018216 1.367164 1.163877
9.607799 0.335590 -7.545568
-1.098531 1.068972 1.992959
3.569953 0.769431 0.068460
11.276640 3.271310 -7.587965
2.344474 2.066317 -2.531323
5.885110 0.224513 -5.812439
5.111210 0.336977 -2.880858
3.002772 0.669203 1.779318
3.676730 0.165570 -5.768096
10.148877 3.247583 -6.865585
3.707492 2.111515 -2.451196
3.195918 1.509711 0.233364
3.712891 2.110903 -2.454675
0.375480 0.923170 2.749300
4.070138 2.135209 -2.495988
5.998141 0.210801 -5.693661
11.084327 3.413381 -7.814638
5.295887 2.548791 -4.410415
-0.626794 1.165030 2.454314
11.342558 1.132618 -8.746881
3.631733 2.208820 -2.867742
13.019830 2.755455 -10.969325
2.983431 1.792743 -0.904905
5.529183 2.563753 -4.454903
-0.439902 1.068397 2.210366
1.738070 0.653470 1.128437
3.904552 0.827443 0.495600
-1.129389 1.087887 2.033027
3.614923 2.133903 -2.513884
2.654590 2.006427 -2.022088
9.608384 0.457024 -9.595739
1.799000 1.936015 -1.782990
5.491212 2.420834 -3.740664
9.734685 0.524699 -7.738315
4.545409 -1.056077 0.177588
11.955359 1.364110 -9.213687
4.395080 2.211162 -2.849503
4.338176 -1.476002 0.992145
1.999404 1.967735 -1.940383
5.402174 2.583139 -4.544266
-0.808376 1.043826 2.215519
-1.161423 1.097648 2.034858
2.709565 1.900576 -1.509816
0.193056 0.898273 2.399216
11.236020 3.479373 -8.308095
-0.179716 0.899223 2.446981
5.687732 -0.457330 1.124048
-1.202027 0.881401 2.542457
4.162479 0.457031 1.593318
12.494958 3.369525 -8.281797
12.088076 1.191953 -8.519691
-0.607489 0.970485 2.766337
-1.613974 0.897391 2.497936
4.155557 1.177891 -4.938917
12.344720 1.584552 -8.502733
5.994531 2.273638 -3.762853
3.631500 2.207730 -2.868276
10.877438 1.046899 -8.480042
0.037325 0.757475 3.363224
6.015378 0.249837 -5.832232
4.112466 2.140286 -2.490685
3.164576 -1.330292 1.221566
9.829751 0.490091 -7.717419
12.907215 2.495874 -8.684129
2.868699 0.732609 1.681380
2.510108 1.823590 -1.222929
6.907175 -0.069394 -5.038121
3.287641 2.174555 -2.873026
3.887796 0.547780 0.014974
7.642941 1.111788 -5.303199
1.579171 1.968574 -1.974905
-1.098480 1.099499 1.941803
7.902565 0.720761 -8.613088
10.433259 3.125515 -6.995535
4.499520 2.314762 -2.723466
9.733305 3.671038 -9.400877
9.688674 3.417140 -8.042070
10.745055 1.165271 -7.671945
11.228366 1.152460 -8.685538
11.023661 3.466973 -7.994532
10.831114 3.667137 -9.267420
6.014288 0.226831 -5.922618
3.620125 0.773498 0.084922
13.013602 2.739456 -10.966221
4.133438 1.105116 1.171743
2.866145 2.028102 -2.083943
5.521151 2.554754 -4.450281
-0.789415 1.039089 2.198398
13.079545 1.488062 -9.261448
2.729121 2.275043 -3.377406
-0.692625 1.045121 2.004237
9.850257 3.115393 -6.553555
5.482018 2.407935 -3.738837
11.621911 3.301266 -7.736688
3.631898 2.209150 -2.867933
3.226337 -1.347390 1.243172
0.232590 -2.004557 3.105707
1.985539 1.940791 -1.809111
5.284264 2.581038 -4.592716
3.498703 0.848661 0.087994
4.086381 1.026661 -5.001648
12.779188 2.772051 -8.566105
3.344352 1.826623 -1.323129
10.804471 1.451610 -9.211815
9.186290 3.313395 -7.263371
3.755898 2.254648 -3.125133
7.630124 1.877770 -4.917685
-1.451245 0.949647 2.356885
-1.204906 0.955449 2.384086
2.127030 2.059371 -2.403999
2.644907 1.753015 -0.846859
10.690086 0.573232 -7.815856
4.778378 -0.084878 -3.986734
11.640924 3.308657 -7.733891
9.681359 1.747563 -6.814282
7.232136 -0.253222 -5.362000
6.181805 -0.222002 -4.575506
10.449441 3.122186 -7.020652
3.539448 0.755453 0.409615
2.207975 1.836599 -1.297052
-0.511904 1.055290 2.016263
9.841407 3.691365 -9.429569
0.265147 1.033838 2.738686
8.166560 3.355107 -8.117303
4.087139 1.027779 -5.007302
0.033361 1.043222 2.122796
11.273589 1.316922 -10.126337
3.544737 0.861606 0.088976
3.125248 -1.336469 1.272969
3.111000 2.343101 -3.617676
2.808827 1.958037 -1.920860
3.920467 0.559777 0.012337
10.256858 3.262975 -7.179612
5.196306 2.581403 -4.559507
9.179800 0.964091 -9.485953
9.418468 3.033201 -6.388355
4.998671 -0.378051 -4.112844
11.104626 1.436536 -9.619961
4.955558 -1.135880 0.306812
4.559602 2.545263 -4.678373
6.476311 0.145518 0.864518
-0.246938 0.800023 3.447154
12.612339 0.796262 -8.968552
-1.229538 0.796747 3.524178
3.184310 1.505146 0.223503
2.346285 1.975434 -2.096192
9.686367 0.369241 -7.240349
-1.014268 1.000527 2.289030
5.299300 -0.281513 -5.204150
5.187549 2.553911 -4.459578
10.410409 1.019781 -7.689763
2.831492 2.218486 -3.061047
2.080814 1.886544 -1.559843
1.762037 0.661117 1.148080
6.094368 -0.099611 -5.319631
-0.814646 1.051117 2.232775
2.504582 1.406840 0.844916
2.054900 1.872966 -1.486981
5.976159 0.192001 -5.856196
7.049905 2.682233 -7.622592
10.057395 2.060166 -6.981884
9.629643 2.563952 -9.641191
3.722743 0.958316 0.113913
10.119586 3.294967 -7.324366
3.917894 2.239633 -3.001945
4.221278 0.954439 1.667519
5.666040 -0.619742 0.829142
11.767724 1.441806 -8.242266
9.433831 3.050737 -6.381414
-0.244590 -0.058717 4.483353
11.272152 3.282825 -7.520179
10.389812 2.248024 -6.970907
8.977077 3.084960 -6.493795
-0.897366 0.851411 3.358436
3.780438 -1.398574 1.874411
9.205487 1.371701 -9.143804
0.890631 -0.148294 5.067061
8.750139 3.420411 -7.814105
10.948550 0.693574 -9.886465
0.790888 0.111282 4.099070
3.944549 -0.518456 -1.850315
2.968704 1.385547 1.183507
3.939049 -0.159155 -4.396708
2.628555 1.736384 -0.843099
9.291204 2.084508 -6.458756
-0.735329 -1.825161 3.459866
5.391282 -0.703633 1.681287
2.763099 1.946768 -1.765955
10.716323 1.199175 -8.887625
6.288243 0.185473 -5.967509
-0.523773 -2.131207 3.296682
3.452788 2.036416 -2.180872
4.736512 2.588155 -4.657107
-0.791540 1.024991 2.176283
3.683901 2.257206 -3.091242
9.888888 2.111846 -8.331520
5.989284 0.246978 -5.778354
2.416307 1.844221 -1.460475
11.693126 3.464117 -9.997453
9.255717 2.950002 -6.224525
3.638422 2.210034 -2.917592
3.716594 2.303931 -3.325472
-0.331220 0.842179 2.835637
12.434863 1.563386 -8.529760
5.941935 -0.606847 0.418238
5.166159 -0.677802 1.639957
3.573212 2.313039 -3.525041
5.663406 2.660229 -4.847226
4.872711 -1.001245 0.598118
5.620332 -0.162372 -6.086573
11.682935 0.679723 -9.836350
2.214881 1.861446 -1.295660
5.266167 -0.303250 4.021080
5.388845 -0.687706 1.482418
8.961869 2.900038 -7.781347
2.539095 1.288569 1.586618
10.005038 3.607668 -8.918310
5.356383 0.520785 1.039890
6.470218 -0.761266 3.267722
5.785860 0.396058 1.054297
-0.323719 1.052008 2.344795
2.117478 2.047019 -2.392267
12.675689 1.645985 -10.425101
2.073607 1.928968 -1.763635
2.284973 2.301959 -3.610889
3.927822 -1.395018 1.789050
6.152744 -0.985894 1.406602
3.475468 1.690595 -1.079686
13.087444 1.177642 -8.882453
1.875853 1.984578 -2.080480
5.917155 0.213789 -5.846773
5.572357 -0.027409 -2.935726
3.052480 2.362055 -3.731483
-0.725129 1.038476 2.240395
9.884968 0.761602 -8.831847
5.412358 -1.077503 2.070305
3.508485 1.337650 1.110157
3.823968 2.121121 -2.525182
4.793939 2.001630 -8.384663
9.706214 3.518070 -9.078350
5.764962 2.629960 -4.753944
3.947282 2.071183 -2.163925
6.412642 0.215468 -5.732543
1.697773 2.010895 -2.173303
5.929530 0.265811 -5.779078
2.922285 2.249858 -3.264212
5.353578 -0.786918 1.449698
12.222598 2.590571 -8.138050
-1.013675 0.933596 2.866116
9.927032 3.579478 -9.508689
4.683402 -1.287532 2.014954
13.013362 1.455679 -8.525800
5.720133 -0.232731 -4.720256
4.009290 2.291560 -3.274367
5.621625 -0.459688 0.860921
11.094920 3.320915 -7.444628
5.035274 2.640010 -3.043632
10.803073 1.075768 -7.338486
2.497171 1.544403 -4.008084
3.032636 2.369202 -3.797243
3.804760 1.206918 1.661945
5.417359 2.487227 -4.121319
4.100595 2.107758 -2.369175
5.837593 -0.156309 -5.752359
2.756669 1.510978 0.612317
7.075558 0.475828 -7.795402
0.017436 1.020572 2.497022
11.275693 2.345650 -7.586938
5.201209 0.401473 -2.714258
4.087736 1.026323 -5.009902
5.386162 -0.706158 1.702847
5.995954 0.757632 3.633067
5.529217 -0.260810 -4.842582
5.321391 -0.673185 1.467687
-0.605328 0.987470 2.615444
10.893524 3.531544 -8.358929
3.643057 2.215927 -2.927423
3.730023 2.130059 -2.464113
4.341882 1.143859 1.928673
2.389185 0.550771 1.476642
5.406852 -0.273127 -5.634183
4.813357 -1.371278 0.525215
3.425599 1.502468 -4.770544
1.764646 1.950961 -2.013626
5.698596 2.665808 -4.854174
13.893599 1.498513 -9.701631
5.623485 0.390327 1.031278
5.969965 0.255835 -5.771117
11.286515 0.765259 -9.942630
12.744818 1.299337 -10.493478
5.836098 -0.626899 3.973372
12.753360 0.965098 -9.618685
7.619072 0.679513 -7.879428
3.729643 2.142143 -2.604592
9.555828 1.980770 -6.670211
5.008384 -0.957623 2.114113
6.966976 3.201864 -7.590043
2.581926 1.805253 -1.066476
3.958678 -1.414793 1.809575
7.349895 2.783777 -5.564905
4.327527 2.395690 -3.623241
3.629441 2.200547 -2.915218
5.207106 -1.565138 0.716346
5.148602 2.536572 -4.411581
9.085299 0.983364 -9.249476
4.109228 2.113560 -2.377166
2.465604 1.897523 -1.490420
11.249183 2.425145 -7.652712
-1.294433 1.011929 2.377281
3.970591 0.553070 1.346888
11.999234 0.519608 -8.725579
9.614455 1.568003 -6.798587
10.226649 3.199244 -6.875033
4.843328 -1.322452 2.084694
3.508060 2.193749 -2.872453
9.464189 3.182625 -6.676776
6.215921 -1.001199 1.437131
9.729561 2.903029 -6.596672
5.287526 0.502660 1.032411
4.370288 -1.531408 3.378999
9.672050 2.868684 -6.584394
2.055557 1.873855 -1.486454
5.207287 0.302434 1.738539
4.649863 -0.469849 -3.631144
4.963393 0.828173 -3.210284
3.236138 0.446367 1.884584
4.949880 -1.088498 0.343745
14.055160 1.776670 -9.850397
10.185030 0.667017 -7.574819
-0.788540 -1.945005 3.575842
4.010180 2.388824 -3.832379
3.188163 -1.658448 1.443718
10.222084 3.551297 -8.492555
3.846167 -0.626502 -3.088801
-0.747740 -1.864736 3.415482
5.534269 -0.989115 1.755029
-1.076884 -2.020562 3.047898
4.051920 1.388438 0.407494
12.020056 1.274229 -8.950257
-0.070495 -0.043104 4.507108
4.993998 -0.471402 -3.909621
-0.065871 -0.043215 4.236781
13.030559 0.945099 -9.607037
2.751603 1.300901 1.387916
0.382908 0.221960 4.058952
9.739857 0.500419 -7.666551
2.837157 1.421370 1.041875
3.873943 2.563475 -4.582885
-1.268073 0.844141 3.235600
4.987920 -0.164652 -3.687295
4.751497 2.487483 -4.197812
2.724126 1.832360 -1.276583
9.899001 1.117907 -7.013561
4.767854 2.359578 -3.581886
9.238906 2.038929 -6.414950
0.062708 0.116039 3.144899
3.981992 2.122850 -2.329985
-0.315711 0.831717 3.549783
4.049942 0.962512 -1.665602
-0.318094 -0.106261 3.884911
11.387574 0.738563 -10.087142
0.322101 0.082471 3.126035
1.588403 0.584676 1.052102
4.602306 2.346669 -3.619520
11.417686 3.129139 -9.327557
5.227060 2.460628 -4.202986
2.948937 2.373498 -4.362071
0.803294 0.111931 4.110962
8.695330 0.857230 -9.157408
7.345867 0.500947 -5.181763
4.062508 1.387100 0.413763
5.057761 -0.532849 -3.563939
1.776574 1.977103 -2.035662
4.194696 0.207525 1.451329
3.686516 2.502781 -4.425448
6.015612 0.321143 -5.897162
10.466599 0.593864 -7.673344
0.632338 -2.174457 3.431459
5.599969 -1.303264 4.205535
4.847140 2.309032 -3.301602
3.327114 1.884359 -1.408819
-0.736235 -1.851802 3.390983
3.616477 0.778956 0.418223
3.836979 2.584394 -5.017756
2.948957 -0.454968 -4.358379
11.193544 1.356575 -7.674300
-0.265406 0.819182 3.470228
0.676445 -1.889183 3.375194
9.470358 3.010388 -6.458446
0.270732 -2.081069 4.060659
4.404933 -1.546079 3.408037
12.619632 1.550849 -8.695577
3.318219 1.582737 0.241893
11.628417 1.632026 -8.118671
0.700299 -1.947348 3.482316
7.764376 2.973205 -7.769283
12.162855 1.139587 -8.861695
3.080513 2.235326 -3.177301
3.785034 1.789364 -6.192910
4.989262 -0.853302 2.123485
12.553388 3.326787 -8.369564
4.468617 2.121789 -2.452599
3.977501 0.659264 0.866057
0.048306 0.710753 3.222231
3.825837 1.216516 1.674928
10.787402 3.203969 -7.208434
3.929961 0.754652 1.068769
-1.451545 0.962218 2.468194
5.374392 1.181703 -2.137122
6.030388 3.078231 -6.918572
3.457213 -0.695390 -2.690005
6.438072 0.357477 1.809013
8.334867 3.349138 -8.009581
12.792742 2.129231 -10.322158
4.482120 1.017274 2.358490
9.194293 1.014538 -9.592310
3.693147 1.252633 1.595803
0.040354 0.697598 3.159224
3.857771 2.143253 -2.515168
4.062721 -1.436716 1.848832
6.625266 -0.143829 -4.801476
2.589682 2.059911 -2.412592
5.699158 -1.009036 2.909905
0.039863 0.708949 3.178501
3.710517 2.597572 -4.919253
5.529890 -0.450262 1.085856
7.705856 3.369791 -8.128565
4.179288 0.461999 1.939445
11.070931 1.145263 -9.333411
10.776911 1.159413 -9.077950
4.468825 -1.568470 0.461097
9.563142 2.403618 -5.849948
4.365283 0.891171 1.836298
4.446332 -1.565260 0.446918
9.453463 1.527943 -6.678548
2.751359 0.335663 2.385896
-0.732531 0.956132 2.919795
12.187222 2.235709 -8.152555
3.420359 1.577568 -5.490784
-0.593954 0.969178 2.846258
3.851259 0.579130 1.006472
-1.283064 1.003506 2.361167
5.494855 -0.645886 0.891855
0.583331 0.850337 3.311588
6.896669 -0.786176 2.673542
3.838593 2.182613 -2.679899
8.753381 1.869656 -7.087788
3.914078 1.017574 1.107819
5.632144 1.328106 -2.291986
9.554853 1.677937 -6.761139
1.790788 1.920009 -1.771197
9.531983 1.670170 -6.746667
5.369947 -0.705610 1.703825
12.102468 1.486777 -8.232766
-1.506205 0.883048 2.922874
1.804287 1.902000 -1.687948
0.091046 0.984683 2.585648
9.263500 2.040587 -6.395221
3.299077 2.188819 -2.880289
2.731347 2.283823 -3.383686
9.812963 0.718219 -7.956522
3.093448 2.247755 -3.186794
4.693610 -1.262942 2.002085
3.098925 -0.165482 -4.728885
-0.523896 1.049631 2.197749
8.994641 3.545024 -8.530653
4.918801 -0.540886 2.160602
9.405524 1.859173 -5.247988
2.994726 0.859336 1.834859
8.908518 3.369762 -7.977675
3.228223 2.361548 -3.823911
5.208004 -0.929068 1.659192
7.449919 0.538225 -5.281249
1.583875 1.975924 -1.979169
4.982608 2.628996 -4.860106
11.731554 1.637446 -10.052229
2.365491 1.767201 -1.026474
3.562505 -1.397770 1.251201
4.468999 2.318411 -3.419937
11.635835 1.559071 -8.037330
3.670529 -0.542945 -3.182048
4.204633 0.375524 1.894451
10.864786 2.600899 -7.933149
3.849318 0.405405 0.418469
-0.301647 1.029044 2.374269
9.827505 0.637764 -7.423340
8.581365 3.391065 -7.676863
4.920571 -1.015141 0.616716
5.670100 -0.306403 -4.948952
-0.966076 1.076162 2.102096
2.790315 0.777129 1.685795
6.419628 -0.048538 -5.205369
6.181313 -0.699289 1.471283
4.110784 0.933905 1.599180
4.906530 -0.148643 -3.634618
-1.703664 0.931869 2.747533
2.819735 -0.389239 -3.268907
-0.242284 -1.968622 3.022081
5.726602 -0.632325 0.844513
4.745389 -1.257922 1.919486
9.897108 3.534418 -9.464562
9.079784 0.974871 -6.704417
4.973000 -1.063729 2.078802
1.953926 1.875024 -1.491040
5.529057 2.561858 -4.452751
9.592515 2.976581 -6.533121
5.365501 -0.734590 4.051306
6.125949 -0.689489 1.444961
4.239804 2.350074 -3.627776
9.586250 1.173002 -6.891666
4.968780 -0.900261 0.913423
4.383867 0.895953 1.833088
0.506731 0.952451 2.853396
9.300536 1.770653 -6.485087
3.867099 2.227508 -2.961554
6.727964 -0.602786 2.266524
6.596025 0.510476 -7.633117
3.898132 0.580126 1.027846
4.075955 2.252614 -3.070680
4.206712 1.052382 1.330828
3.878624 0.404926 0.424415
7.315176 2.776842 -5.537014
3.824273 2.170765 -2.671936
5.289553 -0.681006 1.449711
6.537282 2.475526 -4.152016
3.504434 2.214023 -2.907588
9.553628 1.681276 -6.761591
-0.098692 0.922701 2.943897
0.004847 0.904840 3.035702
4.491839 2.137651 -2.459719
9.529988 1.980958 -6.682476
3.670938 0.594874 0.792324
0.301657 -2.049037 3.103467
5.299376 -1.032042 1.382712
5.530687 2.562825 -4.451164
4.220829 1.058709 1.333076
11.110171 3.431142 -8.137183
4.737541 2.614689 -4.928586
12.969436 1.725104 -9.535541
6.468419 0.349518 1.806459
0.116741 0.778326 3.719117
3.395914 2.110700 -2.466946
5.387193 2.371595 -3.699183
10.227725 1.016711 -7.924361
4.165435 0.382148 1.868740
2.702224 1.424706 0.905547
12.421310 1.208346 -10.267730
-0.868756 0.788510 3.540780
6.018299 0.231693 -5.753031
-0.391925 0.230185 3.823509
4.757431 -1.616887 1.084359
0.647394 0.641356 4.413360
3.880529 2.562348 -5.079797
0.390237 -2.010978 3.802577
4.215206 0.939314 1.677475
-0.131416 0.496540 3.543408
4.963345 -0.603705 2.359785
3.641118 2.069689 -2.230637
-0.139534 0.231710 3.291053
2.772327 -0.169365 -3.836689
7.660887 3.139909 -6.965819
-0.008697 -1.986922 4.154119
3.188928 1.117614 1.968702
0.274836 -1.826803 3.500364
0.642653 0.636822 4.384280
3.651690 2.069042 -2.220910
-0.875079 0.723081 3.350951
-0.301077 0.807524 3.456404
6.186024 -0.693943 1.451917
6.065366 0.222251 -5.759336
3.991944 0.551052 1.435550
2.982591 -0.549051 -3.424568
9.711963 3.398884 -8.140604
3.228948 1.498612 0.605905
9.545794 2.889557 -9.461668
3.690739 0.528345 -5.693024
2.970100 1.424056 0.722774
4.201186 0.466102 1.952731
8.884501 0.840108 -9.398263
-1.087302 0.845540 3.363960
1.799213 1.900964 -1.697532
5.941355 0.260537 -5.741758
10.209576 0.560983 -7.377058
5.221050 -1.118009 1.335882
2.459967 1.825111 -1.238736
9.627408 0.528284 -7.673060
11.262551 3.479566 -8.182558
3.981050 1.955776 -1.777991
9.912294 3.353213 -7.657768
-1.070342 0.833598 3.317493
0.125710 0.776511 3.703682
11.064882 3.464009 -8.121062
4.039498 2.559170 -4.631963
2.342332 -0.124916 -3.690554
0.643887 0.083186 4.334197
-0.961428 0.894334 2.949285
9.285131 3.232075 -6.858379
4.589736 -0.917110 2.021866
4.393288 0.072219 1.997843
8.782879 1.752632 -5.019503
4.962875 -0.124590 -3.697350
-0.227398 -1.893159 2.930919
4.121099 0.371787 1.847270
4.105007 0.689237 0.878796
4.115026 0.937403 2.077685
5.173989 -0.863047 0.966711
8.453353 0.495468 -5.321210
9.349311 3.468307 -8.261942
5.423745 0.584865 -2.282228
2.974701 1.362310 1.253763
4.244507 1.240297 1.525569
9.327284 3.292070 -7.144839
5.100869 -1.113426 1.390791
7.216128 2.861728 -7.851105
3.767172 0.770874 0.223152
3.199928 1.961790 -1.863776
4.818026 2.180426 -2.551932
4.591373 -1.614072 0.467942
8.790383 3.397010 -7.691525
4.857121 0.062758 2.258176
6.612769 0.331955 -6.355978
3.245981 2.386294 -3.851735
3.730798 2.448414 -5.026209
4.672031 -1.227552 1.894475
11.054255 1.112375 -7.824202
5.410838 -0.698749 1.489754
9.570726 3.424227 -7.711293
3.102851 0.520853 1.948308
2.996982 -0.588385 -3.555439
3.884065 0.649065 0.825111
4.802947 2.645098 -4.786866
3.028716 2.420737 -4.072047
5.483057 -0.689631 0.790718
2.967508 1.475911 -4.490695
5.284402 -0.667460 0.756515
7.596626 0.292792 -6.655081
5.513659 -0.450656 1.074539
4.093225 0.935317 1.585899
10.155526 1.244892 -7.905852
4.206773 0.594204 1.635592
5.062416 -0.920901 0.911665
4.212491 0.961856 2.117856
-1.363131 -1.955112 2.817302
-1.043391 1.031635 2.348269
5.173007 -0.234805 -3.612617
6.221577 0.146374 1.005222
2.877779 2.328846 -3.766223
2.899837 -1.547976 1.918400
-0.760534 0.943584 2.778421
4.041676 0.679121 0.856201
7.486460 2.598150 -4.944164
9.505229 1.546918 -6.755653
-0.235949 1.020713 2.494416
10.147171 0.593554 -7.827178
3.093563 -1.460489 1.184151
3.136933 1.281184 1.720120
5.384420 0.414250 -2.223064
5.214015 2.517992 -4.262445
3.353596 -0.631785 -4.559302
-0.646291 1.044780 2.256702
3.187425 0.720662 1.773750
5.924842 0.019658 -5.713462
4.728326 2.455551 -2.869926
3.739855 2.104111 -2.879098
3.656587 1.292849 1.377148
-0.741473 0.632400 3.737383
5.022700 -0.908714 0.911292
-1.015882 0.933095 2.870447
6.546386 2.558483 -7.084856
-0.380790 1.038691 2.452937
4.074084 1.275322 1.384711
4.768046 -0.996812 1.990283
-0.664775 1.073758 2.318777
5.343112 -0.398130 -5.847488
-1.670107 0.950983 2.571068
5.214310 -0.428062 1.007645
6.449564 2.631524 -4.701384
9.054878 0.648843 -8.557968
-0.258579 -1.913814 2.960947
3.964742 0.546394 1.342932
5.639302 -0.498245 0.858743
0.577304 0.963123 2.845547
5.402155 -0.441574 1.045251
4.163495 0.995617 -1.746037
6.126874 0.138363 -6.008701
9.491698 1.665760 -6.675812
-0.737935 -1.860855 3.407215
5.188807 -0.800763 1.502132
3.579160 1.420556 -5.999733
-1.257917 -1.955832 2.627822
9.841455 0.746687 -8.833760
4.216393 0.600356 1.642253
4.792625 -1.267814 1.944794
-0.912701 -2.026237 2.950611
5.260248 -0.576888 2.315782
-0.202704 0.981825 2.656214
3.927765 2.212162 -2.859344
3.132940 0.428848 1.817432
-0.410818 1.013189 2.450135
3.020684 -1.750992 2.381171
-0.278753 1.026214 2.407167
10.199877 3.221418 -6.721859
3.246608 1.143185 2.009735
7.826124 0.313046 -5.741830
10.391271 3.450156 -7.865789
11.949526 3.311087 -9.840612
2.693324 -0.391353 -3.869251
10.645973 0.579470 -7.790829
-0.474115 1.001695 2.435642
9.599239 3.391298 -7.768582
-0.646103 1.043234 2.256493
-0.420018 1.016760 2.367380
4.257063 -0.544361 -3.345004
3.925778 2.212941 -2.859245
9.672051 0.551549 -7.038993
3.235567 1.137894 2.002697
4.867177 -0.715062 2.091956
8.952929 3.257655 -7.349537
5.221222 -0.680348 1.631182
3.917315 0.742032 1.061039
8.700240 0.639186 -6.680787
9.549416 0.354720 -7.271563
3.094629 2.253690 -3.189807
3.512023 0.700884 0.219064
1.931879 2.146605 -2.888128
0.928568 -2.616167 3.904566
3.131732 1.916227 -1.661501
2.934337 0.821750 1.666243
4.743347 -0.994965 1.977497
8.726856 1.733973 -4.981620
0.404696 0.883230 3.389675
3.408309 2.293986 -4.625147
2.901790 -0.381711 -3.286897
8.822415 3.383907 -7.654781
2.981761 -0.516471 -4.840054
-0.648190 -1.962156 3.327362
-1.258172 0.835037 3.216515
3.890373 -1.376983 1.764522
-0.313120 0.793210 3.406229
12.473128 3.451039 -8.181643
0.624083 -1.990779 3.543597
-0.003433 0.685091 2.998275
8.915636 3.342481 -7.404589
10.648533 3.567589 -8.523162
8.516017 3.422577 -7.848394
6.029251 0.310769 -7.603843
2.106917 1.830058 -1.362282
9.380004 0.605946 -6.809916
0.004497 0.713802 3.120351
2.115160 1.840423 -1.368696
9.356943 0.908535 -6.669044
3.693750 0.700913 0.408688
3.782509 2.587540 -4.784472
0.649736 0.086899 4.347009
3.962193 2.248849 -3.239050
4.809929 2.520823 -4.321111
-0.726838 0.025323 3.818241
5.638479 -0.226386 -4.663617
8.105948 3.201678 -7.166090
0.633214 -1.943658 3.468421
2.879092 1.528499 0.529200
4.789386 2.167095 -2.842499
-0.714653 -2.081641 3.548576
4.073320 1.010721 -4.934419
0.019128 0.185547 3.739037
5.479174 -0.287897 -4.081100
3.137649 -0.223787 -4.347733
4.369817 2.367320 -3.548929
4.518882 2.372481 -3.635535
-0.622450 0.260873 3.921808
4.676919 2.334720 -3.438840
-0.488328 1.029213 2.355684
3.703957 2.306328 -3.293065
9.661970 2.963679 -9.493412
7.346185 -0.200283 -6.083324
4.633266 -1.355607 3.229414
10.184011 0.781344 -7.382940
4.946990 -0.601171 2.348304
9.161221 2.940113 -6.269748
-0.162729 -1.903140 2.847750
9.735162 0.633037 -7.286972
12.223831 3.117654 -8.060535
4.131008 2.129822 -2.481771
8.947272 0.824648 -8.094889
-1.226317 0.971967 2.415247
12.834445 1.013465 -9.156881
-0.136764 0.984845 2.654702
4.591699 -1.243276 1.956052
2.611328 -0.360026 -3.744264
-1.699805 0.959679 2.844060
5.110473 -0.626207 2.447476
-0.740609 0.962831 2.509130
5.300395 -0.178317 3.629193
2.691768 -0.192473 -3.566091
9.353988 2.555857 -6.342011
8.529196 0.492762 -5.342309
10.224507 3.484819 -8.406291
3.875843 -0.562783 -3.121819
0.405930 0.880362 3.383534
5.263474 2.271585 -5.659646
7.017552 2.748708 -5.179289
0.537826 0.917671 3.142035
4.968093 -0.602787 2.354510
0.563903 0.944435 2.786865
7.188190 0.843460 5.117039
-1.491390 0.989178 2.536225
2.791304 -0.543366 -3.250072
-1.242075 1.040546 2.161182
3.645817 0.716345 0.400423
11.054737 0.612944 -8.174085
9.960955 0.972438 -7.706048
12.201267 0.622058 -10.266998
9.206655 0.737935 -8.450520
6.444070 0.334973 -6.176081
9.563591 0.663996 -7.294044
9.898128 3.209549 -6.701854
-1.307394 0.966462 2.748302
4.634234 -1.357694 3.226346
7.558836 0.638626 4.455780
9.382693 1.974117 -6.450584
10.535323 3.386040 -7.530007
3.721119 0.742848 0.412580
8.463702 0.491669 -5.314003
4.459806 0.080309 2.134927
5.633753 -0.163512 -6.108071
4.470706 -0.408244 -3.657379
10.225434 0.977330 -8.081493
-0.203281 0.986915 2.665377
11.101211 0.712672 -8.478352
9.401941 2.115190 -6.449807
3.741517 0.737277 0.414026
0.379138 -2.025862 3.828343
1.616172 0.580541 1.136369
-0.755738 0.984537 2.554929
-0.992742 0.898348 2.929567
3.663925 2.482078 -4.275831
4.004274 -1.416799 3.348659
5.095170 -0.468660 -3.614160
2.784618 0.319350 2.479488
8.767440 2.834273 -7.617392
10.399401 2.235043 -8.749952
2.720252 -0.521368 -3.131493
9.306878 2.741966 -6.292006
8.520725 3.394828 -7.729139
-0.252619 1.011929 2.392718
3.488643 1.462676 0.710249
0.466073 -2.057077 3.068399
3.343740 -1.591128 0.923344
3.820049 -0.656240 -4.414677
9.885445 3.185507 -6.961661
2.315182 0.618524 1.553068
10.511758 1.027737 -8.117173
9.905231 3.199235 -6.965338
4.724409 -1.321961 2.979657
3.842869 2.127340 -2.508291
9.306953 3.277568 -7.112441
4.913591 2.173978 -2.738638
11.218645 1.104782 -7.906324
-1.152324 1.073158 2.129824
0.295141 1.043540 2.386748
3.183936 2.523618 -3.750097
6.462306 2.629503 -4.698401
11.385071 1.534754 -7.677094
-0.772960 0.325817 3.774127
3.235506 0.936572 1.859982
9.253867 0.736761 -9.478256
10.194722 0.535106 -7.639681
-1.277464 0.888239 3.008599
13.306813 1.093416 -9.484138
-0.826567 0.874991 3.086395
9.300891 2.990916 -6.233973
-0.237414 1.027563 2.511169
13.533919 1.733799 -9.168819
2.776114 -0.537487 -3.226875
3.750365 2.246159 -3.121079
11.795793 3.354021 -7.802221
6.228515 2.672382 -4.969004
3.688133 2.580626 -4.908276
5.452374 2.536572 -4.304906
-1.628613 0.885776 2.978029
4.358952 0.074637 2.079566
11.729609 3.496047 -8.092240
3.193130 -1.665519 1.200752
5.579762 -0.171979 -6.522145
2.767090 -0.376339 -3.201424
6.408055 2.615050 -4.672407
0.451145 -2.006817 2.979429
4.419405 2.567693 -4.556227
3.080492 -1.513908 1.756605
4.360733 2.093066 -2.260267
2.837046 1.995818 -2.056118
3.742685 0.025265 -5.878217
12.458091 1.127088 -9.007189
-1.133850 1.055464 2.098801
9.058230 0.780314 -8.267503
-0.251228 0.917727 2.914392
2.786046 1.391773 1.389541
-0.139395 0.928692 2.936150
9.421100 0.898018 -9.262767
8.632851 0.854682 -9.080027
6.156325 -0.006311 -5.918918
-0.654744 1.099713 2.216163
5.149176 -0.337077 -3.592866
0.296883 1.053580 2.406441
13.209204 0.722470 -9.257610
-0.230028 -1.903116 2.917355
2.311492 0.617407 1.561511
3.664672 2.482824 -4.274888
11.125721 3.119517 -7.304492
-0.491321 -2.070156 3.290173
8.585087 3.388881 -7.678559
4.123615 2.507436 -4.547101
0.656822 0.427264 4.495632
0.268890 0.508139 3.452074
0.662007 0.097197 4.444917
1.630379 0.582535 1.151183
-0.677717 -2.001390 3.402239
-0.258453 0.815217 3.456334
-0.346078 0.214690 3.408928
1.483180 0.709940 1.023481
11.798882 0.743773 -8.325572
6.044319 0.124144 -5.957034
4.831352 2.075535 -2.830537
10.260038 0.558335 -7.727986
4.694979 2.498352 -4.271310
12.854618 1.371893 -8.803663
5.516396 2.323013 -3.428138
1.740199 1.963986 -1.977982
5.952005 0.221432 -5.809035
-0.691853 -2.010879 3.429949
5.977167 0.209668 -5.839447
-1.342410 0.854233 3.191316
-0.240934 0.059054 3.521190
-0.676602 0.628824 3.749256
2.881337 -1.309204 1.161538
6.153439 0.270450 -6.009690
3.703309 2.584385 -4.946356
2.585078 2.378574 -3.894926
8.254749 2.804753 -5.487531
9.307561 1.167094 -6.604926
-1.234262 0.980063 2.424924
7.816099 3.336071 -7.945388
10.237633 3.619715 -8.869720
8.559597 3.169539 -6.979675
9.211813 0.739857 -9.415145
-0.241521 -1.928106 2.981200
9.969296 0.487854 -7.493189
3.284818 -0.553194 -3.795857
5.286672 -0.300439 -3.757886
3.974595 2.561471 -4.981218
-0.854942 -1.893159 2.704702
2.137136 1.885236 -1.491332
0.514408 -2.265403 3.472682
7.001456 2.839471 -7.247315
3.978800 2.350193 -3.442196
10.989599 2.949492 -7.671364
7.901848 1.883115 -5.522726
-0.163426 -1.948339 2.888518
3.511044 1.475309 0.701561
4.475972 2.323738 -3.356232
0.515801 0.902341 3.166951
2.904308 -0.472940 -3.947493
4.962504 2.586238 -5.190333
10.614861 0.624982 -8.212737
6.509346 2.495846 -4.692875
-1.461434 -1.995633 2.879072
3.735934 0.456435 -5.833677
-0.245077 -1.876089 2.895530
1.915889 0.871460 1.230561
-0.157157 1.015393 2.746658
4.739454 -0.354682 -3.867625
-0.860609 -1.923052 2.750413
4.778692 2.340245 -3.398795
3.699274 2.597580 -4.916151
3.471435 -1.522202 2.108800
5.295674 0.638849 3.084597
-1.405721 -2.014070 2.814677
5.847470 0.252675 -5.549445
4.383042 2.343459 -3.472602
8.727963 3.102565 -6.645028
3.450104 1.438673 0.696353
2.401215 -0.372326 -3.663753
10.119738 0.579875 -7.862278
9.189328 2.999547 -6.539386
7.671264 3.101321 -6.809616
-0.499098 1.059189 2.411864
2.586266 1.329150 1.489422
0.224800 -1.962950 3.011514
3.323857 2.472122 -4.719977
3.745543 2.590993 -2.296754
2.582870 2.288839 -3.778356
5.717735 -0.291328 -4.210029
13.380440 3.707902 -9.233348
12.534872 1.600083 -11.254646
4.077441 2.568502 -4.587734
-1.334284 -1.918918 2.685961
-1.269575 -1.974122 2.654052
5.663375 -0.995521 2.870907
12.065374 1.423827 -8.912828
10.328243 0.658758 -7.569204
5.140629 -1.258109 3.294763
-1.098454 1.029907 2.267658
2.662049 -0.552279 -3.803310
8.155412 2.395506 -7.008861
2.601290 -0.423572 -4.081369
3.475632 2.490654 -4.295842
9.367012 1.645184 -6.652373
-1.186552 1.055095 2.192377
2.772914 1.310731 1.399640
2.727568 -0.426887 -3.657230
8.245308 0.901126 -5.959142
2.132809 1.884274 -1.490254
0.518160 0.905427 3.184250
2.621849 -0.531675 -3.724878
8.937636 3.117771 -8.541389
3.376663 1.921533 -1.427736
9.365173 0.372662 -7.401945
6.502139 2.504008 -4.688389
6.440637 0.131492 -4.922679
5.989570 0.172902 -5.740589
10.967959 3.326772 -7.336560
4.340486 -0.470710 -1.859245
9.661579 1.562031 -6.808131
-1.246459 0.910580 2.851974
4.833204 -0.339249 -3.976967
3.742961 2.559853 -4.630062
5.844869 2.475821 -4.039324
-1.332615 -1.986435 2.725369
3.418655 1.423624 0.695487
0.265041 -2.083383 3.032254
-1.498372 0.976491 2.371855
3.287871 1.882664 -1.494448
3.054032 -0.513872 -3.499242
6.823152 -0.009703 -5.665094
-1.388921 1.019144 2.189994
8.240860 0.780102 -7.447503
3.919349 1.067925 -5.353508
7.335356 0.454314 -8.669519
-1.256533 1.001148 2.479135
5.411623 0.260482 -5.280608
10.148253 0.980105 -7.241246
-0.639561 1.019291 2.599561
-0.589506 1.027362 2.322530
4.943467 2.200913 -2.754827
3.776100 -0.613984 -2.478684
9.787140 0.492312 -7.607698
-0.137998 -2.014078 2.856197
4.786250 2.370727 -3.587174
5.941133 -0.208983 3.403931
0.291799 0.966277 2.786464
4.333392 2.343377 -3.525786
4.500440 -0.652979 -2.392023
9.513725 2.636690 -9.502344
-0.238430 0.890136 3.088261
9.020299 1.038868 -6.811639
9.298214 2.172776 -6.360914
4.353234 2.357151 -3.546227
0.090972 1.005020 2.634042
8.761883 3.424819 -7.818535
13.557422 2.272346 -9.077657
1.521809 0.576571 1.036368
3.741293 2.577353 -4.642290
-0.093401 0.934175 2.870500
-1.272846 0.950870 2.520563
3.472652 2.201883 -2.890245
5.482090 -0.328077 -4.510833
3.550078 -0.694245 -1.749899
5.557366 2.604733 -4.761195
10.175453 3.187297 -6.742383
6.020117 -0.004070 -5.869124
5.049317 0.011674 3.534898
5.387564 -1.266489 4.056973
2.894406 2.367416 -3.802143
5.230939 -0.817520 2.518596
-0.737490 0.960983 2.727108
5.568162 2.614374 -4.769092
10.086174 3.219865 -6.855841
9.220740 0.687461 -9.430267
-1.683778 1.013712 2.938721
8.291249 3.372218 -7.631052
10.389556 2.517292 -7.714252
4.784372 2.401689 -3.935643
2.354245 1.920841 -1.791221
2.507578 1.822782 -1.222953
11.598743 2.491733 -7.799685
11.389239 1.146344 -8.839537
2.713185 1.822263 -1.269595
9.393968 0.943280 -9.247901
3.471236 0.377256 1.958532
7.964930 0.951111 5.718606
10.877102 0.957641 -7.454319
1.500486 0.545373 1.222279
5.702663 -0.221352 -6.664009
5.446335 -0.926554 4.581001
11.747988 1.732208 -8.046562
9.528108 1.978392 -6.658305
2.765363 1.740777 -0.832883
5.846727 -0.912771 2.835947
5.095481 0.558869 3.561293
13.662537 3.556587 -8.887471
5.941860 0.205600 -5.860061
4.961972 0.677373 -3.227578
4.034585 -0.281350 -4.779110
8.291259 3.372005 -7.632123
-0.166805 -1.896154 2.828117
9.998593 0.615706 -7.509521
10.956961 0.640304 -8.372952
-1.403197 1.032733 2.212464
4.287631 2.555155 -4.593182
4.299005 2.104867 -2.401960
-1.380781 0.959022 2.614610
-0.575259 0.925270 2.893623
3.007881 1.803202 -0.971781
3.024388 2.415896 -4.018755
8.063800 0.682970 4.800492
2.336241 1.900309 -1.778959
9.866527 3.328372 -7.606596
11.406043 0.787018 -8.139376
-0.574159 0.937318 2.761578
-1.610195 0.968047 2.575498
5.079025 0.556361 3.551883
4.137237 2.225487 -2.961284
5.321294 -0.294591 4.056648
-1.452832 1.071055 2.289224
10.220016 0.592331 -7.677394
2.373138 1.823169 -1.285992
-1.300045 1.015318 2.387619
5.559993 0.204848 -2.169863
8.495924 0.905158 -9.126735
4.092930 2.544960 -4.588626
6.471885 0.504270 -7.523203
2.904756 1.777082 -0.915724
9.638137 0.553239 -7.607044
5.613691 -0.211396 3.206256
13.260681 2.149537 -9.020611
2.108665 2.096512 -2.495872
-1.228176 0.956717 2.638211
3.815078 2.161705 -2.672092
4.075788 0.884524 2.042377
9.992737 3.582901 -8.779700
5.690337 -0.884596 2.746569
3.290924 -1.460277 1.228773
4.946662 -1.290371 2.916873
2.126270 1.885177 -1.494347
5.853957 -0.632210 3.984980
10.048338 0.422455 -7.403689
3.452421 1.441242 0.697174
11.346148 0.759620 -8.079713
11.726992 3.477814 -8.231496
7.962123 3.392367 -8.290958
3.018152 2.408024 -4.008864
-0.996597 0.902577 2.941199
8.846444 2.983634 -6.880661
11.900912 0.626719 -10.076021
-0.976394 0.992207 2.565253
3.023476 2.408798 -4.012848
2.084894 1.918226 -2.003817
3.737945 2.318617 -3.485705
3.574828 2.316358 -3.527762
5.070865 0.560034 3.548878
-0.760642 0.943497 2.784385
-0.581247 0.948199 2.792863
3.732954 -0.637975 -2.932459
5.824597 -1.133314 3.849668
3.313843 -1.450718 1.224614
-0.079358 1.028041 2.490824
10.001372 0.605231 -7.503833
3.472255 1.450393 0.702014
2.113568 2.087337 -2.505280
2.631842 1.986313 -2.009079
8.765721 3.288440 -7.162203
2.099804 2.071538 -2.479254
9.593361 0.500959 -8.783883
-1.148059 0.936353 2.743448
10.072398 3.496337 -8.440735
1.741822 1.978539 -1.996689
0.210838 0.995218 2.608193
5.129100 0.561684 3.587358
0.117561 1.061818 2.238759
12.010507 1.410620 -10.565885
9.223681 0.685555 -9.432300
4.797997 -0.918041 3.119891
12.178943 0.447731 -9.669566
12.650374 2.728174 -9.063813
6.451311 -0.226257 3.651210
9.104582 0.761310 -9.308043
9.806682 0.639958 -7.410711
3.528021 -1.680338 0.961802
3.083251 2.240617 -3.181563
2.954175 -1.674194 2.094372
3.759184 -0.483913 -1.772884
0.007138 0.906585 3.033314
9.332472 2.263502 -6.825033
4.410919 -0.374105 -4.809800
-1.645844 0.982105 2.839081
11.447844 0.736262 -10.124920
-1.081585 1.022004 2.301757
7.040751 1.646129 -4.545519
-1.256816 1.049365 2.171570
12.112828 3.655534 -8.852278
9.305480 1.136322 -6.609063
0.334028 1.061154 2.888943
-0.764279 0.920270 2.917130
9.962704 3.681482 -9.353633
2.790872 -1.715732 2.073713
11.861662 3.253213 -7.888491
2.700519 1.274789 1.517512
9.575239 0.665400 -7.278936
-1.318488 1.098820 2.265314
9.718108 0.387413 -9.424816
4.757626 2.599115 -4.730024
3.575345 -0.640095 -2.403213
9.291227 1.929804 -6.539639
10.830963 1.147373 -9.149606
-1.220044 1.087278 1.982932
-1.451989 0.959239 2.470878
3.374502 0.442562 -5.137241
11.147887 2.464397 -9.227241
9.422009 0.687691 -6.822925
-1.371865 0.951186 2.600407
1.692801 0.592885 1.140669
12.990514 3.469048 -8.555049
0.324045 -1.944497 3.071043
9.882677 0.114671 -8.599869
3.205430 -1.344253 1.241252
5.651937 -0.090615 -4.015668
3.767233 -0.652727 -2.827588
-1.524246 0.998340 2.465676
7.590737 -0.097096 -7.426047
4.789974 2.281742 -3.185700
7.904009 0.792623 -5.756813
-0.113190 1.144592 2.200330
4.738755 0.785913 -3.049857
7.579683 2.581902 -5.089057
-1.228471 0.991903 2.312255
5.821491 -1.115981 3.834015
3.682441 1.866301 -1.531716
4.455402 0.513135 2.559741
4.996722 2.810680 -4.971758
11.476383 0.792895 -8.708262
6.731712 2.668908 -4.839631
11.521308 0.823018 -8.773171
3.309386 1.871545 -1.402642
8.182282 2.993945 -6.203463
9.944366 1.320694 -7.145342
8.861453 3.057864 -6.452336
-0.928715 0.968706 2.689141
-1.120807 1.018787 2.376516
3.337699 2.473696 -4.679722
2.573744 0.436327 2.090656
-1.187994 1.060136 1.933609
-0.388533 1.026004 2.382545
3.026969 1.224629 1.681282
3.089509 2.160646 -2.719485
-0.225186 -1.875486 2.872994
3.810473 1.438076 -6.007504
-1.551188 0.954054 2.627737
3.674083 -0.698583 -1.712932
8.922676 0.783678 -9.069316
3.077498 1.448794 0.866469
10.294303 1.065448 -10.445346
3.797867 -1.568065 3.237560
8.665570 0.843061 -9.141433
9.356979 2.359413 -6.386107
-1.367578 0.923752 2.790977
4.772616 2.360843 -3.582342
9.177519 2.392880 -7.296663
9.443329 0.330561 -7.236148
4.725237 2.320409 -3.565372
2.732715 1.293999 1.534683
8.706464 2.858326 -5.831446
12.294255 2.430139 -8.356033
4.162041 -0.704313 -2.773109
3.045724 1.234109 1.665964
2.911741 1.357291 0.814895
5.262756 0.262679 -2.437363
7.025383 0.251671 -5.996648
4.768490 2.358784 -3.581913
12.932726 0.910084 -9.162612
5.162345 -0.372747 -3.613631
6.737432 2.589837 -4.814412
8.666057 3.241754 -7.324529
0.229248 -1.994703 3.053704
4.890038 2.345547 -3.561425
-1.177390 0.913052 2.924212
-1.319515 0.933618 2.749531
9.994433 0.779661 -7.254080
9.309951 0.954138 -9.138523
-0.841894 0.888023 3.026787
2.884427 2.042902 -2.094828
0.518064 0.904844 3.183599
4.216906 2.491830 -4.248203
4.153068 2.372689 -3.727498
9.699281 0.663938 -7.363210
-0.258727 1.125900 2.127733
10.265044 3.161060 -6.824851
2.508391 0.554025 1.767074
4.406476 -0.262436 -5.121802
9.372173 1.957836 -6.592517
3.917693 -0.662108 -1.969262
9.740381 1.182637 -6.952201
8.154799 -0.217027 -6.528258
10.888768 0.855609 -10.261485
3.519064 2.102482 -2.438644
3.663223 2.900512 -2.898478
5.213871 2.765166 -5.467972
3.195037 0.440596 1.895633
2.464643 0.538697 1.730665
9.376575 2.005784 -6.432137
-1.560841 0.959784 2.641793
-1.613398 0.968987 2.583011
7.681580 -0.291754 -6.706780
-0.747535 1.080402 2.179025
3.723089 -0.639706 -2.785499
1.911095 0.866962 1.223790
11.446044 0.766636 -8.632108
7.478168 1.176290 -5.225633
7.828091 0.156967 -5.938491
-0.174509 -1.913727 2.854018
9.080747 3.317152 -7.174293
4.151072 2.144350 -2.486991
6.019451 0.071595 -5.850046
9.928120 1.114401 -9.907919
4.445819 2.580994 -4.621167
10.325562 3.523531 -8.565806
10.138178 3.218743 -6.912280
12.410931 1.629165 -10.246958
5.582684 2.344035 -3.491356
11.518209 0.730284 -10.195286
1.495601 0.647712 0.954225
5.557077 -0.290226 -4.574163
3.106673 1.824350 -1.186822
1.605424 0.531522 1.200268
9.418680 0.642269 -7.189183
8.685079 0.841051 -9.171491
8.819366 3.376974 -7.645083
9.605661 0.633273 -6.989416
3.234806 0.447365 1.885563
12.109640 0.999577 -9.223658
2.135635 1.863898 -1.760039
6.647452 -0.057148 -5.499195
9.872425 1.175757 -7.673016
2.534337 0.616551 1.559245
11.588614 0.694876 -9.756951
4.393643 2.535393 -4.571539
2.646425 1.754612 -0.847310
9.387957 1.672274 -6.529480
3.614326 2.105838 -2.368480
-0.754548 0.919810 2.911983
5.952837 0.225851 -5.722287
8.819162 3.382766 -7.645991
11.223824 3.434437 -7.945284
7.539055 -0.108152 -7.337043
8.818060 3.431141 -7.839026
2.759634 1.745596 -0.942245
-0.873019 0.984586 2.519435
9.677670 3.231610 -6.774803
2.606054 1.488788 1.013178
10.597859 0.624132 -8.209763
11.332746 0.765422 -8.061848
4.914200 -0.095287 -2.404291
9.944065 3.227677 -6.633573
3.217346 1.345397 1.292265
4.108443 2.506912 -4.545608
9.910110 3.218215 -6.704328
9.890754 0.163141 -8.580826
9.547488 2.097813 -6.660821
-1.301451 0.961053 2.738074
1.848793 1.860716 -1.718204
10.243120 0.755507 -8.317409
4.982264 -0.501707 -3.420398
3.834317 -1.120993 4.594552
10.189852 3.271906 -7.215802
5.839071 2.575436 -4.503524
4.000544 -0.169779 -4.453014
4.166776 2.550967 -4.603909
3.315028 2.173489 -2.787335
3.880571 2.588334 -4.880443
12.707658 1.074281 -9.622793
1.502106 0.766990 1.199995
2.107280 1.843641 -1.468278
5.849991 -0.118147 -5.723441
9.598315 0.625075 -6.986259
12.092323 1.307949 -9.978402
11.209087 0.678568 -8.287092
6.449671 0.003738 -5.619339
9.841717 3.204313 -6.584778
9.632059 2.039054 -6.705271
3.836653 2.589357 -4.957801
6.229429 -0.040114 -5.316788
9.565979 2.659075 -9.551208
3.628570 -1.431156 1.283144
9.359222 2.281563 -6.401445
9.729073 3.000654 -9.569570
10.088935 3.234461 -6.857647
3.083977 1.253293 1.696428
12.788097 1.688065 -9.262520
7.444489 3.071895 -6.705237
6.098801 0.314387 -5.990462
3.430717 -0.717176 -2.309512
0.174970 1.064029 2.315900
10.071471 3.157291 -6.802787
3.228974 1.793371 -1.018627
0.196539 1.131614 1.997352
2.472951 0.597759 1.519068
-0.006739 1.096278 2.154301
3.499585 1.827824 -4.978564
-1.100654 1.085694 2.468187
2.639771 -2.031390 2.451443
9.995476 3.397587 -7.816807
2.653753 -0.437746 -3.593966
-0.434497 1.045717 2.431911
2.708448 2.432227 -3.998920
0.611727 1.098563 2.364395
0.542613 1.120605 1.992104
6.353472 0.346059 -7.767978
5.134662 2.254450 -3.100078
1.287981 -2.069375 4.080494
6.567914 -0.136344 -5.211579
-0.767382 0.998016 2.475791
2.740683 0.481461 1.728661
7.415242 3.031570 -6.657110
-0.260504 1.051379 2.284888
5.945231 3.093868 -6.976111
2.738613 -0.612470 -3.125015
8.606902 3.131823 -6.209470
1.204101 0.936681 2.599830
10.204496 3.190353 -6.871792
7.439443 2.212104 -7.257536
1.598386 -0.006056 4.884352
10.461343 2.214486 -7.046704
0.174681 1.062083 2.312679
2.807905 -0.282969 -3.163714
8.132834 0.606173 -9.233940
10.087169 3.219999 -6.914582
9.461864 0.355543 -7.504088
4.915739 2.558820 -4.711263
7.984677 3.398389 -8.310308
9.023688 3.262111 -7.297428
1.588861 0.543639 1.274463
8.829283 3.191359 -7.115568
2.483371 1.848552 -1.249963
9.719810 0.834355 -9.230863
4.255871 2.335637 -3.495763
9.838306 3.684880 -9.424935
2.815981 1.977415 -2.046059
5.912292 0.297006 -5.811636
4.399488 2.286383 -3.252285
8.176715 3.372871 -8.135410
-0.195443 0.986324 2.633823
8.368118 3.381419 -8.042218
7.746644 0.631948 -5.694784
2.190322 2.135873 -2.850503
8.380432 0.805749 -9.119817
-0.724008 0.707871 3.812629
4.687315 -0.394378 -3.866100
8.644980 3.355921 -7.855130
9.834021 3.648290 -9.184929
8.730832 3.253916 -7.351930
3.851357 2.133245 -2.515710
9.636794 3.157047 -6.320554
-0.387440 0.979814 2.477137
1.632388 0.786750 1.059905
10.900850 0.621844 -8.070513
4.957714 1.038323 -2.964216
5.799713 2.689454 -4.612358
1.697795 2.012534 -2.171820
11.038899 1.557407 -7.590875
4.917948 2.539720 -4.452640
10.148602 3.511303 -8.438373
-1.030006 1.017087 2.313971
11.499254 0.779562 -8.177867
-0.151986 1.120944 2.061718
2.645046 2.003238 -2.020498
3.928907 -0.251023 -4.615529
-0.600721 1.020113 2.579286
3.744306 2.197364 -2.818326
8.849201 3.270180 -7.334646
8.210235 0.678554 -8.575898
1.503010 0.664821 0.959808
4.766990 2.269624 -3.180323
10.327300 3.444153 -8.030403
3.145057 2.083289 -2.380236
3.570292 -0.875423 -1.671757
-0.856061 0.911593 3.096216
9.042640 0.318840 -6.796720
4.762890 -0.449222 -3.283126
2.455367 1.821744 -1.235508
4.146080 -0.200323 -4.464123
5.721792 2.598193 -4.568632
5.935046 -0.289274 -4.872933
2.660522 1.854006 -1.485564
0.020744 1.080426 2.080209
4.736657 -0.183746 -3.528556
8.260712 3.247628 -7.428349
-0.336867 1.100202 1.953828
2.549861 1.897321 -1.659601
8.706165 3.241846 -7.323518
9.454592 2.927274 -9.383355
-1.052609 1.024396 2.418910
5.603241 2.199502 -3.539714
9.833016 1.302024 -6.945972
-0.959107 0.974063 2.516207
9.016935 3.266527 -7.300941
2.983124 1.861885 -1.431928
10.146629 3.507121 -8.434114
-0.108747 1.096572 2.109112
3.026376 0.140736 4.481473
-0.318557 1.039863 2.319080
3.538000 2.023514 -2.026480
5.211951 -0.882268 -2.708110
4.939937 2.166296 -2.737294
8.597909 3.363912 -7.895661
-0.761288 0.944417 2.779866
5.263855 2.117536 -2.435802
2.649451 2.006501 -2.025023
9.328166 3.137736 -6.773779
1.418127 0.699457 1.111392
9.972601 2.703906 -8.331932
-0.002805 1.091767 2.111006
2.714159 0.116145 3.686432
7.252972 3.238827 -7.778244
3.073514 1.979568 -1.903115
9.631770 2.982116 -6.542214
9.571624 0.418787 -7.522982
-0.915211 0.961490 2.661418
4.302222 2.060120 -2.047975
7.150821 2.867222 -5.695127
-0.664185 1.116239 1.896250
8.849523 0.366860 -7.125904
10.406034 3.426578 -8.109535
3.686474 2.433256 -4.038070
-1.087560 0.912658 2.844190
7.727932 0.704059 -8.566074
1.943104 0.695814 1.253886
-0.455826 0.972308 2.675281
3.830747 2.385495 -3.782343
10.191353 3.601082 -8.846308
5.721960 2.597017 -4.568989
6.246884 2.840022 -6.777098
8.521589 2.781914 -7.369561
-0.585156 0.999896 2.523186
1.014171 0.583668 1.561432
11.158891 0.691105 -8.295358
5.856197 2.572689 -3.940109
4.044180 2.323180 -3.475280
0.174595 0.973668 2.716809
3.152985 2.501967 -4.435740
11.170431 3.146262 -7.377406
3.640163 0.389059 -5.867203
1.519750 0.678611 0.978277
3.688735 2.084635 -2.307088
10.359827 1.065847 -7.463066
9.902919 3.642702 -9.366566
3.861592 2.379556 -3.729810
8.823854 3.203632 -7.097849
-0.656776 1.006649 2.443753
9.062486 3.168462 -6.831389
2.849974 1.822059 -1.308170
11.564369 1.329810 -10.409926
1.470046 0.645218 0.940561
3.927633 2.210232 -2.861688
1.398647 0.721343 1.096390
3.676597 2.384099 -3.794944
12.194904 1.387967 -10.723997
11.303246 2.443581 -9.471639
0.017479 1.023753 2.502784
0.020308 1.109270 2.139052
11.554686 0.427109 -8.997100
9.599779 1.514164 -6.811550
1.159298 0.492672 1.941597
11.590734 1.178185 -8.128431
5.689314 1.951854 -6.934936
-0.161367 1.119095 1.965825
6.564757 2.852445 -4.474545
2.773010 -1.988336 2.352592
6.418878 2.668333 -4.656507
8.502824 1.984079 -5.534209
0.134328 -1.976027 3.206313
10.135465 3.426781 -7.008253
1.697966 2.012047 -2.171921
4.742465 -0.184901 -3.534019
2.381599 1.833337 -1.290971
5.683810 2.078605 -6.909858
8.289950 3.217261 -7.227643
2.905168 1.791093 -1.020160
3.696507 1.055432 -5.635192
2.686152 1.782066 -1.168915
7.858243 0.675521 -8.770718
3.677773 2.424235 -4.034481
3.936338 -0.579623 -2.023738
10.482845 1.366680 -7.361570
6.426405 -0.141592 -5.317595
9.603768 0.652723 -6.911719
5.605944 2.646601 -4.804013
0.680337 1.025908 2.716507
9.780499 0.445563 -7.260467
0.429941 1.084560 2.280748
3.590501 2.081821 -2.360897
10.614921 0.555672 -8.839291
1.970351 2.033783 -2.305964
1.408029 0.702358 1.113137
4.015765 2.297021 -3.281251
8.707143 3.158482 -6.925013
4.448141 -0.698219 -2.269140
4.100972 2.107137 -2.470196
4.321149 2.278654 -3.178985
3.300251 -0.231466 -4.595481
8.644754 0.767964 -6.217844
1.567190 0.540885 1.122125
0.651344 0.097784 4.241056
11.603434 2.575924 -7.925126
1.620228 0.577976 1.177043
3.722021 2.616775 -4.865902
10.208060 3.284762 -7.222436
0.696128 0.959263 2.774754
6.422356 -0.047751 -5.203371
9.305637 0.372068 -6.979817
6.051358 0.381727 -7.302383
-0.200766 0.985210 2.644036
-0.100145 1.086416 2.098193
2.362942 1.815131 -1.282644
0.724735 0.694298 4.131318
2.751589 0.483703 1.741881
9.621764 3.437835 -8.063261
1.369273 0.516403 2.190530
5.526402 -0.228169 -4.232442
-0.201200 0.991205 2.663466
6.201321 -0.122880 -5.410943
-0.346136 1.122741 1.993879
3.461970 2.535035 -4.612279
-0.698693 -1.658889 3.269634
8.678171 2.604073 -8.552336
9.583652 2.923548 -9.408528
6.366428 2.550739 -4.534088
9.515812 1.542449 -6.767725
0.385106 1.125886 2.072838
11.134475 0.677630 -8.247237
-0.468822 1.107160 1.967343
3.732192 1.328832 -5.673281
8.273421 2.824996 -5.596234
2.620872 1.978100 -2.002879
7.567502 2.972976 -6.186059
-0.798857 1.052096 2.214738
1.542074 0.600542 1.093814
5.312436 2.339916 -3.351738
0.343600 1.125137 1.990908
3.978316 -1.625726 4.655595
7.013353 3.191807 -7.601273
5.263168 1.113954 -2.653815
13.589966 1.609620 -10.398933
-1.275168 0.889585 2.999729
-1.042973 1.019026 2.387971
1.582764 0.554331 1.138230
8.911826 2.828834 -6.022305
0.395500 0.967070 2.842927
1.740480 0.925086 1.204344
2.657573 2.013356 -2.028745
10.191154 0.895319 -9.568900
3.031374 -1.474480 1.697610
10.937884 1.128416 -7.774376
6.677241 -0.256679 -6.627587
-0.199707 0.982575 2.644518
8.071773 0.182322 -6.793942
1.056174 0.137202 4.278301
2.966493 2.089821 -2.444572
3.304448 2.448431 -4.679726
8.332590 1.934617 -5.792039
7.409278 3.152007 -7.182109
0.886925 1.127280 2.063621
7.034661 0.258544 -5.994900
1.685169 0.633361 1.096752
9.842694 3.242503 -7.064874
3.025095 2.007181 -2.020178
4.306593 2.373096 -3.600184
8.385387 0.262636 -6.791545
-0.486761 1.024343 2.486034
1.548947 0.574126 1.255822
3.406137 -0.785575 -2.217807
-0.762678 0.924524 2.927275
-0.778668 0.990831 2.542459
5.859211 0.278233 -5.696291
1.947152 1.878418 -1.486042
11.411968 0.566779 -8.819843
5.061706 0.721081 -3.285884
7.586161 1.832910 -7.534365
3.112051 -1.671611 5.163091
3.893808 2.520200 -4.355815
9.993462 0.838449 -9.065215
3.556541 -0.638093 -2.390854
-1.212186 0.879481 3.073512
8.186008 2.502142 -5.661793
12.354786 2.606891 -8.626194
1.766544 1.958768 -2.024359
6.633029 0.343244 -6.401992
10.137673 3.544394 -8.890556
2.161480 0.521113 1.347821
2.404721 1.855088 -1.305388
9.793401 3.429303 -9.329912
5.307414 2.471144 -3.998292
4.221785 -0.850233 -2.117233
-0.958340 -2.009373 2.976469
0.240249 1.131290 1.965045
10.486464 1.776333 -7.087514
8.087075 2.388278 -4.669626
-1.100853 0.944687 2.790926
1.803120 1.986603 -1.929973
11.629932 0.529294 -8.922111
-0.480863 1.015195 2.463360
7.666959 3.229873 -7.991672
11.576674 0.669847 -9.816445
3.859857 2.534496 -4.557967
-0.683461 0.852714 3.179131
-0.760433 0.914702 3.041781
9.516767 0.768059 -7.811071
-1.278450 0.891396 3.010810
4.004157 -0.051572 -4.545845
0.395199 0.964880 2.839122
10.658653 0.683524 -8.741724
1.629647 0.600996 1.057042
3.748272 2.328886 -3.496018
3.296981 1.115470 -4.917851
9.293938 2.986952 -6.228251
-0.408296 0.896518 3.116322
3.728514 1.752544 -5.155787
4.705428 0.657877 -3.042374
0.118659 1.071317 2.242327
3.943550 2.480030 -5.173187
2.636322 2.298080 -3.833746
-0.431414 1.079435 2.212784
-0.919895 1.074274 2.283556
8.204652 0.242686 -6.662506
0.645039 1.066950 2.309428
1.531636 0.616841 1.253666
3.434028 2.516382 -4.600341
10.064239 3.193556 -6.850304
3.080848 -1.499212 1.740078
13.114306 1.174917 -11.074231
5.782983 0.660513 -2.339763
-0.641719 0.233651 4.042215
8.469302 0.278701 -6.803526
-1.115038 1.002270 2.540708
-0.459766 0.978007 2.692439
-0.483870 1.021247 2.478145
0.957245 0.552877 1.588141
-1.127530 -2.022630 3.146345
3.669852 0.930607 -1.006859
3.703954 2.385981 -4.949914
8.957211 1.038031 -8.905253
-0.959995 0.927897 2.935222
2.015406 0.623889 1.352485
8.655230 1.999108 -8.348649
0.406168 0.996294 2.924100
5.347017 2.494664 -4.023908
7.279418 0.658692 -8.319267
-0.173405 1.106688 2.131301
12.940582 1.449289 -8.971223
3.322749 -0.553041 -2.151937
9.030960 3.458306 -8.920608
8.091887 0.657251 -8.421071
8.728286 0.770286 -6.276925
-0.353785 1.060414 2.335589
5.555893 2.185957 -3.520477
-0.185384 0.929458 3.005451
9.097476 0.841278 -8.281622
2.602113 0.465317 2.098725
8.857733 2.801421 -6.042511
9.310928 0.372350 -6.982404
1.697484 0.893471 1.172910
4.023267 0.052755 -5.719222
3.718700 -0.406677 4.630439
3.737633 -0.636494 -2.806001
0.344786 1.134476 1.942890
0.015859 1.018400 2.495039
-0.876979 1.057937 2.167290
3.754496 2.248734 -3.121088
3.386118 1.594114 -4.916618
10.382050 0.889848 -9.177364
8.246112 0.251043 -6.735215
2.275766 -1.708611 2.132419
9.886581 3.648294 -9.058643
10.339847 3.505682 -8.489601
0.313455 0.995292 2.721607
9.897566 1.126098 -9.860624
3.675902 1.542274 -5.190448
0.042303 0.132184 3.467777
9.194417 0.661656 -9.464129
0.502082 0.102640 4.216675
0.044100 0.601582 3.659952
3.016458 1.513312 -4.590679
-0.679621 0.236051 4.104932
2.138421 2.076895 -2.419154
3.897814 1.874001 -5.282429
7.422945 3.051771 -6.687015
-0.132100 0.524211 3.749655
2.796517 -1.995649 2.364763
9.842588 0.491170 -7.463020
3.423282 2.489633 -4.425806
10.358629 0.625299 -9.066299
8.927428 3.252698 -7.345680
3.028381 -1.472625 1.689591
4.245764 -0.536060 -3.062788
7.465995 3.036737 -6.599025
-0.094134 0.945048 2.898849
11.228940 0.955741 -8.668016
4.259185 0.800828 -1.360246
4.757840 2.258600 -3.177277
-1.082579 0.903752 2.806250
9.613113 0.559090 -7.603840
3.047848 -1.656933 2.016800
4.253791 2.368603 -3.639342
8.430370 0.514626 -9.136750
4.430694 1.036375 -2.172174
4.774306 2.286070 -3.182020
-0.818577 1.053240 2.230357
-0.589616 1.079159 2.029597
9.567245 0.578130 -7.649000
4.656222 2.295275 -3.249468
-0.877183 0.965476 2.671263
1.319979 -0.035290 4.114058
-0.907282 0.954638 2.646681
1.191796 0.623901 4.538152
9.704508 3.038991 -6.676978
2.597763 2.287679 -4.030429
1.405227 0.768342 3.946534
4.085076 2.379469 -3.740551
1.980468 0.336634 2.179333
10.913170 0.659758 -8.117518
3.688015 1.729242 -6.009981
2.496574 0.440575 1.979287
-0.758261 0.615341 3.735439
0.174703 0.975248 2.721352
3.320389 2.228656 -4.496450
0.958091 -2.151497 4.558594
2.868809 2.280022 -3.302808
10.791348 0.642547 -8.122716
10.755049 1.563326 -9.019406
9.547091 0.405611 -7.559778
2.796077 2.272519 -3.333484
3.860387 2.075251 -2.201618
0.663760 0.986092 2.755569
2.725510 2.265302 -3.367199
1.681291 2.044559 -2.381156
3.439926 -0.587393 -2.268378
9.126830 0.512152 -7.942440
3.446686 -0.581783 -2.232827
4.155837 1.171408 -4.927905
1.794386 0.536494 2.847011
3.709335 -0.706933 -2.494654
1.561692 -1.629771 2.802037
10.822197 0.621268 -8.057876
4.630288 -0.706845 -2.637263
0.958182 -0.118136 4.497135
1.077267 0.997169 2.813543
1.475229 -0.036649 4.633459
9.699591 0.383907 -7.254203
10.859270 0.602239 -7.919775
4.575811 -0.705072 -2.592792
3.939189 -0.589281 -2.225924
2.551882 0.520214 1.798175
4.082687 -0.718773 -2.673252
5.551628 2.582328 -4.764483
-0.418443 1.054542 2.160417
9.585929 2.951266 -6.533051
9.740202 1.279957 -8.694579
7.631504 0.729033 -8.398621
2.607245 0.542024 1.835588
9.564144 1.533404 -6.776919
-0.477616 1.012651 2.457310
0.245666 -1.995966 3.872145
10.372275 1.363644 -7.699280
13.261255 3.574790 -8.583190
10.298110 0.674421 -8.861257
10.134092 1.968022 -7.312071
3.102252 2.156826 -2.738235
9.540015 3.047659 -6.534730
0.712056 1.020069 2.660632
4.930285 2.683963 -5.143435
3.601693 2.046167 -2.181702
0.707594 1.008053 2.632873
3.629312 1.534349 -5.456933
4.920816 2.670365 -5.129985
-0.390123 0.140360 4.039610
1.702199 -1.389868 2.241024
5.645676 2.589184 -4.526814
-0.156235 0.227146 3.475983
3.624013 -0.497247 -1.935501
-0.279631 0.369954 3.359375
7.102690 2.874213 -5.651981
5.218165 -0.071038 -3.664500
2.869353 2.175075 -2.822909
-0.612570 0.261428 3.938561
4.354196 2.285411 -3.263898
-0.687802 0.661392 3.893156
6.759167 0.488292 -7.433207
3.831452 -0.512357 -1.992360
5.806778 2.546274 -4.341820
10.728831 0.581998 -7.990151
3.399321 -0.783869 -2.212629
6.005346 2.518303 -4.146637
0.317314 0.088024 3.179836
2.568659 1.805861 -1.073224
4.336226 2.278567 -3.258712
5.749041 2.556590 -4.348362
2.276543 1.862057 -1.356716
0.038766 0.540007 3.270578
3.499713 -0.822634 -2.193659
0.401495 0.870358 3.369149
9.080799 3.089971 -6.544684
2.981860 2.111385 -2.571913
4.605862 -0.065212 -3.895979
-0.810761 1.051420 2.216656
4.041662 2.330673 -3.476153
1.940516 1.901799 -1.687244
-0.289442 1.034822 2.321194
4.863782 -0.402924 -3.864641
10.700991 0.548579 -7.933991
9.062362 0.289014 -6.818686
-0.531478 1.088275 2.071563
4.024861 2.306921 -3.465263
2.123069 1.863659 -1.479377
10.549314 3.187529 -7.032409
3.626887 -0.597627 -1.757457
9.066803 3.077663 -6.528841
2.232384 0.616867 1.501654
4.323992 2.282678 -3.181285
11.569534 1.307987 -7.979844
6.300609 0.252346 -6.241201
3.641361 2.499174 -4.996760
1.504596 0.997976 1.831604
1.413754 0.768032 3.979243
4.946401 -0.386681 -3.716851
0.964550 -2.181263 4.607332
5.732552 2.445680 -3.875634
8.953999 0.379039 -7.193173
1.410895 -2.028753 4.077406
0.527836 1.046396 2.368931
2.039895 -1.952478 5.213281
1.955623 0.601007 1.309633
4.313141 2.270542 -3.174020
-0.248093 -0.156668 3.608148
10.184373 0.645310 -8.472327
3.242278 0.029065 -4.913717
12.185285 0.721039 -9.581181
-0.871333 1.090939 2.130376
10.408914 0.670165 -8.086289
2.869656 2.098682 -2.579975
5.038715 2.532598 -4.337126
4.575751 2.597221 -4.718909
0.030841 1.075630 2.179302
10.382284 3.238975 -7.076184
5.407458 2.460975 -3.924681
-0.008553 0.911479 3.068359
4.120809 2.302370 -3.298511
10.387342 3.224526 -7.029577
8.997060 1.898841 -6.337069
14.027700 1.668628 -9.308159
4.698185 2.546157 -4.495572
-0.006992 1.085709 2.114399
1.722245 1.130490 1.690788
2.879283 1.821561 -1.063456
2.862053 1.806572 -1.057349
2.533569 2.166470 -2.897842
1.674388 0.550824 1.277124
11.404178 0.783472 -8.130623
4.913686 -0.215490 -3.621647
10.481009 2.202066 -7.066103
1.692510 0.564251 1.297939
10.079944 1.350792 -9.010593
1.682639 0.554568 1.290424
8.916121 1.007296 -9.065206
5.920407 -0.131016 -5.723802
9.057045 0.427486 -7.228231
0.263726 -2.140981 4.161641
1.655271 0.541313 1.257838
4.701781 2.529151 -4.618810
0.643400 0.630873 4.350500
0.666264 -1.926576 3.433937
2.085566 2.190828 -3.046690
1.587574 0.779245 1.117474
12.248411 2.419576 -10.328753
2.369902 1.820603 -1.283978
0.502209 0.970577 2.893351
3.186106 1.951001 -1.856646
0.027672 1.095008 2.220620
3.193364 1.958656 -1.863643
1.610228 0.619109 1.334004
0.699767 1.012225 2.643862
9.781476 3.406077 -7.869204
-0.331597 0.127949 3.448667
1.623557 0.581207 1.178836
11.160448 1.019426 -8.616880
-0.150194 0.221652 3.377194
-0.298446 0.383500 3.497296
-0.124304 0.492777 3.538879
3.583235 2.077068 -4.914229
10.005089 3.650516 -9.284596
-1.103688 0.924106 2.844755
2.634671 -0.202178 -3.355312
9.616077 3.432776 -8.062748
2.617488 -0.200771 -3.337294
9.644687 0.215663 -8.353309
-0.920124 1.000410 2.531691
2.637527 -0.210275 -3.373437
5.986094 -0.455564 -6.275013
2.208608 1.851929 -1.295870
1.122363 0.126820 5.094687
1.542402 0.600698 1.086751
1.098535 0.054368 4.207468
2.819553 1.980234 -2.047549
1.544344 0.598979 1.076861
-0.230730 -0.059638 4.428241
1.822961 1.889416 -1.640844
0.855095 0.335664 4.155647
1.585342 0.620271 1.108630
-0.331951 -0.104605 3.956426
4.005855 2.286664 -3.273874
1.526825 0.590555 1.068123
4.659990 2.607235 -4.810975
1.564650 0.611030 1.096259
2.321960 1.774889 -1.003780
10.344212 1.791329 -7.034641
-0.707230 -1.780757 3.337925
1.259825 0.709135 1.189004
2.049262 -0.274750 5.121305
0.815301 -1.958892 3.410229
7.722448 3.103573 -7.816907
2.085946 -1.986066 5.328614
3.862124 2.175199 -2.777017
0.252600 -1.991698 3.874681
10.559947 0.607740 -7.756203
-0.486976 1.018179 2.475700
4.285533 2.194652 -2.697297
4.139046 2.499464 -4.532854
-0.006150 0.922827 3.087569
5.255381 0.867850 -2.686201
3.974755 -1.520060 5.147958
4.018396 0.025974 -5.701189
-0.245768 1.113857 1.973527
-0.804104 1.041542 2.201321
-0.533788 1.092248 2.078826
-0.778194 -0.093940 4.105147
-0.604033 0.256938 3.870380
3.747208 -0.315464 4.693682
-0.758095 0.621685 3.757521
2.126694 2.065048 -2.407962
2.656965 -1.880632 3.027885
4.224021 2.138288 -2.463881
8.799516 0.793707 -8.999747
2.374885 0.300726 2.895324
3.918541 -0.016487 -4.419474
-1.825085 0.854289 3.198128
0.704262 0.972487 2.819464
4.631459 -0.420429 -3.782146
2.427990 0.391699 5.262593
0.390846 0.960995 2.835466
0.027127 1.078265 2.186317
0.384305 1.124406 2.069470
2.668007 -1.894576 3.046709
11.464212 3.663093 -9.349939
-0.234352 0.515074 3.603827
9.336741 0.363582 -6.993811
0.054936 0.125197 3.279386
0.488317 0.087418 3.955524
9.089699 0.808385 -8.307848
1.920110 0.502100 3.003367
8.176465 0.660582 -8.611201
0.396826 0.859943 3.330481
4.237107 2.567864 -4.627723
-0.240039 0.060901 3.591094
-0.156449 0.233149 3.495461
2.421933 -1.707999 2.745948
-0.327914 0.423721 3.843459
-0.136778 0.484960 3.556747
3.967303 -1.250810 6.092488
7.580721 0.180463 -6.323457
4.191537 0.753527 -6.644279
7.270600 3.284184 -7.823839
3.176797 2.170052 -2.845597
0.956405 -2.179447 4.608992
5.208217 0.371276 -2.682976
-0.269714 -0.173864 3.966580
6.062636 0.380961 -7.320451
2.409001 -1.732544 2.370351
8.307583 0.295438 -6.798954
8.587438 3.378302 -7.918799
8.317978 0.321500 -6.726649
8.587092 3.380244 -7.920424
3.045370 0.021713 -4.570972
-0.697331 -0.027738 4.091443
7.185469 0.056341 -4.809327
2.924990 -1.575473 1.957278
2.703009 -0.296389 -3.019124
8.411386 0.276438 -6.662010
0.938957 0.880817 3.329638
5.468847 2.418970 -3.752691
2.379814 -1.826393 2.286794
9.969540 3.626049 -8.970602
5.081258 -0.503422 -3.589063
5.044219 -0.371851 -3.917460
4.323527 2.570379 -4.613905
1.093421 0.058811 4.184518
4.202758 -0.264254 -4.761665
1.078541 0.440823 4.058873
-0.787747 0.965888 2.759689
10.715248 3.256102 -7.090003
-1.105745 0.924309 2.873066
2.206989 1.914343 -1.719726
3.643793 1.880368 -5.088335
7.694182 0.207387 -6.251907
-0.907423 0.984137 2.500129
2.866003 2.151992 -2.743772
3.522933 2.001381 -1.928027
4.942387 -0.151357 -3.673318
7.515460 3.015481 -6.410493
2.545328 2.179254 -2.911762
8.390764 0.507993 -6.091374
1.971146 -0.265974 4.928745
8.784451 0.806541 -7.908778
9.160636 0.606853 -8.707458
6.694757 0.482466 -7.821971
0.304526 0.181233 3.219556
0.252663 -1.995944 3.879445
8.251225 2.070743 -5.742044
0.704962 0.964836 2.795115
4.021019 -0.188658 -4.516451
3.654998 0.002263 -5.610256
10.136331 0.738611 -9.105349
-0.009880 0.914516 3.067557
2.640264 1.438902 -4.261628
9.707673 0.902210 -9.605337
-0.195389 1.116332 1.956282
6.394325 -0.165207 -4.422530
4.011922 2.294554 -3.277362
-0.795382 1.039401 2.196784
7.269437 0.232285 -7.134937
-0.530491 1.086870 2.067378
5.013999 2.517617 -4.286355
7.210658 2.995196 -6.348921
-0.131840 0.747281 3.725326
7.857045 0.538560 -5.507466
12.024083 1.663113 -9.928609
2.063542 1.886050 -1.492077
-1.274070 0.844823 3.251283
10.828568 2.646899 -8.039124
9.665529 0.472975 -7.698332
-0.988443 0.582894 4.022144
1.272921 0.355855 2.358810
9.649383 3.569716 -8.796294
0.723236 0.994694 2.889330
7.132993 0.230096 -7.019745
-1.019204 0.936847 2.804682
7.257923 2.958376 -6.142064
1.158937 0.933626 2.895485
8.416297 0.552246 -9.047662
0.773243 1.137296 2.552374
3.027912 2.421677 -4.077359
9.923663 3.604734 -8.941598
6.741852 1.584356 -6.638647
1.181820 0.518757 2.174549
10.148697 3.499944 -8.435043
5.884267 0.021707 -5.668321
0.395387 0.966339 2.841836
0.027028 1.090207 2.210356
10.633129 0.629893 -8.191797
3.028887 1.515815 -4.607463
1.158468 0.925584 1.987585
2.601445 2.303387 -4.054436
12.033597 1.291095 -10.899914
4.255326 2.176815 -2.684358
5.532110 -0.273516 -4.119260
0.507680 0.969974 2.899629
4.169188 -0.508186 -3.369771
8.108268 0.691118 -8.445810
0.400955 0.869995 3.368421
1.679891 0.556083 1.285903
1.644902 -0.420361 5.226221
11.083465 0.679327 -8.415925
9.601562 0.429684 -7.595190
1.591621 -0.024738 5.046182
-0.222188 0.057718 3.406250
1.568512 0.537432 1.257129
3.715636 1.598814 -5.145390
1.610663 0.553441 1.292397
9.275039 3.118294 -6.709188
10.820788 0.594612 -7.987945
7.329622 1.732478 -5.097111
9.893944 2.772198 -6.775347
-0.248997 0.554551 3.895303
3.032515 2.370312 -3.799908
10.110182 3.577738 -8.970893
-0.138341 0.499165 3.642662
3.070679 -0.042261 -4.663705
3.881014 2.171730 -2.835719
10.610312 0.625955 -8.295633
10.383534 3.484329 -8.931059
7.643678 0.735167 -8.409005
3.903692 2.195445 -2.850512
3.506536 2.272711 -3.307455
1.102007 0.044779 4.149156
5.914708 0.409874 -4.087138
1.094729 0.444005 4.092557
1.599316 0.567435 1.159245
4.305298 2.115026 -2.401947
1.395079 0.431309 4.355417
1.606314 0.570300 1.163864
3.852467 -0.230260 -4.466641
-0.869227 1.011352 2.535150
2.916893 2.369409 -3.782864
7.672534 0.316426 -5.635156
-0.197658 -0.020129 3.560267
1.519662 0.564066 1.232366
3.628153 1.606252 -5.081926
9.493586 0.592645 -7.799793
0.069192 0.129890 3.523924
3.094516 -0.431084 -3.544291
9.731354 0.502126 -7.136247
6.977934 2.731715 -5.067252
4.370465 -0.365515 -5.265539
10.573269 3.232815 -7.103804
9.958849 2.208968 -6.912714
9.337194 0.980846 -9.525164
0.332846 0.405374 3.825435
4.741787 2.335477 -3.572784
8.885593 3.153210 -6.871591
-1.045544 1.019702 2.407465
4.578821 1.088256 -1.667874
0.512477 0.099280 4.185003
0.811685 0.112159 4.160611
0.259102 0.993832 2.639171
2.738492 -0.612595 -3.136233
0.641088 0.414726 4.419240
3.876118 -0.664272 -2.732895
9.693398 0.609646 -7.026524
10.604917 0.610606 -8.102132
0.900955 0.350963 4.287230
1.435584 0.720331 1.141171
4.028621 -0.793599 -2.031489
3.734467 2.476285 -4.448024
4.675211 -0.652143 -3.248626
3.811445 2.159075 -2.666473
10.338091 3.323073 -7.470491
-0.411379 1.017703 2.457612
3.805882 2.155521 -2.669822
1.409574 -0.009009 4.046875
1.369776 0.170435 3.557694
9.709949 0.760501 -8.032827
3.013997 -1.776715 5.480681
3.375802 2.462612 -4.763144
0.669197 1.008529 2.669644
5.314412 0.254438 -2.745074
4.769956 2.659384 -4.998272
1.139390 -2.000063 3.429455
1.765617 -2.336922 4.252850
2.379739 0.115687 3.160150
10.168767 3.390608 -7.737954
1.395376 -2.036448 4.087990
2.630970 -0.129696 -3.837717
10.558262 3.223583 -6.996628
1.613345 -1.962410 3.963785
6.733538 0.230181 -5.594398
2.714061 -0.171726 -3.735529
6.213026 2.676233 -4.855417
3.534679 -0.689573 -1.742148
6.734839 0.003472 -5.573881
3.838529 2.128995 -2.508204
6.776264 0.014493 -5.621171
9.881428 0.846049 -9.285997
0.833411 -1.994220 3.477668
2.915844 -2.197383 5.447767
6.756805 0.212996 -5.528345
5.195378 2.505651 -4.249687
1.026359 -2.116516 4.316175
2.298685 2.254189 -3.782174
2.863876 -2.146025 5.322679
10.699107 0.581889 -7.823337
5.363407 2.483167 -4.036938
3.954021 2.100249 -2.321308
-0.712897 -1.786074 3.366677
7.411741 1.783229 -7.357077
0.004944 0.915768 3.064114
4.377022 2.333372 -3.492279
1.403636 0.778784 1.172745
-0.174918 1.113177 2.143717
4.282280 2.047206 -2.031776
3.844241 0.502093 -6.157526
-0.109521 1.103709 2.125759
-0.195003 1.124573 1.966832
9.735110 2.197110 -6.759209
9.730951 2.197669 -6.761112
3.255149 2.499995 -4.506963
0.523159 0.918062 3.223596
3.089208 2.238335 -3.180561
9.717558 2.255356 -6.725923
1.166208 0.044526 4.301373
9.706038 2.252954 -6.731461
-0.260692 -1.923961 2.976606
1.226517 0.620247 1.236247
4.339576 2.348978 -3.498670
1.276705 0.398126 3.921005
6.781766 3.095220 -7.058600
-0.718744 0.644418 3.778070
3.566027 2.439288 -4.166199
-0.100100 0.926201 2.956246
3.577881 2.458598 -4.183957
-0.652888 0.827000 3.441118
0.493869 0.770616 3.840983
0.760369 0.694106 4.191048
0.394166 0.846722 3.263180
-1.343506 0.978222 2.563075
4.335975 -0.538781 -3.478411
0.028882 1.087245 2.200431
3.841832 -0.674319 -2.820877
-0.927900 0.974766 2.692269
0.317408 -1.869897 2.961076
12.937788 3.471313 -8.516000
3.656448 1.673256 -5.452229
0.146954 1.135742 1.938786
7.969412 2.814305 -5.409988
5.266294 0.255210 -2.720224
4.415112 2.584903 -4.603575
-0.214338 -0.033726 3.891312
3.387383 2.101634 -2.463041
0.088341 0.113624 3.248016
8.858807 0.869107 -8.029719
7.184733 2.999326 -6.361314
0.395945 0.099209 3.777772
10.023221 3.609970 -8.805335
3.533727 1.702306 -4.668761
0.318000 0.611110 4.266687
-0.222731 0.060696 3.583185
-1.362461 1.012305 2.470937
-0.120161 0.178975 3.342975
-0.255104 0.569226 4.030036
5.473671 0.278456 -2.552622
-0.139257 0.439559 3.320450
3.684431 -1.945491 5.164938
4.870383 -0.013098 -3.075613
1.680515 0.229521 4.700766
4.588800 2.571449 -4.750594
1.955773 0.280241 4.613974
6.255752 0.288861 -6.162768
1.497359 -2.057415 4.064752
4.205741 0.004210 -4.130468
-0.492597 0.984725 2.592746
-0.968934 0.995433 2.438919
3.273945 2.077520 -2.337598
4.707562 1.079183 -1.982881
1.231362 0.818456 3.778712
1.038611 0.853304 3.557582
2.945751 2.115293 -2.587242
0.359693 1.061511 2.248688
2.937309 2.108339 -2.551720
3.629956 -0.262377 5.194983
3.511817 -0.678788 -1.776833
6.985337 2.744541 -5.076199
10.414149 0.750672 -8.434515
2.999933 -1.681954 2.241407
10.714654 1.376639 -7.625306
3.995839 2.278500 -3.270361
5.469636 2.665789 -5.189106
0.293648 0.973881 2.807345
3.604007 -0.706497 -1.775829
7.583035 0.135138 -5.461018
-1.410563 1.045717 2.202003
10.812852 0.580845 -8.010505
9.490699 3.098293 -6.489890
4.707581 -0.350645 -3.861054
12.531491 0.839747 -8.945108
6.385006 2.391255 -4.112847
3.578060 1.148426 -0.952401
2.967387 -1.722858 2.230265
9.441772 0.426168 -6.788938
-0.420392 1.130961 2.058732
9.159287 3.218197 -6.777778
9.699110 0.867622 -9.221678
4.773433 -0.418904 -3.752403
9.893786 1.353773 -9.811682
-0.248026 1.124540 1.994798
9.192516 3.174414 -6.720524
6.312122 2.604643 -4.567338
9.446816 0.721378 -6.936866
7.293783 0.479707 -4.719657
5.557677 2.334099 -3.479342
10.702760 3.247108 -7.084869
9.741666 2.351806 -9.708303
9.881745 3.494414 -9.332231
-0.205533 0.674237 3.635561
9.426796 0.817555 -6.910417
4.542295 -0.687967 -2.589082
11.485457 3.329349 -7.661104
-0.486921 1.036913 2.365258
9.632098 0.625872 -6.990647
-0.291087 0.823739 3.453018
10.017292 1.357345 -7.385635
-0.745367 0.972426 2.077147
-0.026466 0.828287 3.563400
2.511606 -1.780356 2.114524
5.310806 0.408286 -2.619837
-0.727599 0.953651 2.041187
2.602184 -0.589810 -3.181911
9.711649 0.599282 -7.016354
0.909257 0.919058 3.044883
-0.779831 1.026761 2.176297
9.327167 2.145340 -6.465893
11.977362 1.472027 -10.215219
2.455384 -0.684582 5.719845
8.366841 0.550745 -9.055437
3.400720 1.768572 -1.310643
7.988946 1.812548 -5.708013
2.095789 -0.080667 4.837305
7.467592 -0.122392 -6.045491
9.336459 1.592241 -6.720707
0.706714 1.110899 2.149141
9.235615 1.985345 -7.813194
10.593288 3.210955 -7.037700
0.503664 1.142427 2.145630
2.906710 -0.340993 -3.276593
11.270802 2.491135 -7.779521
3.874747 2.581133 -4.873107
2.829643 1.991926 -2.056053
0.297452 1.047949 2.392096
9.879015 0.844720 -9.287386
2.122820 2.055228 -2.398206
9.239373 3.022523 -6.541902
2.508278 0.416867 2.135708
13.814889 2.148621 -9.186468
3.445155 1.848728 -1.335396
6.806060 0.198393 -5.601650
9.329378 3.135433 -6.680748
10.393035 0.689173 -8.422262
3.361216 -0.814339 -2.123861
6.855350 0.189718 -5.684737
-0.975518 1.078835 2.031786
3.049835 -0.218437 -4.355894
0.702367 0.965130 2.803295
7.971031 3.373862 -8.087871
-1.288066 1.104330 1.965978
8.707178 3.224720 -7.242542
-1.097667 1.095641 1.937417
3.118591 -0.832968 -2.330976
1.691437 -1.405247 2.251366
9.458074 3.057350 -6.394758
0.034311 1.063091 2.158763
9.877835 0.807054 -9.151669
6.782984 2.570367 -4.289674
8.938277 0.207088 -7.146714
12.590765 2.716077 -8.426924
3.841677 1.676084 -5.466911
8.763709 3.190749 -7.042172
4.275113 2.189028 -2.689655
6.601052 0.220735 -5.602657
-1.116690 1.111367 1.823505
3.089483 -0.839854 -2.239469
7.475925 0.023760 -5.109616
-0.750327 0.192528 4.001626
3.019072 2.360066 -3.838651
8.744379 3.164945 -6.937836
-0.725538 -1.733821 3.418498
2.120500 1.981740 -2.087384
2.071030 -1.957358 5.215489
10.458246 0.589873 -8.048505
0.942793 -2.161711 4.578771
3.777452 2.238046 -3.033880
9.687999 0.609900 -7.023878
0.491771 -0.155802 5.010890
1.809533 1.204921 1.788275
-0.436318 0.763877 3.585272
11.546673 0.810386 -8.741190
-1.159018 0.749413 3.739869
-0.333326 -0.070241 3.767691
9.523232 0.788239 -8.589311
2.430248 1.889461 -1.513039
-0.977526 0.835827 3.381242
-0.895383 0.858150 3.263715
-1.170621 0.908033 2.896560
3.505838 2.493920 -4.314598
1.081412 0.665443 1.421919
8.943720 0.903652 -6.489241
-0.972521 0.988859 2.553080
3.117955 1.861401 -1.207315
-0.577885 0.943554 2.780284
-1.835520 0.859587 3.214989
9.267367 0.290075 -8.077611
-0.302754 1.031772 2.379683
3.382127 2.524845 -4.759633
-0.239527 0.772003 3.288618
3.837221 -0.038907 -5.709079
9.619983 3.438021 -8.066142
10.290865 3.168876 -6.843834
-0.107927 1.095103 2.110061
10.367664 2.215592 -6.992527
-0.192697 1.112386 1.944458
0.053342 0.577316 3.601702
6.781057 2.811629 -5.386063
0.332540 0.607722 4.056171
4.173057 2.152491 -2.494416
1.421909 0.847898 3.381463
9.926825 1.903077 -7.011329
2.495578 1.797155 -0.922277
0.227459 0.884110 3.328726
9.408314 3.485919 -8.461387
-0.136006 0.199723 3.645120
2.467335 0.407794 2.100160
3.922313 2.474757 -4.319415
-0.233202 0.525601 3.726684
2.485997 0.410067 2.118582
-0.145947 0.452256 3.397874
1.224849 0.956581 2.658532
9.630650 3.004947 -6.540677
2.755037 -0.383801 -4.036763
0.499495 0.928686 3.144094
1.583651 0.585754 1.302426
-0.025700 -1.874208 2.983510
10.139124 3.542005 -8.504807
6.318494 0.039745 -5.517353
-0.037357 -1.882386 2.991576
0.353236 0.088708 3.324847
2.106075 0.362858 2.276277
-0.327670 -1.978739 3.022237
0.057108 0.492205 3.332682
4.671554 -0.531147 -3.216846
0.332865 0.639519 4.446126
4.559481 2.473841 -3.001468
-0.763506 0.073850 4.038981
9.735149 0.213533 -8.454937
8.809493 3.372057 -7.640716
1.256393 -2.097626 4.170545
5.001168 -0.071553 -2.656568
1.721622 0.616032 1.161414
-0.535403 -0.003799 3.786448
3.129393 1.735426 -4.719153
-0.687362 0.380001 3.776126
4.770583 0.657569 -3.102238
-0.329780 0.917602 2.916324
1.709039 0.233461 4.791085
10.989379 0.683910 -8.427697
9.681477 0.517567 -7.046898
8.818330 3.392489 -7.628663
1.972560 0.283599 4.638264
12.538326 1.073169 -8.478821
2.069717 1.884037 -1.557171
12.277950 2.637998 -8.432593
11.580986 1.179592 -8.126019
8.612831 2.812111 -7.492117
6.553639 0.233878 -5.570589
0.467689 0.904040 3.104224
1.930723 0.641411 4.458373
9.025176 3.268207 -7.314304
7.644654 0.301503 -8.620160
0.540497 0.949041 2.936634
2.510191 1.825077 -1.223689
11.383477 3.498187 -8.029887
3.225064 1.423285 -4.714944
8.909017 2.161953 -8.956853
0.250457 0.918990 3.072496
6.458258 -0.054285 -5.200340
4.160762 2.385484 -3.772793
-0.815257 0.991770 2.835074
-0.152891 1.026215 2.464235
3.974643 2.407226 -3.903338
9.759753 0.484703 -7.417380
4.025594 2.412155 -3.849007
1.608575 -1.327355 2.106174
3.431869 2.512681 -4.448976
6.173116 2.551528 -4.411068
-0.381249 1.034783 2.450515
9.754654 0.494144 -7.194639
6.041468 -0.983912 4.795240
7.158167 -0.384136 -5.893806
3.095851 0.005709 -4.646489
1.215043 0.526746 2.258150
-1.223206 0.983863 2.503629
6.366134 -0.078198 -5.109914
5.890149 0.266159 -5.748135
3.983681 -0.597283 -3.100617
-1.474559 0.962583 2.342500
1.515844 0.676977 0.966644
4.050067 0.000187 -4.566420
12.214280 3.039541 -9.189503
-1.331743 1.019247 2.292794
1.136940 0.422464 2.000869
11.815784 0.647447 -9.981606
0.857610 -2.024903 3.514562
5.322114 1.126705 -2.675882
0.645793 -1.962228 3.499957
4.144062 -0.731975 -1.852050
1.161949 -2.032143 3.501565
9.426462 1.771754 -6.763176
4.134517 2.132263 -2.482758
-0.383351 0.991309 2.610182
0.090825 0.994524 2.603549
1.086038 -2.244844 4.386882
9.416798 1.721951 -6.738357
4.324738 0.011427 -4.196925
9.475083 2.619017 -9.456636
12.544081 0.793357 -8.927067
-1.026594 1.011693 2.704735
0.502312 0.994483 2.728137
1.154319 0.921063 1.977291
-0.856410 0.999644 2.554852
-1.517394 1.043379 2.182028
4.986008 0.759525 -3.041768
0.119816 1.100544 2.302898
10.188153 3.248245 -6.913911
-0.488947 1.022938 2.487678
3.909685 2.193951 -2.849429
-0.478352 1.010071 2.455245
3.915638 2.304313 -3.388784
0.542370 0.088828 4.257672
9.361877 2.047712 -6.654703
9.696227 0.510655 -7.640836
10.129982 3.221313 -6.795644
0.785445 0.114657 4.269527
3.030092 2.366719 -3.798261
3.964907 -0.148503 -4.507247
0.646809 0.414028 4.467243
10.230440 2.681652 -8.229582
7.542479 0.133264 -5.437877
9.761827 0.415961 -7.846795
3.878059 2.491049 -5.018666
0.900970 0.349937 4.145142
3.085060 2.249962 -3.191908
2.720215 2.291323 -3.456537
4.092449 -0.855610 -1.987938
7.042932 -0.206818 -6.164776
4.063210 0.213675 3.937694
1.929297 0.668066 4.427171
9.455404 1.729048 -6.750918
0.543139 1.023576 2.451846
9.456609 1.710591 -6.743736
10.005294 3.631656 -8.892595
4.158548 -0.872064 -2.018294
1.601705 1.126371 1.939240
-1.599880 1.025242 2.243814
3.106042 2.496548 -4.392631
1.405341 -0.010673 3.990317
1.683940 1.917374 -1.828055
11.839151 0.835092 -8.536366
-0.807934 1.064201 2.242047
9.299832 1.954914 -6.428858
-0.205519 0.983286 2.663561
2.565793 2.072551 -2.472804
2.320811 -0.647419 5.414426
4.153103 -0.843187 -2.081500
2.026732 -0.667056 5.565577
6.850603 -0.198145 -6.333877
6.193651 -0.123237 -5.406880
2.955620 0.110358 5.267637
5.223006 0.871088 -2.685935
3.285678 0.003482 -4.964735
-0.466876 1.105850 1.960090
1.146507 0.873152 2.444329
0.765954 1.004381 2.692064
3.677339 1.653419 -5.200418
-0.522796 1.078602 2.049665
-0.644376 1.098577 2.101763
11.078548 0.540899 -8.027005
0.646902 1.064022 2.898291
1.422222 0.459908 2.160126
9.704854 1.076303 -7.005578
3.885310 2.453593 -4.798794
4.096417 -0.374155 -4.831625
3.489388 2.479205 -4.304198
-0.496377 0.965361 2.768663
10.660598 1.375961 -7.601060
-0.230472 0.062157 3.590003
2.182104 0.383121 2.345155
6.323827 0.034908 -5.519754
0.945448 1.114414 2.135832
-1.493223 0.915741 2.724379
8.662713 0.780454 -7.770184
-1.214344 0.936185 2.791439
0.342635 1.121015 1.986260
3.924674 2.471566 -4.318789
0.240827 1.132910 1.966530
9.746492 0.214299 -8.455868
4.417725 2.447230 -4.002178
8.895770 3.228394 -7.303287
-0.248771 1.130811 2.005378
-0.904685 -2.016541 2.935734
-0.418048 1.124297 2.046077
2.591201 0.387199 2.248595
-0.442478 -1.892641 2.998018
-0.461607 1.079055 2.190786
4.971919 -0.282063 -3.496076
-0.012649 0.927571 3.103001
3.611780 2.464275 -4.935944
2.439780 0.480186 1.460946
12.098855 2.663634 -8.164703
3.894067 -0.649734 -3.114801
-0.293382 0.830226 3.480828
2.948919 2.125758 -2.563070
0.532089 0.856349 3.385049
-0.208890 0.681653 3.671196
11.186764 3.438152 -8.102388
3.343222 1.586358 -4.884400
4.501932 -0.648253 -2.410438
-0.249137 0.698509 3.860186
7.260524 2.775024 -5.464175
-1.391756 -2.002819 2.794965
-0.951146 0.828377 3.515888
3.347498 2.061153 -2.196420
8.343579 3.351213 -8.006010
-0.731258 0.708655 3.830673
6.757030 0.132241 -4.776465
0.370396 1.061212 2.362033
8.007714 2.392613 -6.816387
0.504203 0.994143 2.769257
9.361970 0.215918 -8.104667
-0.452428 -1.789359 3.500881
3.760982 -0.037461 -5.554033
5.727916 2.550595 -4.334784
5.838808 -0.237001 -6.105007
3.789793 1.627746 -5.371366
9.462666 2.846021 -8.139038
9.470234 0.605701 -8.596354
0.710483 0.908736 3.184048
2.122966 2.057080 -2.401736
0.413808 0.866905 3.342451
3.451948 2.039833 -2.178930
5.249390 1.268962 -2.360229
0.761601 0.686254 4.140692
2.375612 -1.700950 2.302597
0.495604 0.774916 3.900273
4.055632 0.006958 -5.796598
-0.678146 1.132693 1.881969
-0.699557 -1.666256 3.284622
2.867257 2.273226 -4.192449
3.250767 2.125930 -2.581855
9.368279 0.890096 -7.189575
-0.894436 1.048105 2.226149
9.794578 1.274724 -6.996164
6.293447 3.823596 -4.944433
5.521924 2.625035 -4.652604
3.625280 2.068750 -2.190611
6.481545 2.705293 -4.677241
9.178061 0.689723 -6.728642
0.702926 1.102987 2.132446
7.281321 0.477798 -4.709338
3.423311 2.369231 -4.637886
0.277684 0.998022 2.627587
7.373332 2.830310 -5.524831
10.455888 3.009623 -9.045715
10.995098 3.002667 -7.603373
5.493721 -0.343380 -3.855750
11.428822 1.136257 -7.911991
3.825180 1.677567 -5.116399
0.715331 1.036916 2.490284
9.380411 0.805681 -8.504462
0.608775 1.019082 2.602291
0.900442 0.973183 2.897231
0.710127 0.973279 2.815210
3.744086 2.319066 -3.490861
6.116599 0.292688 -6.029788
11.625845 3.438755 -9.921171
-0.739992 0.857560 3.278488
1.807906 -0.582965 5.316406
5.555529 0.422770 -2.719556
3.345973 2.168452 -2.746228
8.856841 0.770858 -8.941350
-0.485028 -1.942819 3.172396
1.039522 0.853685 3.567670
9.678531 3.243105 -6.228332
-0.665896 0.918915 3.257558
4.851991 1.847839 -2.914722
8.364207 3.360405 -8.029822
1.214305 0.806751 3.726942
0.956602 0.785448 3.736451
2.787331 -0.510144 -3.129217
1.299187 0.408828 3.984383
4.889412 -0.254011 -4.741676
1.461001 -0.012126 4.652582
9.642236 2.925319 -6.578655
1.136413 0.040587 4.165872
2.595848 2.110905 -2.506383
9.715250 0.673292 -7.368651
3.140660 -0.374355 5.966476
3.204699 1.966810 -1.865189
2.052683 0.301910 4.341545
1.886245 -2.142477 4.239869
3.815794 2.130797 -2.387227
7.702333 2.314505 -7.586711
1.498982 -2.182550 4.078799
1.699044 -2.227938 4.096459
9.798109 2.896458 -6.731368
3.182192 -1.697028 5.261405
8.054132 2.842326 -5.697777
8.274954 3.083982 -6.219194
1.002778 0.755771 3.949562
6.524432 0.346613 -7.420809
1.948132 1.866334 -1.488931
3.742452 -0.642280 -2.753819
0.352056 0.650158 4.368275
4.011789 2.390600 -3.835657
10.838120 2.320937 -7.499481
0.053200 0.598659 3.750773
10.443229 0.822213 -8.899451
8.349731 0.208312 -6.449290
6.877406 2.384196 -4.609754
9.961329 0.937446 -9.345131
0.898059 0.971985 2.890131
3.426359 2.500218 -4.435023
0.714281 0.982693 2.841445
3.426399 2.496884 -4.430294
1.556380 0.559209 1.263292
1.551481 0.556000 1.258109
0.322259 0.191216 3.399613
-0.628151 1.001575 2.556778
-0.849447 0.991313 2.537466
10.078581 3.085737 -6.773498
10.517474 0.851571 -8.906427
0.005375 0.760868 3.329606
0.543459 1.011383 2.649961
7.446264 3.039245 -6.577363
4.653544 2.303236 -3.334546
0.529991 0.965812 2.860497
3.748451 2.247620 -3.118702
2.709727 1.905806 -1.510686
8.338971 0.230063 -6.790884
1.619799 -0.459533 4.931491
9.841828 0.508728 -7.311541
1.838727 1.231753 1.815677
1.671934 -1.916880 3.807817
2.883655 1.850893 -1.326008
1.728146 -2.294865 4.160694
1.467036 -2.148817 3.988078
-1.272448 0.854147 3.267783
3.136887 2.106112 -2.428838
-1.240234 0.881541 3.031587
2.821749 -0.116064 -4.252988
-0.305123 1.038786 2.396105
3.116462 1.834357 -1.186207
5.458284 0.187891 -2.312037
3.179965 0.340122 -4.812770
-0.969047 0.984692 2.541492
8.831601 3.384894 -7.981483
10.641800 0.867008 -8.109382
-0.277113 0.051992 3.397270
12.780621 1.110890 -9.180058
-1.190555 0.921333 2.946327
7.021666 3.204555 -7.615192
2.501830 0.444596 2.148108
2.945401 1.888549 -1.482556
2.485107 0.442606 2.130794
11.191534 1.783200 -9.886165
3.480121 2.065278 -2.191243
3.837142 2.492269 -4.368482
0.532148 0.079514 4.188659
1.370232 0.349215 2.470636
1.405170 0.775640 3.912850
0.887738 1.127945 2.063595
3.500258 1.818559 -4.959312
-0.146837 0.251864 3.532238
4.449922 2.519426 -4.601405
8.521680 1.760200 -6.075448
9.161402 0.610309 -8.419360
2.779624 -1.903712 2.199152
12.572392 1.110614 -9.043984
5.978106 0.246965 -5.710171
-0.623196 0.261889 3.937223
3.258022 2.136662 -2.585778
2.118685 2.051566 -2.396964
-0.807245 0.163873 4.082250
-0.533200 1.097715 2.086938
13.540123 1.520703 -9.325286
-0.809071 1.063358 2.243201
3.936296 2.008634 -1.884561
3.553136 1.796682 -4.988379
8.060534 3.179750 -7.106401
12.822181 2.108749 -8.802999
0.932662 -2.140755 4.530748
2.799210 0.425621 2.404606
6.789704 2.543594 -4.334114
0.263872 -2.033693 3.965360
3.949117 1.998471 -1.874457
-0.736288 0.187436 3.936528
2.081046 -1.956535 5.236000
2.990775 -1.695773 2.125794
7.621980 0.560088 -8.210302
1.090324 -1.908580 3.285640
2.073355 1.876516 -1.415419
4.401985 2.450128 -4.004094
0.112209 0.107598 3.221211
3.865531 2.545095 -4.570525
-0.760298 -1.894840 3.581330
0.859133 -2.120605 3.183037
2.903450 -1.627613 2.173018
9.572975 0.961665 -9.540838
0.897198 0.350717 4.125775
5.159271 2.328555 -3.476970
6.115718 0.319332 -7.725719
7.823121 3.344625 -7.953894
0.652305 0.646595 4.440024
2.730039 -0.224659 -3.544283
0.818390 0.113439 4.240510
3.989482 2.125510 -2.240018
8.970905 3.142109 -6.718480
10.150484 3.205374 -6.895472
1.034008 0.848848 3.540065
10.108663 3.220403 -6.999182
2.966652 1.749323 -0.632292
0.710146 0.908384 3.192758
-0.785172 1.116381 1.942216
10.120659 3.231167 -6.999284
-0.205184 1.119546 2.095593
4.944451 2.597338 -4.731758
0.224299 0.872723 3.285624
3.654946 2.187174 -2.766648
-1.013538 1.093105 1.866681
3.822986 2.172780 -2.673838
0.048079 0.547945 3.403013
13.004967 4.294282 -8.682461
-0.355102 0.893280 2.998916
3.641359 2.216197 -2.924647
9.243703 3.015199 -6.573427
3.162318 1.879392 -1.357108
-0.888704 1.100494 1.947021
-0.612556 0.754901 3.835052
3.893689 2.191086 -2.791080
11.830695 0.472019 -9.109080
2.108746 -2.057012 4.494130
13.355774 1.130361 -9.078699
-0.721979 0.646614 3.780777
3.762537 0.891765 -1.442934
0.699384 1.063851 2.502180
9.379105 0.799225 -6.696812
1.829642 -2.123510 3.729736
11.972960 3.354211 -7.930416
5.268178 2.594565 -4.619141
7.886199 0.838247 -8.744475
0.709934 0.973945 2.818346
2.543749 2.181257 -2.913396
10.518550 1.471936 -7.213666
9.742772 1.032816 -6.981893
2.254750 -0.305890 5.663476
11.818335 3.233338 -7.878525
2.303097 -0.654261 5.412303
0.177500 1.049556 2.287523
11.985526 0.824191 -8.619865
2.231372 1.889128 -1.646891
0.146037 1.132752 1.931108
2.845596 -0.207384 -3.838050
-1.200492 1.069154 1.953592
3.996863 2.277518 -3.269175
9.688204 0.321445 -7.491093
6.606446 -0.117626 -5.117188
9.400681 3.097245 -6.653147
0.028831 1.091372 2.209322
5.717387 2.581558 -4.562373
8.170338 0.683519 -8.544685
-1.083216 1.081401 2.069139
3.500278 2.272121 -3.308405
2.221088 1.927660 -1.729541
-0.193312 1.117627 1.952291
4.875986 2.689402 -5.151620
-0.098153 1.107439 2.132873
-0.175023 1.118182 2.152508
5.916605 2.567245 -4.436690
-1.049778 1.062166 2.036510
3.747286 2.244920 -3.120526
8.145754 2.888112 -5.735199
1.114754 -1.954874 3.362777
0.292442 1.022675 2.343066
3.751235 2.245814 -3.122515
0.823175 -1.939582 3.378681
2.620170 1.989469 -4.143505
10.328000 3.261032 -7.174722
8.683104 3.067694 -6.505808
10.321548 0.681105 -8.270515
8.093885 3.190543 -7.183568
9.323106 3.212044 -7.221631
1.916673 0.233844 4.645426
6.780493 2.799529 -5.399022
11.049663 3.036510 -7.563154
8.976001 1.866142 -6.353963
-1.264631 0.843928 3.233721
8.114296 3.361615 -8.329202
11.987657 3.882046 -8.241522
4.839633 -0.187941 -3.600344
4.980045 2.763367 -5.517375
4.777397 -0.400745 -3.578893
3.351460 -0.857971 -1.983921
3.170373 0.033267 5.083897
-0.909656 1.062197 2.255682
0.397232 0.964308 2.833919
3.318014 1.813570 -0.888898
1.942379 0.643978 4.490884
1.388285 0.513020 4.107175
10.331542 3.322657 -7.463665
2.059204 0.293715 4.865906
1.422224 -0.010957 4.052139
2.450240 -0.186562 5.414075
3.753749 2.339539 -3.506284
9.550902 1.035605 -6.848124
0.278346 0.511596 3.437476
9.431265 1.584849 -6.739408
7.758336 1.855483 -7.721512
10.710716 0.590956 -7.980118
8.657284 3.160317 -7.097828
1.446545 0.722162 1.140765
-0.430711 1.030263 2.397223
8.230680 0.629307 -8.594598
0.339172 0.084933 3.210145
5.678045 2.157081 -3.580864
8.754720 0.785110 -8.832429
9.380147 2.187000 -6.668756
1.435095 0.745511 1.127044
9.437309 3.044149 -6.389648
3.526419 -0.680483 -1.782507
9.517754 0.597960 -8.636140
9.192598 3.153758 -6.713099
1.731041 -2.113706 4.165240
-1.133141 1.059057 2.328551
0.594030 0.982631 2.653607
1.470865 -1.936461 3.524831
8.791800 3.266263 -7.273541
-0.240031 1.026413 2.511026
9.529701 0.392020 -7.499521
8.565793 2.780885 -5.817761
1.414365 0.699652 1.112617
3.402658 -0.746161 -2.293567
9.578506 0.657856 -6.985934
2.619760 1.974622 -2.000466
0.983399 0.548071 1.504394
9.299562 3.127661 -6.715060
-0.579114 0.946536 2.787202
9.196289 3.201725 -6.742831
8.576253 0.861968 -6.427207
10.976399 0.617765 -7.866332
3.425973 -0.749904 -2.311903
-0.132905 0.432787 3.265744
8.266126 0.871000 -5.983010
9.311465 3.222383 -7.239670
-0.266269 0.580315 4.082031
9.164379 3.197881 -6.871795
-0.122921 0.187999 3.448899
5.039832 2.537754 -4.294979
11.307584 1.290064 -8.018374
-0.233620 0.060959 3.538780
0.982547 0.641999 1.552764
2.744287 -0.527187 -3.179162
1.377483 0.430352 4.254429
-0.953732 1.013253 2.347177
1.041640 0.416980 3.875451
8.545901 0.913126 -9.185049
1.548623 -0.014863 4.744497
9.175349 3.190221 -6.869517
1.548609 0.576047 1.256637
2.727445 -0.551053 -3.905442
1.093248 0.041365 4.049642
1.537617 0.571611 1.247967
7.748787 2.368705 -7.662728
1.538244 0.576829 1.249066
4.329879 -0.018887 -4.176200
8.456055 3.331181 -7.811545
-0.973251 0.806903 3.697650
10.226478 2.524441 -7.792578
8.431111 0.553779 -9.053755
9.169980 2.106408 -6.414700
0.079746 -0.070954 4.494708
8.288801 3.403676 -8.063856
1.983734 1.893482 -1.530944
-1.322618 1.005745 2.341823
10.999969 2.309084 -7.437044
8.331009 3.343488 -7.999546
8.261847 3.421518 -8.096021
1.635078 0.531902 1.239873
2.211462 1.841504 -1.297951
12.298622 1.422605 -10.822944
1.975109 1.934345 -1.612526
11.195898 3.438915 -8.161883
3.946646 0.022660 -4.434479
7.158347 0.228098 -6.816250
9.002244 3.259885 -7.221986
10.559175 0.613850 -8.112217
2.139106 1.876106 -1.421205
8.881418 0.793173 -9.492541
1.337446 -0.353180 5.421875
8.488861 0.627901 -6.510053
1.504759 -0.387980 4.705030
1.172335 0.498978 2.129050
10.771132 0.587050 -7.967786
9.544510 0.873071 -9.419002
-0.841181 0.977404 2.468040
6.177948 -0.120531 -5.380439
1.798952 1.198292 1.774844
-0.900462 0.983529 2.502553
0.412866 0.869004 3.360398
1.819300 1.216974 1.799384
6.104088 -0.211152 -6.056866
8.805317 3.180311 -7.231914
1.391956 0.768038 3.868815
6.335977 0.154052 -4.885408
2.834884 -0.306663 -3.173371
0.241492 1.130007 1.962196
6.013305 2.637467 -4.808390
9.665686 3.590586 -8.813544
9.643404 2.840681 -6.671432
7.207499 0.671976 -8.084366
10.769146 0.697145 -8.390534
1.308055 0.960709 3.059506
8.141271 2.883776 -5.749931
-0.985361 0.021041 3.974985
10.557277 2.222812 -7.122755
-0.621536 0.262044 3.942161
2.813442 1.757778 -0.948741
-0.632905 0.944337 2.745265
-0.530190 1.089204 2.070784
12.383186 2.125592 -8.460011
6.964537 0.597780 -3.173569
-0.797583 1.049925 2.211677
8.239492 2.808641 -5.557103
8.039694 0.710205 -8.376204
7.438101 3.510919 -5.515910
-0.244112 1.112826 1.971424
-0.200495 0.983114 2.648940
0.945038 -2.158727 4.567064
0.699110 0.960777 2.790942
4.086601 -0.204060 -4.675248
0.269428 -2.084873 4.063748
0.007589 0.927244 3.099410
2.079276 -1.964547 5.240407
3.116708 2.110593 -2.532376
10.350307 0.600612 -9.067567
10.476597 0.628180 -8.751792
2.990023 1.789652 -0.963450
1.839510 0.383642 2.248495
9.068748 0.823548 -8.291379
3.315102 -0.068588 -5.116338
4.741623 1.145835 -1.731033
0.515203 0.905965 3.183520
0.890145 0.957848 2.851485
2.791691 1.851418 -1.344118
7.149513 2.986402 -6.332659
2.184379 0.391570 2.370455
3.139321 -0.579431 -3.806495
-0.722956 -1.806518 3.411772
11.646445 3.338915 -7.793228
2.600364 2.301590 -4.053720
7.460402 1.297292 -5.177529
8.819779 3.412293 -8.029315
-1.104914 0.921869 2.864414
8.852361 3.401167 -8.004910
2.049226 0.344636 2.278398
5.232088 0.259639 -2.708358
7.578219 2.981290 -6.191629
-0.006078 0.775732 3.376483
9.944750 3.232657 -6.845823
8.195991 0.702797 -8.538331
3.600387 2.091663 -2.364255
5.192706 -0.095222 -4.342092
2.558662 0.428987 2.078166
3.598436 2.086985 -2.361431
5.723773 2.074508 -6.916752
10.425085 3.443728 -8.948590
4.543863 2.482551 -4.714311
-0.192902 1.116220 1.950761
11.245206 3.201713 -7.395504
3.711412 -0.612369 -1.794393
2.523100 0.437060 2.162073
10.187581 3.297778 -7.339148
2.256423 -0.304054 5.651831
8.289681 0.174951 -6.303136
1.423154 -0.022406 4.512868
7.974482 2.340556 -6.887631
8.283380 2.838848 -5.535389
7.019164 0.620355 -7.413841
7.475703 2.979179 -6.374806
3.347198 2.176579 -2.776872
3.655722 -0.620989 -2.865455
3.351030 2.174689 -2.776112
8.291271 1.776121 -5.792639
0.706270 0.903525 3.182261
3.374642 2.186109 -2.776297
4.619704 2.562542 -4.747215
0.986287 0.801008 3.858438
-1.108488 0.929172 2.892066
2.941427 -1.585226 1.925855
2.917398 -1.574336 1.913466
5.813484 0.445029 -2.388948
2.922138 -1.577275 1.918420
1.219745 -2.040762 4.046956
1.002322 -2.100061 4.325068
1.181165 -2.282245 4.203212
0.828983 -1.960189 3.416345
3.069374 -1.654423 2.052540
-0.227669 -0.030504 4.111593
3.045561 -1.640047 2.031531
8.446300 0.281436 -6.836140
-0.261978 -0.188247 3.710509
9.976182 1.313660 -7.620800
0.304091 0.576545 4.000186
0.072845 0.422249 2.925051
4.080724 0.444997 -6.688090
5.199579 2.484422 -4.121189
0.375197 0.096909 3.660731
6.691020 0.199974 -6.307147
0.076687 0.121666 3.318764
0.558640 1.045316 2.807219
4.648302 -0.084562 -3.629211
5.404587 1.051392 -1.758411
7.950739 0.709763 -8.687214
0.534799 0.924936 2.865522
13.734685 1.764831 -10.512474
8.392181 3.329742 -8.489148
1.050022 0.405924 4.980488
4.520004 2.236771 -3.007196
10.462753 1.018112 -8.041430
0.645024 0.635710 4.378505
3.652998 -1.568726 4.227894
3.583720 1.842588 -4.972572
0.524729 0.093070 4.183597
1.898824 -2.295143 4.648320
2.896861 0.163901 3.898416
11.066621 0.654821 -8.447248
4.757596 2.649278 -5.005131
1.742368 -2.298447 4.176525
2.167163 2.053354 -2.306783
2.676298 -1.905928 3.063351
1.142958 -2.003732 3.437646
2.646841 -1.728485 2.913028
1.274787 0.394095 3.941024
1.067732 0.429001 3.976770
2.167104 1.903743 -1.401243
1.151219 0.053091 4.291145
3.898376 -1.060762 4.685289
3.360233 2.453091 -4.186977
2.135526 1.858114 -1.380449
1.924172 0.335520 4.501497
1.589263 0.607010 4.659441
4.255132 -1.479006 5.234452
1.976987 0.285667 4.663782
9.448664 1.749394 -6.755937
2.940983 0.297602 5.475156
3.934996 2.365920 -3.708304
2.921391 1.989301 -0.892695
1.401669 -0.009081 4.006953
9.430561 2.177325 -6.669973
10.241573 2.173425 -6.891822
9.492192 1.579072 -6.788982
2.951055 0.201870 4.670060
10.091079 3.174137 -6.806027
1.885374 1.923181 -1.759951
8.384394 3.365482 -7.829216
2.774337 -1.814299 3.059672
3.373869 2.467929 -4.273028
5.532083 2.601864 -4.647464
3.270028 2.052714 -2.215348
1.774180 1.937937 -1.891282
5.537391 2.619026 -4.672377
1.771168 -0.482638 5.492035
-0.135364 0.487840 3.561481
3.074276 2.094453 -2.439132
4.021543 -2.101532 5.558532
-0.531115 -0.020408 4.260829
-0.233548 0.524006 3.694767
3.330817 1.915717 -1.516743
2.749651 0.275425 5.089805
10.213145 3.139840 -6.807623
-0.232655 0.061512 3.559709
2.436607 0.119955 3.250267
0.045625 0.525393 3.248845
1.390931 0.765676 3.883397
2.996483 2.126849 -2.582036
9.617939 3.441536 -8.065262
9.461193 3.060518 -6.555127
4.446626 -1.690974 5.726954
0.028950 1.088700 2.202567
3.446255 0.075453 5.110959
0.753483 1.102693 2.475700
3.456426 2.042893 -2.179495
14.020183 1.839801 -9.584257
1.208078 0.979073 3.040929
12.429051 1.546509 -8.515339
5.951518 0.028600 -5.787904
0.709115 0.976170 2.828235
2.507042 0.241375 4.608952
1.853077 2.078266 -2.486143
5.479498 2.614303 -4.692580
-0.207088 1.127545 2.108140
3.604131 2.035590 -2.099852
5.429691 2.618161 -4.742995
-1.252975 0.836310 3.205767
3.047082 2.157292 -2.785837
11.866232 3.831619 -8.180706
-0.131088 0.747938 3.731921
-0.676445 0.635287 3.771885
3.246478 2.125005 -2.580292
8.386284 3.385269 -8.045547
4.442379 2.294009 -3.340339
-0.612590 0.256879 3.889539
3.251783 2.129981 -2.583182
11.241796 1.118527 -7.916723
-0.527630 1.089812 2.068540
-0.907391 1.060502 2.252860
4.002903 1.968021 -1.795562
3.039372 -0.211174 -4.559926
3.850877 -1.230090 5.938310
7.907577 1.788607 -5.579823
-0.616211 0.984371 2.512074
11.351132 3.481322 -8.400609
5.984546 0.241361 -5.641873
3.137321 1.678419 -0.720205
0.004432 0.908787 3.052769
-0.481038 1.011489 2.456925
3.597676 2.086053 -2.363544
6.061581 2.620306 -4.597935
9.286661 1.054109 -9.700944
0.255194 -1.975529 3.849264
6.070397 2.616939 -4.594764
2.102960 -1.989222 5.325570
10.296252 3.238364 -7.172777
3.298451 2.153037 -2.773421
13.490182 2.270060 -9.054997
2.934547 2.098956 -2.545253
3.919736 -0.266708 5.633337
4.401217 -0.612396 -2.281121
10.495816 3.204369 -6.962922
4.623802 2.209240 -2.946237
3.063046 1.932468 -3.889818
3.487912 1.821160 -4.958625
0.174379 1.064281 2.313391
4.988983 1.421014 -2.909666
7.410434 3.158279 -7.183842
3.112059 -1.509525 1.766287
-1.042928 0.882519 3.044459
9.747223 0.659435 -7.381212
7.438447 0.213713 -7.078355
1.030624 0.847868 3.534398
7.700230 0.106736 -5.516315
-0.432070 1.034742 2.404482
1.710095 0.638249 1.112202
4.096411 2.394452 -3.758110
6.132955 2.610466 -4.815786
7.914018 3.121196 -6.697421
3.128505 -1.520125 1.777408
-0.435486 0.955547 2.931551
3.330311 -0.229811 5.485642
2.564317 -0.336754 -3.720862
7.515615 0.616274 -8.443664
1.744970 0.625344 1.189874
9.745961 0.663094 -7.381572
1.711414 0.641978 1.116126
9.981119 3.568913 -8.765666
5.952068 0.258749 -5.778641
10.600645 3.507474 -8.764413
4.032460 2.306653 -3.292091
8.979026 3.266840 -7.291465
9.397955 0.663915 -9.755496
1.744363 -0.441028 5.549777
2.660954 0.480776 2.273438
8.582274 0.336664 -7.003615
2.715125 -1.652528 2.201643
3.333146 2.516819 -4.568070
6.099317 0.418310 -4.187994
8.470345 3.179163 -6.419968
9.890660 3.118953 -6.706187
6.461664 0.368350 -8.249093
-0.839275 0.979376 2.688993
-0.192192 1.040186 1.939345
9.160458 0.923354 -6.644757
-0.557949 0.904415 2.953585
1.449902 0.721457 1.142844
-0.104129 1.116353 2.155098
9.958017 3.247154 -7.090393
4.406011 2.393134 -3.790527
3.404643 2.537508 -4.649137
10.186825 3.270015 -7.216751
2.382267 -1.815601 2.189651
-0.302423 1.031348 2.378286
10.205139 3.351563 -8.791711
9.272266 3.119021 -6.714774
0.017499 1.020490 2.499515
3.988188 2.756631 -5.080978
3.536518 1.919223 -1.232492
-0.804357 1.046069 2.210380
5.017127 2.497629 -4.326362
2.488988 0.587420 1.553151
-0.296426 1.019572 2.354107
4.694444 -0.354411 -3.744128
2.478231 0.486989 1.497575
11.972354 0.802764 -8.587132
2.128680 2.063879 -2.408554
9.567691 1.681545 -6.765855
10.994020 3.225439 -7.260678
8.888901 2.824280 -6.083606
3.095268 0.879864 1.769422
3.329798 -0.726106 -2.577382
8.711482 0.401980 -7.044148
-0.480442 0.976224 2.663297
2.999069 1.793849 -0.967318
10.394471 3.232971 -7.078876
0.685441 1.034413 2.735886
4.989881 0.552310 -3.058900
4.747101 2.632152 -4.967140
2.278790 2.003172 -2.074724
9.722145 0.613914 -7.192238
9.005442 3.128432 -6.772200
2.460212 1.823398 -1.236418
-0.388763 1.041998 2.311748
3.944297 2.001129 -1.875832
11.368224 0.728229 -9.648823
1.625989 1.149355 1.967936
10.463440 1.081905 -7.276456
0.604078 0.993842 2.710682
4.569289 2.490913 -4.747222
12.485223 2.680453 -8.478869
0.328795 0.981869 2.662176
4.564054 2.083926 -2.147142
6.083258 2.576526 -4.480262
2.909389 1.804859 -1.121827
6.119374 2.517777 -4.388981
2.694686 -1.994127 2.319822
3.852451 -0.745103 -1.855868
-0.358915 0.893726 2.992824
3.768589 1.760639 -5.689505
9.568629 3.393469 -7.860492
3.585164 -0.680418 -1.819695
8.840734 3.199460 -7.121763
-0.977015 1.003857 2.453792
10.112385 3.553268 -8.918605
5.971523 0.249871 -5.659030
1.174185 0.881474 3.404056
0.005349 0.903093 3.028520
6.065078 0.166541 -5.789619
0.990382 0.983403 2.778953
1.935605 0.592019 3.111125
2.566020 1.914871 -1.666426
6.104015 2.504632 -4.383090
6.569380 2.520480 -4.187884
10.583881 1.305793 -9.483186
10.969317 2.387752 -7.538419
12.172858 2.418432 -8.213445
-0.179433 1.077724 2.145688
2.369906 1.893409 -1.586915
3.626474 2.017498 -1.965878
0.194926 1.121319 1.983722
9.171337 0.652206 -6.674760
10.738823 1.337283 -9.633748
0.020246 1.104785 2.129595
4.975427 0.540198 -3.065269
11.219722 3.423082 -8.325157
0.174209 1.055125 2.300277
-0.868423 1.019140 2.178333
9.402928 0.674691 -6.818432
0.080773 1.086436 2.134799
0.092335 0.994463 2.612695
0.518896 0.976639 2.638828
-0.496072 1.048096 2.394935
2.567187 2.075577 -2.474933
5.887532 2.691755 -4.963591
2.853490 -0.752738 -2.498968
3.044350 2.380709 -3.812213
9.023558 0.853177 -6.649334
3.394497 1.831501 -1.169668
2.954831 -1.634136 2.039247
2.373215 1.944774 -1.809901
5.723851 1.966751 -6.976423
9.567270 2.123514 -6.676308
5.774954 2.320412 -3.591670
-0.571959 0.883508 3.161477
2.758626 0.477597 1.736071
10.975560 2.382104 -7.534791
5.711524 2.585856 -4.564332
4.928351 -0.430872 -3.502906
4.641769 1.065397 -1.970058
2.695264 1.883688 -1.501644
9.446807 0.576233 -7.772552
3.038087 2.377258 -3.803218
-1.065368 0.901197 3.110965
4.532298 -0.057445 -3.857734
10.980679 1.552637 -7.584560
0.365090 1.043689 2.323859
6.202280 0.332108 -7.155256
-0.798449 1.045349 2.213491
3.040270 2.144476 -2.676213
1.177898 0.951829 2.968597
8.201993 0.109986 -6.253970
5.806365 -0.236614 -6.075963
3.263194 2.140974 -2.590976
3.488506 -0.537515 -1.854956
5.450443 2.993945 -6.620242
-0.160995 0.993043 1.966771
4.983670 2.775966 -5.526249
9.620784 3.433827 -8.064029
9.122942 0.402109 -6.596729
-0.711564 0.934467 2.856603
3.035798 0.858911 1.731562
5.914872 2.549890 -4.428546
6.585823 2.497503 -7.124789
2.572134 0.430409 2.092498
2.958995 1.758263 -0.923482
-0.372373 1.012213 2.399134
3.078545 -1.724468 2.144494
0.296688 1.108043 2.088820
10.044443 1.196349 -7.769366
2.067718 1.876353 -1.560031
-0.069145 1.081202 2.162873
3.758842 2.019907 -1.974443
2.475853 0.489138 1.488310
-0.585325 1.082387 2.035726
1.834185 0.618403 1.146561
-0.650203 1.046929 2.259478
3.615791 2.059000 -2.185116
2.716407 -0.195416 -3.601664
2.657202 2.006833 -2.021401
8.111660 3.213161 -7.146162
3.072013 -1.718009 2.138620
3.645493 2.211069 -2.875844
-0.991946 0.897105 3.147791
4.816924 -0.298183 -3.572908
10.401030 3.441422 -8.926251
4.352079 2.316292 -3.459003
10.098840 3.194550 -6.894762
3.959182 0.895697 -1.705730
6.098613 2.625613 -4.649222
3.308551 -0.849723 -1.883934
0.254200 0.996345 2.635140
3.399240 2.527792 -4.635099
-0.694016 0.915515 2.802837
4.545880 2.258016 -3.011640
-0.974838 0.874584 3.091976
6.144275 2.540263 -4.396613
3.730892 2.219651 -2.903035
8.893079 0.394839 -7.800050
5.511861 0.435272 -3.809828
1.681065 2.045285 -2.381976
9.441032 0.670590 -6.832767
0.020049 1.318221 2.547543
2.476281 0.594936 1.553260
9.573620 0.355870 -7.429026
11.115496 1.182030 -8.686760
8.875107 1.003329 -8.837870
9.004811 3.127024 -6.773526
4.782773 2.156336 -2.537449
1.700004 2.010977 -2.168517
1.236459 1.010215 2.148972
-0.530122 1.087036 2.068704
1.664572 0.546748 1.275874
9.193990 2.387330 -7.503837
10.382873 3.017415 -7.113553
11.219424 1.431328 -9.945875
-0.206724 1.009148 2.701193
-0.433194 1.035495 2.407945
3.487179 2.169698 -2.734226
6.122972 0.501629 -6.659130
-0.496427 0.888888 3.212826
3.739743 -0.731374 -1.672072
-0.735927 0.964734 2.506383
1.971633 1.924984 -1.908619
2.279598 1.950579 -1.792035
8.839817 3.398170 -7.990561
6.098565 2.624077 -4.647072
0.204660 1.009968 2.664412
1.012288 1.018064 2.858270
4.814717 -0.199169 -3.566388
2.380336 1.832218 -1.294320
2.754544 2.224289 -3.111196
2.463962 1.996291 -2.078986
7.972056 3.357437 -8.064228
5.525961 2.556506 -4.453695
-0.431926 1.035186 2.405055
3.090481 2.244858 -3.184877
4.661502 2.545494 -4.573288
11.455374 1.314867 -7.948306
8.455192 3.332300 -7.809656
8.564007 2.693241 -5.832259
9.400403 3.012001 -6.735945
0.369891 1.058795 2.358307
11.318460 2.285918 -7.806583
-0.440507 1.054134 2.445061
3.937696 2.083848 -2.316739
2.620728 0.640283 1.605801
3.111138 2.080347 -2.077553
-1.070987 0.918781 2.715176
2.100328 1.964672 -2.108461
8.599032 3.388314 -8.619145
0.977461 0.966706 2.732149
10.574542 2.276503 -7.129525
3.918545 0.885134 -1.653844
0.344687 0.951572 2.761855
2.007614 0.358934 2.354092
3.568427 1.735377 -4.759615
3.180572 2.103334 -2.458179
3.285037 -1.683740 1.461265
9.935994 3.221835 -6.979009
-0.808764 0.996553 2.846733
4.692861 2.078784 -2.103186
6.104103 2.592560 -4.489316
3.180735 1.947143 -1.853390
0.434055 1.105271 2.095663
10.146503 3.371603 -7.731609
3.433789 2.534745 -4.638890
9.349628 3.168521 -6.755734
1.453315 0.535652 1.134209
3.119344 -0.023970 -5.153819
1.085770 1.078880 2.394750
9.109505 3.245847 -7.239393
3.890968 2.247153 -3.040324
4.653707 2.305505 -3.334457
2.024911 0.639443 1.366782
4.600651 2.345024 -3.621568
1.561897 0.680543 0.993704
3.651602 1.118467 -6.041828
7.356205 0.092497 -5.708670
8.994235 3.272586 -7.307705
1.949183 0.535889 1.086540
5.086658 0.255628 -2.672374
1.003741 0.562397 1.513742
0.006354 1.103776 2.138660
-0.141504 1.093642 2.121109
4.350493 2.352086 -3.547775
-0.323941 1.052656 2.345334
2.096294 0.582721 1.182520
0.588567 1.045416 2.849064
-0.308834 -0.100822 3.807399
4.172236 2.242343 -2.759270
12.532706 1.526163 -8.949930
3.592290 1.792814 -4.987293
9.062104 0.978676 -7.559728
1.908163 0.416872 2.167256
1.337150 0.198045 4.013957
-0.750883 0.910618 2.888448
0.081058 1.103741 2.170264
9.201015 3.210035 -6.963881
0.090391 0.996463 2.612731
6.319473 -0.052800 -5.095423
1.256453 0.993534 2.731009
4.972056 0.775408 -3.020654
4.890714 -0.175079 -3.650095
7.467728 3.039279 -6.600936
2.764850 1.511001 -4.461791
8.725763 1.843714 -6.125463
4.960480 2.177953 -2.728729
9.257726 1.622184 -6.577899
2.493935 0.489147 1.514969
0.543302 0.945612 2.928653
7.419210 -0.264141 -6.877311
4.141293 1.034527 -5.038543
3.356236 1.906552 -1.593686
-1.008924 0.978287 3.291852
4.838925 2.067638 -2.223831
3.833875 -0.054290 -5.680866
2.635282 1.281150 1.611523
1.738925 1.141337 1.701853
4.739186 -0.113380 -3.534477
1.077243 1.069369 2.375778
1.255563 0.998582 2.748199
1.008869 0.560865 1.497385
1.652511 0.541231 1.267645
12.721989 0.994510 -9.083538
-0.360967 1.038983 2.463265
-1.094640 0.917941 2.857826
6.276103 -0.000946 -6.099321
6.443624 -0.099229 -4.923515
3.409803 1.030107 -5.628089
1.249856 0.551817 2.296059
6.080233 0.012008 -5.881432
3.631176 1.497567 -5.508967
2.606923 2.296535 -4.046592
7.673356 3.099504 -6.813277
-0.203354 0.979851 2.648441
3.790301 -0.570108 -3.301332
1.805635 0.794811 1.139054
10.396601 3.279806 -7.228963
2.762948 1.556077 -4.167535
4.278545 -0.503346 -3.113189
8.789230 0.269998 -6.725003
5.740283 2.425291 -3.970699
4.996064 0.325891 -2.163462
-0.591191 1.002624 2.523621
4.034726 0.956506 -1.663459
7.678179 3.104397 -6.815046
3.670272 1.758037 -5.119805
1.485273 0.309892 2.441618
3.981601 1.958614 -5.406626
8.666961 2.821941 -5.841169
10.115585 0.596481 -8.186195
2.701159 -0.402058 -3.675451
5.701441 -0.150830 -6.639092
3.059330 -1.408623 1.262005
3.168872 -1.351392 1.290025
2.697824 -1.736810 1.730309
3.758944 1.626012 -5.223853
3.471654 -0.811093 -2.180475
9.165071 2.835477 -9.099111
3.266594 0.562762 -5.023904
9.721757 1.565670 -6.845954
2.157307 0.410570 2.143870
3.346654 2.493780 -4.755231
3.091946 1.254251 1.679230
4.233108 2.547588 -4.499715
11.794364 1.399866 -8.243557
-0.803875 1.058496 2.228338
3.823874 1.980154 -1.802312
3.195950 0.421463 1.590475
2.645000 -1.883497 2.230462
2.636115 -1.709905 2.888438
8.660267 0.994835 -7.333350
8.446967 2.756851 -7.271063
0.894138 0.963339 2.866432
-0.309022 0.881653 3.059809
3.539997 -0.714993 -2.770769
3.069681 1.243671 1.663832
0.029115 1.077319 2.180604
6.402711 2.610647 -4.579179
2.646848 0.170687 4.232217
9.846673 0.424640 -9.033088
2.712720 -1.755455 1.740794
3.759162 1.624523 -5.224293
2.985666 0.330848 2.403770
-0.901060 0.903945 3.014487
5.024861 2.236710 -2.782130
9.026901 2.285403 -6.225989
4.822411 -1.712354 4.095343
3.220469 -1.597786 2.200989
3.235608 -1.656276 1.435016
3.810738 1.831154 -5.146865
-0.634477 1.083415 2.071558
3.487778 -1.608278 1.460330
1.089369 -1.910559 3.279103
3.857242 2.218450 -2.940035
2.825249 0.312657 2.526528
7.123551 0.066974 -4.785405
5.722314 2.596301 -4.568345
2.129808 -1.458117 2.452846
3.200552 -1.522789 1.228108
2.256844 1.930149 -1.777397
0.610911 1.026058 2.620028
3.495227 -1.556614 2.422953
3.420108 -1.772400 2.817153
-0.318143 1.039568 2.319547
3.292571 -1.710491 2.705243
3.585471 -0.245855 5.157964
0.032863 1.074713 2.178801
2.929670 -1.708948 2.257154
13.141012 2.845540 -10.948977
-0.332606 0.931070 2.951650
3.463541 -1.801456 2.880413
2.973284 1.776993 -0.840951
3.023829 1.220924 1.639659
2.072654 1.874694 -1.411581
3.934280 2.311434 -3.417758
11.126869 0.809304 -7.993200
3.824694 0.244703 3.718343
4.691994 -0.382692 -3.856730
3.329600 -1.725472 2.750719
3.882138 0.862629 -1.676433
-0.421070 1.024319 2.377008
0.529653 0.965650 2.859943
4.673884 -1.657211 3.946641
1.708192 1.927550 -1.783350
3.508529 -1.561643 2.435664
11.379138 3.284670 -7.620168
-0.593937 1.012872 2.550272
9.924032 3.484221 -9.542728
3.877310 2.244188 -3.070274
2.922882 0.367268 2.564109
1.987982 1.950070 -1.929607
6.335657 0.297703 -6.153945
3.096462 2.254426 -3.191595
5.043903 -0.029693 -3.209748
4.057565 0.250540 3.938443
3.165797 -1.563065 2.148877
12.880724 1.673600 -11.299303
3.913322 -0.042468 -4.432476
0.744333 1.039822 3.006927
3.762611 2.211884 -2.889656
3.826759 1.845518 -5.157699
3.805851 2.151460 -2.667694
3.158335 0.786627 1.712025
-0.161335 1.134378 1.984133
-0.090548 1.066018 2.309176
3.240927 -1.598447 3.358135
5.906925 2.563212 -4.433280
3.891323 2.177733 -2.845127
8.400735 3.329798 -8.484648
6.625761 -0.039653 -5.485713
3.953799 -0.502014 -3.148676
12.620598 2.027724 -8.606740
2.892408 1.855670 -1.326171
4.045126 2.547699 -4.623528
0.029306 1.092141 2.209665
11.556871 3.217515 -7.766400
4.857090 2.270439 -3.170467
2.782543 1.868122 -1.186062
1.768083 -2.066850 3.779610
3.812070 -1.715669 2.653938
5.711779 2.583012 -4.562041
3.074279 -1.306887 1.249741
-0.900308 1.053002 2.236779
2.334175 -1.610208 2.644818
9.858183 0.490382 -7.810622
5.924398 0.272304 -5.777179
10.417581 3.476534 -8.940480
9.960888 3.358367 -8.049007
3.706338 0.223442 3.582672
3.224526 0.425846 1.603857
2.182551 1.822496 -1.278311
9.466386 0.767902 -8.578396
5.537706 -0.262426 -4.565806
3.070099 2.107493 -2.522541
3.361374 -1.434981 1.374025
3.071025 0.338648 2.463463
5.535909 -0.263029 -4.561268
2.595643 1.843161 -1.271593
9.502460 1.061680 -7.907941
1.795665 0.536609 2.831296
4.853476 -0.523081 -3.570318
3.260774 -1.512069 1.357410
12.035695 3.585028 -10.375671
7.242666 2.808358 -7.889438
2.399377 0.304999 2.945736
6.677633 -0.131632 -5.373796
2.472220 -1.599215 2.695388
5.648669 -0.153463 -6.604555
13.222003 3.615227 -8.636657
7.690937 1.018536 -5.792326
7.423607 3.178878 -7.200384
0.199664 1.009374 2.666378
8.691009 3.181760 -7.124606
4.767468 0.790985 -3.069310
9.161892 1.414715 -6.346194
2.632372 1.316899 1.400287
8.695991 0.856280 -9.201389
3.264578 -1.694556 2.676890
0.515590 0.903323 3.180550
10.373780 0.780059 -8.867053
1.087390 0.925210 3.103373
3.321857 0.199884 3.380914
-0.533120 1.065102 2.226916
13.389106 1.741398 -10.444244
3.444250 1.745576 -4.762478
-1.019714 0.998683 2.252282
2.747857 -1.935937 3.116163
1.396752 0.446961 2.126518
9.111767 1.506205 -6.297080
1.411860 0.454134 2.148357
9.250419 0.474307 -6.781748
0.665574 -2.102615 3.423621
-1.089597 0.934149 2.761562
2.650116 -1.703824 2.889707
7.423191 3.177996 -7.201309
-0.202051 0.979928 2.650953
8.829359 2.916206 -5.884923
7.605610 3.133056 -6.982573
3.897908 1.482636 -6.188325
7.970679 3.054888 -6.516400
1.867760 0.550545 1.094488
6.423623 2.445782 -4.071743
1.823585 -0.097927 4.661615
9.801418 0.858368 -8.751104
-0.129276 1.084192 2.258598
9.033341 0.810529 -9.151759
8.561187 2.943274 -5.950768
2.546607 1.268673 1.613449
5.347005 2.472114 -4.036995
9.475690 2.080406 -6.648758
7.603752 3.131776 -6.980842
5.956110 -0.176443 -4.926725
9.113708 1.507075 -6.293978
-0.092328 0.941379 2.888334
7.245404 2.812035 -7.886717
7.185130 -0.108991 -5.804089
4.368969 2.329103 -3.465310
3.239708 0.189755 3.165538
-0.682657 1.055561 2.346504
9.775691 0.837600 -9.258740
2.274520 0.630376 1.533726
2.255430 0.621958 1.518973
9.355788 0.380607 -6.998583
10.537383 3.158005 -7.043913
2.015882 -2.013657 4.106307
4.100807 1.272179 -5.596247
8.057281 3.179069 -7.104290
4.910239 2.077030 -2.762877
10.877831 1.386995 -7.981726
8.073165 3.190722 -7.120260
8.792599 2.845710 -5.940443
-0.153896 1.024079 2.459633
1.833675 -0.037642 4.717359
9.274263 3.496727 -8.364946
6.190139 0.366600 -7.037165
9.162847 1.413847 -6.345270
10.829847 3.231014 -7.213389
9.450674 0.477478 -7.507647
4.864297 1.177731 -2.393905
4.591436 1.790304 -7.424899
7.889824 3.075552 -6.593468
0.709169 1.015777 2.649778
9.250474 1.978417 -6.402416
-1.266993 0.881682 2.988374
-0.004765 1.096351 2.150487
3.820177 0.240403 3.740305
-0.932960 0.897951 3.035592
2.441040 0.541228 1.713378
5.424307 2.099006 -3.442063
2.541519 2.180682 -2.909857
7.970163 3.054155 -6.519472
-0.611298 0.975903 2.781850
10.342180 0.666037 -8.608543
1.812940 0.524819 1.053517
8.391266 2.937426 -5.907118
1.245525 0.631277 1.258376
0.704922 1.012271 2.639136
8.468599 2.992781 -6.139875
6.191257 -0.018498 -5.028322
11.349916 0.784585 -8.107130
-0.355220 1.056346 2.327981
2.613016 -1.841400 2.978004
-0.491384 1.039569 2.377294
11.360921 1.718061 -7.936606
2.967309 -0.460378 -4.381569
-0.609767 0.968705 2.768191
-0.984682 0.993361 2.569116
1.510966 0.675910 0.960648
-1.004413 0.918238 2.826955
8.706717 2.852661 -5.835424
7.874541 3.064872 -6.586320
-0.613572 0.999623 2.645508
9.079148 2.869343 -6.155850
1.258114 0.642928 1.275038
9.010242 1.311655 -7.611260
-0.643696 0.954273 2.783260
9.249281 0.473206 -6.783842
5.015137 1.917256 -2.351281
3.770104 -0.728545 -1.786738
6.653345 2.501007 -4.240675
7.871787 3.062549 -6.586006
-0.743695 0.970274 2.516680
5.496513 0.280778 -2.562668
-0.727130 0.954669 2.919111
1.972174 1.091888 1.383353
2.681665 -0.508500 -3.056679
10.940935 1.099293 -7.764951
-0.491406 1.036053 2.368297
5.739315 2.645000 -4.221278
8.060904 2.995465 -6.184522
-0.887402 1.024989 2.590281
6.741523 0.497290 -7.395586
7.873118 3.062889 -6.585667
8.458313 2.656229 -5.795547
5.395009 1.180886 -2.029973
7.607459 3.131981 -6.980503
-0.141789 0.980702 2.644257
7.504622 1.322245 -5.199972
5.012671 2.006504 -2.332682
8.042933 3.163121 -7.093664
7.875376 3.062599 -6.585098
-0.879213 0.953433 2.421202
2.433840 0.306306 2.999299
5.885851 3.072153 -6.941825
9.462118 1.132476 -6.760167
1.948490 1.871674 -1.479897
9.425322 0.334965 -7.029691
-0.131244 0.998262 2.670770
3.848934 2.209494 -2.932988
9.492294 0.576630 -7.524391
4.957782 -0.364506 -4.077508
2.852204 2.253094 -3.279626
5.199924 0.868755 -2.677654
5.012882 -0.012414 -3.175118
8.118684 0.680775 -8.490525
4.648070 2.267098 -3.106698
4.199410 2.299434 -4.268153
7.905584 3.260783 -7.548960
3.464863 2.055662 -2.188305
3.553219 0.000394 -4.982717
7.895473 3.262032 -7.552105
-0.090148 1.069610 2.317572
5.692323 2.883639 -6.650946
9.213731 2.932589 -6.209770
-0.822194 0.962405 2.636379
13.952620 3.628842 -9.010105
5.909793 3.071303 -6.943742
2.805686 0.121779 3.841076
7.805019 3.324764 -7.930892
12.758815 1.404356 -9.618012
2.664217 -1.810240 2.089515
13.360583 1.127825 -9.781233
10.615034 3.247048 -7.019577
3.690770 0.232297 3.599587
7.464159 2.536507 -5.042520
4.841414 2.040109 -2.733103
-0.202848 1.116973 2.090880
3.298429 -1.410384 1.428227
9.328405 0.711592 -8.560802
3.094630 0.516378 1.940462
9.374545 1.312956 -6.596964
-0.380374 1.004451 2.538539
3.511034 -1.559155 2.441219
6.087190 0.232849 -5.924876
4.784787 -1.686156 3.973927
12.190591 1.417362 -8.448370
7.888721 3.244093 -7.531559
2.599150 -2.001749 2.415572
8.999351 2.935162 -6.017564
-0.716405 1.113961 1.914485
2.681531 1.267010 1.500959
2.724488 -1.948176 2.303499
2.260736 1.842852 -1.349913
5.836798 3.021245 -6.859752
-0.611128 1.072698 2.228427
3.475506 2.164260 -2.739599
1.752944 -1.464163 2.351155
5.152109 -0.225879 -3.599576
-0.392079 1.017369 2.397804
0.235063 -1.933427 2.895881
2.253628 1.834773 -1.347555
10.132799 0.773877 -8.297401
9.390287 2.073313 -6.425964
6.590886 2.536525 -7.133190
9.427183 0.327168 -7.030729
9.430635 0.330368 -7.038306
6.621543 2.572253 -7.146089
2.549840 0.108375 3.462066
4.158214 2.388322 -3.769127
2.453780 0.656918 1.404415
8.105321 0.684372 -8.494058
5.338295 0.831271 -2.263564
8.094291 0.640113 -8.563271
1.871014 0.467942 2.649201
-0.377068 0.998632 2.520054
9.100957 0.822599 -8.259247
-0.239189 0.902146 3.122960
11.342110 0.627321 -8.758221
2.656806 1.294304 1.623899
9.215980 1.429146 -6.408781
-0.227306 1.096562 2.050209
3.286944 -1.547364 3.413679
9.385061 0.695391 -6.811243
-1.046129 1.035499 2.355432
3.184369 -1.359203 1.372475
9.434794 0.322622 -7.029463
5.831770 3.003912 -6.840036
11.623413 1.334551 -9.606755
6.095500 0.414123 -7.654102
5.808448 0.353030 -7.252820
3.413968 -1.524569 2.353417
4.391875 2.442108 -3.995097
2.593845 -1.846454 2.182233
5.691278 0.315211 -6.404574
8.538954 3.149586 -6.897416
4.967771 0.824942 -2.553792
6.768832 -0.012863 -5.584233
11.194063 0.521223 -8.055519
1.981014 1.857661 -1.390511
8.171209 0.666851 -8.566569
-0.398585 0.994017 2.503906
-0.359221 0.902571 3.029508
7.535810 0.588925 -5.322374
9.425149 0.327699 -7.033310
3.835581 2.198468 -2.921310
9.801774 0.483776 -7.290550
11.084824 0.518715 -8.155067
-0.575767 0.939338 2.771225
9.291912 2.374460 -6.304836
6.290583 -0.804433 4.231371
3.021228 2.412352 -4.017363
3.071069 0.509925 1.927914
3.667671 2.491448 -4.283513
9.416835 0.324079 -7.023451
-1.104341 1.088303 2.463203
9.122779 0.782859 -8.321947
0.239740 -2.136368 3.301325
14.189062 1.748821 -9.580416
9.236845 0.268710 -7.353670
8.704299 3.097886 -6.577268
-1.085670 1.025305 2.314661
8.836769 3.056094 -6.395245
3.060780 -1.404358 1.257517
7.863427 3.229467 -7.520616
3.076626 2.114862 -2.526316
2.473028 0.440097 2.121407
8.725828 3.131365 -6.743171
0.566582 0.962810 2.850580
1.566117 1.923507 -1.830214
-0.872147 1.011331 2.557303
4.198238 2.099596 -2.376912
-0.959018 0.930064 3.134413
10.449114 1.465795 -7.465357
0.001385 1.125737 2.181339
3.050509 -1.640268 2.043902
3.109143 2.104937 -2.469683
5.238687 -0.070136 -2.872711
8.703579 3.091701 -6.581145
-1.102215 1.040571 2.347628
2.363780 -1.788760 2.335358
2.586273 1.835276 -1.270016
8.843037 3.051196 -6.388810
3.874462 2.021209 -1.975111
8.828407 3.063800 -6.403284
4.367995 2.332837 -3.468435
5.854380 0.347345 -7.273281
6.492270 -0.066305 -5.256470
2.744143 -1.676735 2.232632
8.723262 3.130759 -6.736650
4.737679 -1.685678 4.027107
11.381741 1.238217 -7.867377
-0.889194 1.037851 2.203577
7.785437 0.085992 -5.958453
1.155794 0.602614 1.352383
10.433813 3.481951 -8.953231
1.035943 0.590003 1.566261
11.411292 1.051236 -8.799463
7.748883 0.503481 -5.731880
1.794175 0.676157 1.183380
4.703993 2.447334 -4.162747
-1.420662 0.886984 3.065376
2.572582 -1.842546 2.214833
8.533042 1.837210 -6.019711
2.616043 1.413625 -4.198444
0.632443 0.986223 2.715239
2.591960 2.289958 -4.034198
0.525061 0.959090 2.843630
3.872282 -0.520768 -2.008205
7.796091 0.795993 -8.620236
-0.335998 1.102056 1.958964
9.210053 1.624321 -6.591945
-0.490052 1.036527 2.371365
1.667764 0.548724 1.279938
6.385821 -0.149047 -4.782240
6.909340 2.417933 -6.524731
9.968927 3.577022 -9.533559
5.192655 2.577784 -4.556539
7.611612 3.139179 -6.989332
-1.281170 0.942530 2.680452
3.655147 1.973926 -1.798445
12.078698 3.736413 -10.468776
6.359438 2.624618 -4.618583
8.966686 2.941038 -5.980125
3.333548 -1.458550 1.244455
3.489500 -0.579681 -2.274877
11.303546 1.565288 -8.435562
9.926805 2.515834 -7.325259
0.701495 1.004546 2.616172
5.228810 1.264757 -1.892234
9.975574 3.497511 -8.869919
1.118795 0.465493 1.854742
9.289540 0.930765 -6.642501
2.725443 0.459313 1.787470
0.515431 -2.301122 3.530716
2.612918 -1.850772 2.188756
8.231535 0.284351 -6.013840
-1.398127 0.871936 3.013007
4.218902 2.328706 -3.614539
9.308174 1.012018 -9.601554
-0.759441 0.988242 2.564829
8.034880 3.104137 -5.940859
9.056391 2.956903 -6.045569
4.908455 2.532848 -4.445809
11.583560 3.500684 -7.574387
3.698289 -0.617953 -1.788603
1.127712 0.466607 1.874581
6.405975 2.793425 -5.423116
1.778064 -1.333690 2.253343
7.424905 3.179967 -7.201294
4.836414 0.514437 -2.040333
7.679103 3.112917 -6.818046
0.335443 1.002494 2.732586
4.470240 2.727297 -4.758080
3.740010 -0.672967 -1.726325
0.202630 0.999065 2.634554
1.942452 0.585235 1.293738
8.932023 0.806333 -8.030309
5.095410 2.243992 -2.802773
9.147071 2.961874 -6.118167
9.122962 2.965313 -6.091187
9.616365 0.705901 -7.263393
3.509249 0.631205 2.370325
8.942322 2.925426 -5.976185
0.225029 -1.903551 2.839322
2.461893 0.435341 2.112242
8.061048 3.182940 -7.108371
3.226177 -1.403986 1.203094
-0.763774 0.995541 2.582884
-0.323378 0.913321 3.172677
4.907189 2.678663 -3.236139
9.186218 1.415691 -6.350182
7.324811 2.537114 -4.911121
1.632714 0.531709 1.240658
3.088561 -1.415665 1.270184
-0.406378 1.099451 1.999923
-0.228059 -1.938660 2.971794
-0.172404 1.098054 2.112654
1.000152 0.553451 1.504069
3.467463 -0.823214 -2.105916
4.933529 1.243968 -2.913150
12.953772 0.998299 -9.214503
5.835587 0.206422 -5.729298
1.706623 0.604383 1.147379
0.650185 1.069341 2.320391
8.867025 2.917841 -5.918061
2.642916 0.647408 1.641722
6.269869 -0.121501 -5.258296
9.658304 1.457119 -9.524549
2.830126 2.212831 -3.060862
3.501006 0.628725 2.352912
3.926792 -0.677164 -2.567039
3.465495 2.149238 -2.598813
3.042688 1.229594 1.651695
6.529947 0.556770 -7.575781
7.748752 0.202276 -6.545968
3.805335 -0.522623 -2.025228
1.130358 0.471108 1.880048
8.500924 3.299129 -8.514855
4.161096 -0.432697 -1.770785
-0.254853 -1.990156 3.070547
9.745317 0.644104 -7.310091
3.749366 -0.721500 -1.902396
8.123126 3.388481 -8.366073
9.939947 0.768452 -8.143180
1.007280 0.561596 1.493729
10.986006 3.237045 -7.364485
2.119778 1.269828 1.453323
-0.751550 0.923150 2.648144
3.277578 -1.433275 1.227628
7.971990 3.054730 -6.513508
0.660588 0.942292 2.616755
2.794270 -0.355313 -3.141339
0.555482 1.182103 3.310591
2.668813 0.657283 1.659502
6.399439 -0.808507 4.305782
-0.432811 1.007028 2.521273
3.183695 -1.583102 3.297812
9.226236 2.950148 -6.232641
-0.305820 0.904152 3.014092
10.066381 0.803450 -9.052483
5.318949 0.031345 4.069203
3.609231 -0.682796 -2.852430
9.247905 0.301245 -7.452838
5.171347 0.338874 -2.909409
4.043816 -0.564312 -2.712654
9.289807 0.973441 -9.548347
-0.883989 1.098521 1.946310
6.955361 -0.077412 -5.070662
8.381542 0.782151 -6.404414
9.222156 0.276039 -7.347844
3.217502 -1.391032 1.396220
9.291054 0.355773 -7.384913
10.792064 0.638086 -8.228002
9.634854 0.839376 -9.147476
11.915282 1.655806 -8.865548
9.365903 2.273397 -9.442354
6.645619 -1.562270 5.058389
4.375519 2.337482 -3.469719
8.068130 3.277837 -8.241184
8.968064 0.848028 -8.135520
6.360368 -0.154731 -5.791579
6.605491 2.533714 -4.445359
3.035329 0.290603 3.087256
9.286541 2.610559 -6.308736
0.176785 1.076430 2.341857
9.291642 0.356303 -7.387807
-0.491962 1.040557 2.380965
9.299565 0.352044 -7.376006
3.668599 0.451727 2.723610
9.327367 0.350767 -7.325828
8.540860 3.162291 -6.927138
3.263714 0.430080 1.646551
5.711679 -0.117470 -5.606375
2.442362 -1.855802 2.426667
8.105446 0.971221 5.837997
0.722521 0.923268 3.238400
9.657300 0.536722 -7.685877
0.514785 0.900176 3.162175
3.343834 1.920554 -1.521162
3.731540 -0.325790 4.662061
0.015313 1.021728 2.502555
2.947545 0.345004 2.383877
4.603193 0.963904 -1.659857
-1.299301 0.957098 2.725289
7.618548 0.130412 -5.542750
4.933588 -0.513630 -4.434401
3.252582 -1.524584 3.375148
4.530190 -1.605300 3.837364
4.736333 2.255037 -3.018471
5.554258 1.277465 -3.687021
1.726399 1.940681 -1.817363
8.923524 3.442277 -8.855094
-1.011740 0.988000 2.572530
9.439527 1.133140 -6.749121
-0.472040 1.069841 2.100240
4.265719 -0.076541 5.755680
0.894878 0.968954 2.879448
3.446424 2.370697 -4.531525
-1.246618 0.991053 2.455722
3.412887 -1.474179 2.067450
0.509546 0.886570 3.110823
10.051750 1.697872 -9.928209
5.073971 -0.659025 3.375229
10.817657 3.634669 -9.257418
5.392234 0.360356 -3.725658
9.263154 2.363819 -6.294178
9.455517 0.685434 -6.837222
4.475665 -0.645167 -2.399400
8.732240 3.125055 -6.721517
9.294662 2.583998 -6.320144
3.737170 -1.903394 4.266166
6.687435 2.575771 -4.468439
2.923616 0.347249 2.358624
2.121687 1.972675 -1.916405
0.005473 0.904177 3.029552
3.406588 1.842325 -1.282280
6.178387 0.329566 -7.780378
5.775105 0.448305 -3.975082
-1.277945 0.942932 2.679079
2.609302 1.776334 -1.021649
10.663341 0.613853 -8.244054
-0.757873 0.910306 2.895614
3.795525 -1.038338 4.589879
-1.051931 1.023654 2.419121
3.956269 -2.067268 5.467208
2.916077 0.340887 2.355560
3.705451 -1.600519 4.299249
-0.308276 0.892330 3.045949
9.695255 2.977280 -7.187706
5.236942 2.306693 -3.196637
7.013171 -0.168379 -6.992509
9.458717 0.679250 -6.844471
9.578088 0.761814 -7.501622
3.714184 -1.454968 1.296285
10.446806 3.010927 -7.145720
1.556524 2.011494 -2.036620
8.890459 3.215418 -7.312031
0.390072 0.959626 2.820327
3.250670 -1.604414 2.208029
4.894833 2.105701 -2.709975
9.280304 0.361358 -7.414681
-1.079542 1.020265 2.308119
7.889578 0.763318 -5.731892
8.920215 3.233794 -7.326702
3.178047 -1.603262 3.303196
-0.336252 1.039250 2.307829
2.364614 1.815494 -1.281693
6.270948 0.306961 -7.910037
-0.764485 0.921410 2.914218
6.300806 -0.804553 4.232839
1.904715 1.846724 -1.457620
-0.745338 0.723703 1.704582
3.405138 -0.783036 -2.217955
3.285299 2.083293 -2.340102
3.308290 -1.639378 1.332680
3.942396 0.932605 -1.622503
3.139906 0.906415 1.801100
-1.250381 0.995843 2.466363
2.733482 2.277847 -3.373903
4.038896 2.168778 -2.756678
2.986576 -1.731780 1.716557
6.317705 -0.111102 -5.250127
4.685248 -0.164744 -3.494853
9.282460 2.665328 -6.299142
-0.394194 0.886797 3.064335
8.807175 3.445834 -7.877077
2.944972 -1.801052 1.624259
8.532921 3.073291 -7.058249
7.192278 0.599156 -7.644794
9.124795 2.944873 -6.121411
-1.185750 0.911098 2.727903
10.146599 3.496116 -8.418913
7.609983 3.140466 -6.985481
13.769217 1.368585 -9.207047
1.585932 0.584532 1.148019
11.742835 0.705036 -10.368037
1.575739 0.689083 1.007270
9.464030 2.001933 -6.652736
5.391680 -0.293544 -4.448675
5.473125 -0.273336 -4.514336
3.782021 -0.541679 -2.138441
-1.078019 1.020221 2.295264
8.233154 3.436227 -7.919460
3.203344 -1.267100 1.294608
3.628188 2.140290 -2.521466
11.444421 2.052792 -7.674865
7.607765 2.471357 -6.555902
3.363812 -1.354533 1.170656
8.165138 0.615123 -8.551106
3.856358 -0.511284 -1.836766
7.772551 2.741194 -7.385528
-1.088647 0.913885 2.844889
4.772150 -0.768407 -2.434397
9.164698 2.772863 -8.998909
8.565544 2.945685 -5.950439
-0.526610 1.048070 2.190176
3.187814 -1.518880 1.223410
5.294054 -0.298609 -5.198712
3.683763 -0.704349 -1.721823
13.092474 1.097762 -9.367755
9.068636 2.950714 -6.058074
6.915730 -0.045889 -5.199543
3.629436 2.138967 -2.520669
-0.898358 0.978500 2.481967
6.387886 2.903178 -7.050651
2.610706 2.301291 -4.051189
6.500270 -0.052106 -5.256736
8.709991 3.117568 -6.728137
7.900652 3.262803 -7.558071
3.894346 1.922683 -5.305016
3.743460 -0.482837 -1.779139
3.367805 -1.667518 1.358819
3.810270 2.157403 -2.666411
3.276923 -1.299217 1.328555
5.112006 2.542602 -4.341704
8.548170 3.160314 -6.948167
4.818201 -0.179632 -3.585952
3.262240 -1.397097 1.326859
6.302412 2.950886 -6.943787
4.276879 2.041286 -2.040964
-0.580437 0.943250 2.779299
3.308378 -1.631021 1.318738
6.265546 0.107757 -6.012997
3.881386 0.915838 -1.595544
9.152559 2.761367 -8.962785
2.727440 1.355431 1.352684
4.179197 2.550449 -4.537020
2.728098 2.267417 -3.360817
11.942514 1.143065 -8.272007
2.296332 2.313838 -3.628150
-0.604831 1.025805 2.588528
3.259170 -1.402072 1.319748
8.853008 3.060444 -6.433301
3.206356 -1.529402 1.230436
4.345412 2.503246 -4.531765
-0.730866 1.133627 1.826446
3.572932 -1.398957 1.250936
9.102090 0.416101 -6.592085
1.661232 0.575796 1.115617
8.262261 2.994368 -6.219645
2.294951 1.798050 -1.170306
7.969720 3.394884 -8.296351
0.478059 1.105241 2.206712
0.501792 1.061611 2.438882
-0.608436 0.972722 2.484035
0.562256 0.973742 2.746406
1.158774 0.626991 1.372375
9.187093 3.392302 -8.940369
7.483688 1.114271 -5.228274
-1.078478 1.050176 2.477282
-0.855291 1.130325 1.819102
-1.029520 1.067649 2.126562
3.381897 0.207539 3.458997
4.730176 2.124070 -2.526899
10.443564 3.382414 -7.534608
0.512155 1.097783 2.194050
3.285674 -1.685593 3.427831
2.988108 0.295715 -4.487104
0.476319 1.102834 2.198893
0.501866 1.061350 2.435338
2.307923 -1.612130 2.594133
0.006805 1.094239 2.118767
2.861061 0.367367 2.455296
10.839141 3.232454 -7.212831
6.122302 2.517584 -4.105093
7.622623 0.123364 -5.480001
-0.774185 0.924123 2.739270
7.886695 3.079190 -6.595841
2.971085 0.387670 2.458401
5.791135 1.338861 -3.836613
11.442011 2.762372 -8.301481
9.535867 1.512202 -6.784827
1.560570 0.706264 1.001220
9.190267 0.665153 -7.008440
1.546492 0.596352 1.050547
9.354471 3.186847 -6.663028
10.896836 0.702128 -8.359823
10.507936 3.661484 -8.520964
-0.672630 1.119171 1.860070
3.424739 -1.476234 2.070928
6.047497 -0.927900 4.490867
5.406826 2.333928 -5.797854
5.020697 0.696662 -3.268383
7.966203 3.050452 -6.512570
-1.287595 0.868670 2.822578
-0.859170 0.965653 2.483686
4.700791 2.109610 -2.516985
10.265781 3.452402 -8.007515
7.606422 3.134716 -6.983346
-0.932371 0.901612 2.861328
9.487562 0.393961 -7.525054
-1.033675 1.008164 2.379162
11.056988 0.968843 -11.464029
10.686293 1.418580 -8.149887
5.549794 -0.715868 3.699668
5.840617 -0.096784 -5.622867
5.447698 0.990833 -2.649986
3.569977 1.555220 -5.312426
-0.681750 1.137952 1.889524
5.382671 -1.257775 4.044374
0.017013 -1.891966 3.017814
1.134765 0.592296 1.323429
13.172577 1.512865 -9.049153
2.588926 -0.352177 -3.737411
3.233792 0.190998 3.287717
4.379467 2.543388 -4.579540
10.042883 3.237066 -6.830138
3.804867 -1.430334 1.949280
1.919631 1.891043 -1.552902
5.008564 0.008778 -3.180200
3.464081 -1.757769 2.864851
3.789344 -1.296898 4.495683
2.332770 -1.859609 2.447955
9.957100 3.823641 -9.794962
3.215626 2.446626 -4.268725
-0.328026 1.054063 2.352870
3.064085 0.331267 2.448349
3.841439 1.975239 -1.617874
-0.479103 1.004255 2.444366
2.239221 1.858653 -1.419003
-0.442626 1.115667 1.892084
-0.466147 1.097961 2.126119
9.309380 0.627263 -6.783670
3.409484 1.869555 -1.342090
0.641902 -2.201390 3.475871
5.334270 0.381130 -2.766756
2.756669 2.231391 -3.117779
4.418770 2.299435 -3.266165
0.056602 1.094597 2.091139
3.686321 2.562012 -4.684857
0.297546 1.108661 2.091724
9.423130 1.521213 -6.670189
0.295255 0.992089 2.633273
3.938143 0.024413 -4.435683
0.001814 0.859802 3.066687
3.642714 -0.659284 -2.446345
2.519775 0.421725 2.061081
9.403164 2.140585 -6.430870
3.319458 -1.421508 1.350496
-1.021947 0.937626 2.804560
-1.249801 0.994722 2.460355
3.245972 2.127685 -2.581821
10.985929 3.221292 -7.262900
1.898758 0.472660 2.706486
9.303760 0.462449 -6.803953
0.495833 0.980131 2.735984
4.231133 2.153831 -2.675966
5.525740 -0.308452 -4.299480
10.965488 1.559515 -7.582648
3.613982 2.059978 -2.186076
3.752599 -0.485002 -1.775316
3.735741 -0.384134 4.629585
4.114177 -1.337423 3.607129
3.208812 -1.644566 1.421561
-1.330338 0.940194 2.759798
3.360689 -1.511245 1.271575
8.055825 3.178907 -7.104433
0.341029 1.116051 1.975074
2.390816 0.578352 1.494233
2.230895 0.609177 1.504237
3.257065 -1.368603 1.259348
8.844627 3.059649 -6.432343
-0.643866 1.100301 2.102105
3.967960 1.946382 -1.770352
2.571766 -1.840080 2.211095
9.305347 2.654303 -6.309640
1.995035 0.354205 2.971384
2.678278 1.449063 -4.285595
-1.000448 1.028774 2.511952
3.609513 2.099481 -2.368882
12.717383 1.108836 -9.168684
10.197349 0.561457 -7.858116
4.391430 -0.168368 -5.132109
0.772118 1.013936 2.716307
3.315829 -1.585969 1.276080
2.253359 0.531893 1.398539
0.665476 -2.112990 3.439389
9.352345 2.105102 -6.408015
-0.975014 1.003462 2.447115
-1.150166 0.925454 2.899108
10.009944 0.546306 -7.426735
8.726837 3.098027 -6.610495
2.949749 0.320517 2.378000
0.294454 1.099407 2.072582
0.705764 1.110076 2.143868
1.772070 0.451463 2.748369
-0.244302 1.107534 1.965680
9.256567 1.431675 -6.416786
4.655844 2.299214 -3.250266
4.016967 2.091156 -2.476746
5.595557 -0.272050 -4.011924
4.391430 -0.168368 -5.132109
3.243847 -1.602223 2.203316
4.409250 -0.694341 -2.270684
5.560495 -0.289260 -3.987720
-0.861259 1.122016 1.889064
3.751491 1.578801 -5.155063
14.153870 1.506280 -9.603212
1.950497 2.173748 -2.925125
11.047260 0.650184 -8.091647
3.582565 2.470079 -4.192911
2.650954 2.007165 -2.023671
5.560051 -0.285750 -3.986690
0.503876 0.968804 2.619568
3.781145 -0.649900 -1.709611
-1.046614 1.048307 2.066284
12.029306 1.269767 -8.537910
3.752916 0.458512 -6.580782
8.900819 3.531668 -8.913459
9.705930 2.113330 -7.974794
9.213706 0.300725 -7.309471
4.244655 2.165272 -2.682169
8.113510 3.196234 -7.190369
0.703063 0.981094 2.847663
2.463007 0.579016 1.537165
-0.329723 0.929148 2.942653
2.400523 0.268293 2.511998
8.080710 3.055678 -6.535831
2.193614 0.590432 1.465239
8.788805 1.929124 -7.215304
7.702510 0.601317 -5.408119
2.882026 -0.401577 -3.352539
3.106410 -1.731579 2.155738
2.749369 1.618576 -4.222399
1.172934 0.631980 1.390652
3.990950 -0.591666 -3.224743
4.299902 -1.387591 3.773810
4.001707 2.560183 -5.297632
4.269816 -0.531244 -3.359645
2.825518 2.357218 -3.743295
1.557123 0.601036 1.242039
9.314142 1.016490 -6.637764
-0.584910 0.951273 2.805151
6.544001 2.404504 -4.219096
3.387892 1.828972 -1.278990
-1.252712 0.996564 2.469901
0.696994 1.058399 2.487797
4.047292 -0.289195 -4.805081
4.738814 2.338296 -3.378776
5.127639 0.160425 -3.603849
4.854090 0.755355 -2.086869
5.103039 0.739267 -1.839277
0.636648 0.999362 2.751936
4.670034 -0.336669 -5.095779
8.106288 3.200766 -7.193673
-1.047123 1.036253 2.357187
-1.221121 0.938692 2.802347
5.944593 0.026695 -5.713212
9.441453 0.447775 -7.499706
2.711646 0.333133 2.388082
5.506785 -0.242855 -4.624039
3.349671 2.482609 -4.740654
6.380875 -0.145520 -4.818877
3.921088 2.204708 -2.857792
3.007353 2.415486 -4.436971
2.826343 2.351588 -3.740208
3.934879 2.213006 -2.868585
1.176279 0.634193 1.393911
5.837873 -0.096389 -5.647410
9.305073 0.877168 -6.657176
9.793096 0.499405 -7.300928
3.844454 -0.027694 -4.329884
5.511219 2.546186 -4.446850
1.793054 0.686547 1.179777
2.222840 1.850479 -1.384277
4.329472 -0.186840 -4.855443
7.900870 3.268542 -7.557831
9.584124 0.876812 -6.992302
3.084286 -1.735435 1.430095
3.568347 1.366314 1.126449
9.583899 0.647381 -6.973576
8.721555 3.114581 -6.715444
-1.368936 0.921274 2.993023
4.199077 -1.454384 3.664964
-0.231862 1.119415 2.093638
1.982068 1.887896 -1.527918
3.914206 2.199947 -2.856312
-0.426827 1.073693 2.199122
1.722637 1.937375 -1.965616
3.523995 1.347070 1.112095
4.547726 2.563520 -4.693175
9.766791 3.083953 -6.515863
2.983659 1.349859 1.152211
5.457325 2.026695 -3.512828
11.351445 3.322787 -7.526801
2.545399 0.428874 2.014363
10.958144 0.758725 -8.416277
9.040076 0.381672 -6.530736
7.425014 3.179084 -7.200566
-0.895708 1.014864 2.447731
8.084813 3.059270 -6.538174
4.832052 -0.126384 -3.594542
8.679281 0.793988 -8.844805
3.160537 1.366491 1.180806
3.816683 1.640456 -5.310391
3.515249 1.342306 1.109190
8.542450 2.757494 -7.404575
-1.025499 1.065962 2.118224
5.330539 -0.119614 -6.175606
9.672974 0.515403 -7.170609
2.537977 1.791500 -1.251652
8.551479 2.938645 -5.947837
-0.796884 0.984353 2.544144
4.774581 2.354693 -3.586904
3.511574 0.392005 -5.394143
3.200516 -1.511394 0.875921
2.769682 1.750224 -0.944909
8.825464 3.164767 -6.899346
3.705235 1.434485 1.187335
8.835989 2.879003 -5.936929
5.873980 0.035043 -5.706236
6.780387 2.616968 -4.851678
4.500881 2.409699 -3.905292
9.609036 0.661841 -7.250716
-1.095520 0.921937 2.870005
2.743693 1.294241 1.383243
-0.493090 1.046099 2.390301
4.216058 2.391479 -3.807806
9.202181 0.783095 -6.547765
-0.478338 0.973285 2.657278
0.253061 0.988303 2.619692
8.580399 3.380072 -7.670183
8.064430 3.181357 -7.105107
9.592770 0.766907 -7.520537
-0.466208 1.108931 1.966276
1.872255 1.977711 -2.075430
0.011918 0.838150 3.224256
4.023682 2.570647 -4.676098
9.420802 1.847715 -6.504867
5.998370 -1.063236 3.433989
4.646668 2.282385 -3.244849
0.367584 1.051428 2.338800
2.122186 2.056850 -2.399826
-0.982614 0.998297 2.578780
8.930084 3.058997 -6.399856
9.902217 2.085758 -6.920835
9.210001 0.490253 -6.709798
9.294469 0.852470 -6.663014
2.673708 0.451992 1.756278
8.066053 3.181183 -7.105083
1.687979 1.989818 -2.152430
9.222764 2.973677 -6.170400
2.686686 -1.636774 2.178391
-0.326493 1.058421 2.357813
-0.424654 1.069517 2.192373
5.588488 -0.256933 5.086709
2.719334 -1.656513 2.206731
4.751830 2.139693 -2.533729
9.143376 0.986346 -6.844306
4.744045 0.767103 -3.053225
-0.998728 0.905538 2.950269
2.995947 1.402559 0.841284
3.085624 2.163254 -2.767415
3.062047 -1.703059 1.405957
10.346303 0.927132 -7.523777
2.115651 2.042961 -2.389490
-1.151600 1.072581 2.127499
7.546797 1.765288 -5.245149
-0.146707 1.093581 2.211640
0.010376 0.824698 3.199816
8.679281 0.793988 -8.844805
2.758661 0.322236 2.442131
9.431161 0.383523 -7.203426
5.033153 -0.023831 -3.209236
9.587413 0.524569 -7.272171
2.569412 1.914930 -1.670778
-1.109486 1.082638 2.076289
9.377151 2.462423 -6.366061
0.080576 1.091297 2.141717
7.862000 3.081204 -6.667123
9.361308 0.606405 -6.802678
-0.076352 0.917491 2.792846
3.682608 1.748203 -0.963105
3.474025 2.506556 -4.430806
5.246491 1.259032 -2.343308
2.379307 0.574566 1.488515
-1.239855 0.985315 2.441554
12.542937 1.198872 -11.361122
9.611987 0.663404 -7.253798
4.912491 -0.566501 -3.986625
3.565552 -0.668684 -2.442407
0.174754 1.075517 2.342028
8.224216 3.442612 -7.892593
8.600890 3.404692 -7.677271
4.774581 2.355231 -3.586372
8.080499 0.694014 -8.456713
14.204326 3.510844 -9.270069
3.738709 -0.620649 -1.883535
1.544254 0.664062 0.978373
-1.128785 1.100995 2.113601
5.812526 1.019969 -2.623315
7.876658 3.228134 -7.519034
4.441684 2.441005 -4.035473
8.965966 2.922939 -6.001675
9.797142 3.125034 -6.494830
3.962217 0.086349 -5.558510
-1.400904 0.939002 2.841037
2.822506 1.342306 1.429349
9.480291 0.594442 -7.437540
4.619133 2.361012 -3.630476
-1.107312 0.906187 2.830800
5.298908 2.329728 -3.348184
7.282709 1.706891 -5.058130
2.106519 1.953735 -1.901709
9.400646 2.111729 -6.453529
8.610734 2.056884 -6.035264
8.772969 3.531504 -8.832214
9.601840 0.553334 -7.132575
10.924998 3.107219 -9.419303
1.776696 0.669694 1.170146
4.519513 2.404966 -3.670870
5.311651 0.377968 -2.743616
8.586555 3.389550 -7.676573
3.726165 2.554498 -4.618783
3.254882 2.138778 -2.585366
9.918820 0.639778 -7.496799
-0.742283 0.969664 2.508620
8.265363 3.186362 -7.209146
8.591146 3.393695 -7.680649
-1.079214 1.015324 2.298135
9.610433 0.660470 -7.249750
1.566709 0.583134 1.289048
4.862500 2.272823 -3.174106
-0.539299 1.100967 2.100124
9.910583 2.095535 -6.912236
7.829499 3.213673 -8.073225
5.605278 2.502600 -4.287900
9.909418 3.146498 -6.563845
12.113544 3.608816 -8.642342
4.565932 2.461536 -3.661051
8.679398 0.795592 -8.844119
3.134402 -1.400777 1.179910
3.454532 -1.379504 1.221654
9.247930 0.368026 -7.353016
4.809738 2.618523 -3.166640
9.882767 0.720116 -7.756962
3.808606 2.292421 -5.096532
0.559797 -1.885294 3.118050
11.250995 2.919566 -9.170504
9.644096 3.336591 -7.826680
0.583716 -2.029777 3.351685
-1.008518 0.906598 2.968591
10.549036 3.535405 -8.527053
9.992275 0.822041 -8.989195
3.752347 2.251204 -3.122905
0.771841 1.019507 2.736933
8.976064 0.861290 -8.136243
-0.530421 1.054209 2.205070
2.896855 2.049112 -2.166909
6.171164 -0.072996 -5.965917
10.907971 3.707296 -9.334894
1.100404 -1.930414 3.305446
3.027616 2.418815 -4.072417
-0.087569 0.965420 2.927767
2.789436 1.759899 -0.838653
5.682124 2.073514 -6.900927
0.329885 -1.962390 3.107665
1.729792 -0.558014 4.996133
1.166076 0.869997 3.367030
-0.928406 -0.099213 3.995871
1.654977 -0.527690 4.812945
6.924542 -0.067056 -5.057889
1.436876 -2.120605 4.254056
0.981433 0.135875 4.098044
-0.703868 -1.682204 3.319265
0.268825 -2.134764 4.156525
3.709505 1.674218 -5.251345
1.292486 0.399835 4.042150
3.774297 2.237700 -3.035017
5.013245 -0.224722 -3.649048
-0.609759 0.977328 2.496841
1.132707 0.885248 3.267517
7.782891 2.625922 -5.286113
6.810984 2.591060 -7.375186
-0.808179 1.064132 2.241616
4.700213 -0.344646 -3.873157
0.672629 1.043661 2.411854
9.394196 1.215509 -6.824310
0.532299 0.992228 2.661826
0.044397 -1.921669 3.100983
0.499510 0.990754 2.716885
4.858140 -0.349680 -3.690500
8.360911 3.376547 -8.028040
8.357214 3.385914 -8.030197
8.170853 3.367709 -8.130888
9.170070 3.108347 -6.613148
9.802149 3.680774 -9.255378
5.626762 0.428801 -2.749682
9.508103 0.924337 -9.823001
5.006973 0.686181 -3.260042
4.031656 2.247442 -3.049048
4.971919 -0.431647 -3.552711
9.045509 3.147380 -6.807994
4.755338 -0.330422 -3.779580
9.293369 3.131067 -6.713161
5.066592 0.790033 -3.285385
9.824384 0.464596 -7.449358
2.695116 2.366177 -4.015338
7.936484 0.146018 -6.000876
0.675667 1.048239 2.423946
8.269732 2.725540 -7.159833
3.933303 2.388733 -3.725144
5.240844 -0.229617 -3.634257
3.925903 2.486940 -5.143286
-0.945008 0.914101 2.896232
5.355410 0.262334 -2.770189
5.712214 1.947685 -6.917566
0.986456 0.985580 2.656467
4.928976 -0.355519 -3.591426
8.672064 3.187445 -7.308979
4.277560 -0.468148 -3.451734
6.655263 0.008859 -5.789941
12.839749 1.200274 -8.862727
-0.647355 -0.136579 4.224256
4.260815 2.354437 -3.564116
4.776752 -0.117640 -3.680051
6.152176 2.723470 -5.104796
3.988271 2.271812 -3.267687
9.043380 3.151851 -6.812634
9.025399 3.136838 -6.803112
4.701342 -0.341981 -3.873557
9.636660 0.526421 -7.676765
0.923049 0.108590 3.762397
12.896441 4.876384 -9.358799
2.210091 2.157694 -2.876168
6.142904 2.722456 -5.108180
3.509475 1.474032 -4.925688
-0.489704 1.025045 2.489369
10.562425 0.670370 -8.232533
0.965683 0.390445 4.438191
8.809771 3.106006 -6.699752
4.015970 2.294952 -3.282573
3.940821 2.492524 -5.163644
8.838956 3.200728 -7.140880
1.098892 -1.986577 3.287309
7.666363 2.939970 -7.639873
3.679638 -0.481253 -1.974610
1.864008 0.525657 5.138431
3.615806 -0.556051 -2.398488
1.009467 0.857207 3.516225
6.875982 0.103231 -5.229990
0.771598 0.697230 4.200750
3.585689 -0.502006 -1.856698
6.210816 -0.013466 -6.204265
0.047203 0.544250 3.378738
1.365857 0.422962 4.304446
1.695622 0.232957 4.756261
9.540129 2.410965 -9.566274
3.813690 0.898077 -1.644009
9.259221 3.085466 -6.523223
1.417719 -0.010624 4.109638
5.653777 0.172942 -3.954742
3.559787 -0.595464 -2.522398
6.957100 0.689754 -7.921176
9.536734 0.350618 -7.322408
9.533006 1.980923 -6.684072
3.850771 -0.565716 -3.109294
-0.253812 -2.019115 3.096059
9.843513 2.972459 -6.611363
3.535373 2.263572 -3.153126
4.612350 -0.421142 -3.785048
3.645789 2.275232 -3.253526
9.533044 1.988890 -6.679970
-0.485927 1.029891 2.355436
9.532265 0.334608 -7.232965
5.943496 0.355467 -7.427720
8.088454 0.614818 -5.601415
3.921087 2.212465 -2.858901
5.830953 0.152997 -5.724375
9.500178 0.355432 -7.565617
9.723839 3.073468 -6.552373
9.530993 0.354111 -7.261511
9.509039 0.423430 -7.541102
3.901326 2.252918 -3.086547
7.447848 0.558110 -5.235238
3.398237 1.490675 -4.874215
1.081638 1.000720 2.818368
-0.742285 0.971485 2.520963
4.702274 -0.670225 -2.431588
10.879210 3.341913 -7.126157
3.159442 1.973304 -1.906957
2.798155 1.646863 -4.341859
2.677738 -0.196672 -3.529519
5.410207 1.465950 -6.688404
7.164747 0.681485 -8.214564
1.000297 0.999448 2.815190
8.861372 3.214977 -7.135711
11.972870 3.700212 -7.630315
2.696106 -0.189268 -3.569157
9.659053 0.721569 -6.989025
7.469148 1.204875 -5.216553
9.983984 3.043969 -6.838862
9.614610 0.389044 -7.289616
0.785121 1.053777 2.492036
1.398049 0.842593 3.616329
4.308390 2.314237 -3.510055
3.616306 -0.535381 -2.087456
-0.972301 0.789680 3.518067
3.204015 1.887084 -1.516228
1.833441 -0.097427 4.686404
7.708374 0.131814 -5.610754
2.882704 1.497203 0.584748
-0.321056 -2.085003 3.765504
9.431980 2.925087 -9.408503
9.162885 3.103519 -6.608857
1.314236 0.121404 5.069756
1.882347 0.529772 5.198076
9.357435 2.056593 -7.860324
9.847684 3.695495 -9.438264
0.492286 -2.129700 3.271528
2.812126 1.975414 -2.043880
9.114911 3.593120 -9.052049
4.037064 2.320567 -3.472497
0.971357 0.379245 4.564552
-0.383700 0.246308 3.692998
0.683630 -2.099924 3.501977
1.283684 -2.141478 4.256527
0.161980 0.099671 3.249681
1.078669 1.068900 2.376021
9.099521 1.952305 -7.654981
7.464295 0.609245 -7.976203
3.855166 -0.667446 -2.716143
6.094430 2.602322 -4.642565
5.706803 1.404550 -3.749141
0.090182 1.008194 2.637213
6.088361 2.619478 -4.685737
0.078764 0.894413 3.075888
0.007011 0.904187 3.026562
0.229675 -2.020386 2.935128
4.873227 2.104596 -2.710900
6.860856 0.476613 -7.520795
3.506097 1.547661 -4.899626
3.246992 1.994248 -1.883568
5.292659 2.768223 -5.509203
0.497296 1.053081 2.412999
3.559414 1.782670 -4.964539
0.442476 -2.108466 3.206887
4.207981 1.612430 -1.989698
7.412212 -0.171145 -5.922623
0.457062 1.044105 2.590939
0.828583 0.680970 4.270295
3.043273 2.389266 -3.819583
0.369520 1.052336 2.343731
9.522115 1.153615 -7.418108
0.908494 0.956099 3.063028
4.893787 1.887828 -3.186478
0.285565 0.958560 2.788589
7.855396 2.637969 -5.316724
11.940727 1.480172 -8.320224
9.882531 0.482554 -7.516275
1.082770 1.075171 2.387916
6.778403 -0.219209 -5.903733
1.217826 0.962791 2.661160
5.585084 2.192114 -3.532816
9.639584 3.295827 -7.753368
-0.700321 0.875404 3.254267
7.066715 0.686112 -8.067352
1.070557 1.057467 2.359597
0.776676 1.038229 2.469038
1.259983 1.001450 2.762715
3.841893 2.514602 -4.534847
5.701708 1.404346 -3.748064
0.716449 0.999786 2.897762
3.886682 -0.569645 -3.024637
1.224160 0.972445 2.681249
6.953990 -0.085084 -6.777128
11.498780 3.324383 -7.656587
0.173110 0.110001 3.349424
1.243706 0.997500 2.742710
7.431767 2.866994 -5.479771
10.114818 3.359290 -7.766872
7.425708 -0.180910 -5.912107
1.031292 -2.745790 4.119658
1.171921 0.938984 2.940897
1.295903 0.954730 2.960184
3.431148 2.505236 -4.439735
11.135615 0.694212 -8.177069
4.894623 2.168264 -2.735526
0.627067 1.022832 2.673881
7.739386 0.074020 -5.831310
7.615777 2.635072 -5.043321
3.486268 2.465417 -4.291318
10.674039 0.602028 -7.970358
9.370266 2.558075 -7.750509
12.217912 1.083127 -10.220658
10.083401 0.779346 -8.278525
0.463601 0.893965 3.062833
9.384056 3.028738 -6.361813
5.355766 -0.202797 -4.488247
4.758087 2.262988 -3.178058
1.786886 1.993713 -2.052712
9.272191 1.123610 -6.729896
7.554867 2.531072 -5.145890
2.090794 -1.936054 5.272408
5.020025 -0.302193 -3.531138
8.810680 0.840270 -9.424604
1.978445 2.052245 -2.321213
0.191852 0.859276 3.123626
4.397104 -0.555208 -3.143041
4.636176 2.289664 -3.326844
9.595696 0.837463 -9.117622
7.331956 1.181560 -5.131807
2.378572 1.948655 -1.811000
1.191353 0.961782 2.958263
5.041572 2.015480 -2.339283
0.153925 -2.022199 3.081970
9.512902 2.922556 -9.436255
5.257684 2.063737 -2.427531
0.369975 1.052676 2.346456
3.887747 -0.575665 -3.060095
4.274202 2.400549 -3.595581
4.253066 2.363772 -3.606154
-0.415410 0.976497 2.636925
4.618757 2.277944 -3.320243
3.425398 2.499339 -4.429680
9.311957 1.151752 -6.772618
4.179205 2.399303 -3.736758
2.092028 1.963544 -2.014533
10.005725 0.122674 -8.684831
2.113203 1.965081 -1.908105
0.155350 -1.995117 3.039968
2.825636 1.852864 -1.318830
9.395519 1.155511 -6.822871
10.306003 3.452207 -8.820293
4.868653 -0.188899 -5.556737
2.437783 1.870019 -1.472809
3.891605 0.644166 -5.356288
0.565346 0.983211 2.772822
7.278755 2.885761 -7.910922
3.461864 2.473375 -4.753507
0.017306 1.001629 2.452673
1.071895 -1.921490 3.182905
2.887358 1.783710 -1.113930
9.335303 1.537965 -6.711120
4.366669 2.328876 -3.466401
5.357325 0.266533 -2.480172
10.999490 3.010972 -7.555547
2.159758 -0.086952 4.998163
1.949601 0.634513 4.522552
0.545264 0.941513 2.919359
12.395140 0.832913 -9.234467
3.868977 -0.649128 -2.965581
6.614386 0.508069 -4.415652
6.290433 0.484708 -4.231882
8.042521 0.212864 -6.803782
8.738193 3.157907 -7.000015
9.887269 1.320880 -7.227859
1.980967 0.286535 4.682502
0.575940 1.017814 3.151320
4.694759 2.307911 -7.922207
5.932971 0.345716 -7.379210
0.696580 1.003385 2.626224
8.444740 3.323112 -7.799101
4.500619 -0.051268 -3.828724
4.163614 2.275756 -3.199978
-0.080099 1.024578 2.479217
6.815168 0.493050 -7.485321
2.375707 1.949603 -1.812203
9.282943 3.107782 -6.657197
1.793315 -2.092872 3.828403
9.629488 3.016048 -6.534332
-0.404764 0.237616 3.980921
4.962725 2.185740 -2.995645
-0.592726 0.882726 3.167711
-0.459986 -1.941125 3.189394
6.704002 2.861222 -6.109119
1.950666 0.278916 4.597207
0.280318 -2.027115 2.907122
3.117881 2.012338 -1.946809
3.355380 2.490714 -4.752121
10.201292 1.974016 -8.513191
1.314543 0.971974 3.009377
3.350417 2.224499 -4.822226
4.063764 2.545173 -4.565864
0.300104 1.008589 2.678305
3.435706 2.516532 -4.450799
9.220072 3.120032 -6.652639
2.081389 2.033377 -2.228481
3.273918 2.548795 -4.548056
1.804797 -2.136809 4.205930
4.855626 2.206431 -2.877557
2.907751 1.823818 -1.096582
6.977890 0.080858 -4.699625
4.017387 2.294494 -3.276907
11.700463 1.557752 -10.446369
3.023325 2.005119 -2.017300
0.006037 0.904758 3.040985
9.540844 0.255801 -7.091218
0.090890 1.006271 2.631166
9.863769 1.162564 -6.980554
0.256439 -2.006325 2.902066
4.330492 2.330593 -3.537023
1.069763 1.092099 2.176695
-0.327176 0.922834 2.919123
4.634078 -0.337835 -3.775542
1.233897 0.551840 2.295980
5.077247 0.378914 -2.653317
9.233705 3.145068 -6.650865
0.561635 0.977818 2.768847
1.348178 0.624000 2.561632
10.819852 1.320148 -9.698492
2.676697 1.870507 -1.493675
5.106421 -0.056835 -3.600301
3.961504 -0.579683 -2.967501
7.454946 0.178423 -6.132198
1.347943 0.620567 2.550979
4.400470 -0.632542 -2.341521
1.126348 0.780891 3.748253
7.200716 2.908592 -5.794488
2.578989 2.087039 -2.484354
3.028010 2.011450 -2.019098
7.618854 2.560340 -5.140045
3.584828 2.338711 -3.541526
5.651497 0.192607 -2.395063
0.399607 0.982531 2.882982
5.205450 -0.407391 -3.744876
1.308656 0.592447 2.446389
10.227607 0.888757 -9.609316
0.915022 0.622508 1.630302
8.644538 0.877159 -6.250169
3.006603 1.990529 -2.005295
7.500185 0.061260 -5.751526
3.553294 1.556666 -5.672710
2.844184 1.880347 -1.499885
4.606014 2.363428 -2.830472
1.384475 -2.043187 4.104248
3.727902 2.308919 -3.481896
-0.285194 0.977753 2.494542
3.948472 2.219934 -2.942465
3.965981 2.228431 -2.946222
3.743145 0.421922 -5.811652
10.520967 0.869108 -9.299550
3.670328 2.248404 -3.089366
1.063923 1.032976 2.691468
3.240087 1.991512 -1.880349
1.545903 0.966101 3.747499
8.779657 0.190673 -6.254115
6.825761 2.367932 -4.561051
9.778481 2.357712 -9.753241
0.221604 -1.954992 3.019880
-0.240194 -1.899399 2.927933
9.308810 0.944718 -9.611277
3.442773 2.518052 -4.603385
4.209508 -0.668167 -2.217122
0.660739 0.982207 2.750006
0.340846 0.925442 2.694227
3.375315 1.821608 -1.273084
3.665187 1.903318 -5.115306
-0.085876 0.916022 2.819008
3.660894 -0.692875 -2.457030
4.295186 -0.156323 -4.988410
1.151867 0.479506 1.911783
3.438762 2.437415 -4.710739
1.131297 0.973873 2.850631
8.996681 3.207760 -7.130641
2.199594 -0.137889 5.063125
-0.235536 -1.932428 2.960148
0.955586 0.634202 1.584742
4.053689 -0.744622 -2.630485
3.450604 2.460052 -4.737235
3.766680 -0.645202 -2.897057
3.392673 -0.667929 -4.400248
0.710809 0.990915 2.870643
8.213956 0.842032 -5.941584
4.592015 0.573822 -8.190219
6.500438 0.057915 -5.687423
10.275028 1.182355 -8.681543
-0.195472 0.987752 2.638683
-0.042535 -1.944353 3.086704
9.783525 0.484355 -7.687464
8.836112 0.879593 -6.393089
0.685628 0.982398 2.697622
1.118877 0.460284 1.846208
5.541870 -0.222828 -4.131973
5.284426 -0.118585 -3.679589
3.900467 -0.603907 -3.393088
5.053390 -0.464135 -3.584379
10.850455 3.187997 -9.363024
0.492066 0.909272 3.082388
2.633469 1.414073 -4.206255
6.646461 0.016015 -5.527206
10.007040 3.160660 -6.622638
2.052395 -0.670647 5.624395
0.927134 0.636247 1.653684
4.735557 2.248240 -3.169638
5.992599 2.613893 -4.693634
9.974579 1.128719 -8.278664
7.048666 0.249267 -6.915006
2.203490 2.157070 -2.874062
1.141727 0.510322 2.141177
7.786326 2.625858 -5.226518
1.275379 0.341743 2.338592
6.624791 2.509077 -4.207574
9.808102 0.496922 -7.697782
4.552280 2.266020 -3.010905
2.075748 2.169260 -3.023917
3.390469 1.930913 -1.605330
6.253092 0.124968 -5.939542
10.664399 2.169206 -7.252109
0.251235 0.905197 3.032576
4.208797 2.301375 -3.535484
0.709654 0.995415 2.783146
3.803589 0.857171 -1.492824
3.490574 2.484925 -4.282039
2.552274 1.973592 -2.132824
1.064577 0.979668 2.770697
0.007477 0.903106 3.027431
5.716726 -0.126470 -2.506074
1.680962 0.435670 2.626920
0.778889 1.025100 2.745194
3.069740 2.028765 -2.099882
4.013391 2.391586 -3.746617
2.196917 2.149867 -2.864650
0.496569 1.063842 2.372982
6.424570 2.468810 -4.051823
1.165475 -2.253704 4.151671
6.672509 0.206227 -5.486106
5.123921 0.721832 -3.342726
5.277994 -0.256628 -3.837078
4.442214 2.356669 -3.485283
-0.363668 0.907075 2.947831
4.277056 2.367274 -3.586313
1.079861 0.999023 2.820160
4.041948 2.423071 -3.863388
1.568362 0.319593 2.578110
2.869371 1.897091 -1.508304
6.854154 -0.018955 -5.171259
0.048523 0.522206 3.240326
4.020249 2.302598 -3.283536
0.078922 0.903337 3.103852
5.028448 -0.171317 -4.249856
9.800076 0.500057 -7.710923
6.713507 2.524576 -4.277305
0.773501 1.019267 2.730458
1.216032 0.509573 2.029177
4.561592 2.268138 -3.013832
3.681854 1.661913 -5.212220
6.584787 0.230821 -5.609909
1.151361 0.469948 1.910184
4.213828 2.307817 -3.540606
5.557958 0.587793 -2.267426
11.676364 3.494593 -8.214742
-0.568126 -1.947415 3.170954
0.043580 0.688047 3.099936
3.094661 1.998617 -1.961876
6.721159 2.523002 -4.280504
9.884377 2.730916 -8.116724
0.324807 -1.979561 3.115168
6.141999 2.639857 -4.729952
0.909208 0.618662 1.605733
3.682131 1.679868 -5.525597
2.873733 -0.337348 -3.245663
2.279862 2.064190 -2.412443
10.326045 3.197039 -6.963810
0.532598 0.906749 3.105439
6.464910 -0.058918 -5.236875
5.291299 -0.125197 -6.112479
10.245040 3.384061 -7.988905
0.506874 -2.104251 2.946271
0.156742 0.884824 3.210790
9.940487 3.138702 -6.710160
3.512538 2.291838 -3.320356
8.808039 0.816899 -8.914637
-0.143264 -1.973017 2.842571
6.526291 -0.096448 -5.070125
9.711137 0.527695 -7.654137
1.467605 0.866442 3.397873
0.088817 -1.913921 3.107980
10.473390 1.856239 -7.144639
0.372845 0.872141 3.277896
4.398847 2.215482 -2.851646
1.052226 0.616346 1.675636
2.633596 1.990054 -2.011761
10.402931 0.893494 -9.182122
-0.235320 0.890469 3.078797
2.758702 2.062417 -2.460078
1.237744 0.726105 4.143735
-0.689199 0.823028 3.355950
1.055801 0.620180 1.678742
1.120789 0.773859 3.681405
2.866737 2.061034 -2.384392
2.878413 2.036621 -2.088661
10.002717 3.176373 -6.722249
-0.257345 1.000523 2.491990
5.254179 0.262241 -2.718346
9.928825 0.638427 -7.480516
-0.401566 0.992994 2.500507
3.907196 2.200624 -2.853264
12.377608 2.407268 -8.458449
0.459992 -2.223418 3.380995
1.658406 -0.038962 5.010616
2.374707 1.932156 -2.013004
1.097041 0.648326 1.755921
9.923980 0.451246 -7.357882
4.100424 0.040822 -5.851526
0.280974 -2.043639 2.929634
3.258677 1.793730 -1.140198
1.083415 0.636835 1.747994
6.738745 0.005241 -5.255662
10.722469 3.655109 -9.188552
2.857282 1.797951 -1.005245
9.116828 1.603694 -6.504128
-0.244849 0.534949 3.744644
2.579546 2.088848 -2.488484
9.566461 2.608308 -7.872781
3.232696 1.886733 -1.249550
0.872005 0.503349 1.492687
0.883557 0.478689 1.611493
4.260670 2.179667 -2.685849
3.160568 2.406386 -3.948505
1.653415 -1.356129 2.178627
-0.285975 0.219541 3.330673
1.969192 2.036158 -2.307544
-0.464364 -1.838993 3.591284
0.699431 1.017496 2.788575
3.800448 1.814398 -5.093838
12.148783 1.235201 -8.591913
7.956086 0.611792 -5.500279
9.243852 0.771887 -8.407299
8.065576 1.890354 -5.456687
9.986373 3.051959 -6.636827
-0.150828 0.975058 2.646451
1.767208 0.468333 2.776425
2.632134 1.990648 -2.011456
0.744857 1.069643 2.292426
1.002317 0.562187 1.515171
1.662569 -1.369200 2.197554
2.807719 1.902828 -1.657344
1.411477 0.455436 2.144039
2.552167 2.085667 -2.315298
6.831039 2.594312 -7.392970
-0.194089 0.977986 2.617773
3.745343 1.598976 -5.273144
9.257948 2.250918 -9.282232
8.941973 3.218166 -7.183940
2.748586 2.081344 -2.461253
11.062516 1.517101 -8.148183
5.329637 0.349299 -2.308513
2.585173 2.012147 -2.179216
3.194004 1.959617 -1.863684
2.075653 0.556061 3.286107
6.474061 -0.107131 -4.943740
8.257407 0.647181 -8.593605
0.956116 0.816586 3.765576
1.962907 0.527321 3.124636
1.884643 0.489909 2.981121
9.298273 0.378484 -7.351614
1.047955 0.611580 1.670356
3.182270 1.992844 -1.915193
1.059692 0.620329 1.670992
2.529119 1.969078 -1.967810
4.794387 2.288946 -3.188058
2.126872 1.957527 -1.870820
7.690554 0.539922 -5.422637
0.990293 0.589405 1.687262
9.338975 1.517938 -6.711863
4.306970 2.319752 -3.512038
2.565722 1.866788 -2.275610
9.277105 3.123627 -6.711836
8.845405 3.216470 -7.244429
1.895035 0.540362 2.777484
3.472450 2.497286 -4.776194
0.988122 0.587137 1.687270
4.068526 2.361003 -3.732009
2.884260 1.851410 -1.325667
11.134436 3.206503 -7.524580
10.628993 3.645123 -9.084324
-0.490593 -0.136029 4.361537
2.224661 -0.166341 4.773279
5.229156 1.107517 -2.642705
6.670193 -0.182989 -5.042460
9.440076 0.459660 -7.440444
1.844631 0.460803 2.605456
9.045264 3.243166 -7.353057
2.007387 0.502584 3.013664
4.546030 -0.071017 -3.777792
4.223913 2.336081 -3.618352
4.890254 -0.479015 -3.356251
9.009599 0.564993 -5.706406
0.904455 0.499110 1.670320
10.724423 0.570431 -7.830563
2.922359 -1.792645 5.534659
2.342927 -0.156995 4.868042
3.859337 2.281548 -3.239978
11.164420 0.690708 -7.861568
0.925862 0.634166 1.649636
4.246850 2.338639 -3.568304
2.367254 -2.084264 4.507253
1.663209 -1.370130 2.198197
3.859590 2.282626 -3.239229
9.124872 3.145658 -6.820446
10.588548 1.721302 -7.205934
2.395515 -2.118195 4.576080
9.196425 1.067586 -9.567598
2.483478 -0.163029 5.207319
2.434252 -2.173165 4.689653
3.200770 2.005358 -1.927849
1.903968 0.608180 4.425644
10.127304 2.841466 -6.940503
0.921314 0.633390 1.637371
1.353331 0.629063 2.573137
9.387528 0.939115 -9.665731
1.813721 -2.182674 3.803810
2.067798 0.469099 5.376206
9.013869 0.321202 -6.771913
8.425723 3.305743 -7.780819
1.884807 0.477212 2.670089
3.504163 2.271363 -3.308849
8.190770 3.390373 -8.155118
1.086880 0.664039 1.419217
8.904518 3.227436 -7.316140
10.366086 3.155046 -6.920439
3.655946 1.643185 -5.150280
0.910348 0.508407 1.699414
3.893764 -0.503275 -2.052907
6.382362 -0.048017 -5.157948
3.199409 1.963856 -1.864793
6.820735 -0.183196 -4.584068
0.463385 -2.059093 3.010478
1.184994 0.958684 2.045617
5.960768 -0.184510 -5.874066
0.917170 0.513627 1.712617
2.707668 -0.299412 -3.024570
2.893138 0.112675 5.177570
0.838036 -1.967951 3.444963
11.741856 1.018748 -7.605869
2.395412 -2.104233 4.555281
0.201928 -2.026019 2.993955
6.356122 0.484495 -4.619206
9.658228 3.028838 -6.541422
1.842251 0.541710 2.722244
0.337780 -1.926588 3.247329
2.848876 0.109049 5.086173
1.069850 0.429712 3.993660
1.800554 -2.108917 3.856632
6.695551 -0.078596 -5.395123
3.183680 1.993215 -1.918473
8.422830 3.297987 -7.774881
2.913300 0.111157 5.190447
1.764460 -2.063777 3.772125
3.247667 0.132296 5.815604
1.791813 -2.106076 3.847933
9.754653 0.486420 -7.413854
3.948856 -0.680502 -1.951256
4.998837 0.445347 -3.078754
10.200582 0.667663 -8.867985
0.398911 0.860606 3.321582
11.642502 3.484472 -8.190347
9.672749 0.539106 -7.627052
1.267374 0.975983 2.757951
1.927837 -2.073920 3.573794
2.872645 -1.773978 5.484829
1.939261 -0.152017 4.291517
10.839603 3.087239 -9.385627
2.819588 -1.734342 5.384809
2.346124 -2.113600 4.546027
2.648323 2.002995 -2.018866
11.799302 1.004183 -7.656787
1.002416 0.779431 3.933751
8.961757 3.204785 -7.162196
5.749383 -0.219871 -6.014939
3.952804 -0.752456 -2.310001
1.057742 0.562700 1.404840
2.887231 2.074529 -2.297818
-0.355386 -0.098772 4.065516
2.931965 2.118477 -2.345299
2.234387 -0.154854 4.636243
3.810256 -0.025262 -5.642983
9.267943 3.109301 -6.703031
1.112803 0.038726 4.083347
0.791152 0.111681 4.135779
1.950767 -2.103734 3.725018
1.198716 0.510462 2.014423
1.838752 -1.380418 2.324184
1.100010 0.572144 1.347608
1.836730 0.541752 2.710725
3.028341 2.009702 -2.018629
2.116830 -2.003016 5.327997
0.679155 0.991564 2.643850
0.053600 -1.821859 2.927473
4.611434 2.271225 -3.317198
2.871871 0.114671 5.147524
2.791357 2.107461 -2.494036
2.524593 1.940827 -1.738903
1.807821 -1.351888 2.282958
6.467127 1.869287 -4.039040
0.898332 0.972225 2.894808
0.965652 0.126756 3.947884
2.517830 1.954950 -1.958378
3.996736 1.964968 -1.785307
7.080226 0.250768 -6.955625
0.469857 -2.119618 3.098282
7.268746 2.698898 -5.125368
0.877530 0.140363 4.826598
1.461338 0.981947 2.004293
6.742805 0.138882 -5.162500
2.990145 1.799015 -0.905611
1.586702 -0.138722 4.926040
5.697415 2.409912 -3.537109
9.610102 0.750323 -7.839939
1.464904 0.989098 2.017102
6.223385 0.277743 -6.118429
1.808118 -1.515659 2.423667
1.833229 0.453716 2.591835
0.933271 1.159528 2.723970
3.636793 1.660200 -5.395904
1.725815 -1.446314 2.314533
7.872228 0.593325 -5.768652
1.192672 0.531009 2.207296
2.013716 0.515213 2.879363
1.898796 0.472471 2.704192
4.834681 2.250571 -3.164593
2.432712 0.311360 2.969606
1.221836 0.712696 4.073607
1.350294 -1.323977 1.933014
9.663791 0.382560 -7.632143
0.687948 1.034779 2.434671
6.492038 0.339572 -4.505204
-0.002350 0.749455 3.266694
2.860549 1.896096 -1.506618
7.023136 0.511444 -5.022140
-0.293471 0.806606 3.441280
9.819825 3.047209 -6.589325
0.217979 1.013209 2.593054
8.969489 3.378880 -8.006678
1.067406 0.984141 2.781529
8.335374 2.840367 -5.578617
9.065132 0.691233 -9.440970
0.226612 0.851139 3.204104
7.146021 0.306033 -6.852538
3.150921 1.967591 -1.900297
1.216430 0.998495 2.114945
3.674048 1.656129 -5.190592
2.588504 2.100400 -2.498935
5.031943 2.256134 -3.010790
1.075929 0.431968 4.022601
8.989513 3.213156 -7.168766
1.474919 -0.064331 4.737861
2.513536 2.020429 -2.206728
1.182107 0.960399 2.038568
2.125832 2.060208 -2.407164
5.789433 0.245478 -5.665160
9.284311 3.117049 -6.709412
0.645786 0.412876 4.445779
0.865553 1.033965 2.437820
5.147200 2.245598 -3.113630
1.787019 -2.142894 3.723378
7.453114 1.327527 -5.175182
7.039767 -0.115621 -6.765842
2.468214 -0.159359 5.162360
1.412144 0.959108 1.931074
9.996222 0.816015 -8.220277
2.903681 -1.783414 5.489160
0.599147 0.984187 2.656711
5.168695 2.252699 -3.143464
0.707678 0.896554 3.157177
3.074466 2.033222 -2.103951
3.669314 1.765603 -5.123060
1.065018 0.641685 1.363658
5.144882 -0.334625 -3.601895
9.235751 0.449562 -7.993646
1.788455 0.384682 2.336359
4.107545 -0.021142 -4.670151
5.236687 0.801758 -3.341585
3.566652 2.497453 -4.325952
0.593761 -2.031002 3.365810
0.265776 -1.885867 3.136605
1.981867 0.245055 4.817112
1.156507 0.606504 1.362485
12.313345 1.069336 -8.888160
1.291613 -2.079153 4.101972
2.874831 -2.147777 5.333722
0.449508 0.861145 3.233313
2.937817 -0.378638 5.940308
2.121171 2.050525 -2.394529
1.120212 0.579359 1.313911
4.096836 -0.104822 -4.682078
-0.031182 -1.837002 2.912735
5.380373 -0.240896 -4.068074
1.379968 0.436104 4.392554
1.148538 0.603679 1.354865
5.460673 -0.246088 -3.950395
4.517365 2.360854 -3.377138
2.744704 -0.309176 -3.074722
0.808423 -1.951058 3.399126
3.617557 1.809944 -5.052718
3.014956 1.998688 -2.012199
2.007835 -2.158666 3.725904
1.124771 0.856837 3.526354
2.909014 -2.169029 5.396111
0.634019 -1.936479 3.478120
3.218252 -0.370274 6.142759
-0.206460 0.678658 3.646123
1.090044 0.136962 4.461998
1.664825 -1.966584 3.395858
0.964804 0.760070 3.761698
0.121369 0.779561 3.720267
5.432946 1.268754 -2.214339
7.308109 0.676109 -7.564561
3.240636 -0.218258 5.353040
1.728351 -1.840916 3.161830
2.793907 -0.373594 5.655475
3.082856 0.120025 5.499717
0.111710 0.757995 3.677007
1.876412 -2.207811 4.037695
4.449917 -0.670730 -2.538374
0.452222 -2.189024 3.322439
9.794603 2.359576 -6.886376
1.447883 -2.111279 4.243969
2.891910 -0.395243 5.898809
0.543206 -2.387390 3.662246
3.177589 -1.872990 5.757245
0.973144 -2.174179 4.595862
2.008939 0.341734 2.209901
4.107323 2.284609 -3.290311
0.957165 0.557168 1.597191
1.178745 0.505210 2.144219
6.216486 0.245927 -5.905205
1.632542 1.155103 1.978596
1.786037 -2.104533 4.147040
4.304174 1.345669 -7.207018
1.244189 1.018541 2.167252
3.996147 2.285494 -3.266910
1.015380 0.571336 1.530533
0.565023 0.974690 2.754869
1.905688 0.417583 2.166308
4.663336 -0.079277 -3.654588
1.165246 0.624238 1.378262
1.738202 0.368533 2.267282
1.098420 1.094943 2.434327
1.195334 0.519360 2.181386
4.041487 2.326614 -3.474936
1.283550 0.582462 2.404314
4.469807 -0.884619 -2.748794
1.138766 0.600440 1.345201
0.932081 1.152264 2.721742
1.866322 2.028580 -2.246045
4.026050 2.309827 -3.466897
1.782901 0.149219 3.172478
1.555390 -1.314605 2.085952
5.406443 0.260632 -2.486901
4.390380 -0.014722 -3.969290
1.154398 0.915368 1.970639
2.148989 0.390304 2.337075
7.642393 0.525202 -5.373715
4.791290 -0.108562 -3.725899
2.395447 -1.724754 2.358378
2.636362 -2.035514 2.550266
0.006304 0.910851 3.042449
4.032647 0.027143 -4.331238
4.900274 -0.150099 -3.653469
3.055917 1.667480 -4.518518
3.481060 2.493843 -4.298991
3.811082 -2.022307 5.365477
8.788916 0.602598 -6.701054
9.920547 2.114464 -8.200564
0.999954 0.569329 1.555648
2.444170 -1.690117 2.410640
2.358282 -1.797344 2.259006
2.304491 -1.828078 2.417756
1.104424 0.450296 4.166457
3.296102 -0.224157 5.428088
2.590871 -2.639722 4.575793
4.341459 2.274194 -3.260243
2.000717 0.338975 2.201254
11.656592 3.550048 -8.391316
3.491630 2.480247 -4.282593
10.322526 0.739560 -8.373524
2.405970 -1.732558 2.369165
5.174030 2.265146 -3.178359
5.927549 0.530947 -6.674212
7.986296 0.747603 -5.786261
0.978920 0.741829 3.820089
5.217073 2.096730 -2.416188
0.879349 0.334920 4.058915
3.848273 -0.565634 -3.106036
9.676548 2.665284 -7.912758
3.524921 2.550116 -4.632375
2.321357 -1.843762 2.433142
4.569158 -0.695402 -3.058469
1.803332 -1.353253 2.286952
2.404083 -1.916800 2.532274
4.823388 2.306273 -3.198598
2.784021 1.633417 -4.296055
4.110084 2.290729 -3.291212
2.264115 -1.795853 2.370849
4.663824 1.927101 -8.059089
4.377352 2.338681 -3.472288
4.864484 -0.121713 -4.087617
4.342818 2.343243 -3.544470
1.995067 -2.440018 4.941641
0.566650 0.899006 3.097176
1.460445 0.482381 2.265095
3.252349 0.049425 5.219038
1.675379 -0.044391 5.068597
1.087538 0.037669 4.044909
3.076649 -1.836039 5.621368
3.202113 -0.377225 6.095142
4.238554 2.350611 -3.537357
2.584856 0.160263 4.109013
1.119658 -2.032145 3.369763
7.999516 2.640391 -5.397086
10.114490 1.249398 -7.869903
1.936563 0.507362 3.034659
2.295342 2.251759 -3.773558
0.396121 0.871328 3.340778
10.085688 3.156485 -6.805423
0.436664 1.020193 2.483977
1.268292 0.657702 1.288048
2.599946 -2.003481 2.419059
4.018070 0.054523 -5.699492
2.932229 -1.963830 2.768471
4.376067 -0.005019 -3.999369
3.108835 2.258108 -3.202016
4.457241 -0.041593 -3.798588
2.353776 -2.311429 4.830624
3.956516 0.871226 -5.448958
1.626869 1.148490 1.970899
2.798557 -1.872474 2.649462
2.271218 -1.709077 2.129189
2.719741 -1.815238 2.561542
2.570839 -1.985177 2.483023
1.249979 0.639089 1.263530
4.029387 0.034987 -4.315241
12.217680 1.239662 -9.157232
2.142290 0.368266 2.383251
1.200265 0.605087 1.208670
6.699226 0.150256 -5.150983
2.436610 -0.633936 4.944372
8.785769 0.830123 -8.244162
9.949959 0.473016 -7.354236
7.565488 0.135254 -5.515533
2.516545 -1.815931 2.483202
2.016282 0.392555 4.753904
2.437641 1.564842 -4.007010
3.098607 1.825950 -1.186001
2.269744 -0.157693 4.715851
0.186136 -0.238387 4.770370
1.875634 -2.078289 3.942697
2.958280 -0.378056 5.975873
3.537325 -0.245604 5.063807
3.807025 2.387168 -3.784916
2.062413 -2.106848 4.341281
4.514009 2.234484 -2.993504
1.315621 0.293895 4.121471
0.926191 -2.111364 4.478892
2.859161 -2.751067 4.775551
1.346128 0.790775 3.114032
2.180585 -2.146843 4.683383
2.181116 -0.564808 4.341022
0.812942 0.110947 4.054357
1.265039 0.707729 1.191302
1.217552 0.660619 1.258947
1.219893 0.611630 1.228341
0.605117 1.004162 2.565999
0.525496 0.951123 2.819793
0.890579 0.952932 2.845103
1.062105 0.854199 3.524527
0.986863 0.559128 1.531960
9.663058 0.710522 -7.359749
0.705197 0.652986 3.926018
1.872199 0.562621 2.987509
2.743440 -1.968240 2.327918
3.354647 2.474335 -4.746806
2.144159 0.385241 2.325763
4.031198 2.302042 -3.325962
1.761716 -2.225533 3.271809
6.752323 2.337461 -4.526058
2.297815 -1.820810 2.408114
0.203333 0.985254 2.608592
9.124943 0.798888 -8.341107
3.438168 1.764463 -4.878458
4.143377 -0.320735 -4.891250
4.028725 -0.204404 -4.605969
9.112635 0.802342 -8.309355
0.248506 0.909208 3.036391
3.065207 -1.821127 5.589768
5.101239 -0.095133 -3.644831
1.791351 -1.338975 2.261660
1.747398 0.367053 2.277218
2.444155 -1.764838 2.409798
1.238245 0.639382 1.250917
4.779720 -0.360091 -3.863477
4.265705 2.358389 -3.581137
1.740543 0.367730 2.250556
2.381085 -1.695385 2.335502
9.787338 0.660983 -7.401434
1.117385 0.613885 1.474229
9.790288 0.674217 -7.421139
3.744769 1.916420 -1.542220
5.917734 -0.132771 -5.727981
9.339978 2.620945 -6.466107
6.156408 -0.280571 -4.518334
9.552311 0.577831 -7.569349
3.012925 1.999141 -2.010377
8.258941 3.127586 -5.680955
0.705496 0.963373 2.790948
9.803115 0.642044 -7.413255
2.557440 -1.819609 2.156520
2.583102 -1.848896 2.189778
7.054106 2.195462 -6.239684
9.107850 0.801655 -8.329291
1.856375 0.548023 2.746008
12.420707 1.939147 -10.571806
2.820988 1.969909 -1.926589
2.265730 0.603995 4.876466
7.685948 1.862381 -4.589427
2.041449 2.100969 -2.509232
10.260982 2.132244 -7.117268
9.860785 1.234816 -6.991852
6.124238 2.537174 -4.153570
3.868604 -1.240003 6.016066
3.610257 1.048739 -5.417351
9.686302 3.119969 -7.411551
2.099341 -0.069699 5.576595
1.628257 1.151432 1.972081
9.794108 0.644812 -7.403320
3.334477 -1.815499 5.633883
2.615490 1.971279 -1.998017
9.696411 0.541779 -7.245243
1.183330 0.001149 4.074934
2.475205 2.011677 -2.095728
1.066206 1.051278 2.361864
1.655539 -0.516280 4.883527
7.682261 1.873580 -4.586091
2.711931 1.947987 -1.914060
3.193048 -0.217493 5.337607
3.754039 2.559602 -4.761130
2.818853 0.050437 4.372477
0.927435 -2.120887 4.499261
2.577427 0.166827 4.016687
2.909053 0.086609 4.296983
1.490596 0.591676 2.935093
10.931738 0.893924 -8.734879
2.868338 -0.204289 4.060257
1.805818 0.252622 3.738215
1.063626 0.437614 3.996401
1.288541 0.628040 1.145348
3.619584 0.476215 -5.574020
1.173649 0.671943 4.302390
3.689072 -2.049698 5.841887
4.727967 2.538419 -3.201299
1.150463 0.652135 4.191526
3.593961 2.154362 -4.939372
11.126692 3.009496 -7.616522
1.565273 -1.729208 3.379586
1.378706 -2.240837 3.985395
1.821949 -1.953460 3.362554
9.396898 1.155242 -9.283247
1.252207 -1.871617 4.561054
2.296543 2.016355 -2.091716
1.545234 -2.117153 4.176254
5.551365 1.226539 -2.154041
3.122331 0.179689 3.163654
4.677790 2.420077 -4.145091
6.340983 2.443041 -4.001367
3.740640 0.798727 0.476011
3.768275 0.804453 0.480427
2.990999 1.212296 1.642457
3.304646 -1.415590 1.430810
3.875454 2.612263 -4.972549
2.992092 1.210168 1.646426
2.794890 1.105271 1.508804
1.466661 0.695439 0.998660
8.449750 2.649524 -5.778916
10.064704 0.633671 -8.048369
1.525551 0.561676 1.229751
1.711945 0.609766 1.148661
2.372920 1.266197 1.538843
6.271949 2.411032 -3.958169
4.053205 0.917266 2.099673
3.703382 0.740191 0.409476
2.670950 1.257561 1.500569
9.675641 3.386445 -7.550632
11.604335 3.556032 -8.324402
5.171769 2.340846 -3.480607
3.645806 0.730427 0.401918
3.026494 1.371993 1.170989
3.207145 -1.275728 1.301265
3.143648 -1.311111 1.206736
11.714440 1.115816 -8.985787
3.856780 2.537801 -4.559741
8.515684 3.387891 -7.723905
6.328692 0.371425 -7.190508
9.905289 3.096046 -6.616992
2.481778 0.532375 1.736788
4.958526 -1.142654 3.615832
8.811915 3.418185 -7.838467
8.915102 3.341425 -7.404665
6.305262 -0.026362 -5.117241
2.812043 1.481308 0.514012
9.598218 0.742816 -7.491215
5.421967 2.553133 -4.663974
11.647900 0.677575 -9.801631
2.505319 0.442262 2.014358
2.786480 1.483344 0.788456
1.560435 0.602252 1.077707
1.526601 0.562904 1.229338
2.580894 1.366539 1.451117
10.525156 1.923593 -7.140322
4.124965 0.366715 1.851856
6.219249 -0.700069 1.461101
3.696255 1.254674 1.599400
9.332815 0.898367 -9.167294
3.711145 1.260755 1.608126
1.687772 0.561716 1.284352
3.018918 0.870168 1.849960
4.167248 0.206822 1.436004
3.618163 1.220286 1.559827
4.770609 -1.627449 1.089508
5.971004 -1.147964 3.950066
4.739707 -1.002228 1.974895
5.228780 -1.113069 1.343698
4.647041 -1.578118 1.058041
4.745141 -1.041550 1.292540
9.336167 3.242900 -6.892737
2.838089 0.805561 1.721381
4.024721 0.547155 1.361854
7.116277 -0.812783 2.784377
3.858838 2.541479 -4.562447
4.889141 -0.531572 2.146674
3.944046 2.500808 -4.346442
4.034480 0.374196 1.787966
3.092075 1.455649 0.870329
3.916138 2.590942 -4.772212
2.958568 1.441709 0.949493
3.937661 -1.389358 1.787673
10.526394 1.944232 -7.123294
3.870085 0.691496 1.016672
10.534375 1.944453 -7.150298
3.983141 -1.410703 3.330324
10.521196 1.951064 -7.123868
2.291190 0.607535 1.529389
2.462937 1.365413 1.461946
4.391286 0.896080 1.853295
1.872801 0.827833 1.181387
5.045458 -0.607986 2.392442
4.713258 2.301933 -3.290637
3.642501 1.269129 0.183217
5.278094 2.321087 -3.341478
3.192795 0.722652 1.776915
4.669214 0.083083 2.143394
3.305414 1.571567 0.243303
5.206503 -0.176351 3.564789
4.235719 1.062810 1.336579
3.813317 1.866880 0.308348
5.686247 -0.881224 2.735978
3.685925 2.503561 -4.425760
3.808228 1.207646 1.666252
3.840572 1.887526 -5.214462
4.060809 2.429936 -4.011448
3.682179 1.247958 1.596705
10.496449 1.933142 -7.110473
1.720918 0.732448 1.060833
4.615462 2.362696 -3.630686
1.998616 0.704393 1.299517
4.783012 2.369889 -3.589595
5.549778 -1.052584 3.608134
3.922081 0.578632 1.042808
4.062321 2.429681 -4.009939
3.680938 2.537590 -4.666543
5.486907 -0.718574 1.504964
5.404434 0.527816 1.050570
2.803793 1.331954 1.418748
3.556844 0.769355 0.065855
5.347097 -0.060876 3.124567
10.389025 2.247014 -6.972399
4.497053 -1.529091 1.019819
4.102869 1.287133 1.395026
3.855565 2.356755 -5.194673
3.264927 1.554646 0.235828
4.318646 -1.955406 0.988317
4.756502 -1.677663 0.483355
6.601098 0.360728 1.848155
4.711706 2.531314 -4.459913
5.397666 -0.734885 3.880226
5.737304 -1.154505 2.221979
3.829202 1.217109 1.673590
5.067739 -0.843683 0.942781
2.371689 1.388157 1.185267
3.890955 2.603013 -4.939163
5.408479 -1.051248 3.542973
5.732459 -1.003767 3.273508
2.911038 0.376793 2.373780
5.320400 -0.692552 1.665447
3.934731 1.362703 0.961961
4.857851 -1.065087 0.336128
4.778185 -1.065152 0.210335
5.379468 -1.025633 0.764604
5.072023 -0.966854 0.714743
5.454654 -0.237871 -4.875994
5.359524 -0.598567 0.788355
4.715858 2.520871 -4.286294
5.028915 -0.911861 0.920328
4.668507 -0.932005 2.071422
6.195362 -1.109796 3.542444
5.110011 -0.279811 3.882288
1.900929 0.689770 1.254840
4.217537 2.547336 -4.511930
5.663870 -0.304494 -4.211357
5.571104 -0.657899 0.901547
4.126801 0.948953 2.097168
4.046471 0.635919 1.001809
4.615384 -1.371958 -0.003816
4.745089 -1.244581 1.926327
3.457848 1.150156 0.132548
5.244009 -0.874253 0.982635
5.793593 -0.267201 -4.357003
3.807743 1.463524 0.450558
5.296693 -1.004945 0.753586
4.476247 -1.330059 -0.003380
4.694561 0.070293 2.174721
9.979967 0.643137 -8.049209
2.548091 0.443861 1.916142
5.636775 -0.630829 0.829806
3.980123 1.056828 0.974241
2.960255 1.549885 0.604193
4.668741 -0.739291 0.146190
4.671265 -1.036615 0.198515
4.529077 -0.718251 0.146619
5.169962 2.339141 -3.479921
6.256825 -0.479111 0.381222
3.786273 -1.401819 1.872981
3.811301 0.810255 0.485236
4.849037 -1.081750 0.209447
6.369339 0.144336 0.855723
7.890882 0.261370 -7.585444
6.167689 0.140564 0.829451
4.153545 1.081191 1.243691
5.034478 0.196259 1.943604
2.637092 1.471738 0.563004
6.674351 0.023392 -5.545750
10.480927 1.182948 -8.699714
10.133185 0.643996 -7.260380
6.829729 2.219892 -4.762087
2.580842 1.248805 1.561139
10.094722 3.591199 -8.850482
13.525600 1.033113 -9.549200
5.628866 1.568136 -5.529266
8.533651 0.603917 -5.827183
2.592092 1.259691 1.572221
3.065450 0.878628 1.759592
5.072789 -0.922894 0.915335
4.128075 1.148957 -4.847940
2.339726 0.539101 1.438470
6.211839 -0.470870 0.359268
12.202760 3.898714 -10.653240
2.749207 1.369908 1.366537
10.169478 0.629310 -7.266428
6.537267 -0.006080 -5.426634
5.720510 -0.924134 1.327811
5.785403 -1.181623 2.261459
5.564310 -0.150468 -5.726337
9.263430 3.540807 -8.310886
1.704279 0.610354 1.136015
1.825890 0.658857 1.188250
7.502492 1.764573 -5.067833
1.786306 0.789607 1.102051
9.277200 3.503449 -8.339010
3.208529 -1.380338 1.304526
9.211169 2.349575 -7.559702
5.288931 -0.963372 2.948778
2.438286 1.403493 0.927287
2.979405 1.431769 0.885675
6.617512 2.538689 -4.442906
3.228327 1.333233 1.788755
11.220591 3.267499 -7.517840
5.305554 -1.007094 0.711982
10.486530 1.945320 -7.141940
2.484332 1.300887 1.474594
11.164906 0.721316 -8.502450
3.144426 -1.625842 1.407135
2.405234 1.581576 -3.993491
4.090598 -0.620392 -3.060211
3.936255 2.210504 -2.869701
4.167099 1.567818 -6.558301
6.706263 -0.063365 -5.433396
3.025476 2.009607 -2.018260
3.149236 1.940270 -1.663735
4.070992 -0.614423 -3.102914
5.095767 -0.068348 -4.233315
3.991684 2.185879 -3.057060
3.650470 2.482648 -5.007849
4.418947 -0.492864 -3.036364
4.043326 -0.701868 -3.098127
5.746956 0.417815 -3.962650
3.962825 1.945767 -1.775084
4.811616 -0.289188 -4.349524
2.650939 2.376658 -4.172933
5.382024 2.170584 -2.484291
6.062383 1.402062 -4.048633
3.545990 2.004202 -2.022888
6.490003 -0.117811 -5.380599
4.135749 -0.702331 -4.747941
4.247744 -0.730646 -2.806429
8.923642 0.617422 -6.810830
2.523260 2.177604 -3.854479
4.143809 1.945151 -6.117548
5.691183 1.640596 -3.713171
4.175891 -0.715565 -4.826046
3.217380 2.013165 -2.144810
3.366560 1.839914 -1.330969
2.897722 1.950835 -1.786529
3.301951 1.895733 -1.494881
4.363181 -0.655492 -2.937646
3.868226 1.998983 -1.573616
2.956271 2.103037 -2.447912
2.695812 -0.161763 -3.858152
2.980707 1.943362 -1.819978
3.210521 0.105055 -5.327291
4.224592 -0.563201 -3.420022
2.785067 1.932864 -1.902848
7.390125 2.537299 -4.871274
3.536478 1.996049 -2.020038
2.192219 2.112206 -2.620551
2.258497 2.073129 -2.447090
4.204292 2.578995 -4.662436
1.936339 2.073377 -2.462831
3.804534 -0.772112 -2.883513
2.946529 2.072252 -2.427763
1.936786 2.070875 -2.461632
5.560754 0.443245 -2.363174
3.781153 2.487946 -5.077925
4.140733 -0.260525 -4.686748
5.306412 0.963361 -2.593220
4.094023 1.707247 -1.893640
5.249792 0.346818 -2.282035
7.739422 0.702021 -6.967808
3.200924 1.963192 -1.863302
4.991944 2.199859 -2.756692
4.651323 -0.512187 -3.405997
4.840901 -0.727879 -2.580950
2.919267 -0.498937 -4.243680
2.754692 -0.598509 -3.968740
2.634856 2.010261 -2.117829
3.110692 1.842108 -1.303197
3.180715 1.844788 -1.238914
2.773905 -0.461242 -3.825408
3.380166 1.940340 -1.718084
2.161577 2.147169 -2.897913
2.156869 2.035156 -2.291923
2.950322 1.917525 -1.615409
4.913225 -0.184302 -3.666040
4.124487 1.081657 -2.028933
8.050946 0.696575 -8.378745
3.347062 1.911251 -1.708909
2.339562 2.006733 -2.189190
2.758375 2.046239 -2.162402
2.672001 1.976896 -1.944833
3.006370 1.991377 -2.007621
3.141683 1.930152 -1.657400
2.160417 2.146415 -2.897537
2.959211 -0.537125 -4.164876
3.130944 -0.644806 -4.039988
2.698233 -0.418072 -3.797914
2.668719 -0.559164 -3.794275
2.152690 2.128146 -2.879653
4.104484 -0.615235 -2.950144
2.908076 -0.501285 -4.217052
3.421649 2.011270 -2.161850
3.175422 1.986477 -1.913075
5.584446 0.482287 -2.622558
4.705801 1.783489 -2.197895
2.719346 2.042698 -2.424196
3.896995 -0.162660 -4.329165
5.236155 2.267872 -3.048948
3.003386 1.988379 -2.006729
3.010173 1.927877 -1.720256
4.154577 -0.737840 -2.716143
2.587481 2.084528 -2.522346
4.932647 -0.348796 -3.840723
2.996415 1.875689 -1.437737
2.254382 2.154448 -2.703166
5.307817 -0.807939 -2.711160
2.590525 2.092916 -2.522123
2.878257 2.171113 -2.824268
2.208773 2.176021 -2.888439
4.520280 2.411854 -8.195794
3.709664 1.113455 -5.958744
3.952346 -0.701547 -2.843940
3.238369 2.052533 -2.116928
3.058279 -0.027789 -4.552241
3.169642 1.951429 -1.676393
4.952436 2.172866 -2.724160
2.601029 2.248457 -3.766571
2.458931 2.055401 -3.497107
4.354333 2.461679 -4.490816
2.422881 1.998900 -2.059024
4.750360 -0.678699 -2.457368
3.811026 -0.575398 -3.322809
2.203265 2.165257 -2.878849
3.669237 -0.067816 -5.758160
3.711545 2.419191 -4.953905
2.087292 2.080027 -2.481031
2.297536 2.134519 -2.740179
3.203873 1.965977 -1.865151
3.640445 1.960955 -1.791993
2.472290 2.109350 -2.593693
2.299639 2.144523 -2.743406
3.769582 -0.659856 -2.992380
3.488307 1.576616 -5.519653
8.406328 0.760491 -7.574168
3.588809 0.650950 -5.470027
5.721575 0.109844 -3.972533
2.861085 2.152578 -2.804815
4.276554 1.642356 -1.992994
3.210684 1.898646 -1.518739
3.240903 2.036151 -2.157023
3.208796 -0.514494 -3.760983
4.320060 -0.472464 -3.504587
4.269195 2.356645 -3.579639
4.071525 -0.741554 -4.827587
3.654573 0.669375 -5.598294
2.652091 2.015855 -2.024966
2.975786 1.895333 -1.484467
3.361487 1.923342 -1.710862
3.051028 2.012625 -2.087748
2.935102 1.932588 -1.709729
3.178955 1.946616 -1.855985
4.924033 1.127031 -2.050421
3.530978 1.375718 -5.827492
2.804703 1.966469 -1.770537
2.245370 2.051778 -2.427515
4.621346 -0.797236 -2.876943
4.242914 -0.804034 -2.744297
5.167242 -0.096583 -3.602884
3.616086 1.080087 -5.765391
5.298513 -0.349103 -3.835206
4.145329 -0.702348 -2.733563
3.917541 -0.710653 -2.840957
3.456335 1.682414 -5.809454
4.144709 0.970008 -2.002787
3.362809 1.872492 -1.611647
3.586276 1.592587 -5.023160
3.540507 -0.404609 -4.965591
2.767820 -0.320896 -3.114728
4.775138 -0.348530 -3.901229
4.411318 2.253412 -3.008742
5.496029 2.163944 -3.459073
2.655210 -0.206697 -3.425975
2.854265 2.046302 -2.373207
2.559771 2.067229 -2.466941
3.132830 1.859287 -1.344443
2.753890 1.996211 -2.044679
2.142998 2.061785 -2.518557
2.852507 1.903622 -1.648586
4.706642 -0.165730 -3.508789
2.187956 2.133064 -2.847975
3.149279 1.872026 -1.347837
2.867420 1.917913 -1.654268
4.152640 0.929459 -1.809121
2.399742 2.080972 -2.471729
4.019955 -0.054103 -4.549459
2.619258 1.976799 -2.000266
2.128288 2.069746 -2.409213
2.211677 2.176105 -2.887757
5.296640 1.278778 -2.481314
7.523102 0.144636 -5.490169
3.324659 1.885742 -1.407790
2.545520 1.993578 -1.980691
3.479132 2.055299 -2.189346
2.051850 2.078769 -2.543633
2.739716 2.073857 -2.453493
3.235797 1.913461 -1.521501
3.212534 1.978847 -1.873217
3.684502 -0.776055 -3.283175
3.748750 -0.691809 -2.966878
2.482025 2.100796 -2.643624
2.863917 1.973580 -1.923664
2.921843 2.043454 -2.404495
3.731762 -0.648647 -2.963991
2.852367 2.076457 -2.561491
4.897704 -0.324821 -4.345109
2.959168 2.091139 -2.440932
3.372671 1.919318 -1.598220
4.219945 2.177227 -2.435572
3.595299 0.426935 -5.461405
3.697713 0.029708 -5.744000
4.208569 -0.640514 -3.022625
3.656153 2.546652 -4.848858
5.530768 0.362297 -2.381181
2.264475 2.087901 -2.457142
3.150967 1.969105 -1.901812
3.124972 1.940616 -2.052891
3.446359 1.837403 -1.270517
4.204925 -0.643419 -3.019162
4.358283 -0.519721 -3.170206
4.256543 -0.647183 -3.000204
3.293390 1.888971 -1.492148
3.599999 -0.075143 -5.618021
3.509744 0.047769 -5.365628
4.722386 2.654384 -4.887852
2.895677 2.307549 -4.271733
2.713750 1.996379 -1.926339
2.867948 2.040098 -2.084036
2.527485 2.158258 -2.888127
4.749346 -0.703810 -2.511693
1.987742 2.132987 -2.598032
2.244692 2.134964 -2.690766
4.247337 -0.647757 -2.871557
4.356653 -0.633834 -2.937453
5.233963 1.252534 -2.402921
3.211193 1.891297 -1.514832
2.567087 2.055223 -2.298178
3.034431 1.525433 -4.611014
2.688660 -0.235332 -3.398438
7.843780 0.716369 -7.327026
4.132654 -0.642781 -3.153169
2.568702 2.056592 -2.301733
3.133024 2.161216 -2.729736
2.956481 2.083131 -2.435147
4.831656 -0.116608 -3.597835
8.699244 3.017750 -8.260713
4.451500 -0.538906 -3.245547
5.305509 1.439207 -2.487437
3.467300 1.340960 -5.663264
3.009685 1.997684 -2.008194
8.208663 2.725302 -6.542193
3.016931 1.997566 -2.010238
3.865608 1.940185 -5.338830
5.031183 2.220657 -2.776600
3.481870 2.062908 -2.194511
4.861323 -0.551304 -2.722795
1.973001 2.157065 -2.819856
3.251072 2.123343 -2.582104
2.588806 2.062341 -2.413254
2.877575 1.989571 -1.932543
4.169632 -0.630412 -2.935447
3.611796 2.057400 -2.189388
5.033025 0.799766 -3.273095
3.856630 0.189492 -7.219896
3.158575 1.975207 -1.906026
3.835680 1.988548 -1.799609
4.437986 2.271409 -3.042733
10.238050 1.124815 -7.695825
4.270929 -0.650742 -2.885477
2.672776 1.550782 -4.137395
4.088424 -0.529527 -3.243164
5.396960 1.466966 -2.518966
5.288476 0.342221 -2.956815
2.362278 2.027467 -2.175812
2.483510 2.017545 -2.109551
2.751886 2.035961 -2.153615
2.099160 2.161001 -2.877695
3.409535 2.011825 -2.093554
2.984270 1.916116 -1.535200
2.090374 2.201422 -3.057739
2.757336 1.913776 -1.747294
3.642701 1.963430 -1.794159
3.262049 2.134829 -2.592313
9.017304 1.883450 -6.377840
2.658578 1.453924 -4.300117
3.869201 1.173510 -6.255162
2.960910 1.961297 -1.760387
6.399204 0.155574 -4.661799
2.278407 2.144899 -2.729198
3.697931 0.508044 -5.725869
3.320822 1.916888 -1.502434
4.364800 -0.521694 -3.178206
3.617937 0.802768 -5.543112
2.973509 2.106756 -2.450371
3.057359 2.103671 -2.438411
6.383323 0.220894 -6.134304
4.066434 2.616093 -4.794250
3.228858 1.987306 -1.869575
6.016509 0.773373 -6.797653
3.840656 1.917961 -1.663536
6.910265 -0.010618 -6.704755
10.843227 2.651256 -7.856966
3.616140 2.100065 -2.375165
3.596656 2.527389 -4.912579
2.430285 2.010956 -2.065821
2.737566 2.021529 -2.144874
3.333080 1.889278 -1.403397
2.303853 2.148461 -2.753391
3.075769 2.224879 -3.166832
5.270402 2.120939 -2.438679
6.065973 0.325136 -6.863432
5.255380 0.382707 -2.738680
9.796007 2.391183 -7.072505
3.625656 2.064476 -2.195532
2.540822 2.178470 -2.907438
3.626358 2.063888 -2.195213
6.798978 0.121429 -4.818260
3.906115 -0.578168 -3.100261
2.488246 2.115128 -2.663672
2.875437 2.169411 -2.820687
2.541544 2.180281 -2.909158
5.295277 1.435093 -2.482108
2.496425 2.126096 -2.664997
4.231131 2.010756 -2.022810
3.431003 0.085797 -5.860868
6.712439 0.994014 -4.677661
2.554973 2.198673 -2.928303
5.773265 0.597842 -4.174928
6.030099 3.245812 -4.122115
2.736673 -0.244418 -3.501134
5.522933 0.369380 -3.816221
2.836186 -0.218631 -4.090516
2.248899 2.260961 -3.323410
3.808176 1.815372 -5.104284
3.222900 2.047685 -2.175165
3.585067 2.031890 -2.174718
3.040229 2.023357 -2.191239
3.628502 1.921657 -1.489897
2.402275 2.085653 -2.475953
2.731894 1.601078 -4.177904
2.549117 2.140488 -2.695203
2.540231 2.178949 -2.906951
3.541678 2.117066 -2.454306
2.786241 2.036389 -2.196648
2.633430 1.991897 -2.008905
3.337087 2.000077 -2.068267
8.641142 0.805082 -6.261375
6.862555 0.245572 -6.555856
3.484034 2.249368 -3.278375
5.033053 2.226631 -2.778242
7.414110 0.593578 -7.905498
3.085446 2.102889 -2.463223
5.240314 -0.049806 -4.314244
5.454887 -0.019293 -6.270976
3.011803 1.997532 -2.005810
2.702739 -0.221535 -3.464767
4.108034 1.932891 -6.706807
2.205658 2.171284 -2.885447
2.451615 2.074105 -2.565289
2.637996 2.312637 -4.077155
4.357609 -0.541552 -3.528870
4.141753 0.488753 -6.768331
2.440884 2.128633 -2.648084
2.839140 1.992069 -1.940282
2.854351 2.012675 -2.086560
4.975176 -0.570024 -2.777062
3.215582 2.041678 -2.169121
2.744036 1.988856 -1.934230
2.757921 2.001026 -2.046363
2.968508 2.100341 -2.448787
2.527432 2.155150 -2.886202
3.043271 2.028924 -2.200184
3.128627 1.722979 -4.651823
5.011805 1.590072 -8.496311
3.954901 -0.693250 -4.628744
3.360935 2.017224 -2.073615
4.225286 -0.545094 -3.434997
4.052328 1.998937 -1.833528
3.055267 2.187180 -2.844197
3.228241 0.103946 -5.621748
3.631946 2.560533 -4.973708
3.517005 2.097592 -2.440165
2.631794 1.995444 -2.011545
2.474956 2.114701 -2.593135
2.067837 2.162431 -2.874866
2.966303 2.398762 -4.403903
2.597505 2.103448 -2.534693
4.089743 1.245718 -6.648057
5.491032 -0.077386 -4.766913
2.867182 2.026471 -2.248256
5.091436 1.815110 -2.897938
3.856281 1.845178 -5.180080
3.030268 2.017428 -2.018961
3.537055 1.997934 -2.018567
5.924952 1.987966 -3.939111
2.727557 2.257107 -3.357039
9.804803 0.663726 -7.446405
2.831892 1.985576 -1.935541
3.948636 1.932394 -1.779507
3.622342 2.107014 -2.380044
2.861835 1.608502 -4.313518
6.340349 1.118172 -4.421594
5.100470 0.345602 -2.893882
2.847775 2.018155 -2.069799
3.554592 0.589852 -6.613790
2.692620 2.354121 -4.191090
2.744872 1.616305 -4.259641
3.189729 2.001053 -1.919986
3.316976 2.067456 -2.163041
5.541299 2.503179 -4.135152
7.495381 2.602520 -4.951026
3.340539 2.468265 -4.716698
2.464256 1.528291 -3.960154
3.598855 0.051301 -6.042233
4.972547 1.559739 -2.867598
5.308430 -0.119696 -4.428732
5.339424 2.104093 -2.452378
3.780372 0.481652 -6.404445
4.759313 -0.544255 -3.283806
4.079412 -0.258034 -4.596977
4.351298 -0.567840 -3.419564
2.754187 1.427141 -4.333739
4.716064 2.010388 -2.771970
3.335973 1.924840 -1.506085
3.104144 1.928003 -1.662184
2.632677 1.992118 -2.008837
2.124424 2.061458 -2.404892
3.510504 1.996238 -2.016485
3.742244 2.235821 -3.113016
7.722574 2.710246 -7.338394
6.911149 0.074538 -6.082768
2.262263 2.117767 -2.700190
3.321097 1.955867 -1.720196
7.085668 -0.174090 -5.907280
2.724594 2.261605 -3.359883
3.453582 1.946147 -1.645913
5.492938 0.117763 -3.800934
5.245843 1.418359 -2.460514
5.388328 0.342245 -3.006207
8.425869 0.773747 -7.605819
4.475144 2.035034 -2.000311
4.354661 2.421879 -3.429313
5.254180 -0.459588 -5.702633
6.282408 1.322935 -4.418895
3.861516 1.224014 -5.215919
3.076070 2.059995 -2.215863
2.847989 2.014720 -2.065124
3.208810 1.965255 -1.749786
8.773728 0.812909 -8.854438
3.477167 2.464220 -4.273865
2.538910 2.178675 -2.906423
5.528665 2.227117 -3.473400
3.243489 2.064823 -2.187353
3.722270 2.217556 -3.093999
3.230334 1.993576 -1.876436
3.340333 1.929612 -1.509571
4.050831 1.987667 -1.822382
6.403702 2.484518 -6.909190
3.383911 1.918995 -1.594653
3.214906 1.979866 -1.875558
2.719407 2.253424 -3.352687
2.663509 2.371566 -3.908187
3.566535 1.972068 -1.784313
2.225265 2.060119 -2.403559
2.756394 2.055484 -2.456538
3.407592 1.942949 -1.608934
3.683202 0.926112 -6.182862
3.472328 2.168641 -2.305355
3.756342 1.328222 -5.745828
3.852122 1.354112 -5.942104
5.118437 0.589245 -2.927136
5.377505 0.407938 -2.628565
3.611569 2.054572 -2.188129
2.960435 2.090799 -2.439940
2.158083 2.095357 -2.544239
3.344991 1.898290 -1.411245
2.447807 2.054207 -2.304091
3.059030 1.982763 -1.877328
8.656812 2.586055 -7.433517
3.398815 1.608901 -4.947921
4.354972 2.120180 -6.832977
2.253113 2.191319 -3.016264
3.486338 -0.005231 -5.038707
5.119246 0.859473 -3.328134
5.887887 2.536077 -4.002125
3.252495 2.125768 -2.584228
4.458760 -0.575766 -3.550611
3.004006 1.987752 -2.000771
4.486055 1.802600 -7.158947
2.770461 2.114935 -2.485059
4.508234 2.005652 -2.677079
5.265260 1.659411 -3.018430
3.805222 1.967207 -1.793310
2.857759 1.966371 -1.920518
5.003256 -0.576969 -2.791525
4.896038 -0.326983 -4.024833
2.850332 2.019278 -2.065708
3.625275 0.054735 -6.326198
2.872571 2.164474 -2.818818
3.994914 -0.043510 -4.525232
3.827803 0.698162 -5.809335
3.291186 2.174376 -2.872393
2.780010 1.430958 -4.369204
3.809438 1.813209 -5.102205
3.364684 2.080072 -2.244136
4.934131 2.169554 -2.726160
9.913804 2.085158 -6.956131
2.821047 -0.236245 -3.964303
2.976361 1.495595 -4.540182
4.901111 1.295761 -2.887329
6.436159 0.228127 -6.091358
3.587099 1.856236 -4.965701
3.965259 0.011768 -6.281821
4.741676 2.197262 -2.660755
3.511259 0.385970 -5.399864
3.988626 0.458442 -5.573886
5.041756 0.703191 -3.304304
2.262242 2.083678 -2.452911
2.546616 2.137173 -2.692603
4.356884 2.319959 -3.459712
3.665189 1.982976 -1.801000
3.285851 1.988844 -2.036586
4.235303 2.012412 -2.026464
4.131275 2.123691 -2.478374
5.695999 2.438432 -3.860017
4.744428 -0.335034 -3.868764
4.750211 1.487286 -7.965628
5.401696 -0.086444 -2.924704
4.678242 -0.389993 -3.851569
4.406348 -0.256822 -4.734064
5.265423 2.304256 -2.841223
5.279622 2.101289 -2.327257
4.258527 2.337260 -3.356782
3.025334 2.009660 -2.014788
8.024090 0.939090 -5.799456
2.600486 2.076648 -2.423681
3.962191 -0.127747 -6.393228
2.713672 -0.196248 -3.748052
4.679314 -0.612095 -3.390729
7.518816 0.127538 -5.785599
4.176542 -0.041529 -6.756035
7.193582 0.185161 -6.821214
3.960710 0.957757 -5.437811
6.720860 0.231277 -6.408999
3.169581 1.987341 -1.912182
2.718026 -0.253412 -3.439711
4.703496 -0.398027 -3.871011
3.798707 2.145638 -2.661361
3.190325 2.178566 -2.854074
2.298326 2.137093 -2.741214
3.831041 1.823420 -5.127299
3.052307 2.016792 -2.088427
3.154742 1.971541 -1.904456
4.006712 0.537104 -6.340872
5.567653 0.426323 -2.751926
3.050958 2.015791 -2.087161
4.353382 2.520658 -4.567499
4.343192 -0.330613 -5.200740
3.649741 2.032612 -1.979167
5.336713 0.428034 -2.711291
4.395138 0.554351 -7.769871
4.984068 -0.017612 -3.181642
6.894230 1.608322 -4.802020
4.909491 1.384911 -2.860647
2.577851 2.095326 -2.487799
2.969318 1.955919 -1.790087
2.991632 2.043416 -2.231447
3.050529 2.015437 -2.088448
3.604826 2.090119 -2.367952
2.746184 2.082274 -2.460166
3.425352 1.977950 -1.734550
3.251673 2.125032 -2.583549
3.942298 2.178877 -2.718304
4.236969 1.887771 -1.913443
3.308043 1.918955 -1.593656
2.354990 2.174255 -2.916633
2.984398 2.035396 -2.226213
2.858037 2.019752 -2.086985
2.826277 1.977138 -1.929953
3.004207 2.058182 -2.236692
4.245324 2.550086 -4.518298
3.528849 2.012710 -2.023271
4.357571 -0.577754 -3.426955
4.428926 -0.021417 -4.047869
6.201007 2.696513 -4.199075
9.919064 2.392642 -7.157709
4.709107 -0.479684 -3.684930
3.480439 2.242393 -3.270159
2.967750 2.098761 -2.445313
3.175791 1.992212 -1.909805
3.888986 2.659826 -5.190153
8.014585 2.710148 -5.360402
2.543860 2.187231 -2.914366
2.570614 2.063701 -2.305611
2.648252 2.031749 -2.128706
2.495619 2.123035 -2.663651
3.383177 1.926354 -1.600476
2.286909 2.158224 -2.807321
8.119583 2.701892 -6.466846
4.763614 2.266774 -3.177811
2.856395 2.019341 -2.086532
3.736433 2.314164 -3.482668
9.098586 0.859384 -6.575101
4.812245 2.641597 -3.858378
6.381301 2.501413 -4.437416
2.886158 2.185938 -2.829457
2.689983 -0.201802 -3.684784
3.416114 1.969040 -1.731359
5.405162 0.420837 -2.696341
3.171471 1.989814 -1.908823
3.705149 0.449107 -5.754395
2.262086 2.141604 -2.711743
2.943667 2.034228 -2.451252
3.672774 1.986413 -1.799608
6.696816 -0.172338 -5.592184
3.659695 0.473271 -6.174942
9.832044 2.497698 -7.163702
3.812837 1.867491 -5.165961
7.459239 0.649672 -5.421869
5.508342 1.272425 -3.665934
3.764058 2.655381 -5.022069
3.383413 2.070696 -2.242576
3.774469 2.536075 -5.001979
2.922225 1.644659 -4.438170
4.066383 2.003358 -1.991965
2.892567 2.095212 -2.406909
5.909640 0.027707 -5.691694
3.318737 1.951749 -1.719879
3.196666 2.020595 -2.159152
2.199404 2.147417 -2.795456
2.290120 2.167286 -2.868412
2.401948 2.088650 -2.478810
2.734726 2.116281 -2.559631
3.208652 2.034554 -2.164443
3.839238 1.946891 -1.675236
2.858852 2.021068 -2.085493
7.025843 0.132141 -5.378039
4.527387 -0.582321 -3.247759
4.956744 1.746433 -2.829814
3.209064 1.975272 -1.867762
3.840959 -0.657090 -5.496961
5.202304 0.797083 -3.391781
3.219297 1.980336 -1.870044
3.228870 1.991009 -1.872926
3.169720 2.134031 -2.553274
4.054991 0.031920 -5.778890
3.950784 1.373865 -5.354327
3.326100 1.933755 -1.598869
3.588922 2.034419 -2.177660
3.139740 1.931899 -1.653336
2.213300 2.186507 -2.900243
3.635160 -0.596019 -5.124971
3.234295 2.164934 -2.876320
3.009476 1.999337 -2.008249
2.542590 2.185855 -2.912094
2.600389 2.301934 -4.053051
3.214688 2.010914 -2.145317
3.895740 1.411092 -6.013373
4.339751 2.530885 -4.570223
5.027121 -0.340118 -4.474330
3.888950 1.788642 -6.362977
3.038401 2.170119 -2.824785
3.744230 2.007476 -1.970754
8.593181 1.879082 -7.089212
3.442192 1.930619 -1.634961
3.977984 1.955337 -1.781995
3.644249 1.875750 -5.085766
2.568070 2.077430 -2.475382
2.354105 2.174932 -2.913625
2.297956 2.140772 -2.744176
3.087007 2.236686 -3.178520
5.126991 -0.600299 -2.854142
3.624858 1.862713 -5.050380
2.398613 2.079114 -2.470837
2.850761 2.020059 -2.065882
2.731941 2.276222 -3.372806
2.683878 2.040813 -2.195725
3.167574 1.987104 -1.908061
8.287441 0.594152 -6.327909
5.784542 -0.623743 -4.932271
4.231429 -0.565822 -3.423481
3.495253 1.563980 -5.152076
3.452148 1.941620 -1.639218
4.165384 2.079031 -1.859040
2.935235 2.100096 -2.572194
3.472920 2.055461 -2.191898
2.875115 2.073772 -2.390278
4.722621 -0.444409 -3.892285
4.366387 -0.595277 -3.534723
3.716612 -0.245132 -6.357926
2.945442 -0.243956 -4.473766
3.446045 2.031108 -2.176810
3.870752 2.537414 -4.790918
8.545532 1.165487 -7.616991
3.591172 1.585796 -5.681895
3.304842 2.007283 -2.044055
6.773626 0.233310 -6.438710
6.704648 0.591938 -6.892436
3.144711 2.124650 -2.563385
4.133789 2.050764 -1.849316
7.439310 0.123593 -5.716441
5.346864 -0.349956 -3.875074
3.695215 2.589610 -4.906040
5.281596 2.361640 -2.888065
5.867986 2.526608 -3.994195
5.506865 2.145221 -3.490934
5.370565 -0.405045 -5.940399
3.484458 2.468867 -4.283525
4.434948 -0.618932 -3.595639
9.140012 2.218301 -9.148822
6.177548 0.225186 -5.824370
3.586673 2.076465 -2.357924
2.398591 2.263201 -2.995425
4.807641 1.077999 -2.873363
3.376992 1.978483 -1.880139
3.303545 1.988841 -1.966251
3.317640 1.995855 -1.966252
2.254010 2.185153 -3.017760
3.081181 2.231192 -3.172800
9.141921 1.984678 -6.433328
2.835694 2.008312 -2.063598
3.078553 2.228565 -3.168921
3.469021 2.054324 -2.187217
4.342961 2.970462 -5.778647
4.963141 1.767515 -2.821755
10.884845 1.344720 -9.765200
4.623535 -0.940270 -5.609665
3.600701 2.462908 -4.924348
3.100463 1.716989 -4.606478
2.424197 2.165501 -2.824467
2.534189 2.175948 -2.901033
3.088429 2.239702 -3.180380
3.843738 -0.043802 -5.721912
5.031015 0.792550 -3.275472
4.054583 -0.280247 -4.802059
2.429510 2.168818 -2.829065
4.500907 -0.553909 -3.284046
2.853367 2.141086 -2.799113
2.734616 2.279784 -3.378112
3.594376 1.381735 -5.851320
3.665806 1.981454 -1.799900
3.270345 2.143483 -2.596672
5.261906 -0.081101 -2.819223
3.844108 1.759438 -5.157763
3.817571 0.036189 -5.980916
4.431797 2.372334 -3.542184
5.251987 0.265339 -2.768852
3.920595 2.134618 -5.176758
3.833702 2.118670 -2.506480
3.013357 2.003635 -2.015154
5.074603 0.441731 -3.119720
3.475456 2.059523 -2.189662
3.165087 1.640273 -4.526805
6.586613 0.300190 -6.512338
8.252440 0.914495 -5.956934
4.610098 2.324997 -3.201623
6.500298 -0.056622 -5.556100
5.175684 0.335183 -2.900567
4.601889 2.597982 -4.723221
8.685347 1.017568 -6.266765
4.049706 2.317326 -3.305579
4.965794 0.679801 -3.235206
9.254719 2.247676 -6.729614
6.177155 2.814672 -4.646210
4.956638 -0.493194 -3.404231
6.335824 0.467285 -6.923128
5.031224 1.187956 -2.971694
3.129226 1.703685 -4.621726
4.887600 2.057098 -2.755369
8.390396 0.850988 -6.066616
6.313119 2.141001 -4.252678
6.128165 2.726669 -6.656689
3.694118 2.378490 -4.748183
2.524853 2.149178 -2.881610
3.698372 2.560946 -4.917687
3.612149 2.055341 -2.186918
3.261120 2.136966 -2.591438
4.313252 0.694972 -8.531643
3.118217 2.008887 -2.099401
4.764913 2.266456 -3.175313
4.823486 -0.407637 -3.956650
4.121858 0.021659 -4.567446
2.754162 2.311905 -3.416172
2.956974 2.381560 -3.853267
3.438233 2.111876 -2.466017
3.224313 2.050205 -2.174153
8.801353 1.915018 -6.187501
6.186344 0.325980 -7.020584
3.185835 2.100307 -2.464260
3.198071 2.116028 -2.471768
4.571588 -0.672976 -3.113664
4.463457 2.376949 -8.087099
4.815548 2.084231 -2.834240
9.569414 2.295482 -6.827418
4.583031 -0.667930 -3.122778
6.004554 1.403645 -4.085635
5.504485 2.308733 -3.445136
4.593856 -0.632673 -3.146269
3.706948 2.282719 -3.449378
4.773547 -0.142590 -3.560915
5.069498 0.005728 -3.208710
3.979485 2.043940 -2.051956
6.099358 -0.127092 -5.310951
2.200098 2.141884 -2.862871
3.749547 2.011611 -1.974192
3.535403 2.186745 -2.699944
2.816569 1.601356 -4.273842
5.020143 -0.446147 -5.838018
8.013325 0.741693 -7.242836
4.225250 1.712582 -7.205633
2.952910 2.080084 -2.433524
5.065889 0.865992 -2.862161
4.613667 2.112665 -7.624592
4.614088 2.304532 -3.199682
3.271792 2.151910 -2.600018
5.874951 -0.120265 -5.665283
8.409535 2.167350 -6.743703
5.448991 -0.448470 -5.331353
4.028322 0.023345 -5.735064
7.393227 1.329370 -5.134185
3.629840 2.068797 -2.192163
2.952725 2.131110 -2.566590
5.194629 -0.367922 -5.632631
3.750978 0.093106 -6.511097
2.556595 2.203983 -2.931858
3.644651 2.081815 -2.199697
3.617242 1.609616 -5.076909
5.545965 2.312294 -3.468588
2.871059 2.065811 -2.387626
2.731743 2.277216 -3.376930
3.929350 0.531520 -5.454411
3.522774 1.951373 -1.657205
3.653085 1.971774 -1.797035
4.180819 0.665675 -8.186521
2.537110 2.180237 -2.907802
2.597633 2.162103 -2.819080
2.704745 2.174780 -2.939856
2.884903 2.064698 -2.273310
3.152963 2.025931 -2.218936
3.171227 1.999843 -1.939021
4.597297 -0.595247 -3.299379
3.539418 2.097176 -2.336019
3.607495 2.093743 -2.368220
3.197804 2.070658 -2.237229
5.690540 -0.142645 -4.739382
3.174796 0.005167 -4.698697
2.539587 2.180902 -2.909488
4.646229 2.340452 -3.232410
2.960918 0.029039 -4.232622
4.536977 -0.590196 -3.343441
3.241921 2.148382 -2.609372
3.501914 2.097566 -2.336009
8.506936 0.936149 -7.144501
3.735427 2.230243 -3.104545
4.629639 -0.464947 -3.433854
5.053871 1.354870 -2.955130
3.262117 2.132301 -2.592742
2.543412 2.132772 -2.690495
4.491839 -0.658082 -3.067869
4.988404 2.116485 -2.789334
2.419538 2.152888 -2.816508
3.060838 2.045149 -2.204818
3.147719 2.106682 -2.440576
4.268836 2.145518 -2.405524
4.524780 -0.630328 -3.112211
4.403845 -0.613880 -3.438520
4.362411 -0.247549 -4.958829
7.734987 0.710750 -6.908228
9.025076 1.004160 -6.734750
3.667686 1.983450 -1.794473
8.579520 2.338942 -7.006531
8.259717 1.970479 -8.190786
3.975864 0.173392 -5.598581
2.882561 2.083280 -2.398377
3.042690 2.169034 -2.828921
2.550972 2.139678 -2.693910
3.471263 2.057471 -2.190420
3.946523 0.362562 -5.520710
3.507901 2.275505 -3.310178
3.384099 2.229730 -3.047737
7.600549 1.810376 -7.517951
2.982087 1.504638 -4.552711
2.369830 2.196945 -2.939758
2.970870 2.032678 -2.138889
7.533042 0.146459 -5.493767
2.552104 2.191970 -2.922713
4.794699 2.598478 -3.817523
6.681977 1.239759 -7.050125
7.972738 0.726345 -7.126847
6.704798 1.111210 -4.707453
4.854188 2.323306 -3.229367
4.014830 -0.051902 -4.557824
7.670935 2.683865 -7.348015
4.241201 0.010680 -4.000588
5.070171 0.982616 -3.034149
5.575417 2.162767 -3.529456
8.983917 1.916295 -7.327226
4.917922 0.582787 -3.025573
4.433133 -0.526433 -3.595482
6.507905 1.067125 -4.565096
3.661392 1.979269 -1.799052
3.240960 2.113748 -2.573802
2.498498 2.129944 -2.670079
8.074417 2.415353 -7.920609
3.635225 2.178189 -2.863336
3.033596 2.031188 -2.151604
2.966047 2.137407 -2.600816
4.936775 -0.441106 -3.505542
4.176566 0.031950 -4.634423
3.992868 -0.315385 -3.013280
6.269721 2.373154 -6.733357
4.966918 2.172603 -2.910128
7.763506 1.856868 -5.045054
3.810997 -0.246875 -4.331946
3.843105 -0.051040 -5.715454
7.960310 0.539190 -5.554372
5.595692 2.468869 -4.107368
2.758582 2.101543 -2.473095
3.850107 2.003280 -1.969967
3.003461 2.408782 -4.426468
3.621548 2.159660 -2.746460
3.238333 2.062829 -2.180464
8.654263 0.798623 -8.124721
2.767717 2.109834 -2.479053
9.539492 2.017720 -6.682022
3.487764 2.065156 -2.197535
2.421832 2.158085 -2.821713
3.830495 1.828960 -5.135779
3.471296 2.055376 -2.189749
3.353948 2.476219 -4.738166
3.366591 2.181458 -2.741299
4.123888 2.545407 -4.593673
5.851847 1.796448 -10.988276
4.482893 2.380681 -3.562771
4.613457 1.916165 -8.033692
4.241119 2.162115 -2.678916
4.486294 2.381208 -3.574082
4.153678 2.140186 -2.393300
7.342988 1.754565 -7.285002
6.084797 -0.211094 -6.040370
5.709985 0.037619 -5.504782
4.950736 1.713623 -2.843014
3.100375 2.336370 -3.606803
4.295494 -0.631050 -5.163689
2.729161 2.275344 -3.375031
3.878866 2.024944 -1.978962
4.095268 2.099061 -2.462489
3.985977 1.957623 -1.789168
5.189056 2.245287 -5.583460
5.248529 0.874591 -2.696364
3.610488 2.352196 -3.566706
3.062997 2.048112 -2.204543
3.229915 2.033377 -2.155599
3.294489 2.096982 -2.348933
3.393908 1.622101 -4.987681
4.286979 2.191731 -2.702428
4.859521 -0.357391 -4.000650
3.557349 2.095266 -2.407528
4.746714 -0.363141 -3.891123
3.754096 0.463516 -5.740636
3.652809 0.001968 -5.592218
5.428127 0.427534 -2.753320
7.408819 2.584989 -4.963421
6.703355 0.167445 -4.891873
7.547520 0.873110 -5.444932
4.695494 -0.306930 -3.842595
5.301914 0.885283 -2.715291
3.497604 2.259449 -3.291601
6.064520 2.268973 -6.473751
3.678574 2.271967 -4.732167
2.729287 2.327542 -3.558349
6.941497 2.096858 -6.821688
3.101327 2.259192 -3.196575
2.947237 2.116766 -2.583319
4.301358 2.205861 -2.709289
4.190403 2.038706 -1.953561
3.267003 2.087063 -2.368631
3.611238 2.003116 -1.961995
3.473768 2.061779 -2.188310
3.621871 2.061236 -2.192010
4.299487 2.203650 -2.709044
4.019961 1.981745 -1.795347
7.592853 0.249718 -6.496364
6.960567 -0.195338 -6.099492
4.907054 -0.448212 -3.667474
2.537466 2.176645 -2.905475
5.477117 2.293525 -3.439236
3.483361 2.065382 -2.192837
3.903948 1.155086 -6.115785
3.330191 2.167794 -2.711906
3.479345 2.061892 -2.193441
2.739123 2.290612 -3.387524
3.346611 2.151237 -2.716888
8.360059 1.749440 -6.916950
3.357429 2.156811 -2.718857
4.813601 2.083140 -2.836939
3.033555 2.365961 -3.797318
2.541116 2.183269 -2.911449
4.826558 2.092159 -2.842410
3.818497 2.160566 -2.671180
3.897773 2.202057 -2.796467
3.353308 2.020771 -2.005618
3.624315 2.065581 -2.193925
3.636326 2.565736 -4.977956
4.445514 2.531408 -4.604452
3.908890 2.141251 -2.696385
3.374139 2.183441 -2.750253
3.578181 2.105640 -2.421313
3.646563 1.901680 -5.076212
4.781232 -0.178754 -3.567893
3.479775 1.988710 -1.882492
3.315666 2.201974 -2.892378
2.858476 2.262524 -3.289858
4.610613 1.944094 -2.009403
3.596199 2.042751 -2.179521
4.778515 -0.543535 -3.319642
3.828402 2.170273 -2.677928
3.204785 2.030909 -2.163275
3.480191 1.988784 -1.882298
3.114003 2.173185 -2.911556
3.048509 2.384613 -3.820200
3.150633 2.165392 -2.763479
3.948507 2.181170 -2.717653
2.738550 2.191499 -2.951049
3.935790 2.000805 -1.882307
3.132237 2.098593 -2.424803
3.259321 2.136929 -2.587165
3.400398 2.114753 -2.471034
3.034092 2.369793 -3.795894
3.884680 2.185575 -2.785600
5.919230 0.026224 -5.704563
2.870581 2.168785 -2.816375
4.087005 -0.307262 -4.597341
4.699075 -0.531494 -3.764155
5.062997 1.383753 -2.948195
5.323394 1.127024 -2.677052
5.462832 2.310019 -2.679546
4.669624 1.259690 -2.166163
3.631070 1.965126 -1.709303
3.897143 1.956049 -1.674288
3.756591 1.582668 -5.164139
4.110389 2.110668 -2.380835
2.882882 2.121345 -2.595733
3.923461 2.206349 -2.856951
3.399795 2.182624 -2.804112
3.429851 2.051734 -2.174375
3.132062 2.100425 -2.425433
3.281033 2.081704 -2.339767
3.082693 2.235902 -3.177412
3.909403 2.197653 -2.853541
3.131041 2.097308 -2.423238
3.297883 2.109657 -2.536873
4.124376 2.070325 -2.199913
3.318044 2.129509 -2.548263
4.105870 2.061909 -2.194861
3.911319 2.193641 -2.853269
4.681849 -0.495418 -3.804502
4.123226 2.074293 -2.199729
8.547061 0.610070 -6.537192
7.508901 0.124505 -5.778882
2.813765 2.277333 -3.369128
4.132126 2.281992 -4.238745
3.739920 2.008136 -1.969064
3.135174 2.149960 -2.752489
3.926834 2.208471 -2.859225
2.728488 2.274744 -3.373178
2.963364 2.096442 -2.444484
4.367984 2.080396 -2.200407
3.142938 2.150616 -2.675167
3.528044 2.148402 -2.567724
3.408194 2.186427 -2.801891
3.048917 2.186783 -2.835156
6.980046 0.472301 -4.942102
3.108462 2.379389 -3.817965
4.081404 2.089639 -2.368513
7.303902 2.512935 -4.823082
2.952242 2.123038 -2.586648
3.455287 2.074238 -2.270961
5.102850 0.758006 -3.331751
4.144825 2.086127 -2.202259
3.426871 2.051003 -2.159824
3.127340 2.096130 -2.420766
3.252810 2.128202 -2.583560
4.156502 1.819453 -1.878993
2.878663 2.112264 -2.592021
2.938431 2.107444 -2.550844
4.369696 2.422382 -3.977619
3.241540 2.064394 -2.268211
2.930025 2.096773 -2.542991
2.942223 2.362239 -3.827336
3.445031 2.071205 -2.265713
3.929219 2.204395 -2.859512
5.121736 0.919923 -3.064885
5.591917 2.476528 -4.159364
5.033253 0.971050 -2.798112
3.102751 2.263241 -3.198285
5.724106 1.568902 -2.614022
4.943911 2.138817 -2.748731
4.591366 -0.392205 -3.880860
3.489336 2.069860 -2.237056
5.213727 2.453961 -4.198476
3.731992 1.727665 -5.113161
6.544964 -0.209393 -6.358669
2.739324 2.196970 -2.954214
7.414304 2.631584 -4.966889
3.948608 -0.042337 -4.470027
4.016436 2.395690 -3.839641
3.403229 2.116616 -2.473154
4.872033 -0.435832 -3.586065
4.962208 2.180446 -2.747198
3.152300 2.118553 -2.522072
4.137848 2.027452 -1.982173
3.473377 2.059462 -2.189521
3.389959 2.102988 -2.464211
4.199428 -0.205529 -4.436407
3.852480 0.004375 -4.320255
4.956759 0.829006 -3.200973
6.104160 0.008608 -5.887130
7.394081 0.250761 -6.316091
4.845263 2.200722 -2.829075
4.362310 -0.568970 -5.249237
5.006233 1.572638 -2.874445
5.628736 -0.103309 -3.921836
4.987666 1.244693 -2.939557
3.821068 0.889881 -5.951974
3.445665 1.757763 -4.842055
5.245983 -0.031977 -3.098702
7.493221 1.769647 -5.045754
3.959856 2.640972 -5.175632
3.636603 0.884225 -5.496059
5.355055 2.741265 -9.361910
3.711737 -0.078145 -5.850419
8.775998 2.379296 -7.101757
8.690008 1.856064 -7.223248
7.268260 -0.131234 -5.837071
3.128323 2.198162 -2.925977
3.310406 2.173608 -2.782685
3.601289 2.093805 -2.363885
2.730845 2.283611 -3.378622
7.084608 0.700710 -5.157413
3.398907 1.607272 -4.947546
5.251149 2.300009 -3.201181
2.838239 2.225595 -3.095173
4.370339 2.366831 -3.547147
5.833688 2.469010 -4.033931
3.128848 2.162618 -2.721830
4.603909 2.527687 -4.782357
3.500201 2.524822 -4.813854
3.635494 2.063867 -2.229346
2.665463 2.251067 -3.255896
3.385886 2.174906 -2.802389
3.527548 2.108187 -2.446638
3.601299 2.094213 -2.364109
7.993565 2.642708 -6.433251
4.093281 2.498771 -4.545794
4.839105 -0.432473 -3.862709
4.317148 2.618540 -4.599344
4.211560 0.000463 -4.232562
3.406904 2.344417 -3.621005
3.355226 2.264144 -3.554879
7.539738 0.226156 -7.220222
6.044895 2.699677 -6.631650
5.070523 0.972830 -3.035665
3.594580 2.583670 -4.941997
2.994779 2.484921 -4.282642
3.659700 2.544651 -4.840415
5.151603 0.708771 -3.373807
5.018060 -0.022740 -3.202483
4.193012 2.214864 -3.077290
4.097208 2.003594 -6.410917
4.610228 -0.074584 -3.825396
3.964672 -0.236988 -4.626289
4.267709 2.356895 -3.581996
8.815385 1.236621 -7.314773
6.806472 2.629671 -4.875368
4.921167 -0.348973 -3.715441
3.907246 -0.036399 -4.419760
4.774965 -0.327533 -3.829788
4.734619 -0.414593 -3.894233
4.985058 -0.274190 -3.641889
3.960472 -0.061336 -4.486207
3.963740 -0.063682 -4.484188
6.067196 2.298707 -3.812975
4.099080 0.370027 -5.792035
4.201363 2.479141 -4.230375
3.940885 2.314348 -3.401213
3.838919 2.512808 -4.532321
3.004464 2.442452 -4.403257
4.871224 0.441587 -3.193010
3.830831 2.343176 -3.578887
4.704381 -0.275873 -3.516307
8.524545 0.600345 -6.173189
3.760882 2.258904 -3.127955
3.928250 2.214907 -2.862069
3.572253 1.781500 -4.944094
4.704268 -0.274356 -3.515901
3.917297 2.204473 -2.854353
10.243875 3.621776 -8.875931
3.569316 2.627859 -4.725053
3.919696 -0.042023 -4.432595
4.563503 -0.292146 -3.633735
4.232831 2.156739 -2.678759
5.044583 -0.031005 -3.214075
3.919572 2.206731 -2.855269
7.053079 0.282627 -6.999135
7.551072 1.765159 -5.243925
5.344834 2.324405 -3.255148
3.913003 1.905680 -5.298061
6.886836 0.233037 -6.775501
3.907934 2.196656 -2.852317
5.014814 1.366671 -2.938777
3.065584 2.425159 -4.440468
4.402894 2.215410 -2.855745
6.494956 2.511612 -6.997597
3.108682 2.351105 -3.641105
4.509478 -0.047802 -3.784802
4.566790 -0.345835 -3.597059
3.599752 2.241046 -3.032492
3.599080 2.245781 -3.030777
3.583638 2.238492 -3.017671
3.089836 2.254464 -3.190284
3.035211 2.375335 -3.803254
3.635271 2.209943 -2.920379
3.628250 2.204449 -2.866144
4.506037 2.228239 -2.995629
3.483505 2.169729 -2.714478
7.060829 1.647505 -4.927491
2.981960 2.365711 -3.760741
4.854237 -0.432132 -3.459321
4.781292 -0.295216 -3.559708
3.228681 1.755175 -4.758873
2.952561 2.379193 -3.851035
4.071408 1.583016 -6.660089
5.384015 -0.166533 -5.628518
7.283778 1.091722 -5.096072
3.957699 2.502108 -5.200442
10.694668 1.274665 -7.671994
3.944379 2.501335 -5.179099
3.930752 2.505258 -5.154701
3.384947 2.512572 -4.608607
4.812900 2.088266 -2.695610
4.058558 0.023713 -4.508424
4.925617 -0.472059 -3.924381
4.844832 -0.448305 -3.982589
6.315518 2.372917 -6.808194
5.045645 -0.255948 -3.539765
4.793085 -0.349073 -3.980363
5.084090 -0.492452 -3.695634
5.097966 -0.457906 -3.721544
4.827348 -0.359566 -4.000241
4.758086 -0.184800 -3.542577
4.691234 -0.165522 -3.505809
3.630342 2.173838 -2.755496
3.853729 2.267671 -3.235856
2.927553 2.390612 -3.799907
3.571918 2.419008 -4.857256
4.106913 2.190968 -2.687490
3.762433 2.258566 -3.129852
10.808257 1.003158 -8.455504
5.570938 2.197043 -3.523318
7.404777 1.164297 -5.197453
6.099891 -0.283040 -6.403380
5.967810 -0.316157 -4.964496
5.295131 2.292491 -3.223122
3.626597 2.201353 -2.916753
3.620304 2.195244 -2.906890
3.871013 2.232571 -2.947478
3.619993 2.196024 -2.861472
3.781769 2.235687 -3.036634
12.913204 1.780024 -10.697961
4.337895 2.542646 -4.569178
4.771517 2.273208 -3.183693
9.524233 1.988144 -6.682962
5.764009 2.282368 -3.614102
3.877894 2.588994 -5.227296
7.198320 0.200057 -6.992813
8.849470 2.419615 -7.333867
10.247243 2.265981 -8.637399
3.783587 2.242945 -3.038989
3.806528 2.191704 -2.802532
5.758258 -0.267228 -4.383598
3.602066 2.260319 -3.123441
3.587146 2.249231 -3.112432
3.810856 2.187515 -2.799654
5.266612 -0.127447 -3.650418
6.821142 0.226173 -5.773508
4.022523 2.401237 -3.844350
3.821050 2.171649 -2.677244
10.006324 2.160540 -6.966298
5.722849 2.268964 -3.592315
7.014089 0.182303 -6.621390
9.787072 2.384738 -7.234361
10.426021 1.005061 -7.697118
4.769004 2.274224 -3.181524
9.686517 2.530035 -7.699606
7.914517 2.630289 -5.360079
9.027274 1.882870 -6.370337
5.940468 -0.255800 -6.224678
4.360421 2.324070 -3.462065
8.987109 0.854641 -6.642135
9.799417 2.374356 -7.217937
7.198086 2.455383 -4.769085
7.142307 0.172338 -6.969640
3.847538 0.548325 -6.065269
8.377385 2.800514 -6.835483
6.185745 2.393669 -3.912027
3.930206 2.173169 -2.712840
3.369419 2.278416 -3.288928
3.009829 2.388830 -3.830195
3.862904 2.222814 -2.935893
5.933145 0.266890 -5.059690
3.872643 2.229728 -2.943865
5.775066 0.494754 -4.219082
10.850885 2.651362 -8.027079
9.051933 1.016723 -7.670664
5.875464 2.601355 -4.618178
4.289877 2.296031 -3.504061
5.923070 0.155057 -4.097292
6.889849 2.665360 -5.080247
5.676440 0.176612 -3.971870
5.643253 0.173158 -3.944719
4.971225 2.400972 -3.664191
7.721830 1.373914 -5.333871
3.836282 2.388563 -3.784958
4.942387 2.162964 -2.742674
4.040389 2.425497 -3.862099
5.049320 -0.029981 -3.219507
4.916977 2.151964 -2.864701
4.042278 2.325986 -3.477530
3.978784 -0.072089 -4.500206
10.276089 1.259101 -7.416497
4.282516 2.375576 -3.592664
8.557424 0.792521 -7.752308
5.398615 -0.091044 -6.240442
4.013031 0.026189 -4.435410
7.015683 -0.095499 -6.750005
7.242175 0.260280 -7.148252
8.417190 0.575877 -6.110953
7.200438 0.145806 -6.818327
7.390512 0.188089 -6.985796
7.743070 1.242812 -5.362511
7.470099 1.748406 -5.190842
3.776883 1.653145 -5.443957
4.005379 2.291390 -3.280556
3.776561 2.237380 -3.036829
3.605174 2.329898 -3.508019
3.745569 2.333719 -3.498887
3.908358 2.198350 -2.852905
4.867551 1.854675 -2.918942
3.604783 2.327973 -3.506016
3.866946 2.183816 -2.781457
3.034503 2.371737 -3.803086
3.775813 2.236830 -3.035263
3.918404 2.208564 -2.858572
3.402400 2.343726 -3.620948
3.909190 2.199057 -2.852842
3.775107 2.237878 -3.036288
5.057940 -0.219588 -3.551794
4.760441 -0.118440 -3.549890
5.829067 -0.077111 -4.099665
3.447565 1.756295 -4.839275
5.385412 -0.099364 -6.243927
7.693848 0.686186 -7.978263
6.770093 -0.084685 -5.457994
7.521958 2.465063 -5.102025
3.635323 1.616857 -5.102170
10.722819 1.304236 -9.616934
3.240688 2.387776 -3.848732
4.206881 2.182903 -2.689112
3.592638 2.339821 -3.546485
3.036715 2.371367 -3.799835
3.668808 1.682219 -5.469782
4.755282 -0.117730 -3.544040
4.177873 2.197335 -2.835357
4.100493 2.240876 -3.057815
4.205858 2.181327 -2.689449
4.566227 2.536254 -4.715524
4.151877 2.392451 -4.161721
7.194198 2.499895 -4.847606
8.895426 1.976117 -7.495996
7.615111 0.134474 -5.477471
6.139234 2.567380 -4.396444
6.287344 0.506865 -4.250794
6.606750 0.409764 -4.410131
5.246313 -0.123765 -3.612368
4.540527 2.255352 -3.009779
3.748799 2.331016 -3.503232
5.322741 -0.159637 -3.713684
4.230100 2.251124 -3.045672
3.991536 2.366649 -3.726644
3.975616 2.396814 -3.871832
3.929728 2.319237 -3.397726
4.189764 -0.131756 -4.812949
9.974741 2.430988 -7.368864
4.382854 2.305346 -3.452287
7.421712 1.150548 -5.205264
6.543059 0.449445 -4.372314
5.046914 0.837311 -3.290713
3.756531 2.335695 -3.499661
3.134648 2.376590 -3.809522
7.710471 0.690110 -7.987429
3.133945 2.376342 -3.810363
3.834985 2.282073 -3.251768
7.469781 1.759046 -5.044868
4.118749 2.499772 -4.523424
8.618066 3.021243 -8.233603
3.771794 2.235535 -3.032963
4.256975 2.177648 -2.684210
3.867775 2.287725 -3.245058
6.619948 0.480342 -7.248505
8.284934 1.016355 -6.461034
3.719390 2.281191 -3.234912
4.019341 2.298874 -3.281778
8.157697 0.985597 -6.332396
7.691682 0.573348 -5.377755
10.508420 1.533810 -8.822176
5.306732 -0.227401 -4.384495
4.500377 2.451550 -4.669992
5.716750 2.374261 -3.574494
5.762154 2.385655 -3.591007
5.315116 2.548833 -4.578978
3.988042 2.550669 -5.247021
7.062392 0.152229 -6.819733
5.061374 0.850700 -3.307272
3.428815 2.503180 -4.436716
3.494343 2.478724 -4.306738
5.977641 0.170716 -4.114356
6.284973 -0.148869 -5.261415
4.348861 2.355474 -3.538324
5.583618 -0.272843 -4.599152
4.207416 2.355070 -3.631756
8.015855 0.597720 -5.856913
4.480198 2.323553 -3.361454
5.520234 1.356368 -3.683665
3.406532 2.355568 -3.627656
4.110209 2.198172 -2.803054
3.767196 2.227918 -3.029571
4.001337 2.286760 -3.276680
3.675727 2.282226 -3.270921
3.850984 2.215614 -2.955326
5.861026 -0.210930 -4.833916
3.997340 2.208942 -2.880016
3.703249 2.296094 -3.313235
3.759306 2.297282 -3.323907
3.828317 2.278481 -3.248029
5.083791 -0.272533 -3.547494
4.018561 2.300773 -3.279643
5.430176 0.233144 -3.824638
3.749039 2.332268 -3.498861
4.040489 0.003267 -4.583590
8.226556 1.307108 -8.139384
3.937363 2.490577 -4.333405
3.947842 0.026876 -4.455996
4.823067 1.830005 -2.907419
5.062521 -0.246889 -3.560982
5.789297 -0.174869 -6.712833
4.191027 2.466973 -4.222459
5.709663 1.620144 -3.711050
4.823078 2.185812 -2.819401
4.011865 2.391481 -3.836429
3.730797 2.317110 -3.484970
4.220931 2.335129 -3.529525
3.460563 2.571274 -4.716393
5.202423 0.797810 -3.374115
4.321311 2.328124 -3.518890
3.229233 2.543221 -4.523903
4.003085 2.286211 -3.269501
3.628728 1.616191 -5.095898
4.760334 -0.124412 -4.608035
4.966615 2.203820 -2.970474
5.870249 -0.166712 -6.823280
7.444143 2.606807 -4.992797
6.761258 3.007672 -7.349749
4.240370 2.359150 -3.541455
4.005076 2.676565 -5.254355
4.787827 -0.200612 -3.552022
7.210310 0.493199 -7.918122
4.518764 2.240472 -3.000158
3.879316 2.569342 -4.589047
5.974438 -0.225670 -4.185121
7.578654 2.589831 -4.978935
7.648433 1.792652 -5.848790
6.249207 0.287603 -6.154958
3.867259 2.546202 -4.570796
5.102455 -0.200131 -3.576644
4.267233 2.380562 -3.646375
4.002778 2.378284 -3.827622
3.920899 2.428024 -3.954570
8.627712 0.810434 -7.815446
3.717142 2.600830 -4.733852
3.645957 2.563232 -5.020451
5.134124 0.860199 -3.340959
4.880285 2.343334 -3.391702
5.584302 2.206807 -3.524828
7.233706 2.690722 -5.079589
6.520448 2.734249 -4.694946
5.109240 -0.099677 -3.648950
5.331725 -0.246084 -3.876908
4.256201 2.362834 -3.545314
4.429534 2.279879 -3.332022
6.080649 0.236738 -5.732625
4.998408 2.525642 -4.237967
7.232373 2.676204 -5.090536
6.109117 -0.112343 -5.339718
3.776127 2.593836 -4.802316
3.856375 2.532245 -4.556147
9.671869 1.285927 -9.618971
5.829564 -0.083612 -4.092496
7.754384 1.859623 -7.764927
9.539580 1.059520 -8.017500
6.340323 0.348864 -7.183144
8.567584 2.605261 -8.460461
7.249606 3.288157 -7.885372
3.572037 2.479169 -4.250514
3.599978 1.800676 -5.024261
4.227183 2.340248 -3.532684
10.608053 0.676448 -7.996245
4.793462 2.373985 -3.595044
4.781561 2.365084 -3.591501
3.597997 1.499677 -5.316343
5.194140 2.278613 -3.177204
3.478147 1.630431 -4.700959
3.969809 2.559559 -4.913328
3.598115 2.439281 -4.906978
4.999322 2.013612 -5.337725
3.634383 1.790945 -5.008934
8.126461 2.475896 -8.057681
8.036839 2.365726 -4.647856
4.348244 2.270476 -3.161256
6.436615 2.423165 -4.134118
7.000099 0.317166 -6.717121
6.014375 0.344618 -6.781944
5.418186 2.408716 -3.744257
5.175370 2.652738 -4.398659
5.420324 2.415307 -3.740974
4.125085 0.014878 -5.948972
5.778999 0.214487 -4.015715
5.423822 2.409685 -3.737979
5.852779 0.182943 -4.111186
5.446373 2.430477 -3.739303
3.739036 -0.010545 -5.808647
4.656936 -0.087217 -3.632770
4.212051 2.329234 -3.522324
4.651713 -0.087403 -3.633711
3.657708 1.075441 -5.527054
4.186983 0.006960 -4.114483
7.273917 2.776493 -5.448719
7.382591 0.483807 -4.778143
5.534269 2.063200 -3.539181
6.190033 0.191338 -5.871743
5.664517 2.156626 -3.575016
5.435425 2.422550 -3.750704
3.712674 2.404498 -4.967275
9.497721 2.593396 -7.916719
7.669230 0.207307 -6.236150
4.960961 2.312664 -3.334431
4.858013 2.271308 -3.173443
4.392054 2.301460 -3.368774
4.399201 2.309073 -3.371936
8.753712 2.552309 -7.571235
6.944705 0.111761 -4.873070
4.397848 2.311053 -3.371876
3.483739 2.467754 -4.275484
4.081129 2.370830 -3.732594
7.749635 2.605069 -5.220606
5.741911 -0.263068 -4.719063
7.058480 0.494963 -7.742210
7.581952 1.775931 -5.261770
8.747714 0.809025 -7.915064
9.476219 0.920999 -7.025442
4.554702 2.321935 -3.561476
4.916712 2.364896 -3.576752
4.206954 2.481273 -4.237813
3.333108 2.255587 -4.775548
4.382543 2.370613 -3.773032
3.354222 2.472047 -4.744369
8.434195 2.614284 -5.784539
5.189804 -0.188142 -4.109199
8.053819 2.840298 -7.670320
8.847072 0.452313 -7.094255
8.136946 2.753084 -5.430596
6.534719 -0.114376 -4.973417
8.224294 0.245708 -7.154871
4.075079 2.554962 -4.580141
5.684278 -0.281360 -4.223372
7.009871 0.257961 -5.977681
7.595323 1.721163 -5.411459
5.760368 -0.223492 -6.029238
5.488976 -0.197516 -4.543448
7.881334 0.482483 -4.997954
6.397518 0.360138 -7.278014
6.433906 2.924336 -7.098326
4.388099 2.377047 -3.775963
3.881219 2.504107 -4.417516
3.867103 2.481521 -4.395160
3.518004 2.542754 -4.626085
5.662157 -0.247437 -4.087403
5.649271 -0.152377 -6.598244
5.736703 -0.247026 -4.136394
4.014677 2.403095 -3.841045
4.366671 2.362911 -3.555029
5.448363 -0.380013 -6.004803
9.349643 2.407580 -7.678727
8.772890 0.826253 -7.940867
6.614255 0.231305 -5.624187
3.751862 2.486334 -5.073402
8.213452 0.164049 -6.623702
5.472644 -0.395115 -6.025413
7.268140 2.811860 -7.924849
4.703673 2.232011 -3.004153
4.232187 2.500160 -4.661062
4.011250 2.393535 -3.835681
4.239057 2.350075 -3.629045
7.631020 1.712127 -5.484255
5.605433 -0.271605 -4.505976
8.972656 0.458843 -7.171658
8.894753 0.795466 -8.024488
5.597856 -0.151854 -6.168411
4.424764 2.573161 -4.592079
4.807926 2.293359 -3.194221
5.602925 2.218868 -3.533542
3.886342 1.893130 -5.329750
4.715947 2.455084 -4.174324
5.550564 -0.254806 -4.650507
5.577221 -0.249801 -4.680741
5.808220 -0.233098 -4.785171
5.815653 -0.469828 -5.722774
4.414230 2.397948 -3.797136
3.926801 2.589885 -5.123853
8.513874 1.019482 -6.301881
5.457493 -0.237919 -4.872985
4.362068 2.412528 -3.972218
4.709965 2.513303 -4.280824
5.455567 -0.239782 -4.875890
5.902832 0.028722 -5.687385
3.815703 2.599091 -4.861455
5.723922 -0.286815 -4.265139
8.376784 0.500488 -5.294964
3.914817 2.579025 -4.911037
4.865103 2.325950 -3.308337
5.708084 -0.210262 -4.724811
3.740142 2.507912 -4.490526
10.289636 1.240769 -7.992647
5.974246 -0.236552 -4.436159
9.140370 0.425982 -6.867480
5.703731 2.398327 -3.559795
7.174209 0.223778 -7.022412
4.591279 2.596412 -4.709617
5.581349 -0.246754 -4.615776
4.675302 2.561212 -4.586431
4.468723 2.573815 -4.630338
4.607440 2.568604 -4.799323
3.931004 2.493572 -4.333683
3.706406 2.585963 -4.947379
4.387383 2.439142 -3.992130
6.763037 0.135156 -5.175021
5.434205 2.393184 -3.704378
6.364437 0.361281 -7.264178
4.768250 2.358681 -3.584410
5.700374 -0.311871 -4.225423
4.126263 2.508207 -4.502013
3.940562 2.509482 -4.345164
12.064768 1.282074 -9.899287
5.609244 -0.289130 -4.391521
4.768807 2.359419 -3.583557
5.645166 2.466566 -3.917399
8.881128 2.993753 -7.272030
4.186540 2.494268 -4.534783
5.789596 -0.243001 -4.533288
5.411947 2.370515 -3.719281
5.608454 -0.237617 -4.628377
4.071042 1.010791 -4.934175
8.385580 0.495678 -5.276007
4.408867 2.401957 -3.789152
6.246984 -0.043165 -5.335432
8.398018 0.537218 -5.793669
4.623269 2.440102 -3.722799
7.255397 0.629025 -8.103118
3.717444 2.531402 -4.597326
6.345417 0.165237 -6.213099
8.481421 2.966710 -8.126050
8.613327 2.145348 -5.347660
6.358193 0.209501 -6.257507
6.084159 -0.239731 -5.000934
8.279925 1.994541 -8.248782
6.504517 0.210381 -6.138968
3.829009 2.487007 -4.511935
4.426033 2.428560 -4.020464
5.465598 -0.312567 -4.444037
4.047579 2.586956 -4.647327
9.806893 2.879470 -8.437055
3.912869 2.601496 -5.087582
4.908137 2.478753 -4.271356
4.658002 2.478261 -4.411289
5.777339 2.358112 -3.649052
5.866864 -0.137838 -5.738583
4.334476 2.546451 -4.571022
5.783434 -0.117856 -5.652012
5.812135 -0.288473 -4.394409
8.188592 2.749947 -5.486826
5.519615 -0.359702 -5.417810
6.007017 0.205183 -5.898221
8.212399 0.550368 -5.702721
3.847710 2.534718 -4.552894
9.493398 3.072985 -7.302071
8.228420 1.919823 -5.382662
6.002116 2.135911 -4.018956
5.207206 2.472192 -4.128347
5.036360 2.501889 -4.340157
7.915336 1.786103 -5.612664
6.812983 2.574620 -4.306931
7.201878 0.078939 -5.004488
6.245772 -0.132731 -5.438220
5.413463 2.440131 -3.934819
5.455961 2.488724 -4.411242
6.659935 2.453340 -4.269216
4.766532 2.549312 -4.505275
10.196127 3.471616 -8.193176
7.789092 2.813881 -5.488274
6.141307 0.371979 -6.973527
8.971678 1.997556 -6.254207
5.676727 -0.258417 -4.673097
7.871552 1.840994 -5.399563
6.957490 3.563496 -4.936746
5.871713 -0.218837 -4.849747
6.937423 -0.072904 -5.062843
4.287033 2.568164 -4.589185
6.127002 2.391093 -3.829682
7.584519 2.803882 -5.669172
8.216339 1.920695 -5.402043
3.948037 2.507179 -5.216284
8.064663 2.722078 -5.378019
7.796587 0.697328 -8.085530
5.782726 2.190800 -3.717470
8.071498 0.086017 -5.726552
7.669115 0.122866 -5.573566
4.390524 2.550104 -4.566455
5.625229 -0.157005 -6.162058
4.738659 2.596486 -4.956694
6.872961 2.606787 -4.334111
4.716547 2.540110 -4.466118
4.548924 2.563625 -4.584897
5.058337 2.362417 -3.520677
6.112224 0.293989 -6.020882
7.705139 2.850550 -5.759921
5.785623 2.476384 -3.978533
4.726726 2.612413 -4.945172
6.541407 2.736896 -5.150579
5.444128 2.397470 -3.708833
5.979671 2.361960 -3.739850
6.172050 -0.359488 -6.519799
4.297049 2.544852 -4.567295
10.855098 2.475106 -8.993195
6.195280 -0.209395 -4.818241
6.264805 -0.136451 -5.452520
5.115774 2.398260 -3.701924
5.171541 2.538720 -4.352295
5.135442 2.402411 -3.708669
7.261910 2.821101 -7.894954
6.044062 -0.144416 -5.008232
4.805350 2.523482 -4.303963
6.086688 -0.209320 -4.916376
9.995207 3.319873 -8.598727
4.687632 2.511490 -4.440572
4.939379 2.436275 -4.092446
5.847625 2.428317 -3.711096
7.067726 0.085377 -5.353618
6.501547 -0.108805 -5.199999
4.981896 2.624146 -4.820039
4.051645 2.557453 -4.569042
4.727643 2.554789 -4.476776
6.239120 -0.159265 -5.747204
8.348820 1.466914 -6.030551
6.306196 -0.220584 -4.679519
4.181423 1.172475 -4.947152
5.519051 -0.162827 -6.652954
6.047339 2.392494 -3.760429
4.475201 2.516685 -4.369152
5.519629 -0.163818 -6.653351
5.123301 2.418084 -3.814095
6.874275 0.352580 -7.565366
6.840663 0.199514 -5.575588
7.092095 3.014887 -7.469656
10.032578 0.416449 -7.954149
5.907601 2.301472 -3.627879
7.152189 2.656702 -4.569764
4.614091 2.567727 -4.533341
6.392252 -0.089361 -4.894963
6.076790 3.077243 -6.939550
4.713856 2.538794 -4.462357
6.477580 2.492658 -4.071865
5.151711 2.528393 -4.529727
9.447351 2.950583 -9.409472
4.866414 2.583779 -4.837348
6.550926 -0.180665 -4.537718
4.862255 2.576112 -4.828711
5.285924 2.323697 -3.341367
5.825805 2.411773 -3.699985
6.994215 2.528391 -4.565473
5.864247 2.490136 -4.059435
5.303348 2.519890 -4.247273
6.759041 0.487907 -7.428226
12.846719 2.659823 -10.819937
6.325877 -0.152715 -4.811143
5.381279 2.425518 -6.010174
8.221147 0.604941 -8.825084
5.455714 2.545490 -6.071077
7.245386 0.057796 -5.468774
9.170362 0.499854 -5.655617
10.015078 0.475559 -7.388308
10.393828 0.589855 -7.606715
6.422187 -0.092849 -4.416274
6.783153 0.202267 -5.748700
4.871952 2.372335 -3.627159
6.295234 -0.172007 -5.799807
6.221717 2.572982 -4.433240
10.752407 1.203869 -8.896689
5.642185 2.529237 -4.282959
6.504506 -0.116763 -5.182513
7.805015 2.890256 -5.836575
6.583965 2.548662 -4.114041
6.175183 -0.116382 -5.380566
6.422769 2.394197 -4.180633
8.039011 2.861123 -5.688161
6.717455 2.653160 -4.113550
6.475965 -0.059617 -5.248027
4.715089 2.552088 -4.631991
5.025893 2.506617 -4.329389
5.165958 2.456200 -4.102995
10.476296 2.180399 -8.907604
5.267527 2.501225 -4.221170
5.010721 2.517138 -4.309048
5.016984 2.507473 -4.321375
6.583738 -0.179435 -5.158561
4.568224 2.578669 -4.716031
5.406313 2.399097 -3.697686
6.796837 0.283697 -5.806616
6.658548 2.785738 -5.299916
5.433791 2.412482 -3.707868
7.469606 0.563462 -7.967887
6.338433 -0.162407 -4.926845
12.084125 1.567415 -9.252482
9.928228 1.113946 -9.932340
8.908287 2.144762 -8.863785
6.178563 -0.138365 -5.120681
5.718750 2.440979 -3.867755
6.061340 2.500341 -4.060104
7.963384 0.800545 -8.827303
9.022321 0.373838 -7.287823
4.914696 2.513836 -4.273796
6.035216 2.488168 -4.046075
5.278501 2.510059 -4.232471
5.714011 2.432373 -3.871659
4.654176 2.528587 -4.361555
4.848114 2.459150 -4.008945
5.034023 2.536856 -4.323737
4.980682 2.481757 -4.141144
4.296348 2.584199 -4.572900
5.192097 2.488485 -4.111702
5.199298 2.481282 -4.121658
4.138734 1.157384 -4.877396
8.723452 0.814817 -7.889054
5.390012 2.437963 -3.913670
6.474398 2.496058 -4.063437
4.259266 2.571687 -4.559985
5.097067 2.424095 -3.793585
4.953389 2.488032 -4.144980
4.455486 2.521926 -4.350209
5.921913 2.481690 -4.103355
4.968025 2.447890 -3.924993
4.698286 2.548944 -4.449554
4.771651 2.524763 -4.290415
8.399796 0.596049 -6.079299
4.914225 2.557101 -4.440185
5.948372 2.494590 -4.119351
4.333547 2.583156 -4.575881
4.731680 2.652228 -4.981598
4.300539 2.597645 -4.569575
4.531022 2.598380 -4.690637
5.985093 2.433424 -3.796537
6.071185 2.494149 -4.073263
7.906257 2.874181 -5.960995
4.722299 2.491525 -4.174292
9.580150 2.339353 -5.580608
5.207928 2.492141 -4.125546
7.577006 1.776476 -5.261817
5.219473 2.504725 -4.539080
5.492701 2.527441 -4.434785
6.045460 0.079680 -5.981203
5.216645 2.520359 -4.569333
4.886081 2.552231 -4.575353
11.016813 3.146246 -7.413465
6.279285 -0.144577 -5.461861
5.446499 2.421001 -3.693704
5.197195 2.512027 -4.251608
9.665545 -0.073661 -7.069458
4.900497 2.574916 -4.586437
7.676002 2.534670 -5.241306
4.666886 2.495836 -4.251158
6.884099 2.972161 -6.272823
10.199662 1.159397 -7.329953
11.269606 1.436398 -7.975494
5.265138 2.497707 -4.219452
6.981951 2.739053 -5.082400
9.183685 2.123221 -6.368570
6.210813 0.367155 -7.080570
6.825408 0.193269 -5.620623
10.000217 1.613775 -7.042471
9.258727 1.482917 -6.592074
7.811232 0.630300 -5.737057
7.827336 0.574118 -5.474300
12.051703 2.604208 -8.257688
11.693521 1.419272 -8.394564
7.930223 0.150125 -6.003757
7.624404 2.700695 -5.071106
4.622476 2.589941 -4.821627
8.796222 0.650962 -6.455582
4.704582 2.568429 -4.501740
10.850433 2.310900 -9.090204
5.577986 2.573345 -4.458795
5.251209 2.535986 -4.565235
5.755038 2.494647 -4.271391
5.814998 2.554242 -4.340336
5.407674 2.449573 -3.924055
4.705435 2.602137 -4.971127
11.241727 2.874592 -9.071174
4.638452 2.558718 -4.505945
6.748040 0.198786 -5.721116
4.701439 2.540663 -4.451364
7.215580 2.826924 -7.322327
6.817074 2.810656 -5.408647
8.119690 3.339493 -8.302781
5.215734 2.520433 -4.262911
11.879616 3.208989 -9.553116
9.053246 2.030970 -6.301915
11.176304 0.805327 -8.080626
8.016198 2.524584 -5.172537
6.510700 0.278108 -7.464900
7.484055 2.595520 -4.947081
10.313293 0.854263 -9.331962
12.371231 2.614661 -8.659626
7.647748 0.650476 -5.661717
6.628755 -0.151520 -5.281082
4.743427 2.574009 -4.550573
7.260925 3.273937 -7.820795
6.149675 0.369295 -7.456400
7.828094 0.794871 -8.676434
9.966697 0.392622 -7.967657
7.897315 0.618550 -5.512071
6.599303 -0.144815 -5.263825
4.728277 2.572696 -4.646479
6.481317 -0.160316 -5.357468
5.472144 2.506763 -4.427503
4.736170 2.584148 -4.654492
6.680600 -0.084918 -6.675925
9.648659 3.115840 -7.370148
12.593307 3.045551 -9.255199
10.603168 2.299765 -7.245402
9.848475 0.477581 -7.314508
8.939050 0.862026 -9.030622
4.761195 2.656689 -4.994637
5.446877 2.633702 -4.755618
4.746116 2.637094 -4.948772
6.081604 -0.022826 -5.863443
8.081893 2.727631 -5.401241
7.962427 0.327553 -6.949994
5.864571 2.579393 -4.476638
5.614317 2.631076 -4.735940
6.186450 -0.101907 -5.144101
6.210485 -0.132521 -5.048820
4.882373 2.684903 -5.154198
5.869749 2.526936 -4.418183
6.204290 2.664362 -4.853296
6.265571 -0.051883 -5.345164
5.399071 2.575984 -4.537597
5.849351 0.246928 -5.624027
5.388855 2.563927 -4.526243
6.319703 2.469686 -4.115197
6.250131 -0.087600 -5.232347
5.938852 0.093761 -5.768612
9.581382 1.116412 -6.869908
4.763506 2.650005 -5.011438
6.015318 -0.075432 -5.456999
8.009628 2.486642 -5.152956
6.981455 -0.058045 -5.238134
6.332248 2.838588 -5.810791
6.462918 -0.061912 -5.204696
6.080534 0.303941 -7.716289
6.533752 -0.093156 -5.065587
5.603918 2.632756 -4.773160
5.387822 2.524375 -4.299242
5.405558 2.590113 -4.723595
8.179709 0.272342 -5.934480
6.334455 -0.158518 -5.291798
5.871634 2.528376 -4.416707
6.561738 0.317966 -7.560371
6.483725 -0.148899 -5.104123
4.758118 2.642742 -5.010191
5.656824 2.921966 -6.552839
4.947867 2.608045 -4.739192
9.249836 1.507196 -6.583766
9.710555 0.424753 -6.989284
10.812037 1.004879 -8.429290
6.880084 -0.016533 -5.376334
11.004865 0.339540 -8.762252
8.868293 0.228153 -7.134762
8.014226 2.457962 -5.549372
8.370532 0.267559 -6.091802
8.023159 2.698511 -5.372114
5.840418 2.578126 -4.501207
5.899223 2.549271 -4.430263
4.960415 2.620018 -4.805066
4.147644 1.168869 -4.909830
9.856661 2.847138 -6.702513
7.831733 0.600522 -8.402754
5.429586 2.615000 -4.742314
9.111889 0.324987 -6.851179
11.521427 2.636097 -9.617336
11.301044 2.460268 -7.869897
12.641766 2.968890 -9.050285
5.155401 2.533412 -4.533795
5.291934 2.483092 -4.183937
6.366849 2.557982 -4.539908
5.165314 2.546916 -4.541446
7.549275 3.336481 -8.036843
7.775970 0.456996 -5.731267
9.864700 0.956990 -7.716090
6.877860 2.817501 -5.510315
8.044809 3.311881 -8.208055
5.987908 0.222193 -5.766138
8.732515 0.260676 -7.568647
7.971327 1.766584 -5.700448
11.630260 1.081238 -8.881700
9.020257 1.493149 -6.454497
6.187462 0.399551 -7.661754
6.556772 2.674336 -5.137257
5.695024 2.942600 -6.572604
5.717439 2.584432 -4.561905
6.071797 0.233834 -5.825882
5.425938 2.611244 -4.736267
5.504937 2.535228 -4.441979
5.611855 2.629507 -4.796307
5.617175 2.625129 -4.800261
5.844009 2.573436 -4.519406
5.534505 2.562429 -4.452546
4.696002 2.592002 -4.659685
11.838282 2.844297 -8.633572
7.728998 0.605145 -8.289804
5.699613 2.567983 -4.553450
6.355417 0.291148 -6.168161
12.090487 2.611459 -8.307503
8.141516 0.667802 -8.455667
9.278623 3.313945 -8.662227
6.671393 0.203581 -5.660203
5.785368 2.629905 -4.751255
5.903858 0.233030 -5.759941
5.974455 0.220025 -5.743134
5.059300 2.547317 -4.430583
4.878236 2.580483 -4.675036
4.940607 2.591185 -4.783175
4.895858 2.602983 -4.687702
4.638762 2.586503 -4.661481
4.132447 1.119193 -4.940547
5.059295 2.545416 -4.431248
4.738985 2.588356 -4.658121
4.134198 1.120051 -4.950281
5.524045 2.556973 -4.447124
13.728250 3.161257 -9.646733
5.982534 0.218865 -5.753381
5.951146 0.219128 -5.765221
5.960210 0.226916 -5.740000
13.075227 1.992517 -11.039850
11.590259 1.585565 -8.873870
11.159465 1.008438 -8.746947
4.122098 1.078621 -4.966075
5.006833 2.586130 -4.682124
5.923125 0.436290 -7.365384
6.135674 0.448398 -7.452118
11.134468 1.374556 -8.347745
4.558969 2.502287 -4.731979
8.505349 3.067448 -7.001771
6.305968 3.095151 -7.111523
5.933791 0.491605 -7.352348
6.788533 -0.005919 -6.756066
9.848801 0.830545 -8.882404
5.967332 0.473844 -7.409412
4.732996 2.617786 -4.954574
4.155164 1.176981 -4.939579
4.961553 2.623230 -4.804016
5.516748 2.547586 -4.450386
9.711368 3.370364 -8.530610
10.335557 1.325557 -9.195325
5.956908 0.482133 -7.403575
5.272948 2.582965 -4.612051
7.053662 3.227043 -7.668501
6.145874 0.131515 -5.877110
6.120163 0.127058 -5.860758
6.000471 0.077435 -5.955520
12.421358 1.407122 -10.930681
5.992053 0.167514 -5.918909
8.391828 0.281494 -7.338740
8.753249 3.450560 -8.780375
6.138665 0.117805 -5.875964
6.055593 0.191071 -5.847872
6.033687 0.318272 -5.916000
7.200317 2.772722 -7.836012
9.167566 3.196588 -8.726958
10.038529 0.927559 -9.006403
8.545854 0.808388 -8.595463
11.983104 4.283306 -9.563550
6.397220 0.211959 -5.839105
6.103109 0.334674 -5.919089
6.008017 0.076307 -5.839043
6.049030 0.230114 -5.776464
5.960763 0.262899 -5.761092
8.546852 3.095970 -7.048785
9.346390 0.676343 -8.507090
10.814610 1.476953 -9.622992
5.600106 2.633302 -4.796780
5.818604 2.641642 -4.735900
4.755433 2.654179 -4.977937
5.998800 0.210311 -5.862617
9.759554 0.728565 -8.188245
5.256871 2.584036 -4.616904
5.006920 2.585197 -4.680390
6.049966 0.193736 -5.849000
4.757383 2.655212 -4.958768
5.540485 2.573795 -4.462119
5.710546 2.655463 -4.860264
5.410325 2.582788 -4.540868
7.646162 0.788579 -8.413494
8.156580 0.890083 -8.674473
6.216330 0.369878 -7.085739
7.615131 0.728296 -8.389183
9.258468 1.571864 -9.127727
10.479086 3.729344 -8.479294
4.152237 1.174530 -4.932582
8.202951 3.279452 -8.315022
7.796631 0.722057 -8.480463
9.257924 0.965699 -9.516393
10.835655 1.158885 -9.118431
11.810475 3.100090 -9.607423
10.419845 3.125468 -8.973598
9.595186 0.942320 -9.437544
10.228592 0.899419 -9.597413
6.609559 -0.018887 -5.729249
10.725548 1.376485 -9.504472
5.390227 1.848548 -6.349762
5.116583 1.611312 -5.897279
5.334850 1.730463 -6.272313
4.742712 2.647139 -4.963638
6.183527 0.197199 -6.065042
4.948689 2.611799 -4.793050
5.164809 2.768512 -5.465192
5.391799 2.567581 -4.533900
6.191052 0.193076 -6.075887
6.228489 0.141923 -6.016092
9.170722 0.319400 -8.824335
5.165092 2.771270 -5.465513
5.779055 2.657568 -4.878295
6.189487 0.188362 -6.057302
6.301537 0.115541 -6.001094
6.199958 0.186993 -6.075200
5.397289 1.858043 -6.363591
8.945396 0.223311 -7.788179
8.353731 2.873252 -7.711236
7.952854 3.304736 -8.214198
11.755137 1.412355 -8.752579
8.390347 0.675496 -8.743089
10.782028 0.859454 -8.214801
4.977986 2.760736 -5.515260
5.933123 0.441889 -7.142169
6.316095 0.148468 -6.058188
6.328436 0.063157 -6.085280
6.619709 3.517665 -7.689600
6.868461 0.219493 -5.607242
8.650063 3.204102 -7.292002
6.899437 0.289160 -5.892268
9.028388 3.544410 -9.000455
6.744121 0.453728 -7.396439
5.828218 2.670574 -4.910604
5.952034 2.536118 -4.286083
5.751520 2.583617 -4.499525
10.057902 0.773672 -8.231730
9.107351 2.972357 -6.508023
6.877292 0.173717 -5.597753
11.769385 2.168772 -8.161426
6.729423 0.227195 -5.494185
6.205837 2.580990 -4.419543
6.528252 0.048670 -5.634013
10.176276 0.775460 -7.372690
6.203335 2.578485 -4.417552
6.211483 2.669714 -4.854371
6.766956 0.021175 -5.294589
6.521758 0.049805 -5.628262
6.519383 0.049028 -5.630628
4.977535 2.756873 -5.507774
6.475559 2.576523 -4.590292
5.685435 1.948887 -6.937549
10.836273 1.019611 -7.930312
6.895099 0.129839 -5.253503
6.862606 -0.044231 -5.257128
7.734312 0.187175 -6.276531
6.663362 0.014147 -5.560655
6.214976 0.086656 -6.169119
8.044259 0.708498 -8.378630
8.315567 0.664631 -6.018392
8.670720 1.429167 -6.244683
6.234313 0.080675 -6.196992
6.791764 0.190734 -5.542045
6.508819 0.179607 -5.692855
6.911170 0.104229 -5.249508
6.636461 -0.043951 -5.493929
5.430878 2.623228 -4.742887
6.279630 0.062622 -6.038345
6.546390 0.042832 -5.664136
6.918604 0.129974 -5.283538
11.430239 1.424844 -8.255733
6.911472 -0.054993 -5.480937
6.959236 -0.123817 -5.512952
7.177479 2.840344 -7.799867
6.714355 2.599497 -4.481094
9.210349 2.953768 -6.194982
7.026575 -0.092242 -5.343689
10.114981 1.162261 -7.193659
6.123782 0.290338 -6.039065
6.231734 2.683881 -4.865223
6.683016 0.215834 -5.673460
6.984576 0.082155 -5.295959
12.074368 1.512483 -8.780251
5.476400 2.822220 -5.710887
10.818496 1.210789 -8.970881
8.403089 2.924568 -5.979603
6.737036 2.615875 -4.482694
8.180298 0.936841 -5.900384
5.317981 2.951177 -6.363261
5.397345 0.290008 -6.968175
6.612172 -0.022675 -5.759240
6.107198 0.291814 -6.029502
5.671867 2.073245 -6.889724
8.021626 2.488374 -5.165718
5.232758 2.848674 -6.235948
6.968445 2.567192 -4.479814
5.736332 2.571337 -4.491462
7.118020 -0.123659 -5.147181
6.042549 2.502736 -4.121777
5.457169 1.487969 -6.791094
5.311949 2.928973 -6.352122
9.984483 0.838257 -9.002588
9.003654 0.459186 -7.167356
9.227285 2.927103 -6.164170
6.245345 0.347844 -7.624155
8.389990 0.647739 -6.063629
10.313855 0.861855 -7.914468
5.336697 2.865441 -6.434703
8.346480 0.970725 -5.978877
9.462886 1.076594 -6.816550
7.126781 2.534557 -4.704282
9.388208 2.893377 -6.426361
5.199296 2.787707 -6.169010
6.121245 0.115968 -5.862360
5.392115 1.543494 -6.706711
6.901200 2.643884 -4.911058
6.730392 2.492882 -4.339331
6.500739 0.057558 -5.670111
7.356836 2.563206 -4.953269
9.653223 0.972556 -6.949794
5.560604 1.472453 -6.924658
6.944475 -0.115981 -5.343401
9.561519 3.368615 -9.115781
6.024666 0.202699 -5.763491
6.882367 -0.041640 -5.414673
7.814293 1.840677 -5.363864
5.267158 2.793487 -6.310133
6.536697 2.617358 -4.617150
7.305641 0.166308 -5.973478
6.700414 2.590363 -4.462772
9.664317 1.577816 -6.806784
9.133134 0.951489 -6.637283
6.967329 0.116557 -5.314554
6.770755 2.108742 -6.408612
8.141993 0.612689 -5.597034
11.494408 3.001702 -9.374075
5.622149 2.998590 -6.600638
9.643003 1.147997 -6.922443
7.086308 -0.163582 -5.243543
7.162703 -0.105581 -5.330167
6.241271 0.307963 -6.056507
6.966313 -0.070262 -5.385802
6.695738 3.285592 -7.493119
8.125539 2.728061 -5.477432
10.213947 0.912501 -9.565797
5.972288 2.551660 -4.376639
6.093676 2.626780 -4.709153
6.439307 2.578953 -4.493276
6.698054 0.218070 -5.687756
6.488116 0.063534 -5.674094
5.963393 0.244744 -5.827197
6.093154 2.625553 -4.710281
6.230250 0.337850 -7.626519
7.376055 1.108209 -5.183681
7.591886 0.215934 -6.182971
6.828519 2.546278 -4.370224
12.101048 1.303110 -9.964412
6.664290 -0.062704 -5.508068
6.177618 2.934993 -6.892149
11.327955 3.258472 -7.586593
5.924639 2.576290 -4.437494
6.292089 2.804081 -5.771278
7.636895 0.209005 -6.221278
6.711283 2.597833 -4.456676
6.172716 2.558274 -4.409451
6.106316 0.109060 -5.853755
6.766429 -0.009283 -5.435088
9.055904 2.111759 -5.333015
7.533597 2.652461 -4.994210
7.673104 0.636455 -5.530746
6.962447 2.727556 -5.066290
6.658994 0.204553 -5.651688
7.617270 0.123447 -5.538398
7.495996 -0.019195 -5.011813
7.601650 1.338117 -5.250032
8.070348 0.616689 -5.562333
6.533347 0.558709 -7.780974
6.719460 2.599842 -4.449480
7.484832 -0.012828 -5.006968
6.911007 0.130830 -5.272968
9.205252 1.497812 -6.565679
7.060761 -0.035643 -5.043872
6.723939 0.008620 -5.250997
8.470315 0.242780 -6.094695
9.077399 2.032524 -6.291742
7.477926 2.810667 -5.318367
7.464952 2.623562 -5.009927
6.793219 2.561103 -4.265467
6.423708 -0.025489 -5.331783
6.793854 2.556233 -4.270570
5.968124 0.189560 -5.919136
9.576588 1.053821 -9.557921
6.885994 -0.104961 -5.146441
6.341239 2.700012 -5.037016
6.094611 2.615370 -4.641065
6.732150 0.004084 -5.576610
6.626233 2.547216 -4.451376
6.605481 -0.073236 -5.472145
6.582011 -0.161590 -5.239746
6.068308 2.792967 -5.535563
6.979201 0.207368 -5.739017
6.031523 2.758749 -5.494241
6.084044 2.606074 -4.633381
7.985121 0.453123 -7.609453
9.922375 1.632186 -9.819276
13.164771 2.328928 -8.929661
10.117935 3.774187 -9.728902
7.062316 2.574626 -4.576761
7.942490 0.579148 -8.557372
6.139702 0.091492 -6.533823
6.638443 -0.122959 -5.309980
5.930408 2.695757 -5.036616
6.885475 -0.039931 -5.343273
10.133970 0.752222 -8.257050
6.619146 -0.079353 -5.460798
6.713288 0.003339 -5.564907
9.072618 0.556523 -5.712531
6.710029 -0.070261 -5.542153
6.611278 -0.197986 -5.598013
6.672737 -0.134023 -5.366529
6.616021 -0.179639 -5.259120
6.665132 -0.180386 -5.040271
9.193643 2.947608 -6.255243
6.523706 2.498144 -4.118618
7.428282 -0.039710 -4.869152
9.622403 3.099747 -6.898683
6.175547 2.638725 -4.725013
6.615160 -0.192054 -5.606644
5.941475 2.698947 -5.036673
6.690660 -0.158386 -5.155112
6.667523 -0.136866 -5.364395
6.170088 2.639374 -4.736892
6.692915 2.589380 -4.462094
5.945978 2.697065 -5.033494
6.753585 2.671974 -4.871507
7.358035 2.812006 -5.426545
7.734554 1.199759 -5.331565
6.958432 -0.099903 -4.803508
6.437164 -0.124164 -5.476924
8.868238 2.193068 -5.599312
6.899766 2.568838 -4.425577
8.549875 2.972221 -6.061461
7.487532 -0.095011 -4.665020
9.914327 2.906778 -6.718973
10.198584 0.950134 -7.257397
7.390839 3.169166 -7.790969
6.939902 -0.094899 -4.839839
6.731345 -0.207513 -5.075711
6.876720 -0.052341 -5.263997
6.063781 2.792934 -5.524504
6.331988 0.011360 -6.309164
6.956100 -0.051129 -5.234896
7.193778 2.895539 -5.781299
6.732219 -0.205634 -5.073683
6.590695 -0.116004 -5.307129
6.594997 -0.114565 -5.303319
6.044569 2.716982 -5.204726
6.606892 -0.108441 -5.288279
6.531563 -0.185829 -4.520240
6.616447 -0.263590 -4.894924
6.316565 2.843166 -5.807611
